,subject,time,state,state_max_by_time
0,0,0,0,0.0
1,0,1,0,0.0
2,0,2,0,0.0
3,0,3,0,0.0
4,0,7,0,0.0
5,0,8,0,0.0
6,1,0,0,0.0
7,1,3,1,1.0
8,1,4,1,1.0
9,1,5,0,1.0
10,1,6,1,1.0
11,1,8,0,1.0
12,2,0,0,0.0
13,2,2,1,1.0
14,2,3,0,1.0
15,2,7,1,1.0
16,2,8,0,1.0
17,2,9,1,1.0
18,3,0,0,0.0
19,3,2,2,2.0
20,3,3,1,2.0
21,3,7,1,2.0
22,3,8,2,2.0
23,3,9,1,2.0
24,4,0,0,0.0
25,4,1,0,0.0
26,4,2,0,0.0
27,4,6,0,0.0
28,4,9,0,0.0
29,4,10,0,0.0
30,5,1,0,0.0
31,5,3,0,0.0
32,5,6,0,0.0
33,5,7,0,0.0
34,5,9,0,0.0
35,5,10,0,0.0
36,6,0,0,0.0
37,6,5,0,0.0
38,6,6,0,0.0
39,6,7,1,1.0
40,6,9,0,1.0
41,6,10,0,1.0
42,7,0,0,0.0
43,7,1,0,0.0
44,7,5,0,0.0
45,7,7,0,0.0
46,7,9,0,0.0
47,7,10,0,0.0
48,8,0,0,0.0
49,8,1,0,0.0
50,8,4,0,0.0
51,8,5,0,0.0
52,8,7,0,0.0
53,8,8,0,0.0
54,9,0,0,0.0
55,9,1,0,0.0
56,9,2,0,0.0
57,9,4,0,0.0
58,9,8,0,0.0
59,9,9,0,0.0
60,10,0,0,0.0
61,10,1,0,0.0
62,10,2,0,0.0
63,10,3,0,0.0
64,10,9,0,0.0
65,10,10,0,0.0
66,11,0,0,0.0
67,11,4,1,1.0
68,11,5,1,1.0
69,11,6,1,1.0
70,11,7,1,1.0
71,11,9,1,1.0
72,12,1,0,0.0
73,12,3,2,2.0
74,12,5,0,2.0
75,12,6,0,2.0
76,12,8,1,2.0
77,12,10,1,2.0
78,13,0,0,0.0
79,13,1,0,0.0
80,13,2,0,0.0
81,13,3,0,0.0
82,13,5,0,0.0
83,13,8,0,0.0
84,14,0,0,0.0
85,14,1,1,1.0
86,14,3,0,1.0
87,14,6,1,1.0
88,14,9,0,1.0
89,14,10,1,1.0
90,15,0,0,0.0
91,15,1,0,0.0
92,15,3,0,0.0
93,15,4,0,0.0
94,15,6,0,0.0
95,15,10,0,0.0
96,16,1,1,1.0
97,16,2,0,1.0
98,16,3,1,1.0
99,16,4,0,1.0
100,16,6,0,1.0
101,16,7,1,1.0
102,17,2,0,0.0
103,17,3,0,0.0
104,17,4,0,0.0
105,17,5,0,0.0
106,17,7,0,0.0
107,17,9,2,2.0
108,18,0,0,0.0
109,18,1,0,0.0
110,18,2,0,0.0
111,18,4,0,0.0
112,18,9,0,0.0
113,18,10,0,0.0
114,19,4,0,0.0
115,19,5,1,1.0
116,19,6,0,1.0
117,19,8,0,1.0
118,19,9,1,1.0
119,19,10,0,1.0
120,20,2,0,0.0
121,20,6,0,0.0
122,20,7,0,0.0
123,20,8,0,0.0
124,20,9,0,0.0
125,20,10,0,0.0
126,21,1,0,0.0
127,21,3,0,0.0
128,21,5,0,0.0
129,21,7,0,0.0
130,21,8,0,0.0
131,21,10,0,0.0
132,22,0,0,0.0
133,22,1,0,0.0
134,22,4,0,0.0
135,22,6,0,0.0
136,22,7,0,0.0
137,22,10,0,0.0
138,23,2,0,0.0
139,23,3,1,1.0
140,23,4,0,1.0
141,23,5,1,1.0
142,23,8,0,1.0
143,23,9,1,1.0
144,24,0,0,0.0
145,24,3,0,0.0
146,24,7,0,0.0
147,24,8,0,0.0
148,24,9,0,0.0
149,24,10,0,0.0
150,25,1,0,0.0
151,25,3,0,0.0
152,25,6,0,0.0
153,25,7,0,0.0
154,25,9,0,0.0
155,25,10,0,0.0
156,26,3,0,0.0
157,26,4,0,0.0
158,26,6,0,0.0
159,26,7,0,0.0
160,26,9,0,0.0
161,26,10,0,0.0
162,27,1,0,0.0
163,27,2,0,0.0
164,27,5,0,0.0
165,27,6,0,0.0
166,27,8,0,0.0
167,27,9,0,0.0
168,28,0,0,0.0
169,28,1,1,1.0
170,28,3,0,1.0
171,28,5,2,2.0
172,28,7,2,2.0
173,28,10,2,2.0
174,29,2,1,1.0
175,29,4,1,1.0
176,29,5,0,1.0
177,29,6,1,1.0
178,29,7,1,1.0
179,29,8,0,1.0
180,30,1,1,1.0
181,30,2,1,1.0
182,30,6,1,1.0
183,30,8,1,1.0
184,30,9,1,1.0
185,30,10,1,1.0
186,31,0,0,0.0
187,31,2,0,0.0
188,31,3,1,1.0
189,31,7,1,1.0
190,31,9,1,1.0
191,31,10,0,1.0
192,32,0,0,0.0
193,32,1,0,0.0
194,32,4,0,0.0
195,32,5,0,0.0
196,32,7,0,0.0
197,32,8,0,0.0
198,33,0,0,0.0
199,33,4,0,0.0
200,33,5,0,0.0
201,33,7,0,0.0
202,33,8,0,0.0
203,33,10,0,0.0
204,34,1,1,1.0
205,34,3,0,1.0
206,34,5,0,1.0
207,34,6,1,1.0
208,34,8,1,1.0
209,34,10,1,1.0
210,35,0,0,0.0
211,35,1,0,0.0
212,35,3,0,0.0
213,35,4,0,0.0
214,35,5,0,0.0
215,35,10,0,0.0
216,36,0,0,0.0
217,36,2,1,1.0
218,36,4,1,1.0
219,36,5,1,1.0
220,36,8,1,1.0
221,36,9,1,1.0
222,37,2,0,0.0
223,37,3,0,0.0
224,37,6,0,0.0
225,37,7,0,0.0
226,37,8,0,0.0
227,37,10,1,1.0
228,38,2,0,0.0
229,38,3,0,0.0
230,38,4,1,1.0
231,38,5,1,1.0
232,38,6,0,1.0
233,38,10,0,1.0
234,39,0,0,0.0
235,39,2,0,0.0
236,39,3,0,0.0
237,39,7,0,0.0
238,39,8,0,0.0
239,39,10,0,0.0
240,40,2,0,0.0
241,40,3,0,0.0
242,40,5,0,0.0
243,40,7,1,1.0
244,40,8,0,1.0
245,40,10,0,1.0
246,41,0,0,0.0
247,41,2,0,0.0
248,41,3,0,0.0
249,41,6,0,0.0
250,41,7,0,0.0
251,41,8,0,0.0
252,42,0,0,0.0
253,42,1,0,0.0
254,42,2,0,0.0
255,42,3,0,0.0
256,42,6,0,0.0
257,42,8,0,0.0
258,43,1,0,0.0
259,43,5,0,0.0
260,43,7,0,0.0
261,43,8,0,0.0
262,43,9,0,0.0
263,43,10,0,0.0
264,44,2,0,0.0
265,44,5,0,0.0
266,44,6,0,0.0
267,44,7,0,0.0
268,44,8,0,0.0
269,44,10,0,0.0
270,45,1,0,0.0
271,45,2,0,0.0
272,45,4,0,0.0
273,45,7,0,0.0
274,45,8,0,0.0
275,45,9,0,0.0
276,46,1,0,0.0
277,46,3,0,0.0
278,46,5,1,1.0
279,46,6,2,2.0
280,46,7,1,2.0
281,46,10,0,2.0
282,47,3,0,0.0
283,47,4,0,0.0
284,47,5,0,0.0
285,47,7,0,0.0
286,47,8,0,0.0
287,47,10,0,0.0
288,48,0,0,0.0
289,48,1,0,0.0
290,48,5,0,0.0
291,48,7,0,0.0
292,48,8,0,0.0
293,48,9,0,0.0
294,49,2,1,1.0
295,49,3,1,1.0
296,49,6,0,1.0
297,49,7,1,1.0
298,49,8,0,1.0
299,49,10,0,1.0
300,50,1,0,0.0
301,50,4,0,0.0
302,50,5,0,0.0
303,50,6,0,0.0
304,50,7,0,0.0
305,50,9,0,0.0
306,51,0,0,0.0
307,51,1,0,0.0
308,51,4,0,0.0
309,51,5,0,0.0
310,51,8,1,1.0
311,51,9,2,2.0
312,52,1,0,0.0
313,52,3,0,0.0
314,52,6,0,0.0
315,52,7,0,0.0
316,52,9,0,0.0
317,52,10,0,0.0
318,53,0,0,0.0
319,53,1,0,0.0
320,53,2,0,0.0
321,53,4,0,0.0
322,53,5,0,0.0
323,53,10,0,0.0
324,54,0,0,0.0
325,54,2,0,0.0
326,54,3,0,0.0
327,54,4,0,0.0
328,54,8,0,0.0
329,54,10,0,0.0
330,55,0,0,0.0
331,55,5,0,0.0
332,55,6,0,0.0
333,55,7,0,0.0
334,55,8,0,0.0
335,55,10,0,0.0
336,56,2,0,0.0
337,56,3,0,0.0
338,56,4,0,0.0
339,56,5,0,0.0
340,56,6,0,0.0
341,56,9,0,0.0
342,57,0,0,0.0
343,57,2,0,0.0
344,57,4,0,0.0
345,57,5,1,1.0
346,57,9,0,1.0
347,57,10,1,1.0
348,58,0,0,0.0
349,58,1,0,0.0
350,58,6,0,0.0
351,58,8,0,0.0
352,58,9,0,0.0
353,58,10,0,0.0
354,59,1,0,0.0
355,59,3,0,0.0
356,59,5,0,0.0
357,59,6,1,1.0
358,59,7,0,1.0
359,59,9,0,1.0
360,60,0,0,0.0
361,60,3,0,0.0
362,60,5,0,0.0
363,60,7,0,0.0
364,60,8,0,0.0
365,60,10,0,0.0
366,61,1,0,0.0
367,61,2,0,0.0
368,61,5,0,0.0
369,61,7,0,0.0
370,61,8,0,0.0
371,61,10,0,0.0
372,62,1,0,0.0
373,62,2,0,0.0
374,62,4,1,1.0
375,62,6,2,2.0
376,62,7,1,2.0
377,62,10,0,2.0
378,63,0,0,0.0
379,63,2,0,0.0
380,63,6,0,0.0
381,63,7,0,0.0
382,63,9,0,0.0
383,63,10,0,0.0
384,64,0,0,0.0
385,64,2,0,0.0
386,64,3,1,1.0
387,64,6,0,1.0
388,64,8,0,1.0
389,64,9,0,1.0
390,65,2,0,0.0
391,65,3,0,0.0
392,65,4,0,0.0
393,65,5,0,0.0
394,65,9,0,0.0
395,65,10,0,0.0
396,66,0,0,0.0
397,66,2,0,0.0
398,66,6,0,0.0
399,66,8,0,0.0
400,66,9,0,0.0
401,66,10,0,0.0
402,67,4,0,0.0
403,67,5,0,0.0
404,67,6,0,0.0
405,67,7,0,0.0
406,67,8,0,0.0
407,67,9,0,0.0
408,68,3,0,0.0
409,68,5,1,1.0
410,68,7,0,1.0
411,68,8,0,1.0
412,68,9,0,1.0
413,68,10,1,1.0
414,69,2,0,0.0
415,69,5,0,0.0
416,69,6,0,0.0
417,69,7,0,0.0
418,69,8,0,0.0
419,69,9,0,0.0
420,70,0,0,0.0
421,70,3,0,0.0
422,70,4,1,1.0
423,70,7,2,2.0
424,70,8,1,2.0
425,70,9,0,2.0
426,71,0,0,0.0
427,71,3,0,0.0
428,71,4,0,0.0
429,71,5,0,0.0
430,71,6,0,0.0
431,71,9,0,0.0
432,72,0,0,0.0
433,72,1,0,0.0
434,72,2,0,0.0
435,72,4,0,0.0
436,72,5,0,0.0
437,72,8,0,0.0
438,73,1,0,0.0
439,73,2,0,0.0
440,73,3,0,0.0
441,73,6,0,0.0
442,73,9,0,0.0
443,73,10,0,0.0
444,74,0,0,0.0
445,74,1,0,0.0
446,74,2,0,0.0
447,74,4,0,0.0
448,74,7,0,0.0
449,74,10,0,0.0
450,75,1,0,0.0
451,75,3,0,0.0
452,75,4,0,0.0
453,75,6,0,0.0
454,75,8,0,0.0
455,75,10,0,0.0
456,76,1,0,0.0
457,76,2,0,0.0
458,76,5,0,0.0
459,76,6,0,0.0
460,76,9,0,0.0
461,76,10,0,0.0
462,77,0,0,0.0
463,77,1,0,0.0
464,77,3,0,0.0
465,77,4,0,0.0
466,77,5,0,0.0
467,77,10,0,0.0
468,78,4,1,1.0
469,78,5,1,1.0
470,78,6,1,1.0
471,78,8,0,1.0
472,78,9,1,1.0
473,78,10,2,2.0
474,79,2,0,0.0
475,79,3,0,0.0
476,79,4,0,0.0
477,79,5,0,0.0
478,79,7,0,0.0
479,79,10,0,0.0
480,80,0,0,0.0
481,80,2,0,0.0
482,80,3,0,0.0
483,80,4,0,0.0
484,80,6,0,0.0
485,80,10,0,0.0
486,81,0,0,0.0
487,81,1,1,1.0
488,81,2,0,1.0
489,81,4,0,1.0
490,81,7,0,1.0
491,81,9,0,1.0
492,82,1,1,1.0
493,82,2,0,1.0
494,82,3,1,1.0
495,82,6,2,2.0
496,82,7,1,2.0
497,82,10,2,2.0
498,83,1,0,0.0
499,83,2,0,0.0
500,83,3,0,0.0
501,83,6,0,0.0
502,83,8,0,0.0
503,83,9,0,0.0
504,84,1,0,0.0
505,84,3,0,0.0
506,84,7,0,0.0
507,84,8,0,0.0
508,84,9,0,0.0
509,84,10,0,0.0
510,85,0,0,0.0
511,85,2,0,0.0
512,85,4,0,0.0
513,85,6,0,0.0
514,85,8,0,0.0
515,85,9,1,1.0
516,86,0,0,0.0
517,86,1,1,1.0
518,86,7,0,1.0
519,86,8,1,1.0
520,86,9,1,1.0
521,86,10,0,1.0
522,87,0,0,0.0
523,87,1,0,0.0
524,87,2,0,0.0
525,87,3,0,0.0
526,87,8,0,0.0
527,87,9,0,0.0
528,88,0,0,0.0
529,88,1,0,0.0
530,88,5,0,0.0
531,88,6,0,0.0
532,88,7,0,0.0
533,88,9,0,0.0
534,89,1,0,0.0
535,89,2,0,0.0
536,89,3,0,0.0
537,89,4,0,0.0
538,89,6,1,1.0
539,89,7,0,1.0
540,90,0,0,0.0
541,90,4,0,0.0
542,90,5,0,0.0
543,90,7,0,0.0
544,90,9,0,0.0
545,90,10,0,0.0
546,91,0,0,0.0
547,91,4,0,0.0
548,91,5,0,0.0
549,91,6,0,0.0
550,91,8,0,0.0
551,91,10,0,0.0
552,92,0,0,0.0
553,92,2,0,0.0
554,92,4,0,0.0
555,92,6,0,0.0
556,92,8,0,0.0
557,92,10,0,0.0
558,93,3,1,1.0
559,93,4,2,2.0
560,93,5,1,2.0
561,93,6,2,2.0
562,93,9,2,2.0
563,93,10,1,2.0
564,94,2,0,0.0
565,94,5,0,0.0
566,94,6,0,0.0
567,94,8,0,0.0
568,94,9,0,0.0
569,94,10,0,0.0
570,95,0,0,0.0
571,95,2,0,0.0
572,95,4,1,1.0
573,95,5,0,1.0
574,95,9,1,1.0
575,95,10,1,1.0
576,96,0,0,0.0
577,96,2,1,1.0
578,96,5,1,1.0
579,96,6,1,1.0
580,96,8,1,1.0
581,96,9,1,1.0
582,97,1,0,0.0
583,97,3,0,0.0
584,97,5,0,0.0
585,97,6,0,0.0
586,97,8,0,0.0
587,97,10,0,0.0
588,98,1,0,0.0
589,98,3,0,0.0
590,98,4,0,0.0
591,98,6,0,0.0
592,98,8,0,0.0
593,98,9,0,0.0
594,99,0,0,0.0
595,99,2,1,1.0
596,99,4,0,1.0
597,99,5,1,1.0
598,99,8,0,1.0
599,99,9,0,1.0
600,100,2,0,0.0
601,100,3,1,1.0
602,100,5,1,1.0
603,100,6,0,1.0
604,100,7,1,1.0
605,100,8,0,1.0
606,101,0,0,0.0
607,101,1,0,0.0
608,101,2,0,0.0
609,101,3,0,0.0
610,101,8,0,0.0
611,101,9,0,0.0
612,102,0,0,0.0
613,102,2,0,0.0
614,102,3,0,0.0
615,102,7,0,0.0
616,102,9,0,0.0
617,102,10,0,0.0
618,103,2,0,0.0
619,103,3,0,0.0
620,103,4,0,0.0
621,103,6,0,0.0
622,103,7,0,0.0
623,103,8,0,0.0
624,104,0,0,0.0
625,104,1,0,0.0
626,104,3,0,0.0
627,104,4,0,0.0
628,104,8,0,0.0
629,104,9,0,0.0
630,105,1,0,0.0
631,105,3,0,0.0
632,105,4,0,0.0
633,105,5,0,0.0
634,105,6,0,0.0
635,105,10,0,0.0
636,106,0,0,0.0
637,106,4,2,2.0
638,106,6,1,2.0
639,106,7,2,2.0
640,106,9,2,2.0
641,106,10,1,2.0
642,107,1,1,1.0
643,107,4,1,1.0
644,107,5,1,1.0
645,107,6,1,1.0
646,107,7,0,1.0
647,107,9,1,1.0
648,108,0,0,0.0
649,108,1,0,0.0
650,108,5,0,0.0
651,108,6,0,0.0
652,108,7,1,1.0
653,108,10,0,1.0
654,109,2,0,0.0
655,109,5,0,0.0
656,109,6,0,0.0
657,109,7,0,0.0
658,109,8,0,0.0
659,109,10,0,0.0
660,110,0,0,0.0
661,110,1,0,0.0
662,110,3,0,0.0
663,110,5,0,0.0
664,110,6,0,0.0
665,110,8,0,0.0
666,111,0,0,0.0
667,111,1,0,0.0
668,111,3,1,1.0
669,111,6,0,1.0
670,111,7,0,1.0
671,111,10,0,1.0
672,112,0,0,0.0
673,112,1,0,0.0
674,112,2,0,0.0
675,112,5,0,0.0
676,112,7,0,0.0
677,112,10,0,0.0
678,113,1,0,0.0
679,113,2,0,0.0
680,113,4,0,0.0
681,113,5,0,0.0
682,113,6,0,0.0
683,113,10,0,0.0
684,114,0,0,0.0
685,114,1,0,0.0
686,114,5,1,1.0
687,114,7,1,1.0
688,114,8,2,2.0
689,114,10,2,2.0
690,115,1,1,1.0
691,115,3,1,1.0
692,115,4,2,2.0
693,115,7,1,2.0
694,115,9,1,2.0
695,115,10,2,2.0
696,116,0,0,0.0
697,116,3,0,0.0
698,116,5,0,0.0
699,116,6,0,0.0
700,116,9,0,0.0
701,116,10,0,0.0
702,117,0,0,0.0
703,117,1,0,0.0
704,117,2,0,0.0
705,117,5,0,0.0
706,117,7,0,0.0
707,117,8,0,0.0
708,118,1,0,0.0
709,118,2,0,0.0
710,118,4,0,0.0
711,118,6,0,0.0
712,118,7,0,0.0
713,118,9,0,0.0
714,119,0,0,0.0
715,119,2,2,2.0
716,119,4,2,2.0
717,119,6,0,2.0
718,119,9,1,2.0
719,119,10,0,2.0
720,120,3,0,0.0
721,120,4,0,0.0
722,120,5,0,0.0
723,120,6,0,0.0
724,120,8,0,0.0
725,120,9,0,0.0
726,121,0,0,0.0
727,121,3,0,0.0
728,121,4,0,0.0
729,121,6,0,0.0
730,121,7,0,0.0
731,121,10,0,0.0
732,122,0,0,0.0
733,122,1,0,0.0
734,122,5,0,0.0
735,122,6,0,0.0
736,122,8,0,0.0
737,122,10,0,0.0
738,123,0,0,0.0
739,123,2,0,0.0
740,123,5,0,0.0
741,123,7,0,0.0
742,123,8,0,0.0
743,123,9,0,0.0
744,124,0,0,0.0
745,124,2,0,0.0
746,124,3,0,0.0
747,124,4,0,0.0
748,124,6,0,0.0
749,124,8,0,0.0
750,125,0,0,0.0
751,125,2,0,0.0
752,125,3,1,1.0
753,125,7,1,1.0
754,125,8,0,1.0
755,125,10,1,1.0
756,126,1,0,0.0
757,126,2,0,0.0
758,126,3,0,0.0
759,126,4,0,0.0
760,126,9,0,0.0
761,126,10,0,0.0
762,127,0,0,0.0
763,127,1,1,1.0
764,127,3,1,1.0
765,127,5,1,1.0
766,127,6,0,1.0
767,127,7,1,1.0
768,128,0,0,0.0
769,128,1,0,0.0
770,128,4,0,0.0
771,128,5,0,0.0
772,128,9,0,0.0
773,128,10,0,0.0
774,129,2,0,0.0
775,129,4,0,0.0
776,129,5,0,0.0
777,129,6,0,0.0
778,129,7,0,0.0
779,129,9,0,0.0
780,130,1,0,0.0
781,130,2,0,0.0
782,130,5,1,1.0
783,130,7,0,1.0
784,130,9,0,1.0
785,130,10,0,1.0
786,131,1,0,0.0
787,131,2,0,0.0
788,131,3,0,0.0
789,131,5,0,0.0
790,131,7,0,0.0
791,131,8,0,0.0
792,132,1,0,0.0
793,132,3,0,0.0
794,132,5,0,0.0
795,132,6,0,0.0
796,132,7,0,0.0
797,132,10,0,0.0
798,133,0,0,0.0
799,133,1,0,0.0
800,133,2,0,0.0
801,133,6,0,0.0
802,133,8,1,1.0
803,133,10,1,1.0
804,134,1,0,0.0
805,134,2,0,0.0
806,134,3,0,0.0
807,134,7,0,0.0
808,134,8,0,0.0
809,134,10,0,0.0
810,135,0,0,0.0
811,135,2,0,0.0
812,135,3,0,0.0
813,135,4,0,0.0
814,135,5,0,0.0
815,135,10,0,0.0
816,136,0,0,0.0
817,136,2,0,0.0
818,136,4,0,0.0
819,136,5,0,0.0
820,136,7,0,0.0
821,136,9,0,0.0
822,137,0,0,0.0
823,137,2,0,0.0
824,137,5,1,1.0
825,137,6,1,1.0
826,137,7,2,2.0
827,137,9,2,2.0
828,138,2,0,0.0
829,138,3,0,0.0
830,138,4,1,1.0
831,138,5,1,1.0
832,138,6,1,1.0
833,138,9,1,1.0
834,139,0,0,0.0
835,139,1,1,1.0
836,139,4,0,1.0
837,139,6,0,1.0
838,139,7,1,1.0
839,139,9,1,1.0
840,140,2,1,1.0
841,140,3,1,1.0
842,140,4,2,2.0
843,140,6,1,2.0
844,140,8,1,2.0
845,140,9,1,2.0
846,141,0,0,0.0
847,141,5,0,0.0
848,141,6,0,0.0
849,141,8,0,0.0
850,141,9,0,0.0
851,141,10,0,0.0
852,142,1,0,0.0
853,142,2,0,0.0
854,142,4,0,0.0
855,142,7,0,0.0
856,142,9,0,0.0
857,142,10,0,0.0
858,143,0,0,0.0
859,143,5,0,0.0
860,143,6,1,1.0
861,143,7,0,1.0
862,143,8,1,1.0
863,143,9,0,1.0
864,144,0,0,0.0
865,144,1,0,0.0
866,144,2,0,0.0
867,144,6,0,0.0
868,144,7,0,0.0
869,144,9,0,0.0
870,145,0,0,0.0
871,145,1,0,0.0
872,145,5,0,0.0
873,145,7,0,0.0
874,145,8,0,0.0
875,145,10,0,0.0
876,146,2,0,0.0
877,146,4,0,0.0
878,146,5,0,0.0
879,146,7,0,0.0
880,146,8,0,0.0
881,146,9,0,0.0
882,147,1,0,0.0
883,147,2,0,0.0
884,147,4,0,0.0
885,147,6,0,0.0
886,147,7,0,0.0
887,147,10,0,0.0
888,148,0,0,0.0
889,148,3,0,0.0
890,148,4,0,0.0
891,148,5,0,0.0
892,148,9,0,0.0
893,148,10,0,0.0
894,149,0,0,0.0
895,149,2,0,0.0
896,149,5,0,0.0
897,149,6,0,0.0
898,149,8,0,0.0
899,149,9,0,0.0
900,150,0,0,0.0
901,150,2,0,0.0
902,150,5,0,0.0
903,150,8,0,0.0
904,150,9,0,0.0
905,150,10,0,0.0
906,151,0,0,0.0
907,151,2,1,1.0
908,151,3,0,1.0
909,151,7,1,1.0
910,151,8,0,1.0
911,151,9,1,1.0
912,152,0,0,0.0
913,152,1,1,1.0
914,152,2,0,1.0
915,152,5,1,1.0
916,152,8,0,1.0
917,152,10,2,2.0
918,153,1,1,1.0
919,153,3,1,1.0
920,153,4,2,2.0
921,153,6,2,2.0
922,153,8,2,2.0
923,153,9,1,2.0
924,154,1,0,0.0
925,154,3,0,0.0
926,154,4,0,0.0
927,154,5,0,0.0
928,154,6,0,0.0
929,154,9,0,0.0
930,155,3,1,1.0
931,155,4,1,1.0
932,155,6,0,1.0
933,155,7,1,1.0
934,155,8,1,1.0
935,155,10,1,1.0
936,156,0,0,0.0
937,156,2,0,0.0
938,156,5,0,0.0
939,156,6,0,0.0
940,156,8,0,0.0
941,156,10,0,0.0
942,157,0,0,0.0
943,157,1,1,1.0
944,157,4,1,1.0
945,157,5,0,1.0
946,157,6,1,1.0
947,157,7,0,1.0
948,158,0,0,0.0
949,158,1,1,1.0
950,158,2,0,1.0
951,158,5,1,1.0
952,158,8,0,1.0
953,158,9,1,1.0
954,159,0,0,0.0
955,159,3,0,0.0
956,159,5,0,0.0
957,159,6,0,0.0
958,159,8,0,0.0
959,159,9,0,0.0
960,160,0,0,0.0
961,160,4,0,0.0
962,160,5,0,0.0
963,160,7,0,0.0
964,160,8,0,0.0
965,160,10,0,0.0
966,161,0,0,0.0
967,161,2,0,0.0
968,161,5,0,0.0
969,161,6,0,0.0
970,161,7,0,0.0
971,161,10,0,0.0
972,162,1,0,0.0
973,162,4,1,1.0
974,162,5,1,1.0
975,162,6,0,1.0
976,162,7,0,1.0
977,162,8,1,1.0
978,163,0,0,0.0
979,163,3,0,0.0
980,163,5,0,0.0
981,163,6,0,0.0
982,163,8,0,0.0
983,163,10,0,0.0
984,164,0,0,0.0
985,164,2,1,1.0
986,164,3,0,1.0
987,164,6,1,1.0
988,164,7,1,1.0
989,164,9,0,1.0
990,165,1,0,0.0
991,165,3,0,0.0
992,165,5,0,0.0
993,165,8,0,0.0
994,165,9,0,0.0
995,165,10,0,0.0
996,166,0,0,0.0
997,166,3,0,0.0
998,166,5,0,0.0
999,166,6,0,0.0
1000,166,7,0,0.0
1001,166,8,0,0.0
1002,167,0,0,0.0
1003,167,4,0,0.0
1004,167,5,0,0.0
1005,167,6,0,0.0
1006,167,7,0,0.0
1007,167,8,0,0.0
1008,168,0,0,0.0
1009,168,4,0,0.0
1010,168,6,0,0.0
1011,168,8,0,0.0
1012,168,9,0,0.0
1013,168,10,0,0.0
1014,169,0,0,0.0
1015,169,1,1,1.0
1016,169,3,0,1.0
1017,169,5,0,1.0
1018,169,7,0,1.0
1019,169,9,1,1.0
1020,170,0,0,0.0
1021,170,2,0,0.0
1022,170,4,0,0.0
1023,170,6,0,0.0
1024,170,9,0,0.0
1025,170,10,1,1.0
1026,171,0,0,0.0
1027,171,1,1,1.0
1028,171,4,0,1.0
1029,171,6,1,1.0
1030,171,8,1,1.0
1031,171,9,0,1.0
1032,172,0,0,0.0
1033,172,5,1,1.0
1034,172,6,0,1.0
1035,172,8,1,1.0
1036,172,9,0,1.0
1037,172,10,1,1.0
1038,173,1,0,0.0
1039,173,2,0,0.0
1040,173,4,0,0.0
1041,173,5,0,0.0
1042,173,7,0,0.0
1043,173,9,0,0.0
1044,174,0,0,0.0
1045,174,1,1,1.0
1046,174,4,0,1.0
1047,174,7,1,1.0
1048,174,8,0,1.0
1049,174,9,1,1.0
1050,175,0,0,0.0
1051,175,2,0,0.0
1052,175,3,0,0.0
1053,175,5,0,0.0
1054,175,7,0,0.0
1055,175,9,0,0.0
1056,176,0,0,0.0
1057,176,2,0,0.0
1058,176,4,0,0.0
1059,176,7,0,0.0
1060,176,9,0,0.0
1061,176,10,0,0.0
1062,177,0,0,0.0
1063,177,4,1,1.0
1064,177,5,0,1.0
1065,177,8,1,1.0
1066,177,9,2,2.0
1067,177,10,1,2.0
1068,178,1,1,1.0
1069,178,2,0,1.0
1070,178,4,1,1.0
1071,178,6,0,1.0
1072,178,8,0,1.0
1073,178,9,1,1.0
1074,179,1,1,1.0
1075,179,2,1,1.0
1076,179,4,1,1.0
1077,179,5,0,1.0
1078,179,7,1,1.0
1079,179,10,1,1.0
1080,180,0,0,0.0
1081,180,2,0,0.0
1082,180,3,1,1.0
1083,180,5,1,1.0
1084,180,6,1,1.0
1085,180,10,1,1.0
1086,181,0,0,0.0
1087,181,1,0,0.0
1088,181,4,0,0.0
1089,181,5,0,0.0
1090,181,9,0,0.0
1091,181,10,0,0.0
1092,182,1,0,0.0
1093,182,4,0,0.0
1094,182,5,0,0.0
1095,182,6,1,1.0
1096,182,8,1,1.0
1097,182,10,0,1.0
1098,183,0,0,0.0
1099,183,1,0,0.0
1100,183,3,1,1.0
1101,183,5,0,1.0
1102,183,6,0,1.0
1103,183,7,0,1.0
1104,184,1,0,0.0
1105,184,2,0,0.0
1106,184,4,1,1.0
1107,184,5,2,2.0
1108,184,7,2,2.0
1109,184,8,1,2.0
1110,185,3,0,0.0
1111,185,4,1,1.0
1112,185,5,1,1.0
1113,185,6,1,1.0
1114,185,9,0,1.0
1115,185,10,1,1.0
1116,186,0,0,0.0
1117,186,1,1,1.0
1118,186,3,1,1.0
1119,186,6,0,1.0
1120,186,7,1,1.0
1121,186,9,1,1.0
1122,187,0,0,0.0
1123,187,1,0,0.0
1124,187,3,0,0.0
1125,187,4,0,0.0
1126,187,6,1,1.0
1127,187,8,0,1.0
1128,188,0,0,0.0
1129,188,3,0,0.0
1130,188,5,0,0.0
1131,188,7,0,0.0
1132,188,9,0,0.0
1133,188,10,0,0.0
1134,189,2,0,0.0
1135,189,3,0,0.0
1136,189,4,0,0.0
1137,189,6,0,0.0
1138,189,7,0,0.0
1139,189,10,0,0.0
1140,190,1,0,0.0
1141,190,3,0,0.0
1142,190,4,0,0.0
1143,190,6,0,0.0
1144,190,9,0,0.0
1145,190,10,0,0.0
1146,191,0,0,0.0
1147,191,1,0,0.0
1148,191,2,0,0.0
1149,191,4,0,0.0
1150,191,5,0,0.0
1151,191,9,0,0.0
1152,192,2,0,0.0
1153,192,3,1,1.0
1154,192,4,0,1.0
1155,192,8,0,1.0
1156,192,9,1,1.0
1157,192,10,0,1.0
1158,193,0,0,0.0
1159,193,1,0,0.0
1160,193,2,0,0.0
1161,193,4,0,0.0
1162,193,5,0,0.0
1163,193,9,0,0.0
1164,194,0,0,0.0
1165,194,2,0,0.0
1166,194,4,0,0.0
1167,194,6,1,1.0
1168,194,9,0,1.0
1169,194,10,0,1.0
1170,195,0,0,0.0
1171,195,1,1,1.0
1172,195,2,0,1.0
1173,195,4,0,1.0
1174,195,5,1,1.0
1175,195,7,1,1.0
1176,196,3,1,1.0
1177,196,5,1,1.0
1178,196,6,0,1.0
1179,196,7,0,1.0
1180,196,8,1,1.0
1181,196,10,1,1.0
1182,197,1,1,1.0
1183,197,3,1,1.0
1184,197,4,0,1.0
1185,197,5,0,1.0
1186,197,6,0,1.0
1187,197,9,0,1.0
1188,198,1,0,0.0
1189,198,2,0,0.0
1190,198,3,0,0.0
1191,198,4,0,0.0
1192,198,7,0,0.0
1193,198,9,0,0.0
1194,199,1,0,0.0
1195,199,2,0,0.0
1196,199,4,0,0.0
1197,199,6,0,0.0
1198,199,7,0,0.0
1199,199,8,0,0.0
1200,200,0,0,0.0
1201,200,2,0,0.0
1202,200,3,0,0.0
1203,200,6,0,0.0
1204,200,7,0,0.0
1205,200,8,0,0.0
1206,201,1,0,0.0
1207,201,2,0,0.0
1208,201,3,0,0.0
1209,201,4,0,0.0
1210,201,9,0,0.0
1211,201,10,0,0.0
1212,202,2,0,0.0
1213,202,3,0,0.0
1214,202,5,0,0.0
1215,202,7,0,0.0
1216,202,8,0,0.0
1217,202,9,0,0.0
1218,203,0,0,0.0
1219,203,4,0,0.0
1220,203,6,0,0.0
1221,203,7,0,0.0
1222,203,8,0,0.0
1223,203,10,0,0.0
1224,204,1,0,0.0
1225,204,2,0,0.0
1226,204,6,0,0.0
1227,204,7,0,0.0
1228,204,8,0,0.0
1229,204,9,0,0.0
1230,205,0,0,0.0
1231,205,2,0,0.0
1232,205,3,0,0.0
1233,205,6,0,0.0
1234,205,7,0,0.0
1235,205,10,0,0.0
1236,206,1,1,1.0
1237,206,2,0,1.0
1238,206,3,0,1.0
1239,206,4,0,1.0
1240,206,7,0,1.0
1241,206,8,0,1.0
1242,207,0,0,0.0
1243,207,3,0,0.0
1244,207,5,0,0.0
1245,207,7,0,0.0
1246,207,8,0,0.0
1247,207,10,0,0.0
1248,208,1,0,0.0
1249,208,3,0,0.0
1250,208,5,0,0.0
1251,208,6,0,0.0
1252,208,8,0,0.0
1253,208,10,0,0.0
1254,209,3,0,0.0
1255,209,4,1,1.0
1256,209,5,0,1.0
1257,209,8,0,1.0
1258,209,9,0,1.0
1259,209,10,1,1.0
1260,210,1,0,0.0
1261,210,2,0,0.0
1262,210,4,0,0.0
1263,210,5,0,0.0
1264,210,7,0,0.0
1265,210,9,0,0.0
1266,211,0,0,0.0
1267,211,2,0,0.0
1268,211,5,0,0.0
1269,211,7,0,0.0
1270,211,9,0,0.0
1271,211,10,0,0.0
1272,212,0,0,0.0
1273,212,3,0,0.0
1274,212,4,1,1.0
1275,212,7,0,1.0
1276,212,8,0,1.0
1277,212,9,0,1.0
1278,213,1,0,0.0
1279,213,2,0,0.0
1280,213,3,0,0.0
1281,213,4,0,0.0
1282,213,5,0,0.0
1283,213,8,0,0.0
1284,214,1,1,1.0
1285,214,2,2,2.0
1286,214,4,0,2.0
1287,214,5,0,2.0
1288,214,6,0,2.0
1289,214,7,0,2.0
1290,215,0,0,0.0
1291,215,2,1,1.0
1292,215,3,1,1.0
1293,215,6,1,1.0
1294,215,8,1,1.0
1295,215,9,2,2.0
1296,216,0,0,0.0
1297,216,1,0,0.0
1298,216,2,0,0.0
1299,216,3,0,0.0
1300,216,5,0,0.0
1301,216,6,0,0.0
1302,217,0,0,0.0
1303,217,2,0,0.0
1304,217,3,0,0.0
1305,217,5,0,0.0
1306,217,6,0,0.0
1307,217,10,0,0.0
1308,218,3,0,0.0
1309,218,4,1,1.0
1310,218,5,0,1.0
1311,218,6,0,1.0
1312,218,8,0,1.0
1313,218,10,0,1.0
1314,219,1,0,0.0
1315,219,2,1,1.0
1316,219,4,1,1.0
1317,219,5,0,1.0
1318,219,9,1,1.0
1319,219,10,0,1.0
1320,220,0,0,0.0
1321,220,1,0,0.0
1322,220,3,0,0.0
1323,220,4,1,1.0
1324,220,9,0,1.0
1325,220,10,0,1.0
1326,221,1,1,1.0
1327,221,2,0,1.0
1328,221,4,0,1.0
1329,221,7,0,1.0
1330,221,9,0,1.0
1331,221,10,0,1.0
1332,222,1,0,0.0
1333,222,5,0,0.0
1334,222,6,0,0.0
1335,222,8,0,0.0
1336,222,9,0,0.0
1337,222,10,0,0.0
1338,223,1,0,0.0
1339,223,4,0,0.0
1340,223,5,0,0.0
1341,223,6,0,0.0
1342,223,7,0,0.0
1343,223,9,1,1.0
1344,224,0,0,0.0
1345,224,1,1,1.0
1346,224,5,1,1.0
1347,224,6,1,1.0
1348,224,7,1,1.0
1349,224,10,1,1.0
1350,225,2,0,0.0
1351,225,3,0,0.0
1352,225,4,0,0.0
1353,225,5,0,0.0
1354,225,6,0,0.0
1355,225,8,0,0.0
1356,226,4,0,0.0
1357,226,5,0,0.0
1358,226,6,0,0.0
1359,226,8,0,0.0
1360,226,9,0,0.0
1361,226,10,0,0.0
1362,227,0,0,0.0
1363,227,2,0,0.0
1364,227,3,1,1.0
1365,227,4,0,1.0
1366,227,5,0,1.0
1367,227,8,0,1.0
1368,228,1,1,1.0
1369,228,2,0,1.0
1370,228,5,1,1.0
1371,228,7,1,1.0
1372,228,8,0,1.0
1373,228,10,1,1.0
1374,229,0,0,0.0
1375,229,1,1,1.0
1376,229,2,0,1.0
1377,229,4,0,1.0
1378,229,9,1,1.0
1379,229,10,0,1.0
1380,230,1,0,0.0
1381,230,2,0,0.0
1382,230,3,0,0.0
1383,230,4,1,1.0
1384,230,5,1,1.0
1385,230,8,1,1.0
1386,231,0,0,0.0
1387,231,2,0,0.0
1388,231,3,1,1.0
1389,231,4,0,1.0
1390,231,6,2,2.0
1391,231,7,1,2.0
1392,232,0,0,0.0
1393,232,4,0,0.0
1394,232,5,0,0.0
1395,232,6,0,0.0
1396,232,7,0,0.0
1397,232,10,0,0.0
1398,233,0,0,0.0
1399,233,2,0,0.0
1400,233,5,0,0.0
1401,233,6,0,0.0
1402,233,8,0,0.0
1403,233,10,0,0.0
1404,234,0,0,0.0
1405,234,1,1,1.0
1406,234,2,0,1.0
1407,234,6,0,1.0
1408,234,9,1,1.0
1409,234,10,0,1.0
1410,235,0,0,0.0
1411,235,1,0,0.0
1412,235,2,0,0.0
1413,235,7,0,0.0
1414,235,9,0,0.0
1415,235,10,0,0.0
1416,236,1,1,1.0
1417,236,3,1,1.0
1418,236,4,1,1.0
1419,236,5,2,2.0
1420,236,7,2,2.0
1421,236,10,3,3.0
1422,237,1,0,0.0
1423,237,2,0,0.0
1424,237,4,0,0.0
1425,237,5,0,0.0
1426,237,7,0,0.0
1427,237,9,0,0.0
1428,238,2,0,0.0
1429,238,3,0,0.0
1430,238,5,0,0.0
1431,238,8,0,0.0
1432,238,9,0,0.0
1433,238,10,0,0.0
1434,239,0,0,0.0
1435,239,1,0,0.0
1436,239,3,0,0.0
1437,239,5,0,0.0
1438,239,9,0,0.0
1439,239,10,0,0.0
1440,240,1,0,0.0
1441,240,4,0,0.0
1442,240,5,0,0.0
1443,240,6,0,0.0
1444,240,8,0,0.0
1445,240,9,0,0.0
1446,241,0,0,0.0
1447,241,4,1,1.0
1448,241,5,1,1.0
1449,241,7,0,1.0
1450,241,9,0,1.0
1451,241,10,1,1.0
1452,242,1,0,0.0
1453,242,2,0,0.0
1454,242,5,0,0.0
1455,242,6,0,0.0
1456,242,7,0,0.0
1457,242,9,0,0.0
1458,243,1,0,0.0
1459,243,2,0,0.0
1460,243,4,0,0.0
1461,243,6,0,0.0
1462,243,8,0,0.0
1463,243,10,0,0.0
1464,244,0,0,0.0
1465,244,1,0,0.0
1466,244,3,0,0.0
1467,244,6,1,1.0
1468,244,8,0,1.0
1469,244,10,1,1.0
1470,245,0,0,0.0
1471,245,1,0,0.0
1472,245,2,0,0.0
1473,245,7,0,0.0
1474,245,8,0,0.0
1475,245,10,0,0.0
1476,246,1,0,0.0
1477,246,2,0,0.0
1478,246,3,0,0.0
1479,246,4,0,0.0
1480,246,7,0,0.0
1481,246,10,0,0.0
1482,247,0,0,0.0
1483,247,3,0,0.0
1484,247,5,0,0.0
1485,247,6,0,0.0
1486,247,8,0,0.0
1487,247,10,0,0.0
1488,248,0,0,0.0
1489,248,1,0,0.0
1490,248,2,0,0.0
1491,248,4,0,0.0
1492,248,7,0,0.0
1493,248,8,0,0.0
1494,249,1,0,0.0
1495,249,2,0,0.0
1496,249,5,0,0.0
1497,249,7,0,0.0
1498,249,8,0,0.0
1499,249,10,0,0.0
1500,250,0,0,0.0
1501,250,2,0,0.0
1502,250,4,0,0.0
1503,250,7,1,1.0
1504,250,9,1,1.0
1505,250,10,1,1.0
1506,251,0,0,0.0
1507,251,1,0,0.0
1508,251,3,0,0.0
1509,251,5,0,0.0
1510,251,6,0,0.0
1511,251,9,0,0.0
1512,252,1,0,0.0
1513,252,3,0,0.0
1514,252,5,0,0.0
1515,252,8,0,0.0
1516,252,9,0,0.0
1517,252,10,0,0.0
1518,253,2,0,0.0
1519,253,4,0,0.0
1520,253,5,1,1.0
1521,253,6,0,1.0
1522,253,7,1,1.0
1523,253,9,1,1.0
1524,254,1,0,0.0
1525,254,3,0,0.0
1526,254,4,0,0.0
1527,254,5,0,0.0
1528,254,7,0,0.0
1529,254,8,0,0.0
1530,255,1,0,0.0
1531,255,2,0,0.0
1532,255,3,1,1.0
1533,255,6,1,1.0
1534,255,8,1,1.0
1535,255,10,1,1.0
1536,256,0,0,0.0
1537,256,1,0,0.0
1538,256,3,0,0.0
1539,256,6,0,0.0
1540,256,7,0,0.0
1541,256,8,0,0.0
1542,257,0,0,0.0
1543,257,3,0,0.0
1544,257,4,0,0.0
1545,257,5,0,0.0
1546,257,7,0,0.0
1547,257,10,0,0.0
1548,258,0,0,0.0
1549,258,1,0,0.0
1550,258,2,0,0.0
1551,258,3,0,0.0
1552,258,7,0,0.0
1553,258,9,0,0.0
1554,259,0,0,0.0
1555,259,2,0,0.0
1556,259,5,0,0.0
1557,259,6,0,0.0
1558,259,9,0,0.0
1559,259,10,0,0.0
1560,260,0,0,0.0
1561,260,1,0,0.0
1562,260,2,1,1.0
1563,260,4,0,1.0
1564,260,7,0,1.0
1565,260,8,1,1.0
1566,261,3,0,0.0
1567,261,4,0,0.0
1568,261,5,0,0.0
1569,261,7,0,0.0
1570,261,8,0,0.0
1571,261,9,0,0.0
1572,262,0,0,0.0
1573,262,2,0,0.0
1574,262,3,0,0.0
1575,262,4,0,0.0
1576,262,9,0,0.0
1577,262,10,0,0.0
1578,263,0,0,0.0
1579,263,1,1,1.0
1580,263,2,0,1.0
1581,263,4,0,1.0
1582,263,5,0,1.0
1583,263,9,0,1.0
1584,264,0,0,0.0
1585,264,1,0,0.0
1586,264,2,0,0.0
1587,264,5,2,2.0
1588,264,8,1,2.0
1589,264,10,1,2.0
1590,265,1,1,1.0
1591,265,2,0,1.0
1592,265,3,1,1.0
1593,265,5,1,1.0
1594,265,8,0,1.0
1595,265,10,0,1.0
1596,266,2,0,0.0
1597,266,4,0,0.0
1598,266,6,1,1.0
1599,266,7,1,1.0
1600,266,8,1,1.0
1601,266,9,0,1.0
1602,267,0,0,0.0
1603,267,1,1,1.0
1604,267,6,0,1.0
1605,267,7,1,1.0
1606,267,9,1,1.0
1607,267,10,0,1.0
1608,268,1,0,0.0
1609,268,3,0,0.0
1610,268,4,0,0.0
1611,268,5,0,0.0
1612,268,7,2,2.0
1613,268,8,1,2.0
1614,269,0,0,0.0
1615,269,2,0,0.0
1616,269,4,0,0.0
1617,269,5,0,0.0
1618,269,7,0,0.0
1619,269,9,0,0.0
1620,270,2,0,0.0
1621,270,4,0,0.0
1622,270,6,0,0.0
1623,270,7,0,0.0
1624,270,8,0,0.0
1625,270,10,0,0.0
1626,271,3,0,0.0
1627,271,4,0,0.0
1628,271,5,0,0.0
1629,271,6,0,0.0
1630,271,7,0,0.0
1631,271,9,0,0.0
1632,272,1,0,0.0
1633,272,2,0,0.0
1634,272,4,0,0.0
1635,272,5,0,0.0
1636,272,7,0,0.0
1637,272,8,0,0.0
1638,273,2,0,0.0
1639,273,3,0,0.0
1640,273,5,0,0.0
1641,273,7,0,0.0
1642,273,8,0,0.0
1643,273,10,0,0.0
1644,274,0,0,0.0
1645,274,1,0,0.0
1646,274,3,0,0.0
1647,274,5,0,0.0
1648,274,7,0,0.0
1649,274,9,0,0.0
1650,275,0,0,0.0
1651,275,1,0,0.0
1652,275,2,0,0.0
1653,275,3,0,0.0
1654,275,5,0,0.0
1655,275,8,0,0.0
1656,276,0,0,0.0
1657,276,1,1,1.0
1658,276,4,0,1.0
1659,276,5,0,1.0
1660,276,6,0,1.0
1661,276,8,0,1.0
1662,277,0,0,0.0
1663,277,1,0,0.0
1664,277,2,0,0.0
1665,277,3,0,0.0
1666,277,7,0,0.0
1667,277,8,0,0.0
1668,278,0,0,0.0
1669,278,3,0,0.0
1670,278,4,0,0.0
1671,278,5,0,0.0
1672,278,6,0,0.0
1673,278,7,0,0.0
1674,279,0,0,0.0
1675,279,1,0,0.0
1676,279,2,0,0.0
1677,279,3,0,0.0
1678,279,4,0,0.0
1679,279,10,0,0.0
1680,280,0,0,0.0
1681,280,1,1,1.0
1682,280,2,1,1.0
1683,280,3,2,2.0
1684,280,6,1,2.0
1685,280,10,2,2.0
1686,281,0,0,0.0
1687,281,3,0,0.0
1688,281,5,0,0.0
1689,281,6,1,1.0
1690,281,7,0,1.0
1691,281,10,0,1.0
1692,282,1,0,0.0
1693,282,2,0,0.0
1694,282,6,0,0.0
1695,282,7,0,0.0
1696,282,9,0,0.0
1697,282,10,0,0.0
1698,283,0,0,0.0
1699,283,2,0,0.0
1700,283,3,0,0.0
1701,283,4,0,0.0
1702,283,7,0,0.0
1703,283,10,0,0.0
1704,284,0,0,0.0
1705,284,3,1,1.0
1706,284,4,0,1.0
1707,284,5,1,1.0
1708,284,9,1,1.0
1709,284,10,0,1.0
1710,285,1,0,0.0
1711,285,2,0,0.0
1712,285,3,0,0.0
1713,285,5,0,0.0
1714,285,7,0,0.0
1715,285,10,0,0.0
1716,286,1,1,1.0
1717,286,5,1,1.0
1718,286,7,1,1.0
1719,286,8,0,1.0
1720,286,9,1,1.0
1721,286,10,0,1.0
1722,287,0,0,0.0
1723,287,1,0,0.0
1724,287,3,0,0.0
1725,287,5,0,0.0
1726,287,7,0,0.0
1727,287,9,0,0.0
1728,288,4,0,0.0
1729,288,5,0,0.0
1730,288,6,0,0.0
1731,288,7,0,0.0
1732,288,8,0,0.0
1733,288,10,0,0.0
1734,289,0,0,0.0
1735,289,1,0,0.0
1736,289,3,0,0.0
1737,289,4,0,0.0
1738,289,6,0,0.0
1739,289,8,0,0.0
1740,290,0,0,0.0
1741,290,2,0,0.0
1742,290,5,0,0.0
1743,290,6,0,0.0
1744,290,7,0,0.0
1745,290,8,0,0.0
1746,291,0,0,0.0
1747,291,3,1,1.0
1748,291,4,0,1.0
1749,291,5,1,1.0
1750,291,8,0,1.0
1751,291,9,1,1.0
1752,292,0,0,0.0
1753,292,1,0,0.0
1754,292,7,0,0.0
1755,292,8,0,0.0
1756,292,9,0,0.0
1757,292,10,0,0.0
1758,293,0,0,0.0
1759,293,1,1,1.0
1760,293,3,1,1.0
1761,293,5,0,1.0
1762,293,7,0,1.0
1763,293,8,1,1.0
1764,294,2,0,0.0
1765,294,3,0,0.0
1766,294,5,0,0.0
1767,294,6,0,0.0
1768,294,7,0,0.0
1769,294,10,0,0.0
1770,295,0,0,0.0
1771,295,2,2,2.0
1772,295,3,1,2.0
1773,295,4,0,2.0
1774,295,6,0,2.0
1775,295,9,0,2.0
1776,296,1,0,0.0
1777,296,2,0,0.0
1778,296,3,0,0.0
1779,296,4,0,0.0
1780,296,5,0,0.0
1781,296,9,0,0.0
1782,297,0,0,0.0
1783,297,2,0,0.0
1784,297,4,0,0.0
1785,297,6,0,0.0
1786,297,8,0,0.0
1787,297,9,0,0.0
1788,298,1,0,0.0
1789,298,3,0,0.0
1790,298,4,0,0.0
1791,298,5,0,0.0
1792,298,8,0,0.0
1793,298,10,0,0.0
1794,299,0,0,0.0
1795,299,3,1,1.0
1796,299,4,0,1.0
1797,299,6,0,1.0
1798,299,7,1,1.0
1799,299,9,1,1.0
1800,300,1,0,0.0
1801,300,3,0,0.0
1802,300,4,0,0.0
1803,300,6,0,0.0
1804,300,7,0,0.0
1805,300,8,0,0.0
1806,301,1,0,0.0
1807,301,2,0,0.0
1808,301,3,0,0.0
1809,301,6,0,0.0
1810,301,8,0,0.0
1811,301,9,0,0.0
1812,302,0,0,0.0
1813,302,2,0,0.0
1814,302,3,0,0.0
1815,302,5,0,0.0
1816,302,7,0,0.0
1817,302,8,0,0.0
1818,303,0,0,0.0
1819,303,1,0,0.0
1820,303,5,0,0.0
1821,303,6,1,1.0
1822,303,9,0,1.0
1823,303,10,0,1.0
1824,304,0,0,0.0
1825,304,1,0,0.0
1826,304,2,0,0.0
1827,304,3,1,1.0
1828,304,4,1,1.0
1829,304,8,1,1.0
1830,305,1,1,1.0
1831,305,2,2,2.0
1832,305,5,3,3.0
1833,305,6,2,3.0
1834,305,7,1,3.0
1835,305,9,1,3.0
1836,306,0,0,0.0
1837,306,1,0,0.0
1838,306,4,0,0.0
1839,306,6,0,0.0
1840,306,8,0,0.0
1841,306,9,0,0.0
1842,307,0,0,0.0
1843,307,4,0,0.0
1844,307,5,0,0.0
1845,307,6,0,0.0
1846,307,7,1,1.0
1847,307,8,1,1.0
1848,308,1,1,1.0
1849,308,4,1,1.0
1850,308,5,0,1.0
1851,308,6,1,1.0
1852,308,7,0,1.0
1853,308,9,1,1.0
1854,309,2,0,0.0
1855,309,3,1,1.0
1856,309,4,2,2.0
1857,309,5,1,2.0
1858,309,8,0,2.0
1859,309,10,0,2.0
1860,310,4,0,0.0
1861,310,5,1,1.0
1862,310,6,0,1.0
1863,310,7,1,1.0
1864,310,8,2,2.0
1865,310,9,1,2.0
1866,311,0,0,0.0
1867,311,3,0,0.0
1868,311,4,0,0.0
1869,311,7,0,0.0
1870,311,8,0,0.0
1871,311,9,0,0.0
1872,312,1,0,0.0
1873,312,2,0,0.0
1874,312,4,0,0.0
1875,312,5,0,0.0
1876,312,6,0,0.0
1877,312,8,0,0.0
1878,313,0,0,0.0
1879,313,1,1,1.0
1880,313,2,1,1.0
1881,313,5,2,2.0
1882,313,7,0,2.0
1883,313,8,1,2.0
1884,314,1,1,1.0
1885,314,2,0,1.0
1886,314,3,0,1.0
1887,314,5,0,1.0
1888,314,7,0,1.0
1889,314,8,0,1.0
1890,315,1,1,1.0
1891,315,2,0,1.0
1892,315,3,0,1.0
1893,315,4,1,1.0
1894,315,7,2,2.0
1895,315,10,1,2.0
1896,316,0,0,0.0
1897,316,1,0,0.0
1898,316,2,0,0.0
1899,316,5,0,0.0
1900,316,6,0,0.0
1901,316,10,0,0.0
1902,317,0,0,0.0
1903,317,3,0,0.0
1904,317,6,0,0.0
1905,317,7,1,1.0
1906,317,8,0,1.0
1907,317,9,1,1.0
1908,318,1,0,0.0
1909,318,4,0,0.0
1910,318,6,1,1.0
1911,318,7,0,1.0
1912,318,9,0,1.0
1913,318,10,1,1.0
1914,319,0,0,0.0
1915,319,1,0,0.0
1916,319,3,0,0.0
1917,319,7,0,0.0
1918,319,8,0,0.0
1919,319,9,0,0.0
1920,320,0,0,0.0
1921,320,2,0,0.0
1922,320,3,1,1.0
1923,320,4,0,1.0
1924,320,5,1,1.0
1925,320,8,0,1.0
1926,321,0,0,0.0
1927,321,1,0,0.0
1928,321,4,0,0.0
1929,321,8,1,1.0
1930,321,9,0,1.0
1931,321,10,0,1.0
1932,322,0,0,0.0
1933,322,1,0,0.0
1934,322,3,0,0.0
1935,322,4,0,0.0
1936,322,5,0,0.0
1937,322,10,1,1.0
1938,323,0,0,0.0
1939,323,4,0,0.0
1940,323,6,0,0.0
1941,323,8,0,0.0
1942,323,9,0,0.0
1943,323,10,0,0.0
1944,324,0,0,0.0
1945,324,2,0,0.0
1946,324,5,0,0.0
1947,324,6,0,0.0
1948,324,7,0,0.0
1949,324,10,0,0.0
1950,325,0,0,0.0
1951,325,2,0,0.0
1952,325,5,1,1.0
1953,325,6,1,1.0
1954,325,7,0,1.0
1955,325,10,0,1.0
1956,326,0,0,0.0
1957,326,1,0,0.0
1958,326,4,0,0.0
1959,326,6,0,0.0
1960,326,9,0,0.0
1961,326,10,0,0.0
1962,327,0,0,0.0
1963,327,1,1,1.0
1964,327,2,0,1.0
1965,327,5,0,1.0
1966,327,9,0,1.0
1967,327,10,0,1.0
1968,328,1,0,0.0
1969,328,2,0,0.0
1970,328,4,0,0.0
1971,328,7,0,0.0
1972,328,8,0,0.0
1973,328,10,0,0.0
1974,329,3,0,0.0
1975,329,4,0,0.0
1976,329,5,0,0.0
1977,329,7,1,1.0
1978,329,9,0,1.0
1979,329,10,0,1.0
1980,330,0,0,0.0
1981,330,4,0,0.0
1982,330,7,0,0.0
1983,330,8,0,0.0
1984,330,9,0,0.0
1985,330,10,0,0.0
1986,331,1,1,1.0
1987,331,2,2,2.0
1988,331,3,1,2.0
1989,331,6,2,2.0
1990,331,8,0,2.0
1991,331,10,0,2.0
1992,332,1,1,1.0
1993,332,3,1,1.0
1994,332,4,1,1.0
1995,332,5,1,1.0
1996,332,8,1,1.0
1997,332,9,1,1.0
1998,333,0,0,0.0
1999,333,1,0,0.0
2000,333,2,0,0.0
2001,333,3,0,0.0
2002,333,4,0,0.0
2003,333,10,0,0.0
2004,334,1,0,0.0
2005,334,2,0,0.0
2006,334,5,0,0.0
2007,334,7,0,0.0
2008,334,9,0,0.0
2009,334,10,0,0.0
2010,335,1,0,0.0
2011,335,2,0,0.0
2012,335,3,0,0.0
2013,335,5,0,0.0
2014,335,8,0,0.0
2015,335,10,0,0.0
2016,336,0,0,0.0
2017,336,1,1,1.0
2018,336,2,1,1.0
2019,336,5,2,2.0
2020,336,7,2,2.0
2021,336,10,2,2.0
2022,337,0,0,0.0
2023,337,1,0,0.0
2024,337,2,0,0.0
2025,337,4,0,0.0
2026,337,5,0,0.0
2027,337,7,0,0.0
2028,338,0,0,0.0
2029,338,1,0,0.0
2030,338,2,0,0.0
2031,338,5,0,0.0
2032,338,7,0,0.0
2033,338,10,0,0.0
2034,339,1,1,1.0
2035,339,3,1,1.0
2036,339,6,2,2.0
2037,339,7,1,2.0
2038,339,8,2,2.0
2039,339,9,1,2.0
2040,340,2,0,0.0
2041,340,5,0,0.0
2042,340,6,0,0.0
2043,340,7,0,0.0
2044,340,8,0,0.0
2045,340,9,0,0.0
2046,341,0,0,0.0
2047,341,1,0,0.0
2048,341,2,0,0.0
2049,341,5,0,0.0
2050,341,8,0,0.0
2051,341,10,0,0.0
2052,342,0,0,0.0
2053,342,1,0,0.0
2054,342,5,0,0.0
2055,342,6,0,0.0
2056,342,7,0,0.0
2057,342,9,0,0.0
2058,343,0,0,0.0
2059,343,2,0,0.0
2060,343,3,0,0.0
2061,343,6,0,0.0
2062,343,7,0,0.0
2063,343,10,0,0.0
2064,344,0,0,0.0
2065,344,1,1,1.0
2066,344,5,1,1.0
2067,344,7,1,1.0
2068,344,8,2,2.0
2069,344,10,2,2.0
2070,345,0,0,0.0
2071,345,2,0,0.0
2072,345,3,0,0.0
2073,345,4,0,0.0
2074,345,8,0,0.0
2075,345,10,0,0.0
2076,346,0,0,0.0
2077,346,1,1,1.0
2078,346,2,0,1.0
2079,346,5,0,1.0
2080,346,7,0,1.0
2081,346,10,1,1.0
2082,347,0,0,0.0
2083,347,2,1,1.0
2084,347,3,0,1.0
2085,347,4,0,1.0
2086,347,7,0,1.0
2087,347,8,0,1.0
2088,348,3,0,0.0
2089,348,4,0,0.0
2090,348,5,0,0.0
2091,348,6,0,0.0
2092,348,9,0,0.0
2093,348,10,0,0.0
2094,349,2,0,0.0
2095,349,4,0,0.0
2096,349,5,1,1.0
2097,349,6,0,1.0
2098,349,8,0,1.0
2099,349,10,0,1.0
2100,350,0,0,0.0
2101,350,1,0,0.0
2102,350,2,0,0.0
2103,350,4,0,0.0
2104,350,5,0,0.0
2105,350,8,0,0.0
2106,351,1,1,1.0
2107,351,2,0,1.0
2108,351,5,1,1.0
2109,351,6,0,1.0
2110,351,8,0,1.0
2111,351,9,1,1.0
2112,352,2,1,1.0
2113,352,3,1,1.0
2114,352,4,1,1.0
2115,352,6,1,1.0
2116,352,9,1,1.0
2117,352,10,0,1.0
2118,353,3,1,1.0
2119,353,4,0,1.0
2120,353,5,0,1.0
2121,353,6,0,1.0
2122,353,7,1,1.0
2123,353,8,0,1.0
2124,354,0,0,0.0
2125,354,1,0,0.0
2126,354,2,1,1.0
2127,354,4,1,1.0
2128,354,6,1,1.0
2129,354,7,1,1.0
2130,355,1,0,0.0
2131,355,3,0,0.0
2132,355,5,0,0.0
2133,355,6,0,0.0
2134,355,8,0,0.0
2135,355,10,0,0.0
2136,356,2,0,0.0
2137,356,4,0,0.0
2138,356,6,0,0.0
2139,356,7,0,0.0
2140,356,8,0,0.0
2141,356,10,0,0.0
2142,357,1,1,1.0
2143,357,2,1,1.0
2144,357,3,0,1.0
2145,357,4,0,1.0
2146,357,6,0,1.0
2147,357,8,0,1.0
2148,358,0,0,0.0
2149,358,2,0,0.0
2150,358,3,0,0.0
2151,358,4,0,0.0
2152,358,6,0,0.0
2153,358,10,0,0.0
2154,359,1,0,0.0
2155,359,2,0,0.0
2156,359,3,1,1.0
2157,359,7,1,1.0
2158,359,8,0,1.0
2159,359,10,1,1.0
2160,360,0,0,0.0
2161,360,1,0,0.0
2162,360,4,0,0.0
2163,360,5,0,0.0
2164,360,8,0,0.0
2165,360,9,0,0.0
2166,361,2,0,0.0
2167,361,3,0,0.0
2168,361,7,0,0.0
2169,361,8,0,0.0
2170,361,9,0,0.0
2171,361,10,0,0.0
2172,362,1,0,0.0
2173,362,2,0,0.0
2174,362,4,0,0.0
2175,362,8,0,0.0
2176,362,9,0,0.0
2177,362,10,0,0.0
2178,363,1,0,0.0
2179,363,2,0,0.0
2180,363,4,0,0.0
2181,363,5,0,0.0
2182,363,6,0,0.0
2183,363,7,0,0.0
2184,364,0,0,0.0
2185,364,1,0,0.0
2186,364,4,0,0.0
2187,364,6,0,0.0
2188,364,7,0,0.0
2189,364,9,0,0.0
2190,365,0,0,0.0
2191,365,1,0,0.0
2192,365,4,0,0.0
2193,365,5,0,0.0
2194,365,7,0,0.0
2195,365,10,0,0.0
2196,366,0,0,0.0
2197,366,2,0,0.0
2198,366,3,0,0.0
2199,366,6,0,0.0
2200,366,9,0,0.0
2201,366,10,0,0.0
2202,367,0,0,0.0
2203,367,1,0,0.0
2204,367,3,0,0.0
2205,367,5,0,0.0
2206,367,6,0,0.0
2207,367,9,0,0.0
2208,368,0,0,0.0
2209,368,2,0,0.0
2210,368,4,0,0.0
2211,368,7,0,0.0
2212,368,8,0,0.0
2213,368,10,0,0.0
2214,369,2,0,0.0
2215,369,4,0,0.0
2216,369,6,0,0.0
2217,369,7,0,0.0
2218,369,8,0,0.0
2219,369,9,0,0.0
2220,370,4,0,0.0
2221,370,5,1,1.0
2222,370,6,0,1.0
2223,370,8,1,1.0
2224,370,9,0,1.0
2225,370,10,1,1.0
2226,371,1,1,1.0
2227,371,2,0,1.0
2228,371,3,1,1.0
2229,371,5,1,1.0
2230,371,7,1,1.0
2231,371,9,0,1.0
2232,372,1,0,0.0
2233,372,3,0,0.0
2234,372,4,0,0.0
2235,372,7,0,0.0
2236,372,9,0,0.0
2237,372,10,0,0.0
2238,373,1,0,0.0
2239,373,3,0,0.0
2240,373,4,0,0.0
2241,373,6,0,0.0
2242,373,8,0,0.0
2243,373,9,0,0.0
2244,374,0,0,0.0
2245,374,1,1,1.0
2246,374,2,2,2.0
2247,374,3,1,2.0
2248,374,6,2,2.0
2249,374,10,2,2.0
2250,375,1,0,0.0
2251,375,2,0,0.0
2252,375,3,0,0.0
2253,375,4,0,0.0
2254,375,5,0,0.0
2255,375,9,0,0.0
2256,376,0,0,0.0
2257,376,2,0,0.0
2258,376,3,1,1.0
2259,376,4,0,1.0
2260,376,6,0,1.0
2261,376,9,1,1.0
2262,377,2,0,0.0
2263,377,4,0,0.0
2264,377,5,0,0.0
2265,377,6,0,0.0
2266,377,8,0,0.0
2267,377,10,0,0.0
2268,378,0,0,0.0
2269,378,2,0,0.0
2270,378,3,0,0.0
2271,378,5,0,0.0
2272,378,8,1,1.0
2273,378,10,0,1.0
2274,379,2,0,0.0
2275,379,3,1,1.0
2276,379,4,0,1.0
2277,379,8,0,1.0
2278,379,9,1,1.0
2279,379,10,0,1.0
2280,380,1,0,0.0
2281,380,2,0,0.0
2282,380,3,0,0.0
2283,380,6,0,0.0
2284,380,7,0,0.0
2285,380,10,0,0.0
2286,381,4,2,2.0
2287,381,6,2,2.0
2288,381,7,1,2.0
2289,381,8,2,2.0
2290,381,9,1,2.0
2291,381,10,2,2.0
2292,382,1,0,0.0
2293,382,3,0,0.0
2294,382,4,0,0.0
2295,382,5,0,0.0
2296,382,7,0,0.0
2297,382,8,0,0.0
2298,383,0,0,0.0
2299,383,1,0,0.0
2300,383,4,0,0.0
2301,383,6,0,0.0
2302,383,7,0,0.0
2303,383,10,0,0.0
2304,384,1,1,1.0
2305,384,2,0,1.0
2306,384,5,1,1.0
2307,384,8,0,1.0
2308,384,9,1,1.0
2309,384,10,0,1.0
2310,385,0,0,0.0
2311,385,1,0,0.0
2312,385,2,0,0.0
2313,385,3,0,0.0
2314,385,6,0,0.0
2315,385,8,0,0.0
2316,386,0,0,0.0
2317,386,1,1,1.0
2318,386,2,0,1.0
2319,386,8,1,1.0
2320,386,9,1,1.0
2321,386,10,1,1.0
2322,387,0,0,0.0
2323,387,1,0,0.0
2324,387,2,0,0.0
2325,387,3,0,0.0
2326,387,6,0,0.0
2327,387,10,0,0.0
2328,388,0,0,0.0
2329,388,2,0,0.0
2330,388,4,0,0.0
2331,388,7,0,0.0
2332,388,8,0,0.0
2333,388,9,0,0.0
2334,389,0,0,0.0
2335,389,1,0,0.0
2336,389,2,1,1.0
2337,389,4,1,1.0
2338,389,6,0,1.0
2339,389,9,1,1.0
2340,390,1,0,0.0
2341,390,2,0,0.0
2342,390,5,0,0.0
2343,390,7,0,0.0
2344,390,9,0,0.0
2345,390,10,0,0.0
2346,391,0,0,0.0
2347,391,3,0,0.0
2348,391,6,0,0.0
2349,391,7,0,0.0
2350,391,9,0,0.0
2351,391,10,0,0.0
2352,392,0,0,0.0
2353,392,2,0,0.0
2354,392,3,0,0.0
2355,392,5,0,0.0
2356,392,8,0,0.0
2357,392,10,0,0.0
2358,393,1,0,0.0
2359,393,3,0,0.0
2360,393,5,0,0.0
2361,393,8,0,0.0
2362,393,9,0,0.0
2363,393,10,0,0.0
2364,394,0,0,0.0
2365,394,2,0,0.0
2366,394,3,0,0.0
2367,394,5,0,0.0
2368,394,6,0,0.0
2369,394,10,0,0.0
2370,395,0,0,0.0
2371,395,2,0,0.0
2372,395,3,0,0.0
2373,395,5,0,0.0
2374,395,6,0,0.0
2375,395,9,0,0.0
2376,396,0,0,0.0
2377,396,2,0,0.0
2378,396,3,0,0.0
2379,396,4,0,0.0
2380,396,8,0,0.0
2381,396,9,0,0.0
2382,397,2,0,0.0
2383,397,4,0,0.0
2384,397,6,0,0.0
2385,397,7,1,1.0
2386,397,9,1,1.0
2387,397,10,0,1.0
2388,398,1,0,0.0
2389,398,2,0,0.0
2390,398,3,0,0.0
2391,398,4,0,0.0
2392,398,7,0,0.0
2393,398,9,0,0.0
2394,399,1,1,1.0
2395,399,2,2,2.0
2396,399,5,1,2.0
2397,399,6,2,2.0
2398,399,7,1,2.0
2399,399,9,1,2.0
2400,400,1,1,1.0
2401,400,2,0,1.0
2402,400,3,0,1.0
2403,400,6,1,1.0
2404,400,7,0,1.0
2405,400,10,1,1.0
2406,401,1,1,1.0
2407,401,2,0,1.0
2408,401,3,0,1.0
2409,401,4,1,1.0
2410,401,5,2,2.0
2411,401,8,0,2.0
2412,402,0,0,0.0
2413,402,2,2,2.0
2414,402,3,1,2.0
2415,402,4,2,2.0
2416,402,7,1,2.0
2417,402,10,2,2.0
2418,403,1,0,0.0
2419,403,2,0,0.0
2420,403,3,0,0.0
2421,403,4,0,0.0
2422,403,9,0,0.0
2423,403,10,0,0.0
2424,404,0,0,0.0
2425,404,2,0,0.0
2426,404,6,0,0.0
2427,404,7,1,1.0
2428,404,8,0,1.0
2429,404,9,0,1.0
2430,405,0,0,0.0
2431,405,2,0,0.0
2432,405,7,0,0.0
2433,405,8,0,0.0
2434,405,9,1,1.0
2435,405,10,0,1.0
2436,406,0,0,0.0
2437,406,1,0,0.0
2438,406,3,0,0.0
2439,406,4,0,0.0
2440,406,5,0,0.0
2441,406,8,0,0.0
2442,407,1,0,0.0
2443,407,5,0,0.0
2444,407,7,0,0.0
2445,407,8,0,0.0
2446,407,9,0,0.0
2447,407,10,0,0.0
2448,408,1,0,0.0
2449,408,4,0,0.0
2450,408,5,0,0.0
2451,408,6,0,0.0
2452,408,8,0,0.0
2453,408,9,0,0.0
2454,409,1,0,0.0
2455,409,4,0,0.0
2456,409,5,0,0.0
2457,409,8,0,0.0
2458,409,9,0,0.0
2459,409,10,0,0.0
2460,410,0,0,0.0
2461,410,1,1,1.0
2462,410,2,1,1.0
2463,410,3,1,1.0
2464,410,5,1,1.0
2465,410,7,1,1.0
2466,411,0,0,0.0
2467,411,2,0,0.0
2468,411,4,0,0.0
2469,411,5,0,0.0
2470,411,8,0,0.0
2471,411,10,0,0.0
2472,412,1,0,0.0
2473,412,3,0,0.0
2474,412,4,0,0.0
2475,412,5,0,0.0
2476,412,7,0,0.0
2477,412,8,0,0.0
2478,413,1,0,0.0
2479,413,2,0,0.0
2480,413,4,0,0.0
2481,413,7,0,0.0
2482,413,9,0,0.0
2483,413,10,0,0.0
2484,414,0,0,0.0
2485,414,3,0,0.0
2486,414,6,0,0.0
2487,414,8,0,0.0
2488,414,9,0,0.0
2489,414,10,0,0.0
2490,415,1,0,0.0
2491,415,2,0,0.0
2492,415,3,0,0.0
2493,415,4,1,1.0
2494,415,9,0,1.0
2495,415,10,0,1.0
2496,416,2,0,0.0
2497,416,3,0,0.0
2498,416,4,0,0.0
2499,416,5,0,0.0
2500,416,7,0,0.0
2501,416,10,0,0.0
2502,417,2,0,0.0
2503,417,3,0,0.0
2504,417,4,0,0.0
2505,417,6,0,0.0
2506,417,7,0,0.0
2507,417,10,0,0.0
2508,418,0,0,0.0
2509,418,1,0,0.0
2510,418,2,0,0.0
2511,418,5,0,0.0
2512,418,9,0,0.0
2513,418,10,0,0.0
2514,419,1,0,0.0
2515,419,3,0,0.0
2516,419,4,0,0.0
2517,419,5,0,0.0
2518,419,6,0,0.0
2519,419,8,0,0.0
2520,420,0,0,0.0
2521,420,1,0,0.0
2522,420,3,0,0.0
2523,420,6,0,0.0
2524,420,7,0,0.0
2525,420,9,0,0.0
2526,421,0,0,0.0
2527,421,1,0,0.0
2528,421,4,0,0.0
2529,421,5,0,0.0
2530,421,6,0,0.0
2531,421,9,0,0.0
2532,422,1,0,0.0
2533,422,5,0,0.0
2534,422,6,0,0.0
2535,422,7,0,0.0
2536,422,8,0,0.0
2537,422,9,0,0.0
2538,423,0,0,0.0
2539,423,2,0,0.0
2540,423,3,0,0.0
2541,423,7,0,0.0
2542,423,8,1,1.0
2543,423,10,1,1.0
2544,424,0,0,0.0
2545,424,3,0,0.0
2546,424,4,0,0.0
2547,424,6,0,0.0
2548,424,9,0,0.0
2549,424,10,0,0.0
2550,425,1,1,1.0
2551,425,2,1,1.0
2552,425,3,1,1.0
2553,425,4,0,1.0
2554,425,6,0,1.0
2555,425,9,0,1.0
2556,426,3,1,1.0
2557,426,5,1,1.0
2558,426,6,0,1.0
2559,426,8,0,1.0
2560,426,9,1,1.0
2561,426,10,0,1.0
2562,427,0,0,0.0
2563,427,1,0,0.0
2564,427,2,0,0.0
2565,427,5,0,0.0
2566,427,7,0,0.0
2567,427,9,0,0.0
2568,428,0,0,0.0
2569,428,4,0,0.0
2570,428,5,0,0.0
2571,428,6,0,0.0
2572,428,8,0,0.0
2573,428,9,0,0.0
2574,429,0,0,0.0
2575,429,2,0,0.0
2576,429,4,0,0.0
2577,429,6,0,0.0
2578,429,8,1,1.0
2579,429,9,0,1.0
2580,430,0,0,0.0
2581,430,1,0,0.0
2582,430,4,0,0.0
2583,430,7,0,0.0
2584,430,8,0,0.0
2585,430,9,0,0.0
2586,431,1,1,1.0
2587,431,2,1,1.0
2588,431,3,1,1.0
2589,431,4,1,1.0
2590,431,6,0,1.0
2591,431,7,1,1.0
2592,432,0,0,0.0
2593,432,1,0,0.0
2594,432,5,0,0.0
2595,432,7,0,0.0
2596,432,8,0,0.0
2597,432,10,0,0.0
2598,433,1,1,1.0
2599,433,4,1,1.0
2600,433,5,2,2.0
2601,433,6,1,2.0
2602,433,7,2,2.0
2603,433,9,2,2.0
2604,434,0,0,0.0
2605,434,6,1,1.0
2606,434,7,0,1.0
2607,434,8,1,1.0
2608,434,9,0,1.0
2609,434,10,1,1.0
2610,435,0,0,0.0
2611,435,3,0,0.0
2612,435,4,0,0.0
2613,435,5,0,0.0
2614,435,6,0,0.0
2615,435,9,1,1.0
2616,436,1,0,0.0
2617,436,2,0,0.0
2618,436,3,0,0.0
2619,436,7,0,0.0
2620,436,9,0,0.0
2621,436,10,0,0.0
2622,437,0,0,0.0
2623,437,2,0,0.0
2624,437,6,0,0.0
2625,437,7,0,0.0
2626,437,8,0,0.0
2627,437,9,0,0.0
2628,438,1,0,0.0
2629,438,3,0,0.0
2630,438,4,1,1.0
2631,438,7,1,1.0
2632,438,8,1,1.0
2633,438,9,0,1.0
2634,439,0,0,0.0
2635,439,4,0,0.0
2636,439,5,0,0.0
2637,439,7,0,0.0
2638,439,8,0,0.0
2639,439,9,1,1.0
2640,440,2,0,0.0
2641,440,4,0,0.0
2642,440,5,0,0.0
2643,440,8,0,0.0
2644,440,9,0,0.0
2645,440,10,0,0.0
2646,441,1,0,0.0
2647,441,3,1,1.0
2648,441,4,0,1.0
2649,441,5,1,1.0
2650,441,8,1,1.0
2651,441,9,0,1.0
2652,442,1,0,0.0
2653,442,3,0,0.0
2654,442,4,1,1.0
2655,442,6,1,1.0
2656,442,7,1,1.0
2657,442,9,1,1.0
2658,443,1,0,0.0
2659,443,2,0,0.0
2660,443,3,0,0.0
2661,443,6,0,0.0
2662,443,7,0,0.0
2663,443,8,0,0.0
2664,444,1,0,0.0
2665,444,2,0,0.0
2666,444,4,0,0.0
2667,444,6,0,0.0
2668,444,8,0,0.0
2669,444,10,0,0.0
2670,445,1,0,0.0
2671,445,2,0,0.0
2672,445,4,0,0.0
2673,445,7,0,0.0
2674,445,8,0,0.0
2675,445,10,0,0.0
2676,446,3,0,0.0
2677,446,4,0,0.0
2678,446,5,0,0.0
2679,446,6,0,0.0
2680,446,9,0,0.0
2681,446,10,0,0.0
2682,447,1,0,0.0
2683,447,2,0,0.0
2684,447,4,0,0.0
2685,447,5,0,0.0
2686,447,6,0,0.0
2687,447,9,0,0.0
2688,448,1,0,0.0
2689,448,2,0,0.0
2690,448,3,0,0.0
2691,448,4,0,0.0
2692,448,5,0,0.0
2693,448,9,0,0.0
2694,449,0,0,0.0
2695,449,1,0,0.0
2696,449,3,0,0.0
2697,449,4,0,0.0
2698,449,6,1,1.0
2699,449,10,0,1.0
2700,450,1,0,0.0
2701,450,3,0,0.0
2702,450,4,0,0.0
2703,450,5,0,0.0
2704,450,8,0,0.0
2705,450,9,0,0.0
2706,451,0,0,0.0
2707,451,2,1,1.0
2708,451,4,1,1.0
2709,451,5,1,1.0
2710,451,7,0,1.0
2711,451,8,0,1.0
2712,452,1,0,0.0
2713,452,3,1,1.0
2714,452,5,1,1.0
2715,452,6,0,1.0
2716,452,7,1,1.0
2717,452,10,2,2.0
2718,453,0,0,0.0
2719,453,1,0,0.0
2720,453,3,0,0.0
2721,453,4,0,0.0
2722,453,5,0,0.0
2723,453,8,0,0.0
2724,454,3,0,0.0
2725,454,4,0,0.0
2726,454,5,0,0.0
2727,454,6,0,0.0
2728,454,8,0,0.0
2729,454,10,0,0.0
2730,455,0,0,0.0
2731,455,1,0,0.0
2732,455,2,1,1.0
2733,455,6,1,1.0
2734,455,7,0,1.0
2735,455,8,1,1.0
2736,456,4,1,1.0
2737,456,5,0,1.0
2738,456,7,0,1.0
2739,456,8,0,1.0
2740,456,9,1,1.0
2741,456,10,0,1.0
2742,457,0,0,0.0
2743,457,5,0,0.0
2744,457,6,0,0.0
2745,457,7,0,0.0
2746,457,8,0,0.0
2747,457,10,0,0.0
2748,458,0,0,0.0
2749,458,3,0,0.0
2750,458,4,0,0.0
2751,458,6,0,0.0
2752,458,8,0,0.0
2753,458,9,0,0.0
2754,459,0,0,0.0
2755,459,1,0,0.0
2756,459,2,0,0.0
2757,459,5,0,0.0
2758,459,7,0,0.0
2759,459,9,0,0.0
2760,460,0,0,0.0
2761,460,1,0,0.0
2762,460,3,0,0.0
2763,460,4,0,0.0
2764,460,5,0,0.0
2765,460,10,0,0.0
2766,461,0,0,0.0
2767,461,1,0,0.0
2768,461,3,0,0.0
2769,461,5,0,0.0
2770,461,6,0,0.0
2771,461,9,0,0.0
2772,462,0,0,0.0
2773,462,2,0,0.0
2774,462,3,0,0.0
2775,462,6,0,0.0
2776,462,7,0,0.0
2777,462,10,0,0.0
2778,463,2,0,0.0
2779,463,3,0,0.0
2780,463,5,0,0.0
2781,463,6,0,0.0
2782,463,8,0,0.0
2783,463,10,0,0.0
2784,464,2,0,0.0
2785,464,4,1,1.0
2786,464,6,0,1.0
2787,464,8,0,1.0
2788,464,9,1,1.0
2789,464,10,0,1.0
2790,465,0,0,0.0
2791,465,1,0,0.0
2792,465,2,0,0.0
2793,465,6,0,0.0
2794,465,8,0,0.0
2795,465,9,0,0.0
2796,466,0,0,0.0
2797,466,1,0,0.0
2798,466,3,1,1.0
2799,466,5,0,1.0
2800,466,6,0,1.0
2801,466,9,1,1.0
2802,467,0,0,0.0
2803,467,1,0,0.0
2804,467,3,0,0.0
2805,467,4,0,0.0
2806,467,9,0,0.0
2807,467,10,0,0.0
2808,468,0,0,0.0
2809,468,1,0,0.0
2810,468,2,0,0.0
2811,468,3,0,0.0
2812,468,4,0,0.0
2813,468,10,0,0.0
2814,469,2,2,2.0
2815,469,3,1,2.0
2816,469,6,1,2.0
2817,469,8,0,2.0
2818,469,9,0,2.0
2819,469,10,0,2.0
2820,470,0,0,0.0
2821,470,1,0,0.0
2822,470,3,0,0.0
2823,470,4,0,0.0
2824,470,6,0,0.0
2825,470,9,0,0.0
2826,471,2,0,0.0
2827,471,4,0,0.0
2828,471,5,0,0.0
2829,471,6,0,0.0
2830,471,8,0,0.0
2831,471,9,0,0.0
2832,472,1,0,0.0
2833,472,4,1,1.0
2834,472,5,2,2.0
2835,472,6,1,2.0
2836,472,7,2,2.0
2837,472,8,1,2.0
2838,473,1,0,0.0
2839,473,2,0,0.0
2840,473,4,0,0.0
2841,473,5,0,0.0
2842,473,7,0,0.0
2843,473,10,0,0.0
2844,474,1,0,0.0
2845,474,2,0,0.0
2846,474,3,0,0.0
2847,474,5,0,0.0
2848,474,9,0,0.0
2849,474,10,0,0.0
2850,475,2,0,0.0
2851,475,4,0,0.0
2852,475,6,0,0.0
2853,475,7,0,0.0
2854,475,8,0,0.0
2855,475,10,0,0.0
2856,476,0,0,0.0
2857,476,4,0,0.0
2858,476,6,0,0.0
2859,476,7,0,0.0
2860,476,8,0,0.0
2861,476,9,0,0.0
2862,477,1,0,0.0
2863,477,3,0,0.0
2864,477,6,0,0.0
2865,477,7,0,0.0
2866,477,8,0,0.0
2867,477,9,0,0.0
2868,478,0,0,0.0
2869,478,1,0,0.0
2870,478,3,0,0.0
2871,478,5,0,0.0
2872,478,8,1,1.0
2873,478,10,1,1.0
2874,479,0,0,0.0
2875,479,4,0,0.0
2876,479,5,0,0.0
2877,479,6,1,1.0
2878,479,8,0,1.0
2879,479,9,0,1.0
2880,480,0,0,0.0
2881,480,3,0,0.0
2882,480,4,0,0.0
2883,480,5,1,1.0
2884,480,7,1,1.0
2885,480,8,0,1.0
2886,481,3,0,0.0
2887,481,4,1,1.0
2888,481,7,0,1.0
2889,481,8,0,1.0
2890,481,9,0,1.0
2891,481,10,0,1.0
2892,482,2,1,1.0
2893,482,3,0,1.0
2894,482,4,1,1.0
2895,482,5,1,1.0
2896,482,9,1,1.0
2897,482,10,1,1.0
2898,483,0,0,0.0
2899,483,1,1,1.0
2900,483,6,0,1.0
2901,483,7,1,1.0
2902,483,8,0,1.0
2903,483,9,1,1.0
2904,484,0,0,0.0
2905,484,1,0,0.0
2906,484,5,0,0.0
2907,484,6,0,0.0
2908,484,7,0,0.0
2909,484,10,0,0.0
2910,485,1,0,0.0
2911,485,3,0,0.0
2912,485,4,0,0.0
2913,485,6,0,0.0
2914,485,7,0,0.0
2915,485,10,0,0.0
2916,486,0,0,0.0
2917,486,2,0,0.0
2918,486,5,0,0.0
2919,486,6,0,0.0
2920,486,7,0,0.0
2921,486,10,0,0.0
2922,487,0,0,0.0
2923,487,3,0,0.0
2924,487,5,0,0.0
2925,487,6,0,0.0
2926,487,7,0,0.0
2927,487,8,0,0.0
2928,488,0,0,0.0
2929,488,1,1,1.0
2930,488,4,0,1.0
2931,488,6,0,1.0
2932,488,7,0,1.0
2933,488,9,0,1.0
2934,489,0,0,0.0
2935,489,1,1,1.0
2936,489,6,1,1.0
2937,489,7,1,1.0
2938,489,8,1,1.0
2939,489,10,1,1.0
2940,490,1,1,1.0
2941,490,2,0,1.0
2942,490,5,1,1.0
2943,490,7,1,1.0
2944,490,8,0,1.0
2945,490,10,0,1.0
2946,491,0,0,0.0
2947,491,3,0,0.0
2948,491,4,1,1.0
2949,491,6,1,1.0
2950,491,7,2,2.0
2951,491,9,2,2.0
2952,492,0,0,0.0
2953,492,1,0,0.0
2954,492,5,1,1.0
2955,492,6,1,1.0
2956,492,7,0,1.0
2957,492,8,1,1.0
2958,493,1,0,0.0
2959,493,3,0,0.0
2960,493,5,0,0.0
2961,493,7,0,0.0
2962,493,8,0,0.0
2963,493,10,0,0.0
2964,494,0,0,0.0
2965,494,1,0,0.0
2966,494,2,1,1.0
2967,494,3,2,2.0
2968,494,7,1,2.0
2969,494,10,2,2.0
2970,495,0,0,0.0
2971,495,1,0,0.0
2972,495,3,0,0.0
2973,495,6,0,0.0
2974,495,9,0,0.0
2975,495,10,0,0.0
2976,496,0,0,0.0
2977,496,2,0,0.0
2978,496,4,1,1.0
2979,496,5,1,1.0
2980,496,6,0,1.0
2981,496,8,0,1.0
2982,497,0,0,0.0
2983,497,4,0,0.0
2984,497,7,0,0.0
2985,497,8,0,0.0
2986,497,9,0,0.0
2987,497,10,0,0.0
2988,498,0,0,0.0
2989,498,3,0,0.0
2990,498,4,0,0.0
2991,498,5,0,0.0
2992,498,8,0,0.0
2993,498,10,0,0.0
2994,499,0,0,0.0
2995,499,1,0,0.0
2996,499,2,0,0.0
2997,499,3,0,0.0
2998,499,4,0,0.0
2999,499,5,0,0.0
3000,500,0,0,0.0
3001,500,3,2,2.0
3002,500,5,2,2.0
3003,500,7,0,2.0
3004,500,8,0,2.0
3005,500,9,0,2.0
3006,501,1,0,0.0
3007,501,3,2,2.0
3008,501,5,2,2.0
3009,501,6,1,2.0
3010,501,7,0,2.0
3011,501,10,1,2.0
3012,502,0,0,0.0
3013,502,2,1,1.0
3014,502,5,1,1.0
3015,502,6,1,1.0
3016,502,7,1,1.0
3017,502,8,0,1.0
3018,503,0,0,0.0
3019,503,6,0,0.0
3020,503,7,1,1.0
3021,503,8,0,1.0
3022,503,9,1,1.0
3023,503,10,0,1.0
3024,504,2,0,0.0
3025,504,3,0,0.0
3026,504,4,0,0.0
3027,504,6,0,0.0
3028,504,7,0,0.0
3029,504,8,0,0.0
3030,505,0,0,0.0
3031,505,3,0,0.0
3032,505,6,0,0.0
3033,505,8,0,0.0
3034,505,9,0,0.0
3035,505,10,1,1.0
3036,506,2,0,0.0
3037,506,4,1,1.0
3038,506,6,0,1.0
3039,506,8,0,1.0
3040,506,9,0,1.0
3041,506,10,0,1.0
3042,507,3,0,0.0
3043,507,4,0,0.0
3044,507,5,0,0.0
3045,507,6,1,1.0
3046,507,7,1,1.0
3047,507,10,1,1.0
3048,508,0,0,0.0
3049,508,1,0,0.0
3050,508,2,0,0.0
3051,508,4,0,0.0
3052,508,5,0,0.0
3053,508,9,0,0.0
3054,509,0,0,0.0
3055,509,2,0,0.0
3056,509,3,0,0.0
3057,509,4,0,0.0
3058,509,7,0,0.0
3059,509,8,1,1.0
3060,510,2,0,0.0
3061,510,3,0,0.0
3062,510,4,0,0.0
3063,510,5,0,0.0
3064,510,8,0,0.0
3065,510,10,0,0.0
3066,511,2,1,1.0
3067,511,4,1,1.0
3068,511,5,1,1.0
3069,511,6,1,1.0
3070,511,9,1,1.0
3071,511,10,1,1.0
3072,512,0,0,0.0
3073,512,1,0,0.0
3074,512,3,0,0.0
3075,512,6,0,0.0
3076,512,8,0,0.0
3077,512,10,0,0.0
3078,513,2,0,0.0
3079,513,5,0,0.0
3080,513,6,0,0.0
3081,513,7,0,0.0
3082,513,8,0,0.0
3083,513,10,0,0.0
3084,514,2,0,0.0
3085,514,4,0,0.0
3086,514,5,0,0.0
3087,514,6,0,0.0
3088,514,7,0,0.0
3089,514,10,0,0.0
3090,515,1,0,0.0
3091,515,3,0,0.0
3092,515,5,0,0.0
3093,515,6,0,0.0
3094,515,8,1,1.0
3095,515,9,1,1.0
3096,516,0,0,0.0
3097,516,1,0,0.0
3098,516,2,0,0.0
3099,516,4,0,0.0
3100,516,5,0,0.0
3101,516,7,0,0.0
3102,517,1,0,0.0
3103,517,4,0,0.0
3104,517,5,0,0.0
3105,517,6,0,0.0
3106,517,9,0,0.0
3107,517,10,0,0.0
3108,518,1,0,0.0
3109,518,2,0,0.0
3110,518,5,0,0.0
3111,518,6,0,0.0
3112,518,8,0,0.0
3113,518,9,0,0.0
3114,519,1,0,0.0
3115,519,2,1,1.0
3116,519,5,2,2.0
3117,519,7,2,2.0
3118,519,8,1,2.0
3119,519,9,2,2.0
3120,520,1,1,1.0
3121,520,2,0,1.0
3122,520,6,0,1.0
3123,520,7,1,1.0
3124,520,8,0,1.0
3125,520,9,1,1.0
3126,521,2,2,2.0
3127,521,4,2,2.0
3128,521,5,1,2.0
3129,521,6,2,2.0
3130,521,7,1,2.0
3131,521,8,2,2.0
3132,522,1,0,0.0
3133,522,3,0,0.0
3134,522,5,0,0.0
3135,522,6,0,0.0
3136,522,7,0,0.0
3137,522,8,0,0.0
3138,523,2,0,0.0
3139,523,3,0,0.0
3140,523,4,0,0.0
3141,523,5,0,0.0
3142,523,6,0,0.0
3143,523,7,0,0.0
3144,524,2,1,1.0
3145,524,3,1,1.0
3146,524,4,1,1.0
3147,524,5,1,1.0
3148,524,7,1,1.0
3149,524,9,1,1.0
3150,525,0,0,0.0
3151,525,1,0,0.0
3152,525,2,0,0.0
3153,525,5,1,1.0
3154,525,8,1,1.0
3155,525,9,1,1.0
3156,526,0,0,0.0
3157,526,2,0,0.0
3158,526,5,0,0.0
3159,526,6,0,0.0
3160,526,7,0,0.0
3161,526,8,0,0.0
3162,527,0,0,0.0
3163,527,2,0,0.0
3164,527,5,0,0.0
3165,527,8,0,0.0
3166,527,9,0,0.0
3167,527,10,0,0.0
3168,528,1,0,0.0
3169,528,2,0,0.0
3170,528,5,0,0.0
3171,528,7,0,0.0
3172,528,8,0,0.0
3173,528,10,0,0.0
3174,529,2,0,0.0
3175,529,3,1,1.0
3176,529,5,0,1.0
3177,529,6,0,1.0
3178,529,7,0,1.0
3179,529,9,0,1.0
3180,530,2,0,0.0
3181,530,3,1,1.0
3182,530,5,1,1.0
3183,530,6,2,2.0
3184,530,7,1,2.0
3185,530,8,0,2.0
3186,531,0,0,0.0
3187,531,1,0,0.0
3188,531,2,1,1.0
3189,531,3,1,1.0
3190,531,5,1,1.0
3191,531,8,1,1.0
3192,532,0,0,0.0
3193,532,1,0,0.0
3194,532,4,0,0.0
3195,532,7,0,0.0
3196,532,8,0,0.0
3197,532,9,0,0.0
3198,533,0,0,0.0
3199,533,2,0,0.0
3200,533,3,0,0.0
3201,533,6,0,0.0
3202,533,7,0,0.0
3203,533,9,0,0.0
3204,534,1,0,0.0
3205,534,2,1,1.0
3206,534,3,1,1.0
3207,534,6,0,1.0
3208,534,9,0,1.0
3209,534,10,0,1.0
3210,535,0,0,0.0
3211,535,2,0,0.0
3212,535,3,0,0.0
3213,535,4,0,0.0
3214,535,5,0,0.0
3215,535,9,0,0.0
3216,536,0,0,0.0
3217,536,3,0,0.0
3218,536,5,0,0.0
3219,536,6,0,0.0
3220,536,7,0,0.0
3221,536,9,1,1.0
3222,537,0,0,0.0
3223,537,2,0,0.0
3224,537,5,0,0.0
3225,537,8,0,0.0
3226,537,9,0,0.0
3227,537,10,0,0.0
3228,538,1,0,0.0
3229,538,3,0,0.0
3230,538,6,0,0.0
3231,538,7,0,0.0
3232,538,9,0,0.0
3233,538,10,0,0.0
3234,539,0,0,0.0
3235,539,1,1,1.0
3236,539,4,0,1.0
3237,539,6,1,1.0
3238,539,7,0,1.0
3239,539,9,0,1.0
3240,540,0,0,0.0
3241,540,2,1,1.0
3242,540,3,0,1.0
3243,540,8,1,1.0
3244,540,9,0,1.0
3245,540,10,0,1.0
3246,541,0,0,0.0
3247,541,1,0,0.0
3248,541,2,0,0.0
3249,541,3,0,0.0
3250,541,7,0,0.0
3251,541,8,0,0.0
3252,542,1,0,0.0
3253,542,4,0,0.0
3254,542,5,0,0.0
3255,542,6,0,0.0
3256,542,7,0,0.0
3257,542,8,0,0.0
3258,543,0,0,0.0
3259,543,2,0,0.0
3260,543,3,0,0.0
3261,543,5,0,0.0
3262,543,7,0,0.0
3263,543,10,0,0.0
3264,544,0,0,0.0
3265,544,1,0,0.0
3266,544,2,0,0.0
3267,544,6,0,0.0
3268,544,7,0,0.0
3269,544,10,0,0.0
3270,545,0,0,0.0
3271,545,1,0,0.0
3272,545,4,0,0.0
3273,545,5,0,0.0
3274,545,6,0,0.0
3275,545,8,0,0.0
3276,546,0,0,0.0
3277,546,3,0,0.0
3278,546,4,0,0.0
3279,546,5,0,0.0
3280,546,7,0,0.0
3281,546,8,0,0.0
3282,547,1,0,0.0
3283,547,3,0,0.0
3284,547,5,0,0.0
3285,547,6,1,1.0
3286,547,9,0,1.0
3287,547,10,0,1.0
3288,548,1,0,0.0
3289,548,2,0,0.0
3290,548,3,0,0.0
3291,548,6,0,0.0
3292,548,9,0,0.0
3293,548,10,0,0.0
3294,549,0,0,0.0
3295,549,1,0,0.0
3296,549,2,1,1.0
3297,549,4,1,1.0
3298,549,6,1,1.0
3299,549,9,1,1.0
3300,550,1,0,0.0
3301,550,2,0,0.0
3302,550,5,0,0.0
3303,550,7,0,0.0
3304,550,8,0,0.0
3305,550,9,0,0.0
3306,551,1,1,1.0
3307,551,3,2,2.0
3308,551,4,1,2.0
3309,551,5,2,2.0
3310,551,6,1,2.0
3311,551,7,2,2.0
3312,552,0,0,0.0
3313,552,2,0,0.0
3314,552,3,0,0.0
3315,552,6,0,0.0
3316,552,7,0,0.0
3317,552,10,0,0.0
3318,553,0,0,0.0
3319,553,1,1,1.0
3320,553,2,0,1.0
3321,553,5,0,1.0
3322,553,7,0,1.0
3323,553,10,1,1.0
3324,554,3,1,1.0
3325,554,5,0,1.0
3326,554,7,0,1.0
3327,554,8,0,1.0
3328,554,9,1,1.0
3329,554,10,0,1.0
3330,555,0,0,0.0
3331,555,1,1,1.0
3332,555,3,0,1.0
3333,555,4,0,1.0
3334,555,7,0,1.0
3335,555,8,0,1.0
3336,556,0,0,0.0
3337,556,2,0,0.0
3338,556,3,0,0.0
3339,556,6,0,0.0
3340,556,7,0,0.0
3341,556,10,0,0.0
3342,557,0,0,0.0
3343,557,3,1,1.0
3344,557,6,1,1.0
3345,557,7,1,1.0
3346,557,8,1,1.0
3347,557,9,1,1.0
3348,558,0,0,0.0
3349,558,1,0,0.0
3350,558,4,0,0.0
3351,558,6,0,0.0
3352,558,7,0,0.0
3353,558,8,0,0.0
3354,559,0,0,0.0
3355,559,2,1,1.0
3356,559,3,0,1.0
3357,559,4,1,1.0
3358,559,6,1,1.0
3359,559,8,1,1.0
3360,560,0,0,0.0
3361,560,3,1,1.0
3362,560,5,0,1.0
3363,560,6,1,1.0
3364,560,7,1,1.0
3365,560,10,1,1.0
3366,561,0,0,0.0
3367,561,3,0,0.0
3368,561,4,0,0.0
3369,561,6,0,0.0
3370,561,8,0,0.0
3371,561,9,0,0.0
3372,562,0,0,0.0
3373,562,3,0,0.0
3374,562,5,0,0.0
3375,562,6,0,0.0
3376,562,7,0,0.0
3377,562,9,0,0.0
3378,563,0,0,0.0
3379,563,1,0,0.0
3380,563,2,1,1.0
3381,563,5,0,1.0
3382,563,7,0,1.0
3383,563,9,0,1.0
3384,564,0,0,0.0
3385,564,3,1,1.0
3386,564,4,0,1.0
3387,564,6,0,1.0
3388,564,7,1,1.0
3389,564,10,0,1.0
3390,565,0,0,0.0
3391,565,1,1,1.0
3392,565,2,1,1.0
3393,565,3,1,1.0
3394,565,6,1,1.0
3395,565,8,1,1.0
3396,566,4,1,1.0
3397,566,5,0,1.0
3398,566,6,1,1.0
3399,566,7,1,1.0
3400,566,9,0,1.0
3401,566,10,1,1.0
3402,567,0,0,0.0
3403,567,1,0,0.0
3404,567,2,0,0.0
3405,567,5,0,0.0
3406,567,9,1,1.0
3407,567,10,1,1.0
3408,568,2,2,2.0
3409,568,3,1,2.0
3410,568,4,2,2.0
3411,568,5,1,2.0
3412,568,6,2,2.0
3413,568,8,2,2.0
3414,569,1,0,0.0
3415,569,3,1,1.0
3416,569,5,1,1.0
3417,569,6,0,1.0
3418,569,8,1,1.0
3419,569,9,0,1.0
3420,570,0,0,0.0
3421,570,2,0,0.0
3422,570,3,1,1.0
3423,570,4,2,2.0
3424,570,5,1,2.0
3425,570,8,0,2.0
3426,571,0,0,0.0
3427,571,1,0,0.0
3428,571,4,0,0.0
3429,571,5,0,0.0
3430,571,6,0,0.0
3431,571,9,0,0.0
3432,572,0,0,0.0
3433,572,1,0,0.0
3434,572,2,0,0.0
3435,572,7,0,0.0
3436,572,8,0,0.0
3437,572,9,0,0.0
3438,573,0,0,0.0
3439,573,1,0,0.0
3440,573,2,0,0.0
3441,573,7,0,0.0
3442,573,8,0,0.0
3443,573,10,0,0.0
3444,574,0,0,0.0
3445,574,2,0,0.0
3446,574,4,1,1.0
3447,574,5,1,1.0
3448,574,7,1,1.0
3449,574,8,1,1.0
3450,575,3,0,0.0
3451,575,4,0,0.0
3452,575,5,0,0.0
3453,575,6,0,0.0
3454,575,9,0,0.0
3455,575,10,0,0.0
3456,576,1,0,0.0
3457,576,2,0,0.0
3458,576,3,0,0.0
3459,576,6,0,0.0
3460,576,8,0,0.0
3461,576,10,0,0.0
3462,577,2,1,1.0
3463,577,3,1,1.0
3464,577,4,2,2.0
3465,577,5,2,2.0
3466,577,6,1,2.0
3467,577,7,1,2.0
3468,578,2,1,1.0
3469,578,3,1,1.0
3470,578,5,1,1.0
3471,578,7,1,1.0
3472,578,8,0,1.0
3473,578,10,1,1.0
3474,579,0,0,0.0
3475,579,3,1,1.0
3476,579,4,0,1.0
3477,579,6,0,1.0
3478,579,8,0,1.0
3479,579,9,1,1.0
3480,580,2,0,0.0
3481,580,4,0,0.0
3482,580,7,0,0.0
3483,580,8,0,0.0
3484,580,9,0,0.0
3485,580,10,0,0.0
3486,581,0,0,0.0
3487,581,1,0,0.0
3488,581,3,1,1.0
3489,581,4,0,1.0
3490,581,6,1,1.0
3491,581,7,0,1.0
3492,582,0,0,0.0
3493,582,1,0,0.0
3494,582,2,0,0.0
3495,582,8,0,0.0
3496,582,9,0,0.0
3497,582,10,0,0.0
3498,583,0,0,0.0
3499,583,1,1,1.0
3500,583,2,0,1.0
3501,583,3,1,1.0
3502,583,4,0,1.0
3503,583,9,0,1.0
3504,584,0,0,0.0
3505,584,1,0,0.0
3506,584,2,1,1.0
3507,584,7,1,1.0
3508,584,8,0,1.0
3509,584,9,0,1.0
3510,585,1,0,0.0
3511,585,2,0,0.0
3512,585,3,0,0.0
3513,585,4,0,0.0
3514,585,5,0,0.0
3515,585,9,0,0.0
3516,586,0,0,0.0
3517,586,1,0,0.0
3518,586,2,0,0.0
3519,586,3,0,0.0
3520,586,7,0,0.0
3521,586,9,0,0.0
3522,587,1,0,0.0
3523,587,2,0,0.0
3524,587,3,0,0.0
3525,587,4,0,0.0
3526,587,8,0,0.0
3527,587,10,0,0.0
3528,588,0,0,0.0
3529,588,2,0,0.0
3530,588,5,0,0.0
3531,588,8,0,0.0
3532,588,9,0,0.0
3533,588,10,0,0.0
3534,589,1,0,0.0
3535,589,5,0,0.0
3536,589,6,0,0.0
3537,589,8,0,0.0
3538,589,9,0,0.0
3539,589,10,0,0.0
3540,590,0,0,0.0
3541,590,2,1,1.0
3542,590,4,0,1.0
3543,590,5,0,1.0
3544,590,7,0,1.0
3545,590,8,1,1.0
3546,591,1,0,0.0
3547,591,2,0,0.0
3548,591,4,0,0.0
3549,591,6,0,0.0
3550,591,8,0,0.0
3551,591,10,0,0.0
3552,592,1,0,0.0
3553,592,4,0,0.0
3554,592,5,0,0.0
3555,592,7,0,0.0
3556,592,8,0,0.0
3557,592,10,0,0.0
3558,593,0,0,0.0
3559,593,2,0,0.0
3560,593,5,0,0.0
3561,593,8,0,0.0
3562,593,9,0,0.0
3563,593,10,0,0.0
3564,594,3,0,0.0
3565,594,4,0,0.0
3566,594,7,0,0.0
3567,594,8,0,0.0
3568,594,9,0,0.0
3569,594,10,0,0.0
3570,595,1,0,0.0
3571,595,3,0,0.0
3572,595,4,0,0.0
3573,595,6,1,1.0
3574,595,7,1,1.0
3575,595,10,1,1.0
3576,596,2,0,0.0
3577,596,4,0,0.0
3578,596,6,0,0.0
3579,596,7,0,0.0
3580,596,9,0,0.0
3581,596,10,0,0.0
3582,597,3,0,0.0
3583,597,4,0,0.0
3584,597,5,0,0.0
3585,597,6,0,0.0
3586,597,8,0,0.0
3587,597,9,0,0.0
3588,598,2,0,0.0
3589,598,3,0,0.0
3590,598,7,0,0.0
3591,598,8,0,0.0
3592,598,9,0,0.0
3593,598,10,0,0.0
3594,599,0,0,0.0
3595,599,1,0,0.0
3596,599,3,0,0.0
3597,599,4,0,0.0
3598,599,8,0,0.0
3599,599,10,0,0.0
3600,600,2,0,0.0
3601,600,3,0,0.0
3602,600,4,1,1.0
3603,600,6,0,1.0
3604,600,8,1,1.0
3605,600,9,0,1.0
3606,601,0,0,0.0
3607,601,4,0,0.0
3608,601,5,0,0.0
3609,601,6,1,1.0
3610,601,7,0,1.0
3611,601,8,0,1.0
3612,602,0,0,0.0
3613,602,1,0,0.0
3614,602,4,0,0.0
3615,602,5,0,0.0
3616,602,6,0,0.0
3617,602,9,0,0.0
3618,603,1,0,0.0
3619,603,3,0,0.0
3620,603,4,0,0.0
3621,603,7,0,0.0
3622,603,8,0,0.0
3623,603,10,0,0.0
3624,604,0,0,0.0
3625,604,1,1,1.0
3626,604,4,0,1.0
3627,604,8,0,1.0
3628,604,9,1,1.0
3629,604,10,0,1.0
3630,605,0,0,0.0
3631,605,1,0,0.0
3632,605,5,0,0.0
3633,605,6,0,0.0
3634,605,8,0,0.0
3635,605,9,0,0.0
3636,606,0,0,0.0
3637,606,3,0,0.0
3638,606,5,0,0.0
3639,606,6,0,0.0
3640,606,8,0,0.0
3641,606,10,0,0.0
3642,607,1,0,0.0
3643,607,2,0,0.0
3644,607,4,0,0.0
3645,607,6,0,0.0
3646,607,7,0,0.0
3647,607,10,0,0.0
3648,608,1,1,1.0
3649,608,2,0,1.0
3650,608,4,0,1.0
3651,608,6,0,1.0
3652,608,8,0,1.0
3653,608,10,0,1.0
3654,609,1,0,0.0
3655,609,2,0,0.0
3656,609,7,0,0.0
3657,609,8,0,0.0
3658,609,9,0,0.0
3659,609,10,0,0.0
3660,610,0,0,0.0
3661,610,3,0,0.0
3662,610,4,0,0.0
3663,610,5,0,0.0
3664,610,7,0,0.0
3665,610,8,0,0.0
3666,611,0,0,0.0
3667,611,1,1,1.0
3668,611,2,0,1.0
3669,611,7,1,1.0
3670,611,8,2,2.0
3671,611,10,0,2.0
3672,612,0,0,0.0
3673,612,1,0,0.0
3674,612,2,0,0.0
3675,612,7,0,0.0
3676,612,8,0,0.0
3677,612,9,0,0.0
3678,613,0,0,0.0
3679,613,2,2,2.0
3680,613,4,2,2.0
3681,613,6,2,2.0
3682,613,8,0,2.0
3683,613,10,0,2.0
3684,614,0,0,0.0
3685,614,6,0,0.0
3686,614,7,0,0.0
3687,614,8,0,0.0
3688,614,9,0,0.0
3689,614,10,0,0.0
3690,615,0,0,0.0
3691,615,2,0,0.0
3692,615,5,0,0.0
3693,615,7,0,0.0
3694,615,8,0,0.0
3695,615,10,0,0.0
3696,616,1,0,0.0
3697,616,2,1,1.0
3698,616,3,0,1.0
3699,616,5,0,1.0
3700,616,7,2,2.0
3701,616,10,1,2.0
3702,617,0,0,0.0
3703,617,1,0,0.0
3704,617,6,0,0.0
3705,617,7,0,0.0
3706,617,8,1,1.0
3707,617,9,1,1.0
3708,618,0,0,0.0
3709,618,3,1,1.0
3710,618,4,1,1.0
3711,618,5,0,1.0
3712,618,6,0,1.0
3713,618,9,1,1.0
3714,619,0,0,0.0
3715,619,1,0,0.0
3716,619,3,0,0.0
3717,619,4,0,0.0
3718,619,7,0,0.0
3719,619,9,0,0.0
3720,620,0,0,0.0
3721,620,1,0,0.0
3722,620,3,0,0.0
3723,620,7,0,0.0
3724,620,8,0,0.0
3725,620,9,0,0.0
3726,621,1,0,0.0
3727,621,2,0,0.0
3728,621,4,0,0.0
3729,621,5,0,0.0
3730,621,7,0,0.0
3731,621,9,0,0.0
3732,622,1,0,0.0
3733,622,4,0,0.0
3734,622,7,0,0.0
3735,622,8,0,0.0
3736,622,9,0,0.0
3737,622,10,0,0.0
3738,623,0,0,0.0
3739,623,2,0,0.0
3740,623,4,0,0.0
3741,623,5,0,0.0
3742,623,6,0,0.0
3743,623,8,0,0.0
3744,624,1,0,0.0
3745,624,4,0,0.0
3746,624,6,0,0.0
3747,624,7,0,0.0
3748,624,8,0,0.0
3749,624,9,0,0.0
3750,625,1,0,0.0
3751,625,4,0,0.0
3752,625,5,0,0.0
3753,625,6,0,0.0
3754,625,7,0,0.0
3755,625,10,0,0.0
3756,626,1,1,1.0
3757,626,2,0,1.0
3758,626,3,0,1.0
3759,626,4,1,1.0
3760,626,7,1,1.0
3761,626,10,1,1.0
3762,627,2,0,0.0
3763,627,3,0,0.0
3764,627,7,0,0.0
3765,627,8,0,0.0
3766,627,9,0,0.0
3767,627,10,0,0.0
3768,628,0,0,0.0
3769,628,2,1,1.0
3770,628,4,1,1.0
3771,628,6,1,1.0
3772,628,9,0,1.0
3773,628,10,1,1.0
3774,629,1,0,0.0
3775,629,2,0,0.0
3776,629,3,0,0.0
3777,629,6,0,0.0
3778,629,7,1,1.0
3779,629,8,0,1.0
3780,630,1,0,0.0
3781,630,2,0,0.0
3782,630,5,0,0.0
3783,630,6,0,0.0
3784,630,7,0,0.0
3785,630,9,0,0.0
3786,631,0,0,0.0
3787,631,1,0,0.0
3788,631,3,0,0.0
3789,631,6,0,0.0
3790,631,7,0,0.0
3791,631,10,0,0.0
3792,632,0,0,0.0
3793,632,2,0,0.0
3794,632,3,0,0.0
3795,632,4,0,0.0
3796,632,7,0,0.0
3797,632,8,0,0.0
3798,633,0,0,0.0
3799,633,2,1,1.0
3800,633,3,1,1.0
3801,633,5,0,1.0
3802,633,6,0,1.0
3803,633,10,1,1.0
3804,634,0,0,0.0
3805,634,2,0,0.0
3806,634,6,0,0.0
3807,634,8,0,0.0
3808,634,9,0,0.0
3809,634,10,0,0.0
3810,635,0,0,0.0
3811,635,1,1,1.0
3812,635,3,1,1.0
3813,635,7,0,1.0
3814,635,8,1,1.0
3815,635,9,0,1.0
3816,636,0,0,0.0
3817,636,1,1,1.0
3818,636,3,1,1.0
3819,636,5,1,1.0
3820,636,8,2,2.0
3821,636,10,2,2.0
3822,637,0,0,0.0
3823,637,3,0,0.0
3824,637,5,0,0.0
3825,637,8,0,0.0
3826,637,9,0,0.0
3827,637,10,0,0.0
3828,638,0,0,0.0
3829,638,3,0,0.0
3830,638,4,0,0.0
3831,638,7,0,0.0
3832,638,9,0,0.0
3833,638,10,0,0.0
3834,639,0,0,0.0
3835,639,2,1,1.0
3836,639,3,1,1.0
3837,639,4,0,1.0
3838,639,6,0,1.0
3839,639,10,0,1.0
3840,640,1,1,1.0
3841,640,2,0,1.0
3842,640,4,0,1.0
3843,640,5,1,1.0
3844,640,6,0,1.0
3845,640,8,0,1.0
3846,641,0,0,0.0
3847,641,3,0,0.0
3848,641,4,0,0.0
3849,641,5,0,0.0
3850,641,8,0,0.0
3851,641,9,0,0.0
3852,642,1,0,0.0
3853,642,2,0,0.0
3854,642,5,0,0.0
3855,642,6,0,0.0
3856,642,7,0,0.0
3857,642,8,0,0.0
3858,643,1,0,0.0
3859,643,2,0,0.0
3860,643,6,0,0.0
3861,643,7,0,0.0
3862,643,8,0,0.0
3863,643,10,0,0.0
3864,644,0,0,0.0
3865,644,1,1,1.0
3866,644,4,0,1.0
3867,644,5,1,1.0
3868,644,7,0,1.0
3869,644,10,0,1.0
3870,645,0,0,0.0
3871,645,3,0,0.0
3872,645,5,0,0.0
3873,645,6,0,0.0
3874,645,9,0,0.0
3875,645,10,0,0.0
3876,646,3,0,0.0
3877,646,6,0,0.0
3878,646,7,0,0.0
3879,646,8,0,0.0
3880,646,9,0,0.0
3881,646,10,0,0.0
3882,647,2,1,1.0
3883,647,3,0,1.0
3884,647,6,1,1.0
3885,647,7,1,1.0
3886,647,8,1,1.0
3887,647,9,1,1.0
3888,648,0,0,0.0
3889,648,2,0,0.0
3890,648,4,0,0.0
3891,648,5,0,0.0
3892,648,6,0,0.0
3893,648,7,0,0.0
3894,649,0,0,0.0
3895,649,2,0,0.0
3896,649,4,0,0.0
3897,649,5,0,0.0
3898,649,7,0,0.0
3899,649,9,0,0.0
3900,650,0,0,0.0
3901,650,1,0,0.0
3902,650,2,0,0.0
3903,650,3,0,0.0
3904,650,9,0,0.0
3905,650,10,0,0.0
3906,651,0,0,0.0
3907,651,2,0,0.0
3908,651,5,1,1.0
3909,651,6,1,1.0
3910,651,9,1,1.0
3911,651,10,0,1.0
3912,652,1,0,0.0
3913,652,3,0,0.0
3914,652,4,0,0.0
3915,652,7,0,0.0
3916,652,8,0,0.0
3917,652,10,0,0.0
3918,653,1,0,0.0
3919,653,2,0,0.0
3920,653,5,0,0.0
3921,653,6,0,0.0
3922,653,7,0,0.0
3923,653,10,0,0.0
3924,654,0,0,0.0
3925,654,1,0,0.0
3926,654,2,0,0.0
3927,654,3,0,0.0
3928,654,4,0,0.0
3929,654,9,0,0.0
3930,655,1,0,0.0
3931,655,3,0,0.0
3932,655,4,0,0.0
3933,655,5,0,0.0
3934,655,6,0,0.0
3935,655,9,0,0.0
3936,656,0,0,0.0
3937,656,1,0,0.0
3938,656,4,0,0.0
3939,656,7,0,0.0
3940,656,8,0,0.0
3941,656,9,0,0.0
3942,657,4,0,0.0
3943,657,5,0,0.0
3944,657,6,0,0.0
3945,657,7,0,0.0
3946,657,8,0,0.0
3947,657,9,0,0.0
3948,658,0,0,0.0
3949,658,2,0,0.0
3950,658,5,0,0.0
3951,658,7,0,0.0
3952,658,8,0,0.0
3953,658,9,0,0.0
3954,659,0,0,0.0
3955,659,1,1,1.0
3956,659,2,0,1.0
3957,659,5,0,1.0
3958,659,6,0,1.0
3959,659,10,0,1.0
3960,660,0,0,0.0
3961,660,1,0,0.0
3962,660,3,0,0.0
3963,660,5,1,1.0
3964,660,8,2,2.0
3965,660,10,2,2.0
3966,661,1,0,0.0
3967,661,2,0,0.0
3968,661,4,0,0.0
3969,661,5,0,0.0
3970,661,6,0,0.0
3971,661,8,0,0.0
3972,662,1,0,0.0
3973,662,3,0,0.0
3974,662,4,1,1.0
3975,662,5,0,1.0
3976,662,8,0,1.0
3977,662,10,0,1.0
3978,663,1,0,0.0
3979,663,2,0,0.0
3980,663,3,0,0.0
3981,663,4,0,0.0
3982,663,7,0,0.0
3983,663,10,0,0.0
3984,664,1,0,0.0
3985,664,3,0,0.0
3986,664,5,0,0.0
3987,664,6,0,0.0
3988,664,7,0,0.0
3989,664,9,0,0.0
3990,665,2,0,0.0
3991,665,3,0,0.0
3992,665,5,0,0.0
3993,665,6,0,0.0
3994,665,7,0,0.0
3995,665,8,0,0.0
3996,666,0,0,0.0
3997,666,2,0,0.0
3998,666,4,0,0.0
3999,666,6,0,0.0
4000,666,7,0,0.0
4001,666,9,0,0.0
4002,667,0,0,0.0
4003,667,2,0,0.0
4004,667,5,0,0.0
4005,667,7,0,0.0
4006,667,8,0,0.0
4007,667,9,0,0.0
4008,668,2,0,0.0
4009,668,3,0,0.0
4010,668,4,0,0.0
4011,668,5,0,0.0
4012,668,9,0,0.0
4013,668,10,0,0.0
4014,669,0,0,0.0
4015,669,3,0,0.0
4016,669,4,0,0.0
4017,669,5,0,0.0
4018,669,7,0,0.0
4019,669,10,0,0.0
4020,670,1,0,0.0
4021,670,3,0,0.0
4022,670,4,0,0.0
4023,670,7,0,0.0
4024,670,8,0,0.0
4025,670,9,0,0.0
4026,671,1,0,0.0
4027,671,2,0,0.0
4028,671,3,0,0.0
4029,671,4,0,0.0
4030,671,7,0,0.0
4031,671,8,0,0.0
4032,672,0,0,0.0
4033,672,2,0,0.0
4034,672,4,0,0.0
4035,672,5,0,0.0
4036,672,6,0,0.0
4037,672,7,0,0.0
4038,673,0,0,0.0
4039,673,4,0,0.0
4040,673,5,0,0.0
4041,673,6,0,0.0
4042,673,8,0,0.0
4043,673,10,0,0.0
4044,674,1,0,0.0
4045,674,2,0,0.0
4046,674,3,0,0.0
4047,674,7,0,0.0
4048,674,9,0,0.0
4049,674,10,0,0.0
4050,675,0,0,0.0
4051,675,2,0,0.0
4052,675,3,0,0.0
4053,675,4,0,0.0
4054,675,5,0,0.0
4055,675,6,0,0.0
4056,676,0,0,0.0
4057,676,1,0,0.0
4058,676,2,0,0.0
4059,676,4,0,0.0
4060,676,5,0,0.0
4061,676,7,0,0.0
4062,677,3,1,1.0
4063,677,4,1,1.0
4064,677,6,1,1.0
4065,677,8,0,1.0
4066,677,9,0,1.0
4067,677,10,0,1.0
4068,678,1,0,0.0
4069,678,2,0,0.0
4070,678,4,0,0.0
4071,678,5,0,0.0
4072,678,8,0,0.0
4073,678,9,0,0.0
4074,679,2,0,0.0
4075,679,3,0,0.0
4076,679,6,1,1.0
4077,679,7,1,1.0
4078,679,8,1,1.0
4079,679,10,1,1.0
4080,680,2,0,0.0
4081,680,3,0,0.0
4082,680,5,0,0.0
4083,680,6,0,0.0
4084,680,7,0,0.0
4085,680,9,0,0.0
4086,681,1,1,1.0
4087,681,3,1,1.0
4088,681,5,0,1.0
4089,681,7,0,1.0
4090,681,8,1,1.0
4091,681,9,0,1.0
4092,682,0,0,0.0
4093,682,1,0,0.0
4094,682,2,0,0.0
4095,682,4,0,0.0
4096,682,6,0,0.0
4097,682,8,1,1.0
4098,683,0,0,0.0
4099,683,2,0,0.0
4100,683,3,0,0.0
4101,683,6,0,0.0
4102,683,7,0,0.0
4103,683,9,2,2.0
4104,684,0,0,0.0
4105,684,1,1,1.0
4106,684,2,1,1.0
4107,684,3,1,1.0
4108,684,4,1,1.0
4109,684,5,1,1.0
4110,685,3,0,0.0
4111,685,5,1,1.0
4112,685,6,0,1.0
4113,685,7,1,1.0
4114,685,8,0,1.0
4115,685,10,0,1.0
4116,686,0,0,0.0
4117,686,1,1,1.0
4118,686,4,2,2.0
4119,686,8,2,2.0
4120,686,9,1,2.0
4121,686,10,2,2.0
4122,687,0,0,0.0
4123,687,2,0,0.0
4124,687,6,0,0.0
4125,687,7,1,1.0
4126,687,8,1,1.0
4127,687,10,0,1.0
4128,688,0,0,0.0
4129,688,5,0,0.0
4130,688,6,0,0.0
4131,688,7,0,0.0
4132,688,9,0,0.0
4133,688,10,0,0.0
4134,689,0,0,0.0
4135,689,2,0,0.0
4136,689,3,0,0.0
4137,689,4,0,0.0
4138,689,6,0,0.0
4139,689,9,0,0.0
4140,690,1,0,0.0
4141,690,3,0,0.0
4142,690,4,0,0.0
4143,690,5,0,0.0
4144,690,8,0,0.0
4145,690,10,0,0.0
4146,691,3,0,0.0
4147,691,4,0,0.0
4148,691,5,0,0.0
4149,691,6,0,0.0
4150,691,8,0,0.0
4151,691,9,0,0.0
4152,692,0,0,0.0
4153,692,4,0,0.0
4154,692,5,0,0.0
4155,692,7,0,0.0
4156,692,9,0,0.0
4157,692,10,0,0.0
4158,693,0,0,0.0
4159,693,2,0,0.0
4160,693,6,0,0.0
4161,693,8,0,0.0
4162,693,9,0,0.0
4163,693,10,0,0.0
4164,694,0,0,0.0
4165,694,3,1,1.0
4166,694,6,1,1.0
4167,694,8,1,1.0
4168,694,9,1,1.0
4169,694,10,1,1.0
4170,695,0,0,0.0
4171,695,1,0,0.0
4172,695,2,0,0.0
4173,695,4,0,0.0
4174,695,9,0,0.0
4175,695,10,0,0.0
4176,696,0,0,0.0
4177,696,2,0,0.0
4178,696,4,0,0.0
4179,696,7,0,0.0
4180,696,8,0,0.0
4181,696,10,0,0.0
4182,697,0,0,0.0
4183,697,1,0,0.0
4184,697,2,0,0.0
4185,697,5,0,0.0
4186,697,6,0,0.0
4187,697,10,0,0.0
4188,698,0,0,0.0
4189,698,3,0,0.0
4190,698,5,0,0.0
4191,698,6,0,0.0
4192,698,8,0,0.0
4193,698,10,0,0.0
4194,699,0,0,0.0
4195,699,1,0,0.0
4196,699,2,0,0.0
4197,699,5,0,0.0
4198,699,6,0,0.0
4199,699,7,0,0.0
4200,700,0,0,0.0
4201,700,2,0,0.0
4202,700,3,0,0.0
4203,700,4,0,0.0
4204,700,6,0,0.0
4205,700,7,0,0.0
4206,701,1,0,0.0
4207,701,2,0,0.0
4208,701,5,0,0.0
4209,701,6,0,0.0
4210,701,9,0,0.0
4211,701,10,0,0.0
4212,702,0,0,0.0
4213,702,2,0,0.0
4214,702,3,1,1.0
4215,702,4,0,1.0
4216,702,7,1,1.0
4217,702,9,1,1.0
4218,703,0,0,0.0
4219,703,1,1,1.0
4220,703,4,1,1.0
4221,703,5,0,1.0
4222,703,7,0,1.0
4223,703,9,0,1.0
4224,704,1,0,0.0
4225,704,3,0,0.0
4226,704,4,0,0.0
4227,704,6,0,0.0
4228,704,7,0,0.0
4229,704,10,0,0.0
4230,705,0,0,0.0
4231,705,5,0,0.0
4232,705,6,0,0.0
4233,705,7,0,0.0
4234,705,8,0,0.0
4235,705,9,0,0.0
4236,706,1,1,1.0
4237,706,4,0,1.0
4238,706,6,1,1.0
4239,706,7,0,1.0
4240,706,8,1,1.0
4241,706,10,0,1.0
4242,707,0,0,0.0
4243,707,2,0,0.0
4244,707,3,0,0.0
4245,707,6,0,0.0
4246,707,9,0,0.0
4247,707,10,0,0.0
4248,708,0,0,0.0
4249,708,2,0,0.0
4250,708,3,0,0.0
4251,708,6,0,0.0
4252,708,7,0,0.0
4253,708,9,0,0.0
4254,709,0,0,0.0
4255,709,1,0,0.0
4256,709,2,0,0.0
4257,709,4,0,0.0
4258,709,5,0,0.0
4259,709,10,0,0.0
4260,710,0,0,0.0
4261,710,4,0,0.0
4262,710,6,0,0.0
4263,710,7,0,0.0
4264,710,9,0,0.0
4265,710,10,0,0.0
4266,711,1,0,0.0
4267,711,4,0,0.0
4268,711,6,0,0.0
4269,711,7,0,0.0
4270,711,8,0,0.0
4271,711,9,0,0.0
4272,712,0,0,0.0
4273,712,1,0,0.0
4274,712,4,0,0.0
4275,712,5,0,0.0
4276,712,6,0,0.0
4277,712,10,0,0.0
4278,713,0,0,0.0
4279,713,3,0,0.0
4280,713,5,0,0.0
4281,713,7,0,0.0
4282,713,9,0,0.0
4283,713,10,0,0.0
4284,714,1,1,1.0
4285,714,2,1,1.0
4286,714,4,1,1.0
4287,714,5,0,1.0
4288,714,7,1,1.0
4289,714,8,0,1.0
4290,715,1,1,1.0
4291,715,2,0,1.0
4292,715,4,1,1.0
4293,715,6,0,1.0
4294,715,7,1,1.0
4295,715,9,1,1.0
4296,716,2,0,0.0
4297,716,3,0,0.0
4298,716,5,0,0.0
4299,716,6,0,0.0
4300,716,9,0,0.0
4301,716,10,0,0.0
4302,717,2,0,0.0
4303,717,4,0,0.0
4304,717,5,0,0.0
4305,717,6,0,0.0
4306,717,9,0,0.0
4307,717,10,0,0.0
4308,718,1,1,1.0
4309,718,3,1,1.0
4310,718,5,1,1.0
4311,718,6,0,1.0
4312,718,7,1,1.0
4313,718,8,0,1.0
4314,719,0,0,0.0
4315,719,2,0,0.0
4316,719,4,0,0.0
4317,719,5,0,0.0
4318,719,7,0,0.0
4319,719,8,0,0.0
4320,720,0,0,0.0
4321,720,2,1,1.0
4322,720,4,1,1.0
4323,720,7,2,2.0
4324,720,9,2,2.0
4325,720,10,1,2.0
4326,721,2,0,0.0
4327,721,3,0,0.0
4328,721,4,0,0.0
4329,721,8,0,0.0
4330,721,9,0,0.0
4331,721,10,0,0.0
4332,722,0,0,0.0
4333,722,3,0,0.0
4334,722,6,1,1.0
4335,722,7,1,1.0
4336,722,9,0,1.0
4337,722,10,0,1.0
4338,723,2,0,0.0
4339,723,3,0,0.0
4340,723,4,0,0.0
4341,723,6,0,0.0
4342,723,7,0,0.0
4343,723,9,0,0.0
4344,724,1,0,0.0
4345,724,2,0,0.0
4346,724,4,0,0.0
4347,724,7,0,0.0
4348,724,8,0,0.0
4349,724,10,0,0.0
4350,725,0,0,0.0
4351,725,2,0,0.0
4352,725,4,0,0.0
4353,725,5,0,0.0
4354,725,8,0,0.0
4355,725,10,0,0.0
4356,726,0,0,0.0
4357,726,2,1,1.0
4358,726,3,0,1.0
4359,726,6,0,1.0
4360,726,8,0,1.0
4361,726,9,0,1.0
4362,727,0,0,0.0
4363,727,2,1,1.0
4364,727,3,0,1.0
4365,727,5,1,1.0
4366,727,7,0,1.0
4367,727,10,1,1.0
4368,728,1,0,0.0
4369,728,4,0,0.0
4370,728,5,0,0.0
4371,728,6,0,0.0
4372,728,8,0,0.0
4373,728,9,0,0.0
4374,729,0,0,0.0
4375,729,3,1,1.0
4376,729,6,1,1.0
4377,729,7,1,1.0
4378,729,8,1,1.0
4379,729,9,2,2.0
4380,730,1,0,0.0
4381,730,3,0,0.0
4382,730,4,0,0.0
4383,730,5,0,0.0
4384,730,7,0,0.0
4385,730,9,0,0.0
4386,731,0,0,0.0
4387,731,1,1,1.0
4388,731,2,1,1.0
4389,731,3,0,1.0
4390,731,6,0,1.0
4391,731,8,1,1.0
4392,732,1,0,0.0
4393,732,3,0,0.0
4394,732,4,0,0.0
4395,732,6,0,0.0
4396,732,7,0,0.0
4397,732,9,0,0.0
4398,733,0,0,0.0
4399,733,4,0,0.0
4400,733,7,0,0.0
4401,733,8,0,0.0
4402,733,9,0,0.0
4403,733,10,0,0.0
4404,734,0,0,0.0
4405,734,2,0,0.0
4406,734,4,0,0.0
4407,734,6,0,0.0
4408,734,7,0,0.0
4409,734,8,0,0.0
4410,735,0,0,0.0
4411,735,4,0,0.0
4412,735,5,0,0.0
4413,735,6,0,0.0
4414,735,7,0,0.0
4415,735,8,0,0.0
4416,736,0,0,0.0
4417,736,1,0,0.0
4418,736,2,0,0.0
4419,736,4,0,0.0
4420,736,6,1,1.0
4421,736,9,1,1.0
4422,737,0,0,0.0
4423,737,2,0,0.0
4424,737,3,0,0.0
4425,737,6,0,0.0
4426,737,7,0,0.0
4427,737,10,1,1.0
4428,738,3,0,0.0
4429,738,4,0,0.0
4430,738,5,1,1.0
4431,738,7,0,1.0
4432,738,9,0,1.0
4433,738,10,0,1.0
4434,739,1,1,1.0
4435,739,3,1,1.0
4436,739,5,1,1.0
4437,739,6,2,2.0
4438,739,8,2,2.0
4439,739,10,2,2.0
4440,740,0,0,0.0
4441,740,3,0,0.0
4442,740,4,0,0.0
4443,740,6,0,0.0
4444,740,9,0,0.0
4445,740,10,0,0.0
4446,741,2,0,0.0
4447,741,4,0,0.0
4448,741,5,0,0.0
4449,741,6,0,0.0
4450,741,8,0,0.0
4451,741,10,0,0.0
4452,742,1,0,0.0
4453,742,2,0,0.0
4454,742,4,0,0.0
4455,742,6,0,0.0
4456,742,9,0,0.0
4457,742,10,0,0.0
4458,743,2,2,2.0
4459,743,4,2,2.0
4460,743,6,2,2.0
4461,743,8,0,2.0
4462,743,9,1,2.0
4463,743,10,2,2.0
4464,744,1,0,0.0
4465,744,3,0,0.0
4466,744,4,0,0.0
4467,744,5,0,0.0
4468,744,6,0,0.0
4469,744,10,0,0.0
4470,745,0,0,0.0
4471,745,1,0,0.0
4472,745,2,0,0.0
4473,745,4,0,0.0
4474,745,9,0,0.0
4475,745,10,0,0.0
4476,746,1,0,0.0
4477,746,2,0,0.0
4478,746,4,0,0.0
4479,746,5,0,0.0
4480,746,6,0,0.0
4481,746,7,0,0.0
4482,747,3,1,1.0
4483,747,4,0,1.0
4484,747,7,0,1.0
4485,747,8,1,1.0
4486,747,9,0,1.0
4487,747,10,1,1.0
4488,748,0,0,0.0
4489,748,3,0,0.0
4490,748,4,1,1.0
4491,748,7,1,1.0
4492,748,8,0,1.0
4493,748,9,0,1.0
4494,749,0,0,0.0
4495,749,3,1,1.0
4496,749,5,1,1.0
4497,749,7,1,1.0
4498,749,8,2,2.0
4499,749,9,1,2.0
4500,750,0,0,0.0
4501,750,1,0,0.0
4502,750,3,0,0.0
4503,750,7,0,0.0
4504,750,9,0,0.0
4505,750,10,0,0.0
4506,751,0,0,0.0
4507,751,2,0,0.0
4508,751,3,0,0.0
4509,751,7,0,0.0
4510,751,8,0,0.0
4511,751,9,0,0.0
4512,752,2,0,0.0
4513,752,5,0,0.0
4514,752,7,1,1.0
4515,752,8,1,1.0
4516,752,9,0,1.0
4517,752,10,0,1.0
4518,753,0,0,0.0
4519,753,1,0,0.0
4520,753,4,0,0.0
4521,753,7,0,0.0
4522,753,8,0,0.0
4523,753,10,0,0.0
4524,754,2,0,0.0
4525,754,3,0,0.0
4526,754,4,0,0.0
4527,754,6,0,0.0
4528,754,7,0,0.0
4529,754,10,0,0.0
4530,755,0,0,0.0
4531,755,1,0,0.0
4532,755,2,0,0.0
4533,755,6,0,0.0
4534,755,7,0,0.0
4535,755,9,0,0.0
4536,756,0,0,0.0
4537,756,1,0,0.0
4538,756,5,0,0.0
4539,756,7,0,0.0
4540,756,8,0,0.0
4541,756,10,0,0.0
4542,757,0,0,0.0
4543,757,3,1,1.0
4544,757,5,1,1.0
4545,757,6,0,1.0
4546,757,8,2,2.0
4547,757,10,2,2.0
4548,758,0,0,0.0
4549,758,1,0,0.0
4550,758,2,0,0.0
4551,758,3,0,0.0
4552,758,7,0,0.0
4553,758,9,1,1.0
4554,759,1,0,0.0
4555,759,2,0,0.0
4556,759,4,0,0.0
4557,759,7,0,0.0
4558,759,9,0,0.0
4559,759,10,0,0.0
4560,760,1,0,0.0
4561,760,4,0,0.0
4562,760,5,0,0.0
4563,760,6,0,0.0
4564,760,8,0,0.0
4565,760,10,0,0.0
4566,761,0,0,0.0
4567,761,1,1,1.0
4568,761,6,0,1.0
4569,761,7,1,1.0
4570,761,8,0,1.0
4571,761,10,2,2.0
4572,762,0,0,0.0
4573,762,1,0,0.0
4574,762,2,0,0.0
4575,762,4,0,0.0
4576,762,7,0,0.0
4577,762,8,1,1.0
4578,763,0,0,0.0
4579,763,1,0,0.0
4580,763,2,0,0.0
4581,763,7,0,0.0
4582,763,8,0,0.0
4583,763,9,0,0.0
4584,764,4,1,1.0
4585,764,5,0,1.0
4586,764,6,1,1.0
4587,764,8,0,1.0
4588,764,9,1,1.0
4589,764,10,0,1.0
4590,765,1,1,1.0
4591,765,2,0,1.0
4592,765,4,1,1.0
4593,765,6,1,1.0
4594,765,8,1,1.0
4595,765,10,1,1.0
4596,766,0,0,0.0
4597,766,4,0,0.0
4598,766,5,0,0.0
4599,766,6,0,0.0
4600,766,8,1,1.0
4601,766,10,1,1.0
4602,767,0,0,0.0
4603,767,3,1,1.0
4604,767,4,0,1.0
4605,767,6,2,2.0
4606,767,9,1,2.0
4607,767,10,2,2.0
4608,768,0,0,0.0
4609,768,5,0,0.0
4610,768,6,0,0.0
4611,768,7,0,0.0
4612,768,8,0,0.0
4613,768,9,0,0.0
4614,769,0,0,0.0
4615,769,1,1,1.0
4616,769,2,0,1.0
4617,769,3,0,1.0
4618,769,5,1,1.0
4619,769,7,1,1.0
4620,770,3,1,1.0
4621,770,4,1,1.0
4622,770,5,1,1.0
4623,770,6,1,1.0
4624,770,7,1,1.0
4625,770,9,1,1.0
4626,771,1,0,0.0
4627,771,2,0,0.0
4628,771,6,0,0.0
4629,771,8,0,0.0
4630,771,9,0,0.0
4631,771,10,0,0.0
4632,772,0,0,0.0
4633,772,4,0,0.0
4634,772,5,0,0.0
4635,772,7,0,0.0
4636,772,9,0,0.0
4637,772,10,0,0.0
4638,773,1,0,0.0
4639,773,3,0,0.0
4640,773,4,0,0.0
4641,773,5,0,0.0
4642,773,8,0,0.0
4643,773,10,0,0.0
4644,774,1,0,0.0
4645,774,3,0,0.0
4646,774,4,0,0.0
4647,774,5,0,0.0
4648,774,7,0,0.0
4649,774,10,0,0.0
4650,775,0,0,0.0
4651,775,2,1,1.0
4652,775,4,1,1.0
4653,775,5,1,1.0
4654,775,6,1,1.0
4655,775,10,1,1.0
4656,776,2,0,0.0
4657,776,5,1,1.0
4658,776,6,1,1.0
4659,776,7,1,1.0
4660,776,9,1,1.0
4661,776,10,0,1.0
4662,777,0,0,0.0
4663,777,2,0,0.0
4664,777,4,0,0.0
4665,777,5,0,0.0
4666,777,6,0,0.0
4667,777,9,0,0.0
4668,778,1,1,1.0
4669,778,2,0,1.0
4670,778,7,1,1.0
4671,778,8,0,1.0
4672,778,9,1,1.0
4673,778,10,0,1.0
4674,779,0,0,0.0
4675,779,4,0,0.0
4676,779,6,0,0.0
4677,779,8,0,0.0
4678,779,9,0,0.0
4679,779,10,0,0.0
4680,780,1,0,0.0
4681,780,4,0,0.0
4682,780,6,0,0.0
4683,780,7,0,0.0
4684,780,9,0,0.0
4685,780,10,0,0.0
4686,781,0,0,0.0
4687,781,1,1,1.0
4688,781,5,0,1.0
4689,781,6,0,1.0
4690,781,8,0,1.0
4691,781,9,0,1.0
4692,782,0,0,0.0
4693,782,1,0,0.0
4694,782,3,0,0.0
4695,782,4,0,0.0
4696,782,6,1,1.0
4697,782,7,0,1.0
4698,783,0,0,0.0
4699,783,3,0,0.0
4700,783,5,0,0.0
4701,783,6,0,0.0
4702,783,7,0,0.0
4703,783,10,0,0.0
4704,784,0,0,0.0
4705,784,1,0,0.0
4706,784,2,0,0.0
4707,784,4,0,0.0
4708,784,5,0,0.0
4709,784,9,0,0.0
4710,785,0,0,0.0
4711,785,1,1,1.0
4712,785,5,1,1.0
4713,785,6,2,2.0
4714,785,8,1,2.0
4715,785,9,1,2.0
4716,786,0,0,0.0
4717,786,1,1,1.0
4718,786,3,1,1.0
4719,786,4,0,1.0
4720,786,7,1,1.0
4721,786,8,1,1.0
4722,787,3,0,0.0
4723,787,5,0,0.0
4724,787,6,1,1.0
4725,787,7,0,1.0
4726,787,8,1,1.0
4727,787,9,0,1.0
4728,788,0,0,0.0
4729,788,1,0,0.0
4730,788,2,0,0.0
4731,788,4,0,0.0
4732,788,8,1,1.0
4733,788,10,1,1.0
4734,789,1,0,0.0
4735,789,2,0,0.0
4736,789,3,0,0.0
4737,789,6,0,0.0
4738,789,7,1,1.0
4739,789,10,0,1.0
4740,790,0,0,0.0
4741,790,2,0,0.0
4742,790,4,0,0.0
4743,790,7,0,0.0
4744,790,8,0,0.0
4745,790,10,0,0.0
4746,791,1,1,1.0
4747,791,2,0,1.0
4748,791,4,1,1.0
4749,791,7,1,1.0
4750,791,8,1,1.0
4751,791,10,1,1.0
4752,792,0,0,0.0
4753,792,3,0,0.0
4754,792,4,1,1.0
4755,792,5,0,1.0
4756,792,6,1,1.0
4757,792,7,0,1.0
4758,793,0,0,0.0
4759,793,2,2,2.0
4760,793,3,1,2.0
4761,793,7,1,2.0
4762,793,8,2,2.0
4763,793,10,2,2.0
4764,794,0,0,0.0
4765,794,1,1,1.0
4766,794,2,0,1.0
4767,794,3,1,1.0
4768,794,9,1,1.0
4769,794,10,0,1.0
4770,795,1,1,1.0
4771,795,2,0,1.0
4772,795,3,1,1.0
4773,795,5,1,1.0
4774,795,7,1,1.0
4775,795,8,0,1.0
4776,796,0,0,0.0
4777,796,1,0,0.0
4778,796,2,0,0.0
4779,796,4,0,0.0
4780,796,7,0,0.0
4781,796,10,0,0.0
4782,797,1,0,0.0
4783,797,3,0,0.0
4784,797,4,0,0.0
4785,797,5,0,0.0
4786,797,8,0,0.0
4787,797,9,0,0.0
4788,798,0,0,0.0
4789,798,1,0,0.0
4790,798,5,0,0.0
4791,798,8,0,0.0
4792,798,9,0,0.0
4793,798,10,0,0.0
4794,799,1,1,1.0
4795,799,2,0,1.0
4796,799,5,0,1.0
4797,799,7,0,1.0
4798,799,8,0,1.0
4799,799,10,0,1.0
4800,800,0,0,0.0
4801,800,2,0,0.0
4802,800,3,0,0.0
4803,800,4,0,0.0
4804,800,5,0,0.0
4805,800,8,0,0.0
4806,801,0,0,0.0
4807,801,2,0,0.0
4808,801,5,0,0.0
4809,801,6,0,0.0
4810,801,7,0,0.0
4811,801,8,0,0.0
4812,802,0,0,0.0
4813,802,2,0,0.0
4814,802,5,1,1.0
4815,802,6,0,1.0
4816,802,8,0,1.0
4817,802,10,0,1.0
4818,803,3,0,0.0
4819,803,4,0,0.0
4820,803,7,0,0.0
4821,803,8,0,0.0
4822,803,9,0,0.0
4823,803,10,0,0.0
4824,804,0,0,0.0
4825,804,3,0,0.0
4826,804,5,0,0.0
4827,804,7,0,0.0
4828,804,8,0,0.0
4829,804,9,0,0.0
4830,805,0,0,0.0
4831,805,1,0,0.0
4832,805,2,0,0.0
4833,805,6,0,0.0
4834,805,9,0,0.0
4835,805,10,0,0.0
4836,806,0,0,0.0
4837,806,4,0,0.0
4838,806,6,0,0.0
4839,806,7,0,0.0
4840,806,9,0,0.0
4841,806,10,0,0.0
4842,807,1,0,0.0
4843,807,3,0,0.0
4844,807,4,0,0.0
4845,807,5,0,0.0
4846,807,6,0,0.0
4847,807,10,0,0.0
4848,808,0,0,0.0
4849,808,2,0,0.0
4850,808,3,0,0.0
4851,808,4,0,0.0
4852,808,6,0,0.0
4853,808,7,0,0.0
4854,809,1,1,1.0
4855,809,3,0,1.0
4856,809,4,1,1.0
4857,809,5,0,1.0
4858,809,6,1,1.0
4859,809,7,0,1.0
4860,810,3,0,0.0
4861,810,4,0,0.0
4862,810,6,0,0.0
4863,810,7,0,0.0
4864,810,8,0,0.0
4865,810,10,0,0.0
4866,811,0,0,0.0
4867,811,3,0,0.0
4868,811,5,0,0.0
4869,811,7,0,0.0
4870,811,9,0,0.0
4871,811,10,0,0.0
4872,812,1,0,0.0
4873,812,3,0,0.0
4874,812,4,0,0.0
4875,812,5,0,0.0
4876,812,6,0,0.0
4877,812,9,1,1.0
4878,813,0,0,0.0
4879,813,1,0,0.0
4880,813,2,0,0.0
4881,813,3,0,0.0
4882,813,5,0,0.0
4883,813,7,0,0.0
4884,814,0,0,0.0
4885,814,1,0,0.0
4886,814,2,0,0.0
4887,814,7,1,1.0
4888,814,8,1,1.0
4889,814,10,1,1.0
4890,815,1,0,0.0
4891,815,4,0,0.0
4892,815,5,0,0.0
4893,815,6,0,0.0
4894,815,7,0,0.0
4895,815,10,0,0.0
4896,816,1,0,0.0
4897,816,2,0,0.0
4898,816,3,0,0.0
4899,816,5,0,0.0
4900,816,8,0,0.0
4901,816,10,0,0.0
4902,817,0,0,0.0
4903,817,2,0,0.0
4904,817,3,0,0.0
4905,817,6,0,0.0
4906,817,8,0,0.0
4907,817,9,0,0.0
4908,818,1,1,1.0
4909,818,3,0,1.0
4910,818,4,0,1.0
4911,818,6,0,1.0
4912,818,9,0,1.0
4913,818,10,0,1.0
4914,819,0,0,0.0
4915,819,1,1,1.0
4916,819,2,1,1.0
4917,819,4,1,1.0
4918,819,5,1,1.0
4919,819,7,1,1.0
4920,820,0,0,0.0
4921,820,1,0,0.0
4922,820,2,0,0.0
4923,820,4,0,0.0
4924,820,6,0,0.0
4925,820,10,0,0.0
4926,821,1,0,0.0
4927,821,6,0,0.0
4928,821,7,0,0.0
4929,821,8,1,1.0
4930,821,9,0,1.0
4931,821,10,1,1.0
4932,822,1,0,0.0
4933,822,2,0,0.0
4934,822,4,0,0.0
4935,822,8,0,0.0
4936,822,9,0,0.0
4937,822,10,0,0.0
4938,823,0,0,0.0
4939,823,1,1,1.0
4940,823,6,1,1.0
4941,823,7,0,1.0
4942,823,8,0,1.0
4943,823,9,0,1.0
4944,824,0,0,0.0
4945,824,1,0,0.0
4946,824,2,0,0.0
4947,824,4,0,0.0
4948,824,5,0,0.0
4949,824,7,0,0.0
4950,825,0,0,0.0
4951,825,2,0,0.0
4952,825,3,0,0.0
4953,825,5,0,0.0
4954,825,9,0,0.0
4955,825,10,0,0.0
4956,826,1,0,0.0
4957,826,4,0,0.0
4958,826,6,0,0.0
4959,826,8,0,0.0
4960,826,9,0,0.0
4961,826,10,0,0.0
4962,827,0,0,0.0
4963,827,1,0,0.0
4964,827,2,0,0.0
4965,827,5,0,0.0
4966,827,9,0,0.0
4967,827,10,0,0.0
4968,828,0,0,0.0
4969,828,1,0,0.0
4970,828,2,0,0.0
4971,828,3,0,0.0
4972,828,4,0,0.0
4973,828,10,0,0.0
4974,829,0,0,0.0
4975,829,3,0,0.0
4976,829,4,1,1.0
4977,829,6,0,1.0
4978,829,9,0,1.0
4979,829,10,0,1.0
4980,830,0,0,0.0
4981,830,2,0,0.0
4982,830,4,0,0.0
4983,830,5,0,0.0
4984,830,7,0,0.0
4985,830,9,0,0.0
4986,831,2,0,0.0
4987,831,3,0,0.0
4988,831,4,0,0.0
4989,831,6,0,0.0
4990,831,8,0,0.0
4991,831,10,0,0.0
4992,832,0,0,0.0
4993,832,2,0,0.0
4994,832,4,0,0.0
4995,832,5,0,0.0
4996,832,6,0,0.0
4997,832,8,0,0.0
4998,833,1,1,1.0
4999,833,3,1,1.0
5000,833,4,0,1.0
5001,833,7,1,1.0
5002,833,8,0,1.0
5003,833,10,0,1.0
5004,834,0,0,0.0
5005,834,1,0,0.0
5006,834,3,0,0.0
5007,834,4,0,0.0
5008,834,5,0,0.0
5009,834,8,0,0.0
5010,835,0,0,0.0
5011,835,2,1,1.0
5012,835,5,1,1.0
5013,835,7,0,1.0
5014,835,8,0,1.0
5015,835,10,0,1.0
5016,836,0,0,0.0
5017,836,1,0,0.0
5018,836,2,0,0.0
5019,836,3,0,0.0
5020,836,8,0,0.0
5021,836,10,0,0.0
5022,837,0,0,0.0
5023,837,1,0,0.0
5024,837,4,0,0.0
5025,837,5,0,0.0
5026,837,6,0,0.0
5027,837,7,0,0.0
5028,838,1,0,0.0
5029,838,3,0,0.0
5030,838,4,0,0.0
5031,838,5,0,0.0
5032,838,6,0,0.0
5033,838,10,0,0.0
5034,839,0,0,0.0
5035,839,3,0,0.0
5036,839,6,0,0.0
5037,839,7,0,0.0
5038,839,8,0,0.0
5039,839,9,0,0.0
5040,840,3,1,1.0
5041,840,4,1,1.0
5042,840,5,1,1.0
5043,840,6,2,2.0
5044,840,7,1,2.0
5045,840,8,0,2.0
5046,841,1,1,1.0
5047,841,3,0,1.0
5048,841,5,0,1.0
5049,841,6,1,1.0
5050,841,7,0,1.0
5051,841,8,0,1.0
5052,842,0,0,0.0
5053,842,1,0,0.0
5054,842,2,0,0.0
5055,842,6,0,0.0
5056,842,7,0,0.0
5057,842,8,1,1.0
5058,843,0,0,0.0
5059,843,3,1,1.0
5060,843,4,0,1.0
5061,843,5,0,1.0
5062,843,8,0,1.0
5063,843,10,0,1.0
5064,844,3,1,1.0
5065,844,5,1,1.0
5066,844,7,1,1.0
5067,844,8,0,1.0
5068,844,9,1,1.0
5069,844,10,1,1.0
5070,845,0,0,0.0
5071,845,1,0,0.0
5072,845,2,0,0.0
5073,845,4,0,0.0
5074,845,6,0,0.0
5075,845,10,0,0.0
5076,846,3,0,0.0
5077,846,5,0,0.0
5078,846,6,0,0.0
5079,846,7,0,0.0
5080,846,8,0,0.0
5081,846,9,0,0.0
5082,847,0,0,0.0
5083,847,3,0,0.0
5084,847,4,0,0.0
5085,847,6,0,0.0
5086,847,7,0,0.0
5087,847,8,0,0.0
5088,848,0,0,0.0
5089,848,1,1,1.0
5090,848,2,1,1.0
5091,848,4,0,1.0
5092,848,7,0,1.0
5093,848,9,1,1.0
5094,849,0,0,0.0
5095,849,2,0,0.0
5096,849,4,0,0.0
5097,849,7,1,1.0
5098,849,9,0,1.0
5099,849,10,0,1.0
5100,850,3,0,0.0
5101,850,4,0,0.0
5102,850,5,0,0.0
5103,850,7,0,0.0
5104,850,8,0,0.0
5105,850,9,0,0.0
5106,851,0,0,0.0
5107,851,1,1,1.0
5108,851,4,0,1.0
5109,851,8,1,1.0
5110,851,9,1,1.0
5111,851,10,0,1.0
5112,852,2,0,0.0
5113,852,3,0,0.0
5114,852,4,0,0.0
5115,852,5,0,0.0
5116,852,6,0,0.0
5117,852,8,0,0.0
5118,853,0,0,0.0
5119,853,1,0,0.0
5120,853,4,0,0.0
5121,853,7,1,1.0
5122,853,9,1,1.0
5123,853,10,0,1.0
5124,854,1,0,0.0
5125,854,3,0,0.0
5126,854,4,0,0.0
5127,854,5,0,0.0
5128,854,6,0,0.0
5129,854,9,1,1.0
5130,855,2,0,0.0
5131,855,3,1,1.0
5132,855,4,0,1.0
5133,855,5,1,1.0
5134,855,9,1,1.0
5135,855,10,0,1.0
5136,856,1,0,0.0
5137,856,2,0,0.0
5138,856,4,0,0.0
5139,856,5,0,0.0
5140,856,6,0,0.0
5141,856,9,0,0.0
5142,857,0,0,0.0
5143,857,3,0,0.0
5144,857,4,0,0.0
5145,857,7,0,0.0
5146,857,8,0,0.0
5147,857,10,0,0.0
5148,858,1,1,1.0
5149,858,2,0,1.0
5150,858,3,1,1.0
5151,858,4,0,1.0
5152,858,7,1,1.0
5153,858,9,1,1.0
5154,859,0,0,0.0
5155,859,1,1,1.0
5156,859,2,0,1.0
5157,859,4,1,1.0
5158,859,8,0,1.0
5159,859,9,1,1.0
5160,860,1,0,0.0
5161,860,2,0,0.0
5162,860,4,0,0.0
5163,860,5,0,0.0
5164,860,6,0,0.0
5165,860,10,0,0.0
5166,861,3,0,0.0
5167,861,5,0,0.0
5168,861,6,0,0.0
5169,861,7,0,0.0
5170,861,9,0,0.0
5171,861,10,0,0.0
5172,862,0,0,0.0
5173,862,1,1,1.0
5174,862,3,1,1.0
5175,862,4,0,1.0
5176,862,5,1,1.0
5177,862,9,1,1.0
5178,863,1,0,0.0
5179,863,2,0,0.0
5180,863,3,0,0.0
5181,863,7,1,1.0
5182,863,8,0,1.0
5183,863,10,0,1.0
5184,864,0,0,0.0
5185,864,1,0,0.0
5186,864,4,0,0.0
5187,864,6,0,0.0
5188,864,8,0,0.0
5189,864,10,0,0.0
5190,865,0,0,0.0
5191,865,1,1,1.0
5192,865,4,1,1.0
5193,865,6,1,1.0
5194,865,7,1,1.0
5195,865,10,1,1.0
5196,866,0,0,0.0
5197,866,1,0,0.0
5198,866,3,0,0.0
5199,866,5,0,0.0
5200,866,8,0,0.0
5201,866,9,0,0.0
5202,867,1,0,0.0
5203,867,4,0,0.0
5204,867,6,0,0.0
5205,867,7,0,0.0
5206,867,8,0,0.0
5207,867,10,0,0.0
5208,868,1,0,0.0
5209,868,2,0,0.0
5210,868,4,1,1.0
5211,868,5,1,1.0
5212,868,6,0,1.0
5213,868,8,1,1.0
5214,869,1,1,1.0
5215,869,2,1,1.0
5216,869,5,1,1.0
5217,869,7,1,1.0
5218,869,8,0,1.0
5219,869,9,0,1.0
5220,870,0,0,0.0
5221,870,1,0,0.0
5222,870,3,1,1.0
5223,870,5,1,1.0
5224,870,7,0,1.0
5225,870,8,0,1.0
5226,871,1,0,0.0
5227,871,4,0,0.0
5228,871,5,0,0.0
5229,871,6,0,0.0
5230,871,8,0,0.0
5231,871,9,0,0.0
5232,872,0,0,0.0
5233,872,3,1,1.0
5234,872,6,0,1.0
5235,872,8,0,1.0
5236,872,9,0,1.0
5237,872,10,0,1.0
5238,873,0,0,0.0
5239,873,1,0,0.0
5240,873,4,0,0.0
5241,873,6,0,0.0
5242,873,8,0,0.0
5243,873,9,0,0.0
5244,874,0,0,0.0
5245,874,1,0,0.0
5246,874,2,0,0.0
5247,874,6,0,0.0
5248,874,7,0,0.0
5249,874,8,0,0.0
5250,875,0,0,0.0
5251,875,3,1,1.0
5252,875,4,0,1.0
5253,875,8,0,1.0
5254,875,9,1,1.0
5255,875,10,0,1.0
5256,876,1,0,0.0
5257,876,3,0,0.0
5258,876,4,0,0.0
5259,876,6,0,0.0
5260,876,8,0,0.0
5261,876,10,0,0.0
5262,877,2,0,0.0
5263,877,4,0,0.0
5264,877,6,0,0.0
5265,877,7,0,0.0
5266,877,9,0,0.0
5267,877,10,0,0.0
5268,878,0,0,0.0
5269,878,2,0,0.0
5270,878,4,0,0.0
5271,878,6,0,0.0
5272,878,8,0,0.0
5273,878,10,0,0.0
5274,879,1,0,0.0
5275,879,2,1,1.0
5276,879,3,0,1.0
5277,879,6,0,1.0
5278,879,7,1,1.0
5279,879,9,1,1.0
5280,880,0,0,0.0
5281,880,3,0,0.0
5282,880,4,0,0.0
5283,880,6,0,0.0
5284,880,7,0,0.0
5285,880,8,1,1.0
5286,881,0,0,0.0
5287,881,1,1,1.0
5288,881,3,1,1.0
5289,881,5,1,1.0
5290,881,8,1,1.0
5291,881,10,0,1.0
5292,882,1,1,1.0
5293,882,2,0,1.0
5294,882,4,0,1.0
5295,882,5,1,1.0
5296,882,6,0,1.0
5297,882,9,1,1.0
5298,883,1,1,1.0
5299,883,2,0,1.0
5300,883,3,1,1.0
5301,883,4,0,1.0
5302,883,6,0,1.0
5303,883,8,1,1.0
5304,884,3,1,1.0
5305,884,4,0,1.0
5306,884,5,1,1.0
5307,884,6,0,1.0
5308,884,9,1,1.0
5309,884,10,0,1.0
5310,885,2,0,0.0
5311,885,3,0,0.0
5312,885,5,0,0.0
5313,885,7,0,0.0
5314,885,8,0,0.0
5315,885,9,0,0.0
5316,886,0,0,0.0
5317,886,4,0,0.0
5318,886,7,1,1.0
5319,886,8,0,1.0
5320,886,9,1,1.0
5321,886,10,0,1.0
5322,887,0,0,0.0
5323,887,2,0,0.0
5324,887,3,0,0.0
5325,887,4,0,0.0
5326,887,7,0,0.0
5327,887,10,0,0.0
5328,888,1,0,0.0
5329,888,5,0,0.0
5330,888,6,0,0.0
5331,888,7,0,0.0
5332,888,8,0,0.0
5333,888,10,0,0.0
5334,889,2,0,0.0
5335,889,3,0,0.0
5336,889,4,0,0.0
5337,889,5,0,0.0
5338,889,6,0,0.0
5339,889,7,0,0.0
5340,890,0,0,0.0
5341,890,2,0,0.0
5342,890,5,0,0.0
5343,890,6,0,0.0
5344,890,8,0,0.0
5345,890,10,0,0.0
5346,891,0,0,0.0
5347,891,1,1,1.0
5348,891,3,1,1.0
5349,891,5,1,1.0
5350,891,7,1,1.0
5351,891,9,1,1.0
5352,892,0,0,0.0
5353,892,5,0,0.0
5354,892,6,0,0.0
5355,892,8,0,0.0
5356,892,9,0,0.0
5357,892,10,0,0.0
5358,893,0,0,0.0
5359,893,1,0,0.0
5360,893,2,0,0.0
5361,893,3,0,0.0
5362,893,4,0,0.0
5363,893,9,0,0.0
5364,894,0,0,0.0
5365,894,1,0,0.0
5366,894,2,0,0.0
5367,894,4,1,1.0
5368,894,5,0,1.0
5369,894,9,0,1.0
5370,895,2,0,0.0
5371,895,4,0,0.0
5372,895,5,0,0.0
5373,895,6,0,0.0
5374,895,8,0,0.0
5375,895,10,0,0.0
5376,896,0,0,0.0
5377,896,1,0,0.0
5378,896,3,0,0.0
5379,896,4,0,0.0
5380,896,8,0,0.0
5381,896,10,0,0.0
5382,897,0,0,0.0
5383,897,2,0,0.0
5384,897,5,0,0.0
5385,897,6,0,0.0
5386,897,7,0,0.0
5387,897,10,0,0.0
5388,898,1,0,0.0
5389,898,4,0,0.0
5390,898,5,0,0.0
5391,898,8,0,0.0
5392,898,9,0,0.0
5393,898,10,0,0.0
5394,899,1,0,0.0
5395,899,3,2,2.0
5396,899,6,1,2.0
5397,899,7,1,2.0
5398,899,8,1,2.0
5399,899,10,1,2.0
5400,900,0,0,0.0
5401,900,2,0,0.0
5402,900,3,1,1.0
5403,900,5,1,1.0
5404,900,9,1,1.0
5405,900,10,0,1.0
5406,901,2,0,0.0
5407,901,4,0,0.0
5408,901,6,0,0.0
5409,901,7,0,0.0
5410,901,8,0,0.0
5411,901,10,0,0.0
5412,902,0,0,0.0
5413,902,2,1,1.0
5414,902,3,0,1.0
5415,902,4,1,1.0
5416,902,5,0,1.0
5417,902,10,1,1.0
5418,903,1,1,1.0
5419,903,2,0,1.0
5420,903,3,0,1.0
5421,903,6,0,1.0
5422,903,7,0,1.0
5423,903,9,1,1.0
5424,904,1,0,0.0
5425,904,3,0,0.0
5426,904,4,0,0.0
5427,904,5,0,0.0
5428,904,6,0,0.0
5429,904,8,0,0.0
5430,905,0,0,0.0
5431,905,2,0,0.0
5432,905,5,0,0.0
5433,905,6,1,1.0
5434,905,7,0,1.0
5435,905,10,0,1.0
5436,906,0,0,0.0
5437,906,1,1,1.0
5438,906,3,0,1.0
5439,906,5,0,1.0
5440,906,7,0,1.0
5441,906,8,1,1.0
5442,907,2,0,0.0
5443,907,4,0,0.0
5444,907,5,0,0.0
5445,907,8,0,0.0
5446,907,9,0,0.0
5447,907,10,0,0.0
5448,908,1,0,0.0
5449,908,3,0,0.0
5450,908,4,0,0.0
5451,908,5,0,0.0
5452,908,7,0,0.0
5453,908,10,0,0.0
5454,909,0,0,0.0
5455,909,1,1,1.0
5456,909,2,0,1.0
5457,909,4,1,1.0
5458,909,5,0,1.0
5459,909,8,0,1.0
5460,910,0,0,0.0
5461,910,3,0,0.0
5462,910,4,0,0.0
5463,910,6,0,0.0
5464,910,8,0,0.0
5465,910,10,0,0.0
5466,911,2,0,0.0
5467,911,3,0,0.0
5468,911,5,0,0.0
5469,911,7,0,0.0
5470,911,8,0,0.0
5471,911,10,0,0.0
5472,912,1,0,0.0
5473,912,4,0,0.0
5474,912,5,0,0.0
5475,912,6,0,0.0
5476,912,8,0,0.0
5477,912,9,0,0.0
5478,913,2,0,0.0
5479,913,5,0,0.0
5480,913,6,0,0.0
5481,913,7,0,0.0
5482,913,8,0,0.0
5483,913,10,0,0.0
5484,914,1,1,1.0
5485,914,4,0,1.0
5486,914,5,1,1.0
5487,914,8,0,1.0
5488,914,9,1,1.0
5489,914,10,0,1.0
5490,915,1,0,0.0
5491,915,3,1,1.0
5492,915,5,0,1.0
5493,915,7,0,1.0
5494,915,8,0,1.0
5495,915,9,0,1.0
5496,916,1,0,0.0
5497,916,3,0,0.0
5498,916,4,0,0.0
5499,916,6,0,0.0
5500,916,8,0,0.0
5501,916,9,0,0.0
5502,917,0,0,0.0
5503,917,1,0,0.0
5504,917,2,0,0.0
5505,917,3,0,0.0
5506,917,8,0,0.0
5507,917,9,0,0.0
5508,918,0,0,0.0
5509,918,1,0,0.0
5510,918,2,0,0.0
5511,918,4,0,0.0
5512,918,5,0,0.0
5513,918,8,0,0.0
5514,919,0,0,0.0
5515,919,1,0,0.0
5516,919,3,0,0.0
5517,919,7,0,0.0
5518,919,8,0,0.0
5519,919,10,0,0.0
5520,920,0,0,0.0
5521,920,1,0,0.0
5522,920,4,0,0.0
5523,920,8,0,0.0
5524,920,9,0,0.0
5525,920,10,0,0.0
5526,921,1,0,0.0
5527,921,3,0,0.0
5528,921,4,0,0.0
5529,921,6,0,0.0
5530,921,8,1,1.0
5531,921,10,0,1.0
5532,922,0,0,0.0
5533,922,1,0,0.0
5534,922,2,0,0.0
5535,922,5,0,0.0
5536,922,6,0,0.0
5537,922,10,0,0.0
5538,923,2,1,1.0
5539,923,3,1,1.0
5540,923,4,0,1.0
5541,923,5,1,1.0
5542,923,8,1,1.0
5543,923,9,0,1.0
5544,924,2,0,0.0
5545,924,3,0,0.0
5546,924,4,0,0.0
5547,924,8,0,0.0
5548,924,9,0,0.0
5549,924,10,0,0.0
5550,925,3,0,0.0
5551,925,4,1,1.0
5552,925,5,1,1.0
5553,925,6,0,1.0
5554,925,7,1,1.0
5555,925,8,0,1.0
5556,926,0,0,0.0
5557,926,4,1,1.0
5558,926,5,1,1.0
5559,926,6,2,2.0
5560,926,8,2,2.0
5561,926,9,1,2.0
5562,927,0,0,0.0
5563,927,2,0,0.0
5564,927,4,0,0.0
5565,927,5,0,0.0
5566,927,8,0,0.0
5567,927,9,0,0.0
5568,928,0,0,0.0
5569,928,2,0,0.0
5570,928,7,0,0.0
5571,928,8,0,0.0
5572,928,9,0,0.0
5573,928,10,0,0.0
5574,929,1,0,0.0
5575,929,3,0,0.0
5576,929,4,0,0.0
5577,929,5,0,0.0
5578,929,7,0,0.0
5579,929,8,0,0.0
5580,930,0,0,0.0
5581,930,2,1,1.0
5582,930,3,1,1.0
5583,930,4,0,1.0
5584,930,5,0,1.0
5585,930,9,1,1.0
5586,931,0,0,0.0
5587,931,1,0,0.0
5588,931,3,0,0.0
5589,931,7,0,0.0
5590,931,8,0,0.0
5591,931,9,0,0.0
5592,932,0,0,0.0
5593,932,3,0,0.0
5594,932,4,0,0.0
5595,932,5,0,0.0
5596,932,6,0,0.0
5597,932,9,0,0.0
5598,933,2,0,0.0
5599,933,3,0,0.0
5600,933,5,0,0.0
5601,933,7,0,0.0
5602,933,8,0,0.0
5603,933,10,0,0.0
5604,934,3,0,0.0
5605,934,4,0,0.0
5606,934,7,0,0.0
5607,934,8,0,0.0
5608,934,9,0,0.0
5609,934,10,0,0.0
5610,935,3,0,0.0
5611,935,4,0,0.0
5612,935,5,0,0.0
5613,935,6,0,0.0
5614,935,8,0,0.0
5615,935,10,0,0.0
5616,936,0,0,0.0
5617,936,1,0,0.0
5618,936,2,0,0.0
5619,936,5,0,0.0
5620,936,6,0,0.0
5621,936,10,0,0.0
5622,937,0,0,0.0
5623,937,4,1,1.0
5624,937,6,0,1.0
5625,937,7,0,1.0
5626,937,8,0,1.0
5627,937,10,1,1.0
5628,938,0,0,0.0
5629,938,5,1,1.0
5630,938,6,0,1.0
5631,938,7,1,1.0
5632,938,8,1,1.0
5633,938,10,0,1.0
5634,939,5,0,0.0
5635,939,6,0,0.0
5636,939,7,0,0.0
5637,939,8,0,0.0
5638,939,9,0,0.0
5639,939,10,0,0.0
5640,940,0,0,0.0
5641,940,4,0,0.0
5642,940,5,0,0.0
5643,940,6,0,0.0
5644,940,7,0,0.0
5645,940,9,0,0.0
5646,941,0,0,0.0
5647,941,1,1,1.0
5648,941,2,1,1.0
5649,941,4,1,1.0
5650,941,8,1,1.0
5651,941,10,1,1.0
5652,942,0,0,0.0
5653,942,3,0,0.0
5654,942,4,0,0.0
5655,942,7,0,0.0
5656,942,8,1,1.0
5657,942,10,0,1.0
5658,943,0,0,0.0
5659,943,2,0,0.0
5660,943,3,1,1.0
5661,943,5,1,1.0
5662,943,8,1,1.0
5663,943,9,1,1.0
5664,944,0,0,0.0
5665,944,1,0,0.0
5666,944,2,0,0.0
5667,944,4,0,0.0
5668,944,7,0,0.0
5669,944,9,0,0.0
5670,945,1,1,1.0
5671,945,3,0,1.0
5672,945,5,0,1.0
5673,945,6,0,1.0
5674,945,8,1,1.0
5675,945,10,1,1.0
5676,946,0,0,0.0
5677,946,2,0,0.0
5678,946,3,0,0.0
5679,946,4,0,0.0
5680,946,5,0,0.0
5681,946,7,0,0.0
5682,947,0,0,0.0
5683,947,2,0,0.0
5684,947,4,0,0.0
5685,947,5,0,0.0
5686,947,6,0,0.0
5687,947,10,0,0.0
5688,948,0,0,0.0
5689,948,1,0,0.0
5690,948,2,0,0.0
5691,948,5,1,1.0
5692,948,6,1,1.0
5693,948,9,1,1.0
5694,949,3,1,1.0
5695,949,4,0,1.0
5696,949,6,0,1.0
5697,949,8,0,1.0
5698,949,9,1,1.0
5699,949,10,0,1.0
5700,950,0,0,0.0
5701,950,1,1,1.0
5702,950,2,0,1.0
5703,950,4,0,1.0
5704,950,6,1,1.0
5705,950,7,0,1.0
5706,951,2,1,1.0
5707,951,3,1,1.0
5708,951,6,1,1.0
5709,951,7,1,1.0
5710,951,8,2,2.0
5711,951,9,1,2.0
5712,952,1,1,1.0
5713,952,2,1,1.0
5714,952,3,1,1.0
5715,952,4,0,1.0
5716,952,6,0,1.0
5717,952,10,1,1.0
5718,953,0,0,0.0
5719,953,1,1,1.0
5720,953,4,0,1.0
5721,953,6,1,1.0
5722,953,7,0,1.0
5723,953,10,1,1.0
5724,954,0,0,0.0
5725,954,1,0,0.0
5726,954,3,0,0.0
5727,954,7,0,0.0
5728,954,8,0,0.0
5729,954,9,0,0.0
5730,955,0,0,0.0
5731,955,5,0,0.0
5732,955,6,0,0.0
5733,955,7,0,0.0
5734,955,9,0,0.0
5735,955,10,0,0.0
5736,956,0,0,0.0
5737,956,1,0,0.0
5738,956,2,0,0.0
5739,956,3,0,0.0
5740,956,6,0,0.0
5741,956,9,0,0.0
5742,957,0,0,0.0
5743,957,2,0,0.0
5744,957,3,0,0.0
5745,957,4,0,0.0
5746,957,7,0,0.0
5747,957,8,0,0.0
5748,958,0,0,0.0
5749,958,2,0,0.0
5750,958,3,0,0.0
5751,958,4,0,0.0
5752,958,5,0,0.0
5753,958,6,0,0.0
5754,959,0,0,0.0
5755,959,1,1,1.0
5756,959,6,0,1.0
5757,959,7,1,1.0
5758,959,8,0,1.0
5759,959,10,0,1.0
5760,960,2,1,1.0
5761,960,3,0,1.0
5762,960,6,0,1.0
5763,960,7,1,1.0
5764,960,9,0,1.0
5765,960,10,0,1.0
5766,961,0,0,0.0
5767,961,3,0,0.0
5768,961,4,0,0.0
5769,961,5,0,0.0
5770,961,6,0,0.0
5771,961,10,0,0.0
5772,962,2,0,0.0
5773,962,3,0,0.0
5774,962,4,0,0.0
5775,962,6,0,0.0
5776,962,7,0,0.0
5777,962,10,0,0.0
5778,963,2,0,0.0
5779,963,3,0,0.0
5780,963,4,0,0.0
5781,963,5,0,0.0
5782,963,7,0,0.0
5783,963,9,0,0.0
5784,964,0,0,0.0
5785,964,2,0,0.0
5786,964,4,1,1.0
5787,964,5,0,1.0
5788,964,7,0,1.0
5789,964,9,1,1.0
5790,965,2,0,0.0
5791,965,3,0,0.0
5792,965,4,0,0.0
5793,965,5,0,0.0
5794,965,7,0,0.0
5795,965,8,0,0.0
5796,966,0,0,0.0
5797,966,1,0,0.0
5798,966,2,0,0.0
5799,966,3,0,0.0
5800,966,5,0,0.0
5801,966,8,0,0.0
5802,967,0,0,0.0
5803,967,2,0,0.0
5804,967,5,0,0.0
5805,967,7,0,0.0
5806,967,8,0,0.0
5807,967,10,0,0.0
5808,968,0,0,0.0
5809,968,4,2,2.0
5810,968,5,1,2.0
5811,968,8,0,2.0
5812,968,9,1,2.0
5813,968,10,2,2.0
5814,969,0,0,0.0
5815,969,2,0,0.0
5816,969,7,0,0.0
5817,969,8,0,0.0
5818,969,9,0,0.0
5819,969,10,0,0.0
5820,970,2,2,2.0
5821,970,3,1,2.0
5822,970,4,2,2.0
5823,970,5,1,2.0
5824,970,6,2,2.0
5825,970,10,2,2.0
5826,971,2,0,0.0
5827,971,3,0,0.0
5828,971,5,0,0.0
5829,971,7,0,0.0
5830,971,8,0,0.0
5831,971,9,0,0.0
5832,972,1,0,0.0
5833,972,3,0,0.0
5834,972,4,0,0.0
5835,972,7,0,0.0
5836,972,8,0,0.0
5837,972,9,0,0.0
5838,973,1,0,0.0
5839,973,2,0,0.0
5840,973,3,0,0.0
5841,973,4,0,0.0
5842,973,6,0,0.0
5843,973,10,0,0.0
5844,974,0,0,0.0
5845,974,3,1,1.0
5846,974,5,1,1.0
5847,974,6,0,1.0
5848,974,7,0,1.0
5849,974,10,0,1.0
5850,975,1,0,0.0
5851,975,2,0,0.0
5852,975,3,0,0.0
5853,975,5,0,0.0
5854,975,9,0,0.0
5855,975,10,0,0.0
5856,976,0,0,0.0
5857,976,3,0,0.0
5858,976,5,0,0.0
5859,976,6,0,0.0
5860,976,8,0,0.0
5861,976,10,0,0.0
5862,977,0,0,0.0
5863,977,2,0,0.0
5864,977,4,0,0.0
5865,977,5,0,0.0
5866,977,9,0,0.0
5867,977,10,0,0.0
5868,978,0,0,0.0
5869,978,1,0,0.0
5870,978,2,0,0.0
5871,978,7,0,0.0
5872,978,9,1,1.0
5873,978,10,0,1.0
5874,979,2,1,1.0
5875,979,3,1,1.0
5876,979,6,1,1.0
5877,979,7,1,1.0
5878,979,9,1,1.0
5879,979,10,0,1.0
5880,980,0,0,0.0
5881,980,2,0,0.0
5882,980,3,0,0.0
5883,980,7,0,0.0
5884,980,8,0,0.0
5885,980,10,0,0.0
5886,981,1,0,0.0
5887,981,2,0,0.0
5888,981,4,0,0.0
5889,981,5,0,0.0
5890,981,6,1,1.0
5891,981,10,1,1.0
5892,982,2,0,0.0
5893,982,4,0,0.0
5894,982,5,0,0.0
5895,982,6,0,0.0
5896,982,7,1,1.0
5897,982,9,0,1.0
5898,983,2,0,0.0
5899,983,3,0,0.0
5900,983,4,0,0.0
5901,983,6,0,0.0
5902,983,8,0,0.0
5903,983,9,0,0.0
5904,984,0,0,0.0
5905,984,1,0,0.0
5906,984,6,0,0.0
5907,984,8,0,0.0
5908,984,9,0,0.0
5909,984,10,0,0.0
5910,985,0,0,0.0
5911,985,1,0,0.0
5912,985,2,0,0.0
5913,985,5,0,0.0
5914,985,6,0,0.0
5915,985,7,0,0.0
5916,986,0,0,0.0
5917,986,3,0,0.0
5918,986,5,0,0.0
5919,986,8,0,0.0
5920,986,9,0,0.0
5921,986,10,0,0.0
5922,987,4,0,0.0
5923,987,5,0,0.0
5924,987,6,0,0.0
5925,987,7,0,0.0
5926,987,8,0,0.0
5927,987,9,0,0.0
5928,988,3,0,0.0
5929,988,4,1,1.0
5930,988,5,1,1.0
5931,988,7,0,1.0
5932,988,8,0,1.0
5933,988,9,0,1.0
5934,989,1,0,0.0
5935,989,2,0,0.0
5936,989,3,0,0.0
5937,989,4,0,0.0
5938,989,5,0,0.0
5939,989,9,0,0.0
5940,990,0,0,0.0
5941,990,1,0,0.0
5942,990,3,0,0.0
5943,990,4,0,0.0
5944,990,8,0,0.0
5945,990,10,0,0.0
5946,991,1,0,0.0
5947,991,2,0,0.0
5948,991,3,0,0.0
5949,991,4,0,0.0
5950,991,6,0,0.0
5951,991,9,0,0.0
5952,992,1,1,1.0
5953,992,2,2,2.0
5954,992,5,1,2.0
5955,992,6,2,2.0
5956,992,8,0,2.0
5957,992,10,1,2.0
5958,993,0,0,0.0
5959,993,3,0,0.0
5960,993,4,0,0.0
5961,993,6,0,0.0
5962,993,7,0,0.0
5963,993,8,0,0.0
5964,994,1,0,0.0
5965,994,2,0,0.0
5966,994,4,0,0.0
5967,994,7,0,0.0
5968,994,8,0,0.0
5969,994,9,0,0.0
5970,995,1,1,1.0
5971,995,2,0,1.0
5972,995,4,2,2.0
5973,995,5,1,2.0
5974,995,6,2,2.0
5975,995,8,2,2.0
5976,996,0,0,0.0
5977,996,2,1,1.0
5978,996,4,2,2.0
5979,996,7,1,2.0
5980,996,8,2,2.0
5981,996,9,1,2.0
5982,997,0,0,0.0
5983,997,1,0,0.0
5984,997,6,0,0.0
5985,997,7,0,0.0
5986,997,8,0,0.0
5987,997,9,0,0.0
5988,998,0,0,0.0
5989,998,2,0,0.0
5990,998,3,0,0.0
5991,998,4,0,0.0
5992,998,8,0,0.0
5993,998,10,0,0.0
5994,999,2,1,1.0
5995,999,3,1,1.0
5996,999,5,1,1.0
5997,999,7,1,1.0
5998,999,8,1,1.0
5999,999,10,1,1.0
6000,1000,0,0,0.0
6001,1000,1,0,0.0
6002,1000,4,0,0.0
6003,1000,5,0,0.0
6004,1000,6,0,0.0
6005,1000,7,0,0.0
6006,1001,0,0,0.0
6007,1001,1,1,1.0
6008,1001,4,2,2.0
6009,1001,5,1,2.0
6010,1001,6,2,2.0
6011,1001,7,1,2.0
6012,1002,0,0,0.0
6013,1002,4,0,0.0
6014,1002,5,0,0.0
6015,1002,6,0,0.0
6016,1002,8,0,0.0
6017,1002,10,0,0.0
6018,1003,2,0,0.0
6019,1003,3,0,0.0
6020,1003,4,0,0.0
6021,1003,5,0,0.0
6022,1003,8,0,0.0
6023,1003,9,0,0.0
6024,1004,1,0,0.0
6025,1004,2,0,0.0
6026,1004,3,0,0.0
6027,1004,6,0,0.0
6028,1004,7,0,0.0
6029,1004,9,0,0.0
6030,1005,2,0,0.0
6031,1005,5,0,0.0
6032,1005,6,0,0.0
6033,1005,7,0,0.0
6034,1005,8,0,0.0
6035,1005,10,0,0.0
6036,1006,0,0,0.0
6037,1006,2,0,0.0
6038,1006,4,0,0.0
6039,1006,7,1,1.0
6040,1006,8,1,1.0
6041,1006,9,1,1.0
6042,1007,0,0,0.0
6043,1007,1,0,0.0
6044,1007,3,0,0.0
6045,1007,6,0,0.0
6046,1007,7,0,0.0
6047,1007,8,0,0.0
6048,1008,1,0,0.0
6049,1008,2,0,0.0
6050,1008,4,0,0.0
6051,1008,5,0,0.0
6052,1008,8,0,0.0
6053,1008,9,0,0.0
6054,1009,0,0,0.0
6055,1009,2,0,0.0
6056,1009,3,1,1.0
6057,1009,6,1,1.0
6058,1009,7,1,1.0
6059,1009,10,0,1.0
6060,1010,1,0,0.0
6061,1010,2,0,0.0
6062,1010,3,0,0.0
6063,1010,6,0,0.0
6064,1010,9,0,0.0
6065,1010,10,0,0.0
6066,1011,1,0,0.0
6067,1011,2,0,0.0
6068,1011,5,0,0.0
6069,1011,8,0,0.0
6070,1011,9,0,0.0
6071,1011,10,0,0.0
6072,1012,0,0,0.0
6073,1012,1,0,0.0
6074,1012,2,0,0.0
6075,1012,3,0,0.0
6076,1012,5,0,0.0
6077,1012,6,0,0.0
6078,1013,0,0,0.0
6079,1013,1,0,0.0
6080,1013,3,0,0.0
6081,1013,5,0,0.0
6082,1013,7,0,0.0
6083,1013,9,0,0.0
6084,1014,0,0,0.0
6085,1014,1,0,0.0
6086,1014,6,0,0.0
6087,1014,8,0,0.0
6088,1014,9,0,0.0
6089,1014,10,0,0.0
6090,1015,0,0,0.0
6091,1015,2,0,0.0
6092,1015,4,0,0.0
6093,1015,5,1,1.0
6094,1015,7,0,1.0
6095,1015,9,1,1.0
6096,1016,1,1,1.0
6097,1016,4,0,1.0
6098,1016,5,1,1.0
6099,1016,7,1,1.0
6100,1016,8,0,1.0
6101,1016,10,1,1.0
6102,1017,0,0,0.0
6103,1017,2,1,1.0
6104,1017,4,1,1.0
6105,1017,5,1,1.0
6106,1017,7,1,1.0
6107,1017,10,1,1.0
6108,1018,0,0,0.0
6109,1018,3,0,0.0
6110,1018,5,0,0.0
6111,1018,6,0,0.0
6112,1018,8,0,0.0
6113,1018,10,0,0.0
6114,1019,0,0,0.0
6115,1019,1,0,0.0
6116,1019,3,0,0.0
6117,1019,5,0,0.0
6118,1019,6,0,0.0
6119,1019,7,0,0.0
6120,1020,1,0,0.0
6121,1020,2,0,0.0
6122,1020,4,0,0.0
6123,1020,6,0,0.0
6124,1020,9,0,0.0
6125,1020,10,0,0.0
6126,1021,0,0,0.0
6127,1021,1,0,0.0
6128,1021,3,0,0.0
6129,1021,5,0,0.0
6130,1021,7,0,0.0
6131,1021,8,0,0.0
6132,1022,3,1,1.0
6133,1022,4,0,1.0
6134,1022,5,0,1.0
6135,1022,8,1,1.0
6136,1022,9,0,1.0
6137,1022,10,1,1.0
6138,1023,0,0,0.0
6139,1023,2,0,0.0
6140,1023,3,0,0.0
6141,1023,4,0,0.0
6142,1023,6,0,0.0
6143,1023,7,0,0.0
6144,1024,0,0,0.0
6145,1024,2,0,0.0
6146,1024,3,0,0.0
6147,1024,4,0,0.0
6148,1024,5,0,0.0
6149,1024,6,0,0.0
6150,1025,0,0,0.0
6151,1025,1,0,0.0
6152,1025,5,1,1.0
6153,1025,6,0,1.0
6154,1025,8,0,1.0
6155,1025,10,0,1.0
6156,1026,1,0,0.0
6157,1026,2,0,0.0
6158,1026,3,0,0.0
6159,1026,6,1,1.0
6160,1026,8,1,1.0
6161,1026,9,0,1.0
6162,1027,1,0,0.0
6163,1027,3,0,0.0
6164,1027,4,0,0.0
6165,1027,7,0,0.0
6166,1027,9,0,0.0
6167,1027,10,0,0.0
6168,1028,0,0,0.0
6169,1028,1,0,0.0
6170,1028,2,0,0.0
6171,1028,3,0,0.0
6172,1028,5,0,0.0
6173,1028,9,1,1.0
6174,1029,0,0,0.0
6175,1029,2,0,0.0
6176,1029,3,0,0.0
6177,1029,5,0,0.0
6178,1029,7,0,0.0
6179,1029,8,0,0.0
6180,1030,0,0,0.0
6181,1030,3,1,1.0
6182,1030,4,0,1.0
6183,1030,5,1,1.0
6184,1030,7,0,1.0
6185,1030,8,1,1.0
6186,1031,0,0,0.0
6187,1031,1,0,0.0
6188,1031,3,0,0.0
6189,1031,6,0,0.0
6190,1031,7,0,0.0
6191,1031,9,0,0.0
6192,1032,0,0,0.0
6193,1032,1,0,0.0
6194,1032,2,0,0.0
6195,1032,3,0,0.0
6196,1032,7,0,0.0
6197,1032,10,0,0.0
6198,1033,0,0,0.0
6199,1033,1,0,0.0
6200,1033,3,0,0.0
6201,1033,4,0,0.0
6202,1033,9,0,0.0
6203,1033,10,0,0.0
6204,1034,0,0,0.0
6205,1034,1,0,0.0
6206,1034,4,0,0.0
6207,1034,5,0,0.0
6208,1034,6,0,0.0
6209,1034,10,0,0.0
6210,1035,4,0,0.0
6211,1035,5,0,0.0
6212,1035,7,0,0.0
6213,1035,8,0,0.0
6214,1035,9,0,0.0
6215,1035,10,0,0.0
6216,1036,0,0,0.0
6217,1036,1,0,0.0
6218,1036,2,1,1.0
6219,1036,6,0,1.0
6220,1036,8,0,1.0
6221,1036,10,0,1.0
6222,1037,0,0,0.0
6223,1037,3,0,0.0
6224,1037,4,0,0.0
6225,1037,5,0,0.0
6226,1037,6,0,0.0
6227,1037,7,0,0.0
6228,1038,1,0,0.0
6229,1038,4,0,0.0
6230,1038,6,0,0.0
6231,1038,8,0,0.0
6232,1038,9,0,0.0
6233,1038,10,0,0.0
6234,1039,1,0,0.0
6235,1039,2,0,0.0
6236,1039,3,1,1.0
6237,1039,5,0,1.0
6238,1039,6,0,1.0
6239,1039,9,0,1.0
6240,1040,0,0,0.0
6241,1040,2,0,0.0
6242,1040,3,0,0.0
6243,1040,7,0,0.0
6244,1040,8,0,0.0
6245,1040,9,0,0.0
6246,1041,2,0,0.0
6247,1041,3,0,0.0
6248,1041,6,0,0.0
6249,1041,8,1,1.0
6250,1041,9,1,1.0
6251,1041,10,0,1.0
6252,1042,0,0,0.0
6253,1042,1,0,0.0
6254,1042,3,0,0.0
6255,1042,4,0,0.0
6256,1042,7,0,0.0
6257,1042,10,0,0.0
6258,1043,0,0,0.0
6259,1043,1,0,0.0
6260,1043,4,0,0.0
6261,1043,6,0,0.0
6262,1043,8,0,0.0
6263,1043,9,0,0.0
6264,1044,0,0,0.0
6265,1044,4,0,0.0
6266,1044,5,1,1.0
6267,1044,6,0,1.0
6268,1044,7,1,1.0
6269,1044,9,1,1.0
6270,1045,0,0,0.0
6271,1045,1,0,0.0
6272,1045,3,0,0.0
6273,1045,7,0,0.0
6274,1045,8,0,0.0
6275,1045,9,0,0.0
6276,1046,2,0,0.0
6277,1046,4,0,0.0
6278,1046,6,0,0.0
6279,1046,7,0,0.0
6280,1046,8,0,0.0
6281,1046,9,0,0.0
6282,1047,0,0,0.0
6283,1047,1,1,1.0
6284,1047,2,0,1.0
6285,1047,3,1,1.0
6286,1047,7,1,1.0
6287,1047,8,0,1.0
6288,1048,0,0,0.0
6289,1048,4,0,0.0
6290,1048,6,0,0.0
6291,1048,7,0,0.0
6292,1048,8,0,0.0
6293,1048,10,0,0.0
6294,1049,1,0,0.0
6295,1049,2,0,0.0
6296,1049,3,0,0.0
6297,1049,8,0,0.0
6298,1049,9,0,0.0
6299,1049,10,0,0.0
6300,1050,0,0,0.0
6301,1050,2,0,0.0
6302,1050,3,0,0.0
6303,1050,4,0,0.0
6304,1050,9,0,0.0
6305,1050,10,0,0.0
6306,1051,0,0,0.0
6307,1051,1,0,0.0
6308,1051,2,1,1.0
6309,1051,3,1,1.0
6310,1051,7,0,1.0
6311,1051,10,0,1.0
6312,1052,1,1,1.0
6313,1052,3,1,1.0
6314,1052,5,1,1.0
6315,1052,6,0,1.0
6316,1052,8,0,1.0
6317,1052,9,1,1.0
6318,1053,0,0,0.0
6319,1053,1,1,1.0
6320,1053,2,0,1.0
6321,1053,3,1,1.0
6322,1053,8,0,1.0
6323,1053,9,0,1.0
6324,1054,0,0,0.0
6325,1054,1,0,0.0
6326,1054,2,0,0.0
6327,1054,5,0,0.0
6328,1054,6,0,0.0
6329,1054,9,0,0.0
6330,1055,2,0,0.0
6331,1055,3,0,0.0
6332,1055,7,0,0.0
6333,1055,8,0,0.0
6334,1055,9,0,0.0
6335,1055,10,0,0.0
6336,1056,1,0,0.0
6337,1056,2,0,0.0
6338,1056,3,0,0.0
6339,1056,5,0,0.0
6340,1056,8,0,0.0
6341,1056,9,0,0.0
6342,1057,0,0,0.0
6343,1057,1,0,0.0
6344,1057,2,0,0.0
6345,1057,3,0,0.0
6346,1057,4,0,0.0
6347,1057,9,0,0.0
6348,1058,3,1,1.0
6349,1058,4,0,1.0
6350,1058,6,0,1.0
6351,1058,7,1,1.0
6352,1058,9,1,1.0
6353,1058,10,2,2.0
6354,1059,1,0,0.0
6355,1059,2,0,0.0
6356,1059,3,0,0.0
6357,1059,7,0,0.0
6358,1059,8,0,0.0
6359,1059,9,0,0.0
6360,1060,0,0,0.0
6361,1060,1,0,0.0
6362,1060,6,0,0.0
6363,1060,7,0,0.0
6364,1060,8,0,0.0
6365,1060,10,1,1.0
6366,1061,0,0,0.0
6367,1061,1,1,1.0
6368,1061,2,1,1.0
6369,1061,6,1,1.0
6370,1061,8,1,1.0
6371,1061,10,1,1.0
6372,1062,1,0,0.0
6373,1062,2,0,0.0
6374,1062,3,0,0.0
6375,1062,4,0,0.0
6376,1062,7,0,0.0
6377,1062,10,0,0.0
6378,1063,1,0,0.0
6379,1063,2,0,0.0
6380,1063,5,0,0.0
6381,1063,6,0,0.0
6382,1063,8,0,0.0
6383,1063,10,0,0.0
6384,1064,1,1,1.0
6385,1064,3,1,1.0
6386,1064,4,2,2.0
6387,1064,8,1,2.0
6388,1064,9,2,2.0
6389,1064,10,1,2.0
6390,1065,0,0,0.0
6391,1065,1,1,1.0
6392,1065,2,0,1.0
6393,1065,4,0,1.0
6394,1065,6,0,1.0
6395,1065,8,2,2.0
6396,1066,0,0,0.0
6397,1066,3,0,0.0
6398,1066,4,0,0.0
6399,1066,6,0,0.0
6400,1066,8,0,0.0
6401,1066,10,1,1.0
6402,1067,1,1,1.0
6403,1067,2,0,1.0
6404,1067,5,1,1.0
6405,1067,6,0,1.0
6406,1067,7,1,1.0
6407,1067,10,1,1.0
6408,1068,0,0,0.0
6409,1068,4,1,1.0
6410,1068,5,1,1.0
6411,1068,6,2,2.0
6412,1068,7,3,3.0
6413,1068,10,2,3.0
6414,1069,1,1,1.0
6415,1069,2,0,1.0
6416,1069,3,1,1.0
6417,1069,4,0,1.0
6418,1069,6,0,1.0
6419,1069,10,1,1.0
6420,1070,0,0,0.0
6421,1070,1,0,0.0
6422,1070,3,0,0.0
6423,1070,6,0,0.0
6424,1070,8,0,0.0
6425,1070,9,0,0.0
6426,1071,0,0,0.0
6427,1071,1,0,0.0
6428,1071,2,0,0.0
6429,1071,3,0,0.0
6430,1071,4,0,0.0
6431,1071,10,0,0.0
6432,1072,2,0,0.0
6433,1072,4,1,1.0
6434,1072,6,1,1.0
6435,1072,7,0,1.0
6436,1072,8,1,1.0
6437,1072,9,0,1.0
6438,1073,0,0,0.0
6439,1073,2,0,0.0
6440,1073,3,0,0.0
6441,1073,5,0,0.0
6442,1073,8,0,0.0
6443,1073,10,1,1.0
6444,1074,1,0,0.0
6445,1074,3,0,0.0
6446,1074,4,0,0.0
6447,1074,5,0,0.0
6448,1074,7,0,0.0
6449,1074,8,0,0.0
6450,1075,3,1,1.0
6451,1075,4,1,1.0
6452,1075,6,1,1.0
6453,1075,7,1,1.0
6454,1075,8,1,1.0
6455,1075,9,0,1.0
6456,1076,1,0,0.0
6457,1076,2,0,0.0
6458,1076,4,0,0.0
6459,1076,6,0,0.0
6460,1076,7,0,0.0
6461,1076,9,0,0.0
6462,1077,0,0,0.0
6463,1077,1,0,0.0
6464,1077,2,0,0.0
6465,1077,3,0,0.0
6466,1077,9,0,0.0
6467,1077,10,0,0.0
6468,1078,3,0,0.0
6469,1078,4,0,0.0
6470,1078,5,0,0.0
6471,1078,6,0,0.0
6472,1078,9,0,0.0
6473,1078,10,0,0.0
6474,1079,0,0,0.0
6475,1079,1,0,0.0
6476,1079,2,0,0.0
6477,1079,4,0,0.0
6478,1079,7,0,0.0
6479,1079,10,0,0.0
6480,1080,2,1,1.0
6481,1080,3,0,1.0
6482,1080,5,1,1.0
6483,1080,6,0,1.0
6484,1080,7,1,1.0
6485,1080,8,0,1.0
6486,1081,0,0,0.0
6487,1081,3,0,0.0
6488,1081,4,0,0.0
6489,1081,5,0,0.0
6490,1081,7,0,0.0
6491,1081,10,0,0.0
6492,1082,0,0,0.0
6493,1082,1,1,1.0
6494,1082,7,0,1.0
6495,1082,8,0,1.0
6496,1082,9,0,1.0
6497,1082,10,1,1.0
6498,1083,0,0,0.0
6499,1083,2,0,0.0
6500,1083,5,0,0.0
6501,1083,6,0,0.0
6502,1083,7,0,0.0
6503,1083,10,0,0.0
6504,1084,0,0,0.0
6505,1084,3,0,0.0
6506,1084,5,0,0.0
6507,1084,6,0,0.0
6508,1084,7,0,0.0
6509,1084,9,0,0.0
6510,1085,0,0,0.0
6511,1085,1,0,0.0
6512,1085,3,0,0.0
6513,1085,6,0,0.0
6514,1085,8,0,0.0
6515,1085,10,0,0.0
6516,1086,1,0,0.0
6517,1086,2,0,0.0
6518,1086,3,0,0.0
6519,1086,4,0,0.0
6520,1086,7,0,0.0
6521,1086,8,0,0.0
6522,1087,0,0,0.0
6523,1087,1,0,0.0
6524,1087,5,0,0.0
6525,1087,6,0,0.0
6526,1087,7,0,0.0
6527,1087,9,0,0.0
6528,1088,2,1,1.0
6529,1088,4,1,1.0
6530,1088,5,0,1.0
6531,1088,6,0,1.0
6532,1088,8,0,1.0
6533,1088,10,0,1.0
6534,1089,0,0,0.0
6535,1089,3,0,0.0
6536,1089,5,0,0.0
6537,1089,7,0,0.0
6538,1089,8,0,0.0
6539,1089,9,0,0.0
6540,1090,1,0,0.0
6541,1090,5,0,0.0
6542,1090,6,0,0.0
6543,1090,7,0,0.0
6544,1090,9,1,1.0
6545,1090,10,0,1.0
6546,1091,0,0,0.0
6547,1091,1,0,0.0
6548,1091,2,0,0.0
6549,1091,6,0,0.0
6550,1091,7,0,0.0
6551,1091,10,0,0.0
6552,1092,1,1,1.0
6553,1092,2,1,1.0
6554,1092,3,1,1.0
6555,1092,4,0,1.0
6556,1092,6,1,1.0
6557,1092,8,0,1.0
6558,1093,3,0,0.0
6559,1093,4,0,0.0
6560,1093,5,0,0.0
6561,1093,8,0,0.0
6562,1093,9,0,0.0
6563,1093,10,0,0.0
6564,1094,1,0,0.0
6565,1094,2,0,0.0
6566,1094,4,0,0.0
6567,1094,5,0,0.0
6568,1094,6,0,0.0
6569,1094,10,0,0.0
6570,1095,1,1,1.0
6571,1095,4,0,1.0
6572,1095,5,0,1.0
6573,1095,7,1,1.0
6574,1095,8,0,1.0
6575,1095,10,1,1.0
6576,1096,0,0,0.0
6577,1096,1,0,0.0
6578,1096,3,0,0.0
6579,1096,5,0,0.0
6580,1096,7,0,0.0
6581,1096,8,0,0.0
6582,1097,1,0,0.0
6583,1097,3,0,0.0
6584,1097,4,0,0.0
6585,1097,6,0,0.0
6586,1097,7,0,0.0
6587,1097,9,0,0.0
6588,1098,0,0,0.0
6589,1098,2,2,2.0
6590,1098,3,1,2.0
6591,1098,5,1,2.0
6592,1098,8,2,2.0
6593,1098,9,1,2.0
6594,1099,1,0,0.0
6595,1099,2,0,0.0
6596,1099,3,0,0.0
6597,1099,4,0,0.0
6598,1099,7,0,0.0
6599,1099,8,0,0.0
6600,1100,0,0,0.0
6601,1100,1,0,0.0
6602,1100,2,0,0.0
6603,1100,3,0,0.0
6604,1100,7,0,0.0
6605,1100,9,0,0.0
6606,1101,0,0,0.0
6607,1101,1,0,0.0
6608,1101,3,0,0.0
6609,1101,7,0,0.0
6610,1101,8,0,0.0
6611,1101,10,0,0.0
6612,1102,0,0,0.0
6613,1102,3,0,0.0
6614,1102,5,0,0.0
6615,1102,8,1,1.0
6616,1102,9,0,1.0
6617,1102,10,0,1.0
6618,1103,1,0,0.0
6619,1103,2,0,0.0
6620,1103,5,0,0.0
6621,1103,6,0,0.0
6622,1103,7,0,0.0
6623,1103,8,0,0.0
6624,1104,1,0,0.0
6625,1104,2,0,0.0
6626,1104,3,0,0.0
6627,1104,4,0,0.0
6628,1104,6,0,0.0
6629,1104,7,0,0.0
6630,1105,1,0,0.0
6631,1105,3,0,0.0
6632,1105,4,0,0.0
6633,1105,5,0,0.0
6634,1105,7,0,0.0
6635,1105,8,0,0.0
6636,1106,2,0,0.0
6637,1106,3,0,0.0
6638,1106,4,0,0.0
6639,1106,5,0,0.0
6640,1106,8,0,0.0
6641,1106,9,0,0.0
6642,1107,1,0,0.0
6643,1107,2,0,0.0
6644,1107,4,0,0.0
6645,1107,5,0,0.0
6646,1107,7,0,0.0
6647,1107,9,0,0.0
6648,1108,2,0,0.0
6649,1108,3,0,0.0
6650,1108,4,0,0.0
6651,1108,6,0,0.0
6652,1108,9,1,1.0
6653,1108,10,1,1.0
6654,1109,0,0,0.0
6655,1109,1,0,0.0
6656,1109,2,0,0.0
6657,1109,3,0,0.0
6658,1109,8,0,0.0
6659,1109,9,0,0.0
6660,1110,1,0,0.0
6661,1110,3,0,0.0
6662,1110,4,0,0.0
6663,1110,6,0,0.0
6664,1110,7,0,0.0
6665,1110,8,0,0.0
6666,1111,0,0,0.0
6667,1111,2,1,1.0
6668,1111,4,1,1.0
6669,1111,7,1,1.0
6670,1111,8,0,1.0
6671,1111,10,1,1.0
6672,1112,0,0,0.0
6673,1112,1,0,0.0
6674,1112,2,0,0.0
6675,1112,3,0,0.0
6676,1112,9,0,0.0
6677,1112,10,0,0.0
6678,1113,1,1,1.0
6679,1113,6,0,1.0
6680,1113,7,1,1.0
6681,1113,8,0,1.0
6682,1113,9,1,1.0
6683,1113,10,0,1.0
6684,1114,0,0,0.0
6685,1114,2,0,0.0
6686,1114,5,0,0.0
6687,1114,6,0,0.0
6688,1114,7,0,0.0
6689,1114,9,0,0.0
6690,1115,0,0,0.0
6691,1115,2,0,0.0
6692,1115,6,0,0.0
6693,1115,7,0,0.0
6694,1115,8,0,0.0
6695,1115,9,0,0.0
6696,1116,0,0,0.0
6697,1116,2,0,0.0
6698,1116,3,0,0.0
6699,1116,4,0,0.0
6700,1116,7,0,0.0
6701,1116,9,0,0.0
6702,1117,1,0,0.0
6703,1117,4,0,0.0
6704,1117,5,0,0.0
6705,1117,6,0,0.0
6706,1117,8,0,0.0
6707,1117,9,0,0.0
6708,1118,0,0,0.0
6709,1118,1,0,0.0
6710,1118,3,0,0.0
6711,1118,6,0,0.0
6712,1118,8,0,0.0
6713,1118,9,0,0.0
6714,1119,0,0,0.0
6715,1119,1,0,0.0
6716,1119,3,0,0.0
6717,1119,4,0,0.0
6718,1119,6,0,0.0
6719,1119,10,0,0.0
6720,1120,0,0,0.0
6721,1120,1,0,0.0
6722,1120,4,0,0.0
6723,1120,5,0,0.0
6724,1120,7,0,0.0
6725,1120,8,0,0.0
6726,1121,0,0,0.0
6727,1121,2,0,0.0
6728,1121,6,0,0.0
6729,1121,7,0,0.0
6730,1121,9,0,0.0
6731,1121,10,0,0.0
6732,1122,0,0,0.0
6733,1122,3,1,1.0
6734,1122,4,0,1.0
6735,1122,5,0,1.0
6736,1122,9,1,1.0
6737,1122,10,0,1.0
6738,1123,0,0,0.0
6739,1123,1,0,0.0
6740,1123,2,0,0.0
6741,1123,5,0,0.0
6742,1123,7,1,1.0
6743,1123,10,0,1.0
6744,1124,0,0,0.0
6745,1124,1,0,0.0
6746,1124,2,1,1.0
6747,1124,6,0,1.0
6748,1124,8,0,1.0
6749,1124,9,1,1.0
6750,1125,0,0,0.0
6751,1125,1,0,0.0
6752,1125,4,0,0.0
6753,1125,5,0,0.0
6754,1125,9,0,0.0
6755,1125,10,0,0.0
6756,1126,1,0,0.0
6757,1126,2,0,0.0
6758,1126,3,0,0.0
6759,1126,4,0,0.0
6760,1126,6,0,0.0
6761,1126,10,0,0.0
6762,1127,2,1,1.0
6763,1127,3,1,1.0
6764,1127,5,0,1.0
6765,1127,6,1,1.0
6766,1127,7,1,1.0
6767,1127,9,0,1.0
6768,1128,2,0,0.0
6769,1128,4,0,0.0
6770,1128,5,0,0.0
6771,1128,8,0,0.0
6772,1128,9,0,0.0
6773,1128,10,0,0.0
6774,1129,0,0,0.0
6775,1129,2,0,0.0
6776,1129,3,0,0.0
6777,1129,6,0,0.0
6778,1129,8,0,0.0
6779,1129,9,0,0.0
6780,1130,2,0,0.0
6781,1130,3,1,1.0
6782,1130,4,0,1.0
6783,1130,6,0,1.0
6784,1130,8,0,1.0
6785,1130,9,1,1.0
6786,1131,0,0,0.0
6787,1131,4,0,0.0
6788,1131,6,0,0.0
6789,1131,7,0,0.0
6790,1131,8,0,0.0
6791,1131,9,0,0.0
6792,1132,0,0,0.0
6793,1132,1,0,0.0
6794,1132,3,0,0.0
6795,1132,4,0,0.0
6796,1132,8,0,0.0
6797,1132,9,0,0.0
6798,1133,1,1,1.0
6799,1133,2,0,1.0
6800,1133,4,0,1.0
6801,1133,5,1,1.0
6802,1133,8,0,1.0
6803,1133,10,1,1.0
6804,1134,1,0,0.0
6805,1134,3,0,0.0
6806,1134,4,0,0.0
6807,1134,6,0,0.0
6808,1134,8,0,0.0
6809,1134,10,0,0.0
6810,1135,0,0,0.0
6811,1135,1,0,0.0
6812,1135,2,0,0.0
6813,1135,6,0,0.0
6814,1135,7,0,0.0
6815,1135,8,0,0.0
6816,1136,1,0,0.0
6817,1136,4,1,1.0
6818,1136,5,1,1.0
6819,1136,6,1,1.0
6820,1136,8,1,1.0
6821,1136,10,1,1.0
6822,1137,0,0,0.0
6823,1137,3,0,0.0
6824,1137,4,0,0.0
6825,1137,5,0,0.0
6826,1137,7,0,0.0
6827,1137,8,0,0.0
6828,1138,0,0,0.0
6829,1138,1,1,1.0
6830,1138,3,0,1.0
6831,1138,5,1,1.0
6832,1138,6,1,1.0
6833,1138,9,1,1.0
6834,1139,3,0,0.0
6835,1139,5,0,0.0
6836,1139,6,0,0.0
6837,1139,7,0,0.0
6838,1139,8,0,0.0
6839,1139,9,0,0.0
6840,1140,0,0,0.0
6841,1140,1,0,0.0
6842,1140,3,0,0.0
6843,1140,4,0,0.0
6844,1140,5,0,0.0
6845,1140,8,0,0.0
6846,1141,1,0,0.0
6847,1141,3,0,0.0
6848,1141,4,0,0.0
6849,1141,5,0,0.0
6850,1141,6,0,0.0
6851,1141,10,0,0.0
6852,1142,0,0,0.0
6853,1142,1,0,0.0
6854,1142,5,0,0.0
6855,1142,8,0,0.0
6856,1142,9,0,0.0
6857,1142,10,0,0.0
6858,1143,0,0,0.0
6859,1143,3,0,0.0
6860,1143,5,0,0.0
6861,1143,6,0,0.0
6862,1143,8,1,1.0
6863,1143,10,0,1.0
6864,1144,2,0,0.0
6865,1144,4,0,0.0
6866,1144,5,0,0.0
6867,1144,6,0,0.0
6868,1144,7,0,0.0
6869,1144,9,0,0.0
6870,1145,0,0,0.0
6871,1145,3,1,1.0
6872,1145,4,2,2.0
6873,1145,5,1,2.0
6874,1145,6,0,2.0
6875,1145,10,0,2.0
6876,1146,1,0,0.0
6877,1146,4,1,1.0
6878,1146,5,0,1.0
6879,1146,6,1,1.0
6880,1146,7,0,1.0
6881,1146,9,0,1.0
6882,1147,0,0,0.0
6883,1147,1,0,0.0
6884,1147,5,1,1.0
6885,1147,7,0,1.0
6886,1147,8,0,1.0
6887,1147,10,0,1.0
6888,1148,1,1,1.0
6889,1148,2,0,1.0
6890,1148,4,0,1.0
6891,1148,6,0,1.0
6892,1148,7,1,1.0
6893,1148,9,1,1.0
6894,1149,0,0,0.0
6895,1149,3,1,1.0
6896,1149,4,0,1.0
6897,1149,5,1,1.0
6898,1149,8,0,1.0
6899,1149,10,0,1.0
6900,1150,1,0,0.0
6901,1150,3,0,0.0
6902,1150,4,0,0.0
6903,1150,7,0,0.0
6904,1150,8,0,0.0
6905,1150,9,0,0.0
6906,1151,0,0,0.0
6907,1151,1,0,0.0
6908,1151,6,0,0.0
6909,1151,8,0,0.0
6910,1151,9,0,0.0
6911,1151,10,0,0.0
6912,1152,2,0,0.0
6913,1152,3,0,0.0
6914,1152,4,0,0.0
6915,1152,5,0,0.0
6916,1152,6,0,0.0
6917,1152,9,0,0.0
6918,1153,1,1,1.0
6919,1153,3,0,1.0
6920,1153,5,0,1.0
6921,1153,6,0,1.0
6922,1153,8,0,1.0
6923,1153,10,0,1.0
6924,1154,0,0,0.0
6925,1154,1,0,0.0
6926,1154,2,0,0.0
6927,1154,3,0,0.0
6928,1154,7,0,0.0
6929,1154,8,1,1.0
6930,1155,4,0,0.0
6931,1155,5,0,0.0
6932,1155,6,0,0.0
6933,1155,7,0,0.0
6934,1155,8,0,0.0
6935,1155,9,0,0.0
6936,1156,0,0,0.0
6937,1156,1,0,0.0
6938,1156,2,0,0.0
6939,1156,3,0,0.0
6940,1156,4,0,0.0
6941,1156,5,0,0.0
6942,1157,0,0,0.0
6943,1157,1,0,0.0
6944,1157,3,0,0.0
6945,1157,4,0,0.0
6946,1157,9,1,1.0
6947,1157,10,0,1.0
6948,1158,1,0,0.0
6949,1158,2,0,0.0
6950,1158,4,0,0.0
6951,1158,7,0,0.0
6952,1158,8,0,0.0
6953,1158,9,0,0.0
6954,1159,0,0,0.0
6955,1159,2,0,0.0
6956,1159,4,0,0.0
6957,1159,6,0,0.0
6958,1159,8,0,0.0
6959,1159,9,0,0.0
6960,1160,3,1,1.0
6961,1160,4,0,1.0
6962,1160,5,0,1.0
6963,1160,7,0,1.0
6964,1160,9,0,1.0
6965,1160,10,0,1.0
6966,1161,1,0,0.0
6967,1161,2,0,0.0
6968,1161,3,0,0.0
6969,1161,6,0,0.0
6970,1161,9,0,0.0
6971,1161,10,0,0.0
6972,1162,0,0,0.0
6973,1162,1,1,1.0
6974,1162,4,2,2.0
6975,1162,5,1,2.0
6976,1162,9,1,2.0
6977,1162,10,2,2.0
6978,1163,0,0,0.0
6979,1163,1,0,0.0
6980,1163,2,0,0.0
6981,1163,4,0,0.0
6982,1163,9,0,0.0
6983,1163,10,0,0.0
6984,1164,0,0,0.0
6985,1164,1,0,0.0
6986,1164,3,0,0.0
6987,1164,5,0,0.0
6988,1164,6,0,0.0
6989,1164,8,0,0.0
6990,1165,1,0,0.0
6991,1165,2,0,0.0
6992,1165,3,0,0.0
6993,1165,7,0,0.0
6994,1165,8,0,0.0
6995,1165,10,0,0.0
6996,1166,1,0,0.0
6997,1166,2,0,0.0
6998,1166,4,0,0.0
6999,1166,5,0,0.0
7000,1166,7,0,0.0
7001,1166,9,0,0.0
7002,1167,1,1,1.0
7003,1167,2,0,1.0
7004,1167,3,0,1.0
7005,1167,7,0,1.0
7006,1167,8,0,1.0
7007,1167,9,0,1.0
7008,1168,1,1,1.0
7009,1168,3,1,1.0
7010,1168,5,0,1.0
7011,1168,6,1,1.0
7012,1168,8,1,1.0
7013,1168,9,1,1.0
7014,1169,0,0,0.0
7015,1169,4,0,0.0
7016,1169,5,0,0.0
7017,1169,6,0,0.0
7018,1169,8,0,0.0
7019,1169,10,0,0.0
7020,1170,0,0,0.0
7021,1170,2,0,0.0
7022,1170,4,0,0.0
7023,1170,5,1,1.0
7024,1170,7,1,1.0
7025,1170,8,0,1.0
7026,1171,2,0,0.0
7027,1171,3,1,1.0
7028,1171,4,0,1.0
7029,1171,6,0,1.0
7030,1171,7,0,1.0
7031,1171,10,1,1.0
7032,1172,1,0,0.0
7033,1172,3,0,0.0
7034,1172,4,0,0.0
7035,1172,5,0,0.0
7036,1172,8,0,0.0
7037,1172,10,0,0.0
7038,1173,2,0,0.0
7039,1173,6,0,0.0
7040,1173,7,0,0.0
7041,1173,8,0,0.0
7042,1173,9,0,0.0
7043,1173,10,0,0.0
7044,1174,1,1,1.0
7045,1174,2,2,2.0
7046,1174,4,2,2.0
7047,1174,7,1,2.0
7048,1174,9,1,2.0
7049,1174,10,2,2.0
7050,1175,0,0,0.0
7051,1175,1,1,1.0
7052,1175,4,1,1.0
7053,1175,5,0,1.0
7054,1175,6,1,1.0
7055,1175,8,1,1.0
7056,1176,0,0,0.0
7057,1176,1,0,0.0
7058,1176,3,0,0.0
7059,1176,5,0,0.0
7060,1176,9,0,0.0
7061,1176,10,0,0.0
7062,1177,1,0,0.0
7063,1177,3,0,0.0
7064,1177,4,0,0.0
7065,1177,5,0,0.0
7066,1177,8,0,0.0
7067,1177,9,0,0.0
7068,1178,1,1,1.0
7069,1178,2,0,1.0
7070,1178,3,1,1.0
7071,1178,5,1,1.0
7072,1178,8,0,1.0
7073,1178,10,0,1.0
7074,1179,2,0,0.0
7075,1179,3,0,0.0
7076,1179,4,0,0.0
7077,1179,5,0,0.0
7078,1179,7,0,0.0
7079,1179,8,0,0.0
7080,1180,1,1,1.0
7081,1180,2,0,1.0
7082,1180,5,1,1.0
7083,1180,7,0,1.0
7084,1180,8,1,1.0
7085,1180,10,1,1.0
7086,1181,3,0,0.0
7087,1181,5,1,1.0
7088,1181,6,0,1.0
7089,1181,8,1,1.0
7090,1181,9,0,1.0
7091,1181,10,0,1.0
7092,1182,0,0,0.0
7093,1182,2,1,1.0
7094,1182,5,0,1.0
7095,1182,7,0,1.0
7096,1182,9,0,1.0
7097,1182,10,0,1.0
7098,1183,0,0,0.0
7099,1183,1,0,0.0
7100,1183,4,0,0.0
7101,1183,6,0,0.0
7102,1183,9,0,0.0
7103,1183,10,0,0.0
7104,1184,0,0,0.0
7105,1184,1,0,0.0
7106,1184,2,0,0.0
7107,1184,4,0,0.0
7108,1184,7,0,0.0
7109,1184,9,0,0.0
7110,1185,0,0,0.0
7111,1185,2,1,1.0
7112,1185,3,1,1.0
7113,1185,4,0,1.0
7114,1185,6,0,1.0
7115,1185,7,1,1.0
7116,1186,1,0,0.0
7117,1186,2,0,0.0
7118,1186,3,0,0.0
7119,1186,4,0,0.0
7120,1186,6,0,0.0
7121,1186,7,0,0.0
7122,1187,0,0,0.0
7123,1187,3,0,0.0
7124,1187,6,1,1.0
7125,1187,7,0,1.0
7126,1187,9,0,1.0
7127,1187,10,0,1.0
7128,1188,0,0,0.0
7129,1188,1,1,1.0
7130,1188,2,2,2.0
7131,1188,5,2,2.0
7132,1188,8,0,2.0
7133,1188,9,0,2.0
7134,1189,0,0,0.0
7135,1189,2,0,0.0
7136,1189,4,0,0.0
7137,1189,6,0,0.0
7138,1189,7,1,1.0
7139,1189,9,0,1.0
7140,1190,2,1,1.0
7141,1190,3,0,1.0
7142,1190,4,0,1.0
7143,1190,7,1,1.0
7144,1190,9,1,1.0
7145,1190,10,0,1.0
7146,1191,3,0,0.0
7147,1191,4,0,0.0
7148,1191,5,0,0.0
7149,1191,8,0,0.0
7150,1191,9,1,1.0
7151,1191,10,0,1.0
7152,1192,1,1,1.0
7153,1192,2,2,2.0
7154,1192,4,0,2.0
7155,1192,5,1,2.0
7156,1192,7,0,2.0
7157,1192,8,1,2.0
7158,1193,0,0,0.0
7159,1193,2,2,2.0
7160,1193,4,2,2.0
7161,1193,5,1,2.0
7162,1193,7,2,2.0
7163,1193,10,1,2.0
7164,1194,4,1,1.0
7165,1194,5,0,1.0
7166,1194,6,0,1.0
7167,1194,7,0,1.0
7168,1194,8,0,1.0
7169,1194,10,0,1.0
7170,1195,2,0,0.0
7171,1195,3,0,0.0
7172,1195,4,0,0.0
7173,1195,6,0,0.0
7174,1195,8,0,0.0
7175,1195,9,0,0.0
7176,1196,1,0,0.0
7177,1196,2,0,0.0
7178,1196,5,0,0.0
7179,1196,8,0,0.0
7180,1196,9,0,0.0
7181,1196,10,0,0.0
7182,1197,0,0,0.0
7183,1197,1,1,1.0
7184,1197,2,0,1.0
7185,1197,3,0,1.0
7186,1197,5,0,1.0
7187,1197,10,0,1.0
7188,1198,0,0,0.0
7189,1198,1,0,0.0
7190,1198,3,0,0.0
7191,1198,5,0,0.0
7192,1198,7,0,0.0
7193,1198,10,0,0.0
7194,1199,1,1,1.0
7195,1199,2,0,1.0
7196,1199,3,1,1.0
7197,1199,6,0,1.0
7198,1199,8,0,1.0
7199,1199,9,1,1.0
7200,1200,1,1,1.0
7201,1200,3,1,1.0
7202,1200,4,0,1.0
7203,1200,6,2,2.0
7204,1200,7,1,2.0
7205,1200,8,0,2.0
7206,1201,0,0,0.0
7207,1201,2,1,1.0
7208,1201,4,1,1.0
7209,1201,5,1,1.0
7210,1201,7,1,1.0
7211,1201,10,2,2.0
7212,1202,1,1,1.0
7213,1202,2,1,1.0
7214,1202,5,1,1.0
7215,1202,6,0,1.0
7216,1202,9,1,1.0
7217,1202,10,1,1.0
7218,1203,2,2,2.0
7219,1203,4,2,2.0
7220,1203,5,1,2.0
7221,1203,8,2,2.0
7222,1203,9,1,2.0
7223,1203,10,2,2.0
7224,1204,0,0,0.0
7225,1204,1,0,0.0
7226,1204,3,0,0.0
7227,1204,6,0,0.0
7228,1204,9,0,0.0
7229,1204,10,0,0.0
7230,1205,2,0,0.0
7231,1205,3,0,0.0
7232,1205,4,0,0.0
7233,1205,5,1,1.0
7234,1205,8,0,1.0
7235,1205,10,0,1.0
7236,1206,0,0,0.0
7237,1206,2,0,0.0
7238,1206,3,1,1.0
7239,1206,8,1,1.0
7240,1206,9,0,1.0
7241,1206,10,1,1.0
7242,1207,2,0,0.0
7243,1207,3,1,1.0
7244,1207,4,0,1.0
7245,1207,7,1,1.0
7246,1207,9,0,1.0
7247,1207,10,0,1.0
7248,1208,3,0,0.0
7249,1208,4,0,0.0
7250,1208,5,0,0.0
7251,1208,6,0,0.0
7252,1208,7,0,0.0
7253,1208,8,0,0.0
7254,1209,0,0,0.0
7255,1209,1,0,0.0
7256,1209,2,0,0.0
7257,1209,6,0,0.0
7258,1209,8,0,0.0
7259,1209,9,0,0.0
7260,1210,1,0,0.0
7261,1210,2,0,0.0
7262,1210,3,0,0.0
7263,1210,4,0,0.0
7264,1210,7,0,0.0
7265,1210,8,0,0.0
7266,1211,0,0,0.0
7267,1211,1,0,0.0
7268,1211,3,0,0.0
7269,1211,5,0,0.0
7270,1211,6,0,0.0
7271,1211,9,0,0.0
7272,1212,0,0,0.0
7273,1212,1,1,1.0
7274,1212,4,2,2.0
7275,1212,5,1,2.0
7276,1212,6,2,2.0
7277,1212,10,2,2.0
7278,1213,1,0,0.0
7279,1213,2,0,0.0
7280,1213,4,0,0.0
7281,1213,5,0,0.0
7282,1213,6,0,0.0
7283,1213,9,0,0.0
7284,1214,1,0,0.0
7285,1214,3,0,0.0
7286,1214,5,0,0.0
7287,1214,6,0,0.0
7288,1214,8,0,0.0
7289,1214,10,0,0.0
7290,1215,0,0,0.0
7291,1215,1,0,0.0
7292,1215,2,0,0.0
7293,1215,3,0,0.0
7294,1215,5,1,1.0
7295,1215,10,0,1.0
7296,1216,1,0,0.0
7297,1216,2,0,0.0
7298,1216,3,0,0.0
7299,1216,5,0,0.0
7300,1216,7,0,0.0
7301,1216,9,0,0.0
7302,1217,0,0,0.0
7303,1217,1,0,0.0
7304,1217,2,0,0.0
7305,1217,4,0,0.0
7306,1217,5,0,0.0
7307,1217,6,0,0.0
7308,1218,1,1,1.0
7309,1218,4,0,1.0
7310,1218,5,1,1.0
7311,1218,6,0,1.0
7312,1218,8,0,1.0
7313,1218,10,0,1.0
7314,1219,0,0,0.0
7315,1219,3,0,0.0
7316,1219,4,0,0.0
7317,1219,6,0,0.0
7318,1219,8,0,0.0
7319,1219,9,0,0.0
7320,1220,0,0,0.0
7321,1220,1,0,0.0
7322,1220,2,0,0.0
7323,1220,3,0,0.0
7324,1220,6,0,0.0
7325,1220,9,0,0.0
7326,1221,1,0,0.0
7327,1221,2,0,0.0
7328,1221,6,0,0.0
7329,1221,7,0,0.0
7330,1221,8,0,0.0
7331,1221,10,0,0.0
7332,1222,1,0,0.0
7333,1222,4,0,0.0
7334,1222,5,0,0.0
7335,1222,6,0,0.0
7336,1222,7,0,0.0
7337,1222,10,0,0.0
7338,1223,0,0,0.0
7339,1223,1,0,0.0
7340,1223,3,0,0.0
7341,1223,5,0,0.0
7342,1223,6,0,0.0
7343,1223,10,0,0.0
7344,1224,2,0,0.0
7345,1224,3,0,0.0
7346,1224,5,0,0.0
7347,1224,8,0,0.0
7348,1224,9,0,0.0
7349,1224,10,0,0.0
7350,1225,0,0,0.0
7351,1225,1,0,0.0
7352,1225,2,0,0.0
7353,1225,7,1,1.0
7354,1225,9,1,1.0
7355,1225,10,0,1.0
7356,1226,0,0,0.0
7357,1226,1,1,1.0
7358,1226,2,0,1.0
7359,1226,4,0,1.0
7360,1226,8,0,1.0
7361,1226,9,1,1.0
7362,1227,0,0,0.0
7363,1227,1,0,0.0
7364,1227,4,0,0.0
7365,1227,5,0,0.0
7366,1227,6,0,0.0
7367,1227,9,0,0.0
7368,1228,1,0,0.0
7369,1228,2,0,0.0
7370,1228,4,0,0.0
7371,1228,5,0,0.0
7372,1228,6,0,0.0
7373,1228,10,0,0.0
7374,1229,1,0,0.0
7375,1229,2,0,0.0
7376,1229,3,0,0.0
7377,1229,5,0,0.0
7378,1229,8,1,1.0
7379,1229,10,1,1.0
7380,1230,1,0,0.0
7381,1230,5,1,1.0
7382,1230,6,2,2.0
7383,1230,7,1,2.0
7384,1230,8,1,2.0
7385,1230,9,2,2.0
7386,1231,1,0,0.0
7387,1231,2,0,0.0
7388,1231,3,0,0.0
7389,1231,5,0,0.0
7390,1231,6,0,0.0
7391,1231,10,0,0.0
7392,1232,2,0,0.0
7393,1232,3,0,0.0
7394,1232,5,0,0.0
7395,1232,6,0,0.0
7396,1232,7,0,0.0
7397,1232,8,0,0.0
7398,1233,0,0,0.0
7399,1233,2,0,0.0
7400,1233,3,0,0.0
7401,1233,5,0,0.0
7402,1233,6,0,0.0
7403,1233,9,0,0.0
7404,1234,0,0,0.0
7405,1234,1,0,0.0
7406,1234,2,0,0.0
7407,1234,3,0,0.0
7408,1234,6,0,0.0
7409,1234,9,0,0.0
7410,1235,2,0,0.0
7411,1235,4,0,0.0
7412,1235,5,1,1.0
7413,1235,6,0,1.0
7414,1235,9,1,1.0
7415,1235,10,0,1.0
7416,1236,0,0,0.0
7417,1236,2,0,0.0
7418,1236,4,0,0.0
7419,1236,7,0,0.0
7420,1236,8,1,1.0
7421,1236,9,0,1.0
7422,1237,0,0,0.0
7423,1237,2,0,0.0
7424,1237,4,0,0.0
7425,1237,5,0,0.0
7426,1237,7,0,0.0
7427,1237,8,0,0.0
7428,1238,2,0,0.0
7429,1238,5,0,0.0
7430,1238,6,0,0.0
7431,1238,8,0,0.0
7432,1238,9,0,0.0
7433,1238,10,0,0.0
7434,1239,0,0,0.0
7435,1239,2,2,2.0
7436,1239,4,2,2.0
7437,1239,5,3,3.0
7438,1239,8,2,3.0
7439,1239,10,2,3.0
7440,1240,1,1,1.0
7441,1240,4,0,1.0
7442,1240,5,1,1.0
7443,1240,6,0,1.0
7444,1240,8,0,1.0
7445,1240,9,1,1.0
7446,1241,0,0,0.0
7447,1241,3,0,0.0
7448,1241,4,0,0.0
7449,1241,8,0,0.0
7450,1241,9,0,0.0
7451,1241,10,0,0.0
7452,1242,4,0,0.0
7453,1242,5,0,0.0
7454,1242,7,0,0.0
7455,1242,8,0,0.0
7456,1242,9,0,0.0
7457,1242,10,0,0.0
7458,1243,0,0,0.0
7459,1243,1,1,1.0
7460,1243,5,1,1.0
7461,1243,6,1,1.0
7462,1243,7,1,1.0
7463,1243,9,0,1.0
7464,1244,1,0,0.0
7465,1244,2,0,0.0
7466,1244,6,0,0.0
7467,1244,7,1,1.0
7468,1244,8,0,1.0
7469,1244,9,1,1.0
7470,1245,1,0,0.0
7471,1245,2,0,0.0
7472,1245,5,0,0.0
7473,1245,8,0,0.0
7474,1245,9,0,0.0
7475,1245,10,0,0.0
7476,1246,0,0,0.0
7477,1246,4,0,0.0
7478,1246,5,1,1.0
7479,1246,7,0,1.0
7480,1246,9,0,1.0
7481,1246,10,0,1.0
7482,1247,0,0,0.0
7483,1247,4,0,0.0
7484,1247,5,0,0.0
7485,1247,6,0,0.0
7486,1247,8,0,0.0
7487,1247,9,0,0.0
7488,1248,0,0,0.0
7489,1248,3,1,1.0
7490,1248,4,2,2.0
7491,1248,5,1,2.0
7492,1248,6,2,2.0
7493,1248,9,1,2.0
7494,1249,0,0,0.0
7495,1249,3,0,0.0
7496,1249,4,0,0.0
7497,1249,6,0,0.0
7498,1249,8,0,0.0
7499,1249,9,0,0.0
7500,1250,0,0,0.0
7501,1250,1,0,0.0
7502,1250,3,0,0.0
7503,1250,6,0,0.0
7504,1250,7,0,0.0
7505,1250,10,0,0.0
7506,1251,1,0,0.0
7507,1251,2,0,0.0
7508,1251,3,0,0.0
7509,1251,5,0,0.0
7510,1251,7,0,0.0
7511,1251,9,0,0.0
7512,1252,2,1,1.0
7513,1252,3,1,1.0
7514,1252,4,1,1.0
7515,1252,5,1,1.0
7516,1252,9,1,1.0
7517,1252,10,1,1.0
7518,1253,2,1,1.0
7519,1253,4,0,1.0
7520,1253,5,0,1.0
7521,1253,8,0,1.0
7522,1253,9,0,1.0
7523,1253,10,1,1.0
7524,1254,1,1,1.0
7525,1254,2,1,1.0
7526,1254,3,0,1.0
7527,1254,4,1,1.0
7528,1254,9,1,1.0
7529,1254,10,1,1.0
7530,1255,0,0,0.0
7531,1255,3,0,0.0
7532,1255,5,0,0.0
7533,1255,7,0,0.0
7534,1255,8,0,0.0
7535,1255,9,0,0.0
7536,1256,2,0,0.0
7537,1256,4,0,0.0
7538,1256,7,0,0.0
7539,1256,8,0,0.0
7540,1256,9,0,0.0
7541,1256,10,0,0.0
7542,1257,0,0,0.0
7543,1257,1,0,0.0
7544,1257,2,0,0.0
7545,1257,4,0,0.0
7546,1257,5,0,0.0
7547,1257,6,0,0.0
7548,1258,1,0,0.0
7549,1258,3,0,0.0
7550,1258,4,0,0.0
7551,1258,6,0,0.0
7552,1258,7,0,0.0
7553,1258,9,0,0.0
7554,1259,0,0,0.0
7555,1259,1,0,0.0
7556,1259,2,1,1.0
7557,1259,3,0,1.0
7558,1259,6,0,1.0
7559,1259,9,0,1.0
7560,1260,0,0,0.0
7561,1260,4,0,0.0
7562,1260,5,0,0.0
7563,1260,6,0,0.0
7564,1260,8,0,0.0
7565,1260,9,0,0.0
7566,1261,2,0,0.0
7567,1261,3,0,0.0
7568,1261,4,0,0.0
7569,1261,5,0,0.0
7570,1261,8,0,0.0
7571,1261,10,0,0.0
7572,1262,0,0,0.0
7573,1262,1,0,0.0
7574,1262,3,0,0.0
7575,1262,6,0,0.0
7576,1262,8,0,0.0
7577,1262,9,0,0.0
7578,1263,1,1,1.0
7579,1263,2,1,1.0
7580,1263,4,1,1.0
7581,1263,7,1,1.0
7582,1263,9,1,1.0
7583,1263,10,0,1.0
7584,1264,0,0,0.0
7585,1264,1,0,0.0
7586,1264,3,0,0.0
7587,1264,7,0,0.0
7588,1264,9,2,2.0
7589,1264,10,1,2.0
7590,1265,1,0,0.0
7591,1265,4,0,0.0
7592,1265,6,0,0.0
7593,1265,7,0,0.0
7594,1265,8,0,0.0
7595,1265,9,0,0.0
7596,1266,1,0,0.0
7597,1266,2,0,0.0
7598,1266,3,0,0.0
7599,1266,8,0,0.0
7600,1266,9,0,0.0
7601,1266,10,0,0.0
7602,1267,0,0,0.0
7603,1267,1,0,0.0
7604,1267,2,0,0.0
7605,1267,4,0,0.0
7606,1267,9,0,0.0
7607,1267,10,0,0.0
7608,1268,1,0,0.0
7609,1268,2,0,0.0
7610,1268,3,0,0.0
7611,1268,5,0,0.0
7612,1268,8,0,0.0
7613,1268,10,0,0.0
7614,1269,1,0,0.0
7615,1269,2,0,0.0
7616,1269,3,0,0.0
7617,1269,5,0,0.0
7618,1269,7,0,0.0
7619,1269,8,0,0.0
7620,1270,1,0,0.0
7621,1270,3,0,0.0
7622,1270,4,0,0.0
7623,1270,6,0,0.0
7624,1270,8,0,0.0
7625,1270,10,0,0.0
7626,1271,0,0,0.0
7627,1271,1,0,0.0
7628,1271,2,0,0.0
7629,1271,8,0,0.0
7630,1271,9,0,0.0
7631,1271,10,0,0.0
7632,1272,1,0,0.0
7633,1272,2,0,0.0
7634,1272,3,0,0.0
7635,1272,6,0,0.0
7636,1272,7,0,0.0
7637,1272,9,0,0.0
7638,1273,0,0,0.0
7639,1273,4,0,0.0
7640,1273,5,0,0.0
7641,1273,6,0,0.0
7642,1273,8,0,0.0
7643,1273,9,0,0.0
7644,1274,0,0,0.0
7645,1274,1,0,0.0
7646,1274,2,0,0.0
7647,1274,3,0,0.0
7648,1274,8,0,0.0
7649,1274,10,0,0.0
7650,1275,0,0,0.0
7651,1275,1,0,0.0
7652,1275,2,0,0.0
7653,1275,6,0,0.0
7654,1275,8,0,0.0
7655,1275,10,0,0.0
7656,1276,0,0,0.0
7657,1276,2,0,0.0
7658,1276,3,0,0.0
7659,1276,5,0,0.0
7660,1276,6,0,0.0
7661,1276,10,0,0.0
7662,1277,1,0,0.0
7663,1277,2,0,0.0
7664,1277,4,0,0.0
7665,1277,5,0,0.0
7666,1277,6,0,0.0
7667,1277,10,0,0.0
7668,1278,1,0,0.0
7669,1278,2,0,0.0
7670,1278,4,0,0.0
7671,1278,5,0,0.0
7672,1278,6,0,0.0
7673,1278,9,1,1.0
7674,1279,1,0,0.0
7675,1279,3,0,0.0
7676,1279,4,0,0.0
7677,1279,6,0,0.0
7678,1279,9,0,0.0
7679,1279,10,0,0.0
7680,1280,0,0,0.0
7681,1280,1,0,0.0
7682,1280,2,0,0.0
7683,1280,3,0,0.0
7684,1280,7,0,0.0
7685,1280,10,0,0.0
7686,1281,2,0,0.0
7687,1281,4,0,0.0
7688,1281,6,0,0.0
7689,1281,7,0,0.0
7690,1281,8,0,0.0
7691,1281,10,0,0.0
7692,1282,2,0,0.0
7693,1282,3,0,0.0
7694,1282,5,1,1.0
7695,1282,6,1,1.0
7696,1282,9,1,1.0
7697,1282,10,1,1.0
7698,1283,0,0,0.0
7699,1283,1,0,0.0
7700,1283,2,0,0.0
7701,1283,4,0,0.0
7702,1283,6,0,0.0
7703,1283,9,0,0.0
7704,1284,0,0,0.0
7705,1284,1,0,0.0
7706,1284,2,0,0.0
7707,1284,3,0,0.0
7708,1284,4,0,0.0
7709,1284,9,0,0.0
7710,1285,0,0,0.0
7711,1285,2,0,0.0
7712,1285,3,1,1.0
7713,1285,5,1,1.0
7714,1285,6,0,1.0
7715,1285,10,0,1.0
7716,1286,1,1,1.0
7717,1286,2,1,1.0
7718,1286,3,1,1.0
7719,1286,6,1,1.0
7720,1286,8,1,1.0
7721,1286,9,1,1.0
7722,1287,2,0,0.0
7723,1287,4,0,0.0
7724,1287,5,1,1.0
7725,1287,6,0,1.0
7726,1287,7,1,1.0
7727,1287,10,0,1.0
7728,1288,4,2,2.0
7729,1288,5,1,2.0
7730,1288,6,0,2.0
7731,1288,7,1,2.0
7732,1288,8,0,2.0
7733,1288,9,0,2.0
7734,1289,1,0,0.0
7735,1289,4,0,0.0
7736,1289,5,0,0.0
7737,1289,6,0,0.0
7738,1289,8,0,0.0
7739,1289,9,0,0.0
7740,1290,1,1,1.0
7741,1290,3,1,1.0
7742,1290,4,2,2.0
7743,1290,7,0,2.0
7744,1290,8,1,2.0
7745,1290,10,2,2.0
7746,1291,0,0,0.0
7747,1291,1,0,0.0
7748,1291,3,1,1.0
7749,1291,7,0,1.0
7750,1291,9,0,1.0
7751,1291,10,0,1.0
7752,1292,1,1,1.0
7753,1292,2,0,1.0
7754,1292,4,0,1.0
7755,1292,6,0,1.0
7756,1292,9,0,1.0
7757,1292,10,1,1.0
7758,1293,3,1,1.0
7759,1293,5,1,1.0
7760,1293,7,1,1.0
7761,1293,8,0,1.0
7762,1293,9,1,1.0
7763,1293,10,0,1.0
7764,1294,2,0,0.0
7765,1294,3,0,0.0
7766,1294,5,0,0.0
7767,1294,6,0,0.0
7768,1294,7,0,0.0
7769,1294,10,0,0.0
7770,1295,0,0,0.0
7771,1295,4,0,0.0
7772,1295,5,0,0.0
7773,1295,7,0,0.0
7774,1295,8,0,0.0
7775,1295,10,0,0.0
7776,1296,0,0,0.0
7777,1296,1,1,1.0
7778,1296,2,1,1.0
7779,1296,3,0,1.0
7780,1296,7,0,1.0
7781,1296,9,1,1.0
7782,1297,1,1,1.0
7783,1297,2,1,1.0
7784,1297,6,0,1.0
7785,1297,8,0,1.0
7786,1297,9,0,1.0
7787,1297,10,1,1.0
7788,1298,1,0,0.0
7789,1298,2,0,0.0
7790,1298,5,0,0.0
7791,1298,6,0,0.0
7792,1298,8,0,0.0
7793,1298,9,0,0.0
7794,1299,0,0,0.0
7795,1299,2,0,0.0
7796,1299,3,0,0.0
7797,1299,4,0,0.0
7798,1299,6,0,0.0
7799,1299,7,0,0.0
7800,1300,0,0,0.0
7801,1300,1,0,0.0
7802,1300,2,1,1.0
7803,1300,3,0,1.0
7804,1300,4,1,1.0
7805,1300,5,0,1.0
7806,1301,0,0,0.0
7807,1301,2,0,0.0
7808,1301,5,0,0.0
7809,1301,6,0,0.0
7810,1301,8,0,0.0
7811,1301,10,0,0.0
7812,1302,1,1,1.0
7813,1302,2,1,1.0
7814,1302,3,1,1.0
7815,1302,4,0,1.0
7816,1302,7,1,1.0
7817,1302,9,0,1.0
7818,1303,1,0,0.0
7819,1303,3,0,0.0
7820,1303,5,0,0.0
7821,1303,6,0,0.0
7822,1303,7,0,0.0
7823,1303,9,0,0.0
7824,1304,1,1,1.0
7825,1304,2,2,2.0
7826,1304,3,1,2.0
7827,1304,4,2,2.0
7828,1304,7,1,2.0
7829,1304,9,1,2.0
7830,1305,0,0,0.0
7831,1305,1,0,0.0
7832,1305,2,0,0.0
7833,1305,3,0,0.0
7834,1305,6,0,0.0
7835,1305,7,0,0.0
7836,1306,3,0,0.0
7837,1306,4,0,0.0
7838,1306,5,0,0.0
7839,1306,6,0,0.0
7840,1306,7,0,0.0
7841,1306,10,0,0.0
7842,1307,1,1,1.0
7843,1307,2,0,1.0
7844,1307,3,0,1.0
7845,1307,6,0,1.0
7846,1307,8,1,1.0
7847,1307,10,1,1.0
7848,1308,1,0,0.0
7849,1308,2,0,0.0
7850,1308,5,0,0.0
7851,1308,7,0,0.0
7852,1308,9,0,0.0
7853,1308,10,0,0.0
7854,1309,0,0,0.0
7855,1309,2,0,0.0
7856,1309,4,0,0.0
7857,1309,7,0,0.0
7858,1309,9,0,0.0
7859,1309,10,0,0.0
7860,1310,0,0,0.0
7861,1310,2,0,0.0
7862,1310,4,0,0.0
7863,1310,5,0,0.0
7864,1310,6,0,0.0
7865,1310,10,0,0.0
7866,1311,1,0,0.0
7867,1311,2,0,0.0
7868,1311,3,0,0.0
7869,1311,4,0,0.0
7870,1311,7,0,0.0
7871,1311,8,0,0.0
7872,1312,0,0,0.0
7873,1312,4,0,0.0
7874,1312,5,0,0.0
7875,1312,6,0,0.0
7876,1312,8,0,0.0
7877,1312,10,0,0.0
7878,1313,1,0,0.0
7879,1313,2,0,0.0
7880,1313,3,0,0.0
7881,1313,4,0,0.0
7882,1313,6,0,0.0
7883,1313,7,0,0.0
7884,1314,0,0,0.0
7885,1314,5,0,0.0
7886,1314,6,0,0.0
7887,1314,7,0,0.0
7888,1314,8,0,0.0
7889,1314,9,0,0.0
7890,1315,0,0,0.0
7891,1315,3,0,0.0
7892,1315,5,0,0.0
7893,1315,6,0,0.0
7894,1315,8,1,1.0
7895,1315,10,1,1.0
7896,1316,0,0,0.0
7897,1316,2,0,0.0
7898,1316,4,0,0.0
7899,1316,6,0,0.0
7900,1316,7,0,0.0
7901,1316,8,0,0.0
7902,1317,0,0,0.0
7903,1317,1,0,0.0
7904,1317,2,0,0.0
7905,1317,3,0,0.0
7906,1317,7,0,0.0
7907,1317,8,0,0.0
7908,1318,0,0,0.0
7909,1318,2,0,0.0
7910,1318,4,0,0.0
7911,1318,6,0,0.0
7912,1318,8,0,0.0
7913,1318,10,0,0.0
7914,1319,2,0,0.0
7915,1319,4,0,0.0
7916,1319,5,1,1.0
7917,1319,7,0,1.0
7918,1319,9,0,1.0
7919,1319,10,1,1.0
7920,1320,0,0,0.0
7921,1320,1,0,0.0
7922,1320,3,0,0.0
7923,1320,5,0,0.0
7924,1320,8,0,0.0
7925,1320,9,0,0.0
7926,1321,2,2,2.0
7927,1321,3,3,3.0
7928,1321,4,2,3.0
7929,1321,6,0,3.0
7930,1321,7,1,3.0
7931,1321,8,0,3.0
7932,1322,0,0,0.0
7933,1322,1,0,0.0
7934,1322,2,0,0.0
7935,1322,6,0,0.0
7936,1322,8,0,0.0
7937,1322,10,0,0.0
7938,1323,3,0,0.0
7939,1323,4,0,0.0
7940,1323,5,0,0.0
7941,1323,6,0,0.0
7942,1323,9,0,0.0
7943,1323,10,0,0.0
7944,1324,2,0,0.0
7945,1324,5,0,0.0
7946,1324,6,0,0.0
7947,1324,7,0,0.0
7948,1324,9,0,0.0
7949,1324,10,1,1.0
7950,1325,1,0,0.0
7951,1325,3,0,0.0
7952,1325,5,0,0.0
7953,1325,6,0,0.0
7954,1325,7,0,0.0
7955,1325,8,0,0.0
7956,1326,0,0,0.0
7957,1326,2,0,0.0
7958,1326,3,0,0.0
7959,1326,4,0,0.0
7960,1326,6,0,0.0
7961,1326,10,0,0.0
7962,1327,0,0,0.0
7963,1327,1,0,0.0
7964,1327,3,0,0.0
7965,1327,7,0,0.0
7966,1327,9,0,0.0
7967,1327,10,0,0.0
7968,1328,0,0,0.0
7969,1328,2,0,0.0
7970,1328,3,0,0.0
7971,1328,5,0,0.0
7972,1328,9,1,1.0
7973,1328,10,0,1.0
7974,1329,0,0,0.0
7975,1329,4,0,0.0
7976,1329,5,0,0.0
7977,1329,6,0,0.0
7978,1329,7,0,0.0
7979,1329,10,0,0.0
7980,1330,4,0,0.0
7981,1330,5,1,1.0
7982,1330,6,0,1.0
7983,1330,7,0,1.0
7984,1330,8,0,1.0
7985,1330,10,0,1.0
7986,1331,2,0,0.0
7987,1331,4,0,0.0
7988,1331,6,0,0.0
7989,1331,7,0,0.0
7990,1331,9,0,0.0
7991,1331,10,0,0.0
7992,1332,1,0,0.0
7993,1332,4,0,0.0
7994,1332,5,0,0.0
7995,1332,6,0,0.0
7996,1332,7,0,0.0
7997,1332,8,0,0.0
7998,1333,0,0,0.0
7999,1333,4,0,0.0
8000,1333,5,1,1.0
8001,1333,6,0,1.0
8002,1333,9,1,1.0
8003,1333,10,0,1.0
8004,1334,0,0,0.0
8005,1334,1,0,0.0
8006,1334,5,0,0.0
8007,1334,6,0,0.0
8008,1334,9,0,0.0
8009,1334,10,0,0.0
8010,1335,0,0,0.0
8011,1335,1,0,0.0
8012,1335,3,0,0.0
8013,1335,4,0,0.0
8014,1335,5,0,0.0
8015,1335,10,0,0.0
8016,1336,0,0,0.0
8017,1336,1,0,0.0
8018,1336,3,0,0.0
8019,1336,4,0,0.0
8020,1336,6,1,1.0
8021,1336,9,1,1.0
8022,1337,0,0,0.0
8023,1337,1,0,0.0
8024,1337,2,0,0.0
8025,1337,5,0,0.0
8026,1337,6,0,0.0
8027,1337,8,0,0.0
8028,1338,1,0,0.0
8029,1338,2,0,0.0
8030,1338,3,0,0.0
8031,1338,4,0,0.0
8032,1338,9,0,0.0
8033,1338,10,0,0.0
8034,1339,0,0,0.0
8035,1339,3,0,0.0
8036,1339,4,0,0.0
8037,1339,6,0,0.0
8038,1339,8,0,0.0
8039,1339,10,0,0.0
8040,1340,0,0,0.0
8041,1340,5,1,1.0
8042,1340,6,1,1.0
8043,1340,7,0,1.0
8044,1340,8,0,1.0
8045,1340,9,0,1.0
8046,1341,1,0,0.0
8047,1341,2,0,0.0
8048,1341,3,0,0.0
8049,1341,6,0,0.0
8050,1341,7,0,0.0
8051,1341,8,0,0.0
8052,1342,0,0,0.0
8053,1342,2,0,0.0
8054,1342,3,0,0.0
8055,1342,4,0,0.0
8056,1342,6,0,0.0
8057,1342,10,0,0.0
8058,1343,0,0,0.0
8059,1343,1,0,0.0
8060,1343,3,0,0.0
8061,1343,5,0,0.0
8062,1343,6,0,0.0
8063,1343,9,0,0.0
8064,1344,0,0,0.0
8065,1344,1,0,0.0
8066,1344,2,0,0.0
8067,1344,3,0,0.0
8068,1344,7,0,0.0
8069,1344,8,0,0.0
8070,1345,0,0,0.0
8071,1345,1,0,0.0
8072,1345,4,0,0.0
8073,1345,5,0,0.0
8074,1345,7,0,0.0
8075,1345,9,0,0.0
8076,1346,1,0,0.0
8077,1346,2,0,0.0
8078,1346,4,0,0.0
8079,1346,5,0,0.0
8080,1346,7,0,0.0
8081,1346,8,0,0.0
8082,1347,1,1,1.0
8083,1347,3,1,1.0
8084,1347,4,2,2.0
8085,1347,5,1,2.0
8086,1347,8,1,2.0
8087,1347,10,1,2.0
8088,1348,1,0,0.0
8089,1348,2,0,0.0
8090,1348,4,0,0.0
8091,1348,6,0,0.0
8092,1348,7,0,0.0
8093,1348,8,0,0.0
8094,1349,0,0,0.0
8095,1349,1,0,0.0
8096,1349,4,0,0.0
8097,1349,7,0,0.0
8098,1349,8,0,0.0
8099,1349,10,1,1.0
8100,1350,1,0,0.0
8101,1350,2,0,0.0
8102,1350,5,0,0.0
8103,1350,6,0,0.0
8104,1350,9,0,0.0
8105,1350,10,0,0.0
8106,1351,0,0,0.0
8107,1351,1,1,1.0
8108,1351,5,1,1.0
8109,1351,6,1,1.0
8110,1351,8,1,1.0
8111,1351,9,1,1.0
8112,1352,2,1,1.0
8113,1352,5,1,1.0
8114,1352,7,1,1.0
8115,1352,8,1,1.0
8116,1352,9,1,1.0
8117,1352,10,0,1.0
8118,1353,0,0,0.0
8119,1353,1,1,1.0
8120,1353,2,0,1.0
8121,1353,3,1,1.0
8122,1353,4,0,1.0
8123,1353,7,0,1.0
8124,1354,0,0,0.0
8125,1354,2,0,0.0
8126,1354,6,0,0.0
8127,1354,7,0,0.0
8128,1354,9,0,0.0
8129,1354,10,0,0.0
8130,1355,0,0,0.0
8131,1355,3,0,0.0
8132,1355,4,0,0.0
8133,1355,5,0,0.0
8134,1355,6,0,0.0
8135,1355,8,0,0.0
8136,1356,0,0,0.0
8137,1356,2,0,0.0
8138,1356,3,0,0.0
8139,1356,4,0,0.0
8140,1356,7,0,0.0
8141,1356,9,0,0.0
8142,1357,1,0,0.0
8143,1357,3,0,0.0
8144,1357,4,0,0.0
8145,1357,5,0,0.0
8146,1357,6,0,0.0
8147,1357,10,0,0.0
8148,1358,2,1,1.0
8149,1358,3,0,1.0
8150,1358,6,0,1.0
8151,1358,7,1,1.0
8152,1358,8,0,1.0
8153,1358,9,1,1.0
8154,1359,0,0,0.0
8155,1359,3,0,0.0
8156,1359,4,0,0.0
8157,1359,7,0,0.0
8158,1359,9,0,0.0
8159,1359,10,0,0.0
8160,1360,0,0,0.0
8161,1360,2,0,0.0
8162,1360,3,0,0.0
8163,1360,7,0,0.0
8164,1360,8,0,0.0
8165,1360,10,0,0.0
8166,1361,1,0,0.0
8167,1361,2,0,0.0
8168,1361,3,0,0.0
8169,1361,4,0,0.0
8170,1361,5,0,0.0
8171,1361,7,0,0.0
8172,1362,1,1,1.0
8173,1362,2,2,2.0
8174,1362,3,1,2.0
8175,1362,4,0,2.0
8176,1362,6,0,2.0
8177,1362,9,1,2.0
8178,1363,1,1,1.0
8179,1363,3,0,1.0
8180,1363,5,0,1.0
8181,1363,7,0,1.0
8182,1363,8,0,1.0
8183,1363,9,1,1.0
8184,1364,1,0,0.0
8185,1364,2,0,0.0
8186,1364,3,0,0.0
8187,1364,4,0,0.0
8188,1364,6,0,0.0
8189,1364,9,0,0.0
8190,1365,0,0,0.0
8191,1365,1,0,0.0
8192,1365,3,0,0.0
8193,1365,5,0,0.0
8194,1365,7,0,0.0
8195,1365,8,0,0.0
8196,1366,0,0,0.0
8197,1366,1,0,0.0
8198,1366,2,0,0.0
8199,1366,4,0,0.0
8200,1366,7,0,0.0
8201,1366,10,0,0.0
8202,1367,1,0,0.0
8203,1367,2,0,0.0
8204,1367,5,0,0.0
8205,1367,6,0,0.0
8206,1367,7,0,0.0
8207,1367,8,0,0.0
8208,1368,1,1,1.0
8209,1368,3,1,1.0
8210,1368,4,2,2.0
8211,1368,7,1,2.0
8212,1368,9,1,2.0
8213,1368,10,2,2.0
8214,1369,2,0,0.0
8215,1369,3,0,0.0
8216,1369,5,0,0.0
8217,1369,6,0,0.0
8218,1369,7,0,0.0
8219,1369,8,0,0.0
8220,1370,0,0,0.0
8221,1370,1,1,1.0
8222,1370,5,1,1.0
8223,1370,6,0,1.0
8224,1370,7,1,1.0
8225,1370,8,0,1.0
8226,1371,1,0,0.0
8227,1371,3,0,0.0
8228,1371,4,0,0.0
8229,1371,5,0,0.0
8230,1371,6,0,0.0
8231,1371,7,0,0.0
8232,1372,1,0,0.0
8233,1372,2,0,0.0
8234,1372,3,0,0.0
8235,1372,4,0,0.0
8236,1372,6,0,0.0
8237,1372,7,0,0.0
8238,1373,1,0,0.0
8239,1373,3,0,0.0
8240,1373,4,0,0.0
8241,1373,5,0,0.0
8242,1373,6,0,0.0
8243,1373,7,0,0.0
8244,1374,0,0,0.0
8245,1374,3,1,1.0
8246,1374,6,0,1.0
8247,1374,7,1,1.0
8248,1374,8,0,1.0
8249,1374,10,0,1.0
8250,1375,0,0,0.0
8251,1375,1,0,0.0
8252,1375,2,0,0.0
8253,1375,4,0,0.0
8254,1375,5,0,0.0
8255,1375,10,0,0.0
8256,1376,1,0,0.0
8257,1376,2,0,0.0
8258,1376,5,0,0.0
8259,1376,6,0,0.0
8260,1376,7,0,0.0
8261,1376,9,0,0.0
8262,1377,0,0,0.0
8263,1377,1,1,1.0
8264,1377,2,1,1.0
8265,1377,3,1,1.0
8266,1377,7,1,1.0
8267,1377,10,1,1.0
8268,1378,1,1,1.0
8269,1378,2,0,1.0
8270,1378,3,1,1.0
8271,1378,5,1,1.0
8272,1378,6,0,1.0
8273,1378,8,0,1.0
8274,1379,0,0,0.0
8275,1379,2,0,0.0
8276,1379,3,0,0.0
8277,1379,4,0,0.0
8278,1379,7,0,0.0
8279,1379,8,1,1.0
8280,1380,0,0,0.0
8281,1380,1,0,0.0
8282,1380,2,0,0.0
8283,1380,5,0,0.0
8284,1380,6,0,0.0
8285,1380,8,0,0.0
8286,1381,0,0,0.0
8287,1381,1,0,0.0
8288,1381,3,0,0.0
8289,1381,5,0,0.0
8290,1381,6,0,0.0
8291,1381,7,0,0.0
8292,1382,0,0,0.0
8293,1382,1,0,0.0
8294,1382,6,0,0.0
8295,1382,8,0,0.0
8296,1382,9,0,0.0
8297,1382,10,0,0.0
8298,1383,0,0,0.0
8299,1383,1,0,0.0
8300,1383,3,0,0.0
8301,1383,5,1,1.0
8302,1383,7,0,1.0
8303,1383,8,0,1.0
8304,1384,0,0,0.0
8305,1384,1,0,0.0
8306,1384,2,0,0.0
8307,1384,5,0,0.0
8308,1384,6,0,0.0
8309,1384,9,0,0.0
8310,1385,0,0,0.0
8311,1385,1,0,0.0
8312,1385,3,0,0.0
8313,1385,6,0,0.0
8314,1385,8,0,0.0
8315,1385,10,0,0.0
8316,1386,2,0,0.0
8317,1386,4,0,0.0
8318,1386,6,0,0.0
8319,1386,8,0,0.0
8320,1386,9,0,0.0
8321,1386,10,0,0.0
8322,1387,0,0,0.0
8323,1387,2,0,0.0
8324,1387,5,0,0.0
8325,1387,6,0,0.0
8326,1387,8,0,0.0
8327,1387,10,0,0.0
8328,1388,1,0,0.0
8329,1388,3,0,0.0
8330,1388,4,0,0.0
8331,1388,5,0,0.0
8332,1388,6,0,0.0
8333,1388,8,0,0.0
8334,1389,1,0,0.0
8335,1389,3,0,0.0
8336,1389,5,0,0.0
8337,1389,6,0,0.0
8338,1389,9,0,0.0
8339,1389,10,0,0.0
8340,1390,1,0,0.0
8341,1390,2,0,0.0
8342,1390,6,0,0.0
8343,1390,8,0,0.0
8344,1390,9,0,0.0
8345,1390,10,0,0.0
8346,1391,0,0,0.0
8347,1391,2,1,1.0
8348,1391,5,0,1.0
8349,1391,8,1,1.0
8350,1391,9,0,1.0
8351,1391,10,1,1.0
8352,1392,0,0,0.0
8353,1392,1,0,0.0
8354,1392,2,0,0.0
8355,1392,4,0,0.0
8356,1392,5,0,0.0
8357,1392,9,0,0.0
8358,1393,0,0,0.0
8359,1393,2,0,0.0
8360,1393,3,0,0.0
8361,1393,4,1,1.0
8362,1393,6,1,1.0
8363,1393,7,0,1.0
8364,1394,0,0,0.0
8365,1394,4,0,0.0
8366,1394,5,0,0.0
8367,1394,7,0,0.0
8368,1394,8,0,0.0
8369,1394,10,0,0.0
8370,1395,0,0,0.0
8371,1395,3,0,0.0
8372,1395,4,0,0.0
8373,1395,5,0,0.0
8374,1395,7,0,0.0
8375,1395,9,0,0.0
8376,1396,1,0,0.0
8377,1396,2,1,1.0
8378,1396,4,0,1.0
8379,1396,6,1,1.0
8380,1396,8,0,1.0
8381,1396,9,0,1.0
8382,1397,0,0,0.0
8383,1397,3,0,0.0
8384,1397,4,0,0.0
8385,1397,5,0,0.0
8386,1397,6,0,0.0
8387,1397,9,0,0.0
8388,1398,1,0,0.0
8389,1398,3,0,0.0
8390,1398,4,0,0.0
8391,1398,5,0,0.0
8392,1398,6,1,1.0
8393,1398,9,0,1.0
8394,1399,0,0,0.0
8395,1399,2,0,0.0
8396,1399,3,0,0.0
8397,1399,4,0,0.0
8398,1399,5,0,0.0
8399,1399,10,0,0.0
8400,1400,2,2,2.0
8401,1400,4,2,2.0
8402,1400,5,1,2.0
8403,1400,6,2,2.0
8404,1400,8,2,2.0
8405,1400,9,1,2.0
8406,1401,0,0,0.0
8407,1401,3,0,0.0
8408,1401,4,0,0.0
8409,1401,6,1,1.0
8410,1401,8,0,1.0
8411,1401,10,0,1.0
8412,1402,3,0,0.0
8413,1402,5,0,0.0
8414,1402,6,0,0.0
8415,1402,7,0,0.0
8416,1402,8,0,0.0
8417,1402,9,0,0.0
8418,1403,0,0,0.0
8419,1403,1,0,0.0
8420,1403,3,0,0.0
8421,1403,5,0,0.0
8422,1403,6,0,0.0
8423,1403,7,0,0.0
8424,1404,0,0,0.0
8425,1404,2,0,0.0
8426,1404,3,0,0.0
8427,1404,5,0,0.0
8428,1404,6,0,0.0
8429,1404,9,0,0.0
8430,1405,0,0,0.0
8431,1405,1,0,0.0
8432,1405,2,0,0.0
8433,1405,4,0,0.0
8434,1405,5,0,0.0
8435,1405,6,0,0.0
8436,1406,1,0,0.0
8437,1406,2,1,1.0
8438,1406,3,0,1.0
8439,1406,6,1,1.0
8440,1406,8,1,1.0
8441,1406,9,0,1.0
8442,1407,1,0,0.0
8443,1407,2,0,0.0
8444,1407,3,0,0.0
8445,1407,4,0,0.0
8446,1407,9,0,0.0
8447,1407,10,1,1.0
8448,1408,0,0,0.0
8449,1408,2,1,1.0
8450,1408,4,1,1.0
8451,1408,5,0,1.0
8452,1408,6,1,1.0
8453,1408,8,1,1.0
8454,1409,0,0,0.0
8455,1409,1,0,0.0
8456,1409,2,0,0.0
8457,1409,4,0,0.0
8458,1409,7,0,0.0
8459,1409,10,0,0.0
8460,1410,0,0,0.0
8461,1410,1,0,0.0
8462,1410,4,0,0.0
8463,1410,6,0,0.0
8464,1410,7,0,0.0
8465,1410,8,0,0.0
8466,1411,1,1,1.0
8467,1411,2,0,1.0
8468,1411,5,0,1.0
8469,1411,6,0,1.0
8470,1411,9,0,1.0
8471,1411,10,0,1.0
8472,1412,0,0,0.0
8473,1412,1,1,1.0
8474,1412,3,1,1.0
8475,1412,5,1,1.0
8476,1412,6,0,1.0
8477,1412,10,0,1.0
8478,1413,0,0,0.0
8479,1413,1,0,0.0
8480,1413,4,1,1.0
8481,1413,5,1,1.0
8482,1413,6,1,1.0
8483,1413,8,1,1.0
8484,1414,0,0,0.0
8485,1414,1,1,1.0
8486,1414,4,1,1.0
8487,1414,5,1,1.0
8488,1414,6,1,1.0
8489,1414,9,0,1.0
8490,1415,2,2,2.0
8491,1415,3,1,2.0
8492,1415,5,1,2.0
8493,1415,6,2,2.0
8494,1415,7,1,2.0
8495,1415,10,2,2.0
8496,1416,0,0,0.0
8497,1416,2,2,2.0
8498,1416,3,3,3.0
8499,1416,6,2,3.0
8500,1416,8,2,3.0
8501,1416,10,0,3.0
8502,1417,0,0,0.0
8503,1417,2,0,0.0
8504,1417,5,0,0.0
8505,1417,7,0,0.0
8506,1417,8,0,0.0
8507,1417,9,0,0.0
8508,1418,1,0,0.0
8509,1418,2,1,1.0
8510,1418,3,1,1.0
8511,1418,6,0,1.0
8512,1418,7,0,1.0
8513,1418,10,0,1.0
8514,1419,0,0,0.0
8515,1419,1,1,1.0
8516,1419,2,2,2.0
8517,1419,3,1,2.0
8518,1419,6,2,2.0
8519,1419,10,2,2.0
8520,1420,0,0,0.0
8521,1420,1,1,1.0
8522,1420,2,1,1.0
8523,1420,4,1,1.0
8524,1420,5,2,2.0
8525,1420,6,1,2.0
8526,1421,0,0,0.0
8527,1421,1,0,0.0
8528,1421,3,0,0.0
8529,1421,6,0,0.0
8530,1421,7,0,0.0
8531,1421,8,0,0.0
8532,1422,0,0,0.0
8533,1422,2,0,0.0
8534,1422,4,1,1.0
8535,1422,5,1,1.0
8536,1422,6,1,1.0
8537,1422,7,1,1.0
8538,1423,1,0,0.0
8539,1423,2,0,0.0
8540,1423,3,0,0.0
8541,1423,5,0,0.0
8542,1423,7,0,0.0
8543,1423,9,0,0.0
8544,1424,4,2,2.0
8545,1424,5,1,2.0
8546,1424,6,2,2.0
8547,1424,7,1,2.0
8548,1424,9,1,2.0
8549,1424,10,2,2.0
8550,1425,0,0,0.0
8551,1425,1,0,0.0
8552,1425,2,0,0.0
8553,1425,7,0,0.0
8554,1425,8,0,0.0
8555,1425,10,0,0.0
8556,1426,0,0,0.0
8557,1426,2,0,0.0
8558,1426,3,0,0.0
8559,1426,4,0,0.0
8560,1426,6,0,0.0
8561,1426,7,0,0.0
8562,1427,1,0,0.0
8563,1427,4,0,0.0
8564,1427,5,0,0.0
8565,1427,6,0,0.0
8566,1427,7,0,0.0
8567,1427,9,0,0.0
8568,1428,1,1,1.0
8569,1428,2,2,2.0
8570,1428,4,0,2.0
8571,1428,5,1,2.0
8572,1428,8,0,2.0
8573,1428,9,1,2.0
8574,1429,1,1,1.0
8575,1429,2,1,1.0
8576,1429,5,1,1.0
8577,1429,6,1,1.0
8578,1429,7,1,1.0
8579,1429,9,1,1.0
8580,1430,1,1,1.0
8581,1430,2,0,1.0
8582,1430,4,0,1.0
8583,1430,5,1,1.0
8584,1430,6,0,1.0
8585,1430,8,0,1.0
8586,1431,0,0,0.0
8587,1431,3,0,0.0
8588,1431,6,0,0.0
8589,1431,7,0,0.0
8590,1431,8,0,0.0
8591,1431,10,0,0.0
8592,1432,0,0,0.0
8593,1432,3,1,1.0
8594,1432,5,0,1.0
8595,1432,6,1,1.0
8596,1432,8,1,1.0
8597,1432,10,0,1.0
8598,1433,0,0,0.0
8599,1433,2,0,0.0
8600,1433,3,0,0.0
8601,1433,4,0,0.0
8602,1433,6,0,0.0
8603,1433,7,0,0.0
8604,1434,4,0,0.0
8605,1434,6,0,0.0
8606,1434,7,0,0.0
8607,1434,8,0,0.0
8608,1434,9,0,0.0
8609,1434,10,0,0.0
8610,1435,0,0,0.0
8611,1435,1,0,0.0
8612,1435,2,0,0.0
8613,1435,3,0,0.0
8614,1435,4,0,0.0
8615,1435,8,0,0.0
8616,1436,0,0,0.0
8617,1436,2,0,0.0
8618,1436,3,0,0.0
8619,1436,4,0,0.0
8620,1436,6,0,0.0
8621,1436,9,0,0.0
8622,1437,0,0,0.0
8623,1437,1,1,1.0
8624,1437,2,0,1.0
8625,1437,5,1,1.0
8626,1437,6,1,1.0
8627,1437,10,0,1.0
8628,1438,0,0,0.0
8629,1438,2,0,0.0
8630,1438,4,0,0.0
8631,1438,7,1,1.0
8632,1438,8,1,1.0
8633,1438,9,1,1.0
8634,1439,1,0,0.0
8635,1439,2,0,0.0
8636,1439,4,0,0.0
8637,1439,5,0,0.0
8638,1439,8,0,0.0
8639,1439,10,0,0.0
8640,1440,1,0,0.0
8641,1440,2,0,0.0
8642,1440,4,0,0.0
8643,1440,5,0,0.0
8644,1440,6,0,0.0
8645,1440,8,0,0.0
8646,1441,0,0,0.0
8647,1441,2,1,1.0
8648,1441,3,2,2.0
8649,1441,4,1,2.0
8650,1441,6,1,2.0
8651,1441,9,2,2.0
8652,1442,0,0,0.0
8653,1442,3,0,0.0
8654,1442,6,0,0.0
8655,1442,7,0,0.0
8656,1442,8,0,0.0
8657,1442,9,0,0.0
8658,1443,2,0,0.0
8659,1443,3,0,0.0
8660,1443,4,0,0.0
8661,1443,6,0,0.0
8662,1443,8,0,0.0
8663,1443,9,0,0.0
8664,1444,0,0,0.0
8665,1444,1,0,0.0
8666,1444,3,0,0.0
8667,1444,5,0,0.0
8668,1444,7,0,0.0
8669,1444,9,0,0.0
8670,1445,1,0,0.0
8671,1445,2,0,0.0
8672,1445,4,0,0.0
8673,1445,6,0,0.0
8674,1445,9,0,0.0
8675,1445,10,0,0.0
8676,1446,3,0,0.0
8677,1446,4,0,0.0
8678,1446,6,0,0.0
8679,1446,7,0,0.0
8680,1446,8,0,0.0
8681,1446,9,0,0.0
8682,1447,0,0,0.0
8683,1447,2,0,0.0
8684,1447,3,0,0.0
8685,1447,5,0,0.0
8686,1447,6,0,0.0
8687,1447,10,0,0.0
8688,1448,0,0,0.0
8689,1448,1,0,0.0
8690,1448,4,0,0.0
8691,1448,5,0,0.0
8692,1448,6,0,0.0
8693,1448,8,0,0.0
8694,1449,0,0,0.0
8695,1449,2,0,0.0
8696,1449,4,0,0.0
8697,1449,5,0,0.0
8698,1449,7,0,0.0
8699,1449,10,0,0.0
8700,1450,0,0,0.0
8701,1450,2,0,0.0
8702,1450,4,0,0.0
8703,1450,7,0,0.0
8704,1450,8,0,0.0
8705,1450,10,0,0.0
8706,1451,0,0,0.0
8707,1451,2,1,1.0
8708,1451,3,1,1.0
8709,1451,6,1,1.0
8710,1451,7,0,1.0
8711,1451,9,1,1.0
8712,1452,2,2,2.0
8713,1452,3,1,2.0
8714,1452,4,0,2.0
8715,1452,5,1,2.0
8716,1452,7,1,2.0
8717,1452,9,1,2.0
8718,1453,0,0,0.0
8719,1453,2,0,0.0
8720,1453,7,1,1.0
8721,1453,8,1,1.0
8722,1453,9,1,1.0
8723,1453,10,1,1.0
8724,1454,2,0,0.0
8725,1454,3,0,0.0
8726,1454,5,0,0.0
8727,1454,6,0,0.0
8728,1454,7,0,0.0
8729,1454,8,0,0.0
8730,1455,0,0,0.0
8731,1455,3,0,0.0
8732,1455,4,0,0.0
8733,1455,7,0,0.0
8734,1455,8,0,0.0
8735,1455,10,0,0.0
8736,1456,1,0,0.0
8737,1456,2,0,0.0
8738,1456,3,0,0.0
8739,1456,5,0,0.0
8740,1456,6,0,0.0
8741,1456,10,0,0.0
8742,1457,0,0,0.0
8743,1457,1,0,0.0
8744,1457,3,0,0.0
8745,1457,6,0,0.0
8746,1457,9,0,0.0
8747,1457,10,0,0.0
8748,1458,2,0,0.0
8749,1458,5,0,0.0
8750,1458,6,0,0.0
8751,1458,8,0,0.0
8752,1458,9,0,0.0
8753,1458,10,0,0.0
8754,1459,0,0,0.0
8755,1459,3,1,1.0
8756,1459,4,0,1.0
8757,1459,6,0,1.0
8758,1459,7,1,1.0
8759,1459,10,0,1.0
8760,1460,0,0,0.0
8761,1460,2,0,0.0
8762,1460,5,0,0.0
8763,1460,6,0,0.0
8764,1460,8,0,0.0
8765,1460,10,0,0.0
8766,1461,1,0,0.0
8767,1461,2,0,0.0
8768,1461,3,0,0.0
8769,1461,4,0,0.0
8770,1461,5,0,0.0
8771,1461,10,0,0.0
8772,1462,1,0,0.0
8773,1462,2,0,0.0
8774,1462,3,0,0.0
8775,1462,4,0,0.0
8776,1462,6,0,0.0
8777,1462,7,0,0.0
8778,1463,0,0,0.0
8779,1463,4,0,0.0
8780,1463,6,0,0.0
8781,1463,7,0,0.0
8782,1463,9,0,0.0
8783,1463,10,1,1.0
8784,1464,1,0,0.0
8785,1464,4,0,0.0
8786,1464,5,0,0.0
8787,1464,6,0,0.0
8788,1464,8,0,0.0
8789,1464,10,0,0.0
8790,1465,0,0,0.0
8791,1465,2,2,2.0
8792,1465,3,1,2.0
8793,1465,6,2,2.0
8794,1465,8,0,2.0
8795,1465,9,1,2.0
8796,1466,1,0,0.0
8797,1466,2,0,0.0
8798,1466,5,0,0.0
8799,1466,6,0,0.0
8800,1466,7,0,0.0
8801,1466,8,0,0.0
8802,1467,0,0,0.0
8803,1467,4,0,0.0
8804,1467,5,0,0.0
8805,1467,6,0,0.0
8806,1467,7,0,0.0
8807,1467,9,0,0.0
8808,1468,0,0,0.0
8809,1468,3,1,1.0
8810,1468,4,0,1.0
8811,1468,5,1,1.0
8812,1468,6,2,2.0
8813,1468,8,2,2.0
8814,1469,0,0,0.0
8815,1469,1,0,0.0
8816,1469,2,0,0.0
8817,1469,4,0,0.0
8818,1469,6,0,0.0
8819,1469,9,0,0.0
8820,1470,1,0,0.0
8821,1470,4,0,0.0
8822,1470,5,0,0.0
8823,1470,6,0,0.0
8824,1470,7,0,0.0
8825,1470,8,0,0.0
8826,1471,0,0,0.0
8827,1471,1,0,0.0
8828,1471,2,0,0.0
8829,1471,3,0,0.0
8830,1471,5,0,0.0
8831,1471,6,0,0.0
8832,1472,1,1,1.0
8833,1472,2,0,1.0
8834,1472,4,0,1.0
8835,1472,5,0,1.0
8836,1472,8,0,1.0
8837,1472,9,0,1.0
8838,1473,1,1,1.0
8839,1473,4,1,1.0
8840,1473,5,1,1.0
8841,1473,6,0,1.0
8842,1473,9,0,1.0
8843,1473,10,1,1.0
8844,1474,0,0,0.0
8845,1474,2,0,0.0
8846,1474,3,0,0.0
8847,1474,4,0,0.0
8848,1474,6,0,0.0
8849,1474,7,0,0.0
8850,1475,0,0,0.0
8851,1475,1,0,0.0
8852,1475,4,0,0.0
8853,1475,5,0,0.0
8854,1475,7,0,0.0
8855,1475,10,0,0.0
8856,1476,1,0,0.0
8857,1476,3,0,0.0
8858,1476,4,0,0.0
8859,1476,7,0,0.0
8860,1476,8,0,0.0
8861,1476,10,0,0.0
8862,1477,0,0,0.0
8863,1477,3,0,0.0
8864,1477,4,0,0.0
8865,1477,6,0,0.0
8866,1477,7,0,0.0
8867,1477,8,0,0.0
8868,1478,1,0,0.0
8869,1478,2,0,0.0
8870,1478,3,0,0.0
8871,1478,4,0,0.0
8872,1478,5,1,1.0
8873,1478,10,0,1.0
8874,1479,0,0,0.0
8875,1479,1,0,0.0
8876,1479,2,0,0.0
8877,1479,3,0,0.0
8878,1479,4,0,0.0
8879,1479,7,0,0.0
8880,1480,0,0,0.0
8881,1480,1,1,1.0
8882,1480,5,1,1.0
8883,1480,7,3,3.0
8884,1480,8,2,3.0
8885,1480,9,1,3.0
8886,1481,2,0,0.0
8887,1481,3,1,1.0
8888,1481,4,0,1.0
8889,1481,7,1,1.0
8890,1481,9,1,1.0
8891,1481,10,0,1.0
8892,1482,1,0,0.0
8893,1482,3,0,0.0
8894,1482,6,0,0.0
8895,1482,7,0,0.0
8896,1482,8,0,0.0
8897,1482,9,0,0.0
8898,1483,0,0,0.0
8899,1483,1,0,0.0
8900,1483,5,0,0.0
8901,1483,7,0,0.0
8902,1483,9,0,0.0
8903,1483,10,0,0.0
8904,1484,2,0,0.0
8905,1484,4,0,0.0
8906,1484,5,1,1.0
8907,1484,7,0,1.0
8908,1484,8,1,1.0
8909,1484,10,0,1.0
8910,1485,2,1,1.0
8911,1485,3,0,1.0
8912,1485,4,1,1.0
8913,1485,8,0,1.0
8914,1485,9,0,1.0
8915,1485,10,1,1.0
8916,1486,1,0,0.0
8917,1486,2,1,1.0
8918,1486,3,0,1.0
8919,1486,4,0,1.0
8920,1486,6,0,1.0
8921,1486,10,0,1.0
8922,1487,0,0,0.0
8923,1487,3,0,0.0
8924,1487,4,0,0.0
8925,1487,5,0,0.0
8926,1487,9,0,0.0
8927,1487,10,0,0.0
8928,1488,0,0,0.0
8929,1488,1,1,1.0
8930,1488,5,1,1.0
8931,1488,7,1,1.0
8932,1488,9,1,1.0
8933,1488,10,1,1.0
8934,1489,1,1,1.0
8935,1489,2,1,1.0
8936,1489,4,1,1.0
8937,1489,5,0,1.0
8938,1489,8,0,1.0
8939,1489,9,1,1.0
8940,1490,1,1,1.0
8941,1490,2,1,1.0
8942,1490,4,1,1.0
8943,1490,5,0,1.0
8944,1490,9,0,1.0
8945,1490,10,1,1.0
8946,1491,0,0,0.0
8947,1491,5,0,0.0
8948,1491,6,0,0.0
8949,1491,7,0,0.0
8950,1491,8,0,0.0
8951,1491,10,0,0.0
8952,1492,0,0,0.0
8953,1492,4,1,1.0
8954,1492,6,0,1.0
8955,1492,7,1,1.0
8956,1492,8,0,1.0
8957,1492,9,1,1.0
8958,1493,2,0,0.0
8959,1493,5,0,0.0
8960,1493,6,0,0.0
8961,1493,7,0,0.0
8962,1493,8,0,0.0
8963,1493,10,0,0.0
8964,1494,0,0,0.0
8965,1494,4,0,0.0
8966,1494,5,0,0.0
8967,1494,6,0,0.0
8968,1494,7,0,0.0
8969,1494,8,0,0.0
8970,1495,0,0,0.0
8971,1495,1,1,1.0
8972,1495,3,0,1.0
8973,1495,6,1,1.0
8974,1495,8,1,1.0
8975,1495,10,0,1.0
8976,1496,0,0,0.0
8977,1496,1,0,0.0
8978,1496,2,0,0.0
8979,1496,3,0,0.0
8980,1496,4,0,0.0
8981,1496,8,0,0.0
8982,1497,0,0,0.0
8983,1497,1,0,0.0
8984,1497,3,0,0.0
8985,1497,4,0,0.0
8986,1497,5,0,0.0
8987,1497,10,0,0.0
8988,1498,0,0,0.0
8989,1498,1,0,0.0
8990,1498,4,0,0.0
8991,1498,5,0,0.0
8992,1498,7,0,0.0
8993,1498,9,0,0.0
8994,1499,1,0,0.0
8995,1499,2,0,0.0
8996,1499,3,0,0.0
8997,1499,4,0,0.0
8998,1499,7,0,0.0
8999,1499,10,0,0.0
9000,1500,0,0,0.0
9001,1500,1,1,1.0
9002,1500,2,0,1.0
9003,1500,8,1,1.0
9004,1500,9,2,2.0
9005,1500,10,1,2.0
9006,1501,1,0,0.0
9007,1501,4,0,0.0
9008,1501,5,0,0.0
9009,1501,7,0,0.0
9010,1501,8,0,0.0
9011,1501,9,0,0.0
9012,1502,0,0,0.0
9013,1502,2,0,0.0
9014,1502,3,0,0.0
9015,1502,5,0,0.0
9016,1502,8,0,0.0
9017,1502,9,0,0.0
9018,1503,0,0,0.0
9019,1503,1,1,1.0
9020,1503,2,1,1.0
9021,1503,3,1,1.0
9022,1503,4,0,1.0
9023,1503,5,1,1.0
9024,1504,0,0,0.0
9025,1504,2,0,0.0
9026,1504,3,0,0.0
9027,1504,5,0,0.0
9028,1504,8,0,0.0
9029,1504,10,0,0.0
9030,1505,3,0,0.0
9031,1505,5,0,0.0
9032,1505,6,0,0.0
9033,1505,7,0,0.0
9034,1505,8,0,0.0
9035,1505,9,0,0.0
9036,1506,3,0,0.0
9037,1506,4,0,0.0
9038,1506,6,0,0.0
9039,1506,7,0,0.0
9040,1506,9,0,0.0
9041,1506,10,0,0.0
9042,1507,3,2,2.0
9043,1507,4,1,2.0
9044,1507,5,2,2.0
9045,1507,6,1,2.0
9046,1507,7,2,2.0
9047,1507,9,0,2.0
9048,1508,0,0,0.0
9049,1508,2,0,0.0
9050,1508,3,0,0.0
9051,1508,4,0,0.0
9052,1508,6,0,0.0
9053,1508,10,0,0.0
9054,1509,1,0,0.0
9055,1509,3,0,0.0
9056,1509,4,0,0.0
9057,1509,6,0,0.0
9058,1509,9,0,0.0
9059,1509,10,0,0.0
9060,1510,0,0,0.0
9061,1510,1,1,1.0
9062,1510,2,0,1.0
9063,1510,3,1,1.0
9064,1510,4,2,2.0
9065,1510,7,1,2.0
9066,1511,1,1,1.0
9067,1511,2,0,1.0
9068,1511,4,0,1.0
9069,1511,7,1,1.0
9070,1511,8,0,1.0
9071,1511,9,1,1.0
9072,1512,4,0,0.0
9073,1512,5,0,0.0
9074,1512,6,0,0.0
9075,1512,7,0,0.0
9076,1512,9,0,0.0
9077,1512,10,0,0.0
9078,1513,0,0,0.0
9079,1513,1,0,0.0
9080,1513,4,0,0.0
9081,1513,6,0,0.0
9082,1513,8,0,0.0
9083,1513,10,0,0.0
9084,1514,1,0,0.0
9085,1514,2,0,0.0
9086,1514,3,0,0.0
9087,1514,5,0,0.0
9088,1514,6,0,0.0
9089,1514,10,0,0.0
9090,1515,0,0,0.0
9091,1515,1,0,0.0
9092,1515,2,0,0.0
9093,1515,4,0,0.0
9094,1515,7,0,0.0
9095,1515,10,0,0.0
9096,1516,0,0,0.0
9097,1516,3,1,1.0
9098,1516,5,1,1.0
9099,1516,7,1,1.0
9100,1516,8,2,2.0
9101,1516,9,1,2.0
9102,1517,0,0,0.0
9103,1517,3,1,1.0
9104,1517,5,0,1.0
9105,1517,7,0,1.0
9106,1517,8,0,1.0
9107,1517,9,1,1.0
9108,1518,0,0,0.0
9109,1518,1,0,0.0
9110,1518,5,0,0.0
9111,1518,6,0,0.0
9112,1518,9,0,0.0
9113,1518,10,0,0.0
9114,1519,1,1,1.0
9115,1519,2,0,1.0
9116,1519,3,0,1.0
9117,1519,4,1,1.0
9118,1519,5,0,1.0
9119,1519,7,0,1.0
9120,1520,2,0,0.0
9121,1520,3,0,0.0
9122,1520,4,0,0.0
9123,1520,6,0,0.0
9124,1520,8,0,0.0
9125,1520,9,0,0.0
9126,1521,0,0,0.0
9127,1521,4,0,0.0
9128,1521,5,0,0.0
9129,1521,8,0,0.0
9130,1521,9,0,0.0
9131,1521,10,0,0.0
9132,1522,1,0,0.0
9133,1522,2,0,0.0
9134,1522,5,0,0.0
9135,1522,8,0,0.0
9136,1522,9,0,0.0
9137,1522,10,0,0.0
9138,1523,0,0,0.0
9139,1523,1,0,0.0
9140,1523,2,0,0.0
9141,1523,3,0,0.0
9142,1523,5,0,0.0
9143,1523,9,0,0.0
9144,1524,1,0,0.0
9145,1524,2,0,0.0
9146,1524,3,1,1.0
9147,1524,4,1,1.0
9148,1524,7,1,1.0
9149,1524,9,1,1.0
9150,1525,1,0,0.0
9151,1525,2,0,0.0
9152,1525,4,0,0.0
9153,1525,5,0,0.0
9154,1525,9,0,0.0
9155,1525,10,0,0.0
9156,1526,1,1,1.0
9157,1526,2,0,1.0
9158,1526,4,0,1.0
9159,1526,5,1,1.0
9160,1526,7,1,1.0
9161,1526,8,0,1.0
9162,1527,1,0,0.0
9163,1527,2,0,0.0
9164,1527,4,0,0.0
9165,1527,7,0,0.0
9166,1527,8,0,0.0
9167,1527,10,0,0.0
9168,1528,0,0,0.0
9169,1528,1,1,1.0
9170,1528,3,1,1.0
9171,1528,6,0,1.0
9172,1528,8,0,1.0
9173,1528,10,1,1.0
9174,1529,0,0,0.0
9175,1529,2,0,0.0
9176,1529,4,0,0.0
9177,1529,5,0,0.0
9178,1529,6,0,0.0
9179,1529,8,0,0.0
9180,1530,0,0,0.0
9181,1530,2,0,0.0
9182,1530,3,0,0.0
9183,1530,4,0,0.0
9184,1530,6,0,0.0
9185,1530,9,0,0.0
9186,1531,1,0,0.0
9187,1531,2,0,0.0
9188,1531,4,0,0.0
9189,1531,6,0,0.0
9190,1531,8,1,1.0
9191,1531,9,1,1.0
9192,1532,1,1,1.0
9193,1532,3,1,1.0
9194,1532,4,0,1.0
9195,1532,5,1,1.0
9196,1532,6,2,2.0
9197,1532,7,1,2.0
9198,1533,0,0,0.0
9199,1533,6,1,1.0
9200,1533,7,1,1.0
9201,1533,8,0,1.0
9202,1533,9,0,1.0
9203,1533,10,1,1.0
9204,1534,0,0,0.0
9205,1534,2,0,0.0
9206,1534,4,0,0.0
9207,1534,5,0,0.0
9208,1534,7,0,0.0
9209,1534,10,0,0.0
9210,1535,0,0,0.0
9211,1535,4,0,0.0
9212,1535,7,0,0.0
9213,1535,8,0,0.0
9214,1535,9,0,0.0
9215,1535,10,0,0.0
9216,1536,1,0,0.0
9217,1536,3,0,0.0
9218,1536,5,0,0.0
9219,1536,7,0,0.0
9220,1536,8,0,0.0
9221,1536,9,1,1.0
9222,1537,1,0,0.0
9223,1537,2,0,0.0
9224,1537,5,0,0.0
9225,1537,7,0,0.0
9226,1537,8,0,0.0
9227,1537,9,0,0.0
9228,1538,1,0,0.0
9229,1538,2,0,0.0
9230,1538,4,0,0.0
9231,1538,6,0,0.0
9232,1538,8,1,1.0
9233,1538,9,0,1.0
9234,1539,1,0,0.0
9235,1539,2,1,1.0
9236,1539,3,0,1.0
9237,1539,4,0,1.0
9238,1539,5,1,1.0
9239,1539,6,0,1.0
9240,1540,0,0,0.0
9241,1540,2,0,0.0
9242,1540,4,0,0.0
9243,1540,5,0,0.0
9244,1540,6,0,0.0
9245,1540,8,0,0.0
9246,1541,0,0,0.0
9247,1541,3,0,0.0
9248,1541,4,0,0.0
9249,1541,7,0,0.0
9250,1541,9,0,0.0
9251,1541,10,0,0.0
9252,1542,1,0,0.0
9253,1542,3,1,1.0
9254,1542,5,1,1.0
9255,1542,6,1,1.0
9256,1542,8,0,1.0
9257,1542,9,0,1.0
9258,1543,1,1,1.0
9259,1543,2,0,1.0
9260,1543,3,1,1.0
9261,1543,7,0,1.0
9262,1543,8,1,1.0
9263,1543,9,0,1.0
9264,1544,1,0,0.0
9265,1544,3,0,0.0
9266,1544,4,0,0.0
9267,1544,6,0,0.0
9268,1544,9,0,0.0
9269,1544,10,0,0.0
9270,1545,0,0,0.0
9271,1545,1,1,1.0
9272,1545,4,1,1.0
9273,1545,6,1,1.0
9274,1545,8,0,1.0
9275,1545,9,0,1.0
9276,1546,0,0,0.0
9277,1546,1,1,1.0
9278,1546,3,1,1.0
9279,1546,4,0,1.0
9280,1546,9,0,1.0
9281,1546,10,1,1.0
9282,1547,1,0,0.0
9283,1547,2,0,0.0
9284,1547,6,0,0.0
9285,1547,8,0,0.0
9286,1547,9,0,0.0
9287,1547,10,0,0.0
9288,1548,0,0,0.0
9289,1548,2,1,1.0
9290,1548,4,0,1.0
9291,1548,5,0,1.0
9292,1548,8,0,1.0
9293,1548,9,0,1.0
9294,1549,0,0,0.0
9295,1549,5,0,0.0
9296,1549,7,0,0.0
9297,1549,8,0,0.0
9298,1549,9,0,0.0
9299,1549,10,0,0.0
9300,1550,0,0,0.0
9301,1550,1,0,0.0
9302,1550,3,0,0.0
9303,1550,4,0,0.0
9304,1550,6,0,0.0
9305,1550,8,0,0.0
9306,1551,0,0,0.0
9307,1551,2,1,1.0
9308,1551,3,1,1.0
9309,1551,5,1,1.0
9310,1551,6,1,1.0
9311,1551,8,1,1.0
9312,1552,0,0,0.0
9313,1552,2,0,0.0
9314,1552,4,0,0.0
9315,1552,5,0,0.0
9316,1552,6,0,0.0
9317,1552,7,0,0.0
9318,1553,0,0,0.0
9319,1553,3,0,0.0
9320,1553,5,0,0.0
9321,1553,6,0,0.0
9322,1553,8,0,0.0
9323,1553,9,0,0.0
9324,1554,0,0,0.0
9325,1554,1,0,0.0
9326,1554,3,0,0.0
9327,1554,4,0,0.0
9328,1554,5,1,1.0
9329,1554,10,0,1.0
9330,1555,2,0,0.0
9331,1555,3,1,1.0
9332,1555,4,0,1.0
9333,1555,5,0,1.0
9334,1555,8,0,1.0
9335,1555,9,0,1.0
9336,1556,2,0,0.0
9337,1556,5,0,0.0
9338,1556,7,0,0.0
9339,1556,8,0,0.0
9340,1556,9,0,0.0
9341,1556,10,0,0.0
9342,1557,2,0,0.0
9343,1557,3,1,1.0
9344,1557,5,1,1.0
9345,1557,6,0,1.0
9346,1557,7,1,1.0
9347,1557,10,2,2.0
9348,1558,0,0,0.0
9349,1558,1,1,1.0
9350,1558,3,1,1.0
9351,1558,7,1,1.0
9352,1558,8,0,1.0
9353,1558,9,1,1.0
9354,1559,0,0,0.0
9355,1559,2,0,0.0
9356,1559,3,0,0.0
9357,1559,6,0,0.0
9358,1559,8,0,0.0
9359,1559,9,0,0.0
9360,1560,2,0,0.0
9361,1560,4,0,0.0
9362,1560,5,0,0.0
9363,1560,6,0,0.0
9364,1560,7,0,0.0
9365,1560,8,0,0.0
9366,1561,0,0,0.0
9367,1561,2,0,0.0
9368,1561,4,0,0.0
9369,1561,8,0,0.0
9370,1561,9,0,0.0
9371,1561,10,0,0.0
9372,1562,0,0,0.0
9373,1562,2,0,0.0
9374,1562,6,0,0.0
9375,1562,7,0,0.0
9376,1562,8,1,1.0
9377,1562,9,0,1.0
9378,1563,3,1,1.0
9379,1563,4,0,1.0
9380,1563,5,1,1.0
9381,1563,7,1,1.0
9382,1563,8,0,1.0
9383,1563,10,0,1.0
9384,1564,0,0,0.0
9385,1564,3,1,1.0
9386,1564,4,2,2.0
9387,1564,5,1,2.0
9388,1564,8,2,2.0
9389,1564,9,1,2.0
9390,1565,1,0,0.0
9391,1565,2,0,0.0
9392,1565,3,0,0.0
9393,1565,4,0,0.0
9394,1565,5,0,0.0
9395,1565,6,0,0.0
9396,1566,0,0,0.0
9397,1566,2,0,0.0
9398,1566,6,0,0.0
9399,1566,7,0,0.0
9400,1566,8,0,0.0
9401,1566,10,0,0.0
9402,1567,1,0,0.0
9403,1567,3,0,0.0
9404,1567,6,0,0.0
9405,1567,7,0,0.0
9406,1567,8,0,0.0
9407,1567,9,0,0.0
9408,1568,1,1,1.0
9409,1568,2,1,1.0
9410,1568,5,1,1.0
9411,1568,7,1,1.0
9412,1568,8,1,1.0
9413,1568,10,0,1.0
9414,1569,1,0,0.0
9415,1569,3,0,0.0
9416,1569,4,0,0.0
9417,1569,5,0,0.0
9418,1569,8,0,0.0
9419,1569,10,0,0.0
9420,1570,2,0,0.0
9421,1570,4,0,0.0
9422,1570,5,0,0.0
9423,1570,6,0,0.0
9424,1570,9,0,0.0
9425,1570,10,0,0.0
9426,1571,2,1,1.0
9427,1571,3,1,1.0
9428,1571,5,2,2.0
9429,1571,7,0,2.0
9430,1571,8,0,2.0
9431,1571,10,0,2.0
9432,1572,1,0,0.0
9433,1572,4,0,0.0
9434,1572,6,0,0.0
9435,1572,7,0,0.0
9436,1572,8,0,0.0
9437,1572,10,1,1.0
9438,1573,1,0,0.0
9439,1573,2,0,0.0
9440,1573,4,0,0.0
9441,1573,5,0,0.0
9442,1573,6,0,0.0
9443,1573,9,0,0.0
9444,1574,1,1,1.0
9445,1574,2,1,1.0
9446,1574,3,1,1.0
9447,1574,4,1,1.0
9448,1574,5,1,1.0
9449,1574,9,0,1.0
9450,1575,0,0,0.0
9451,1575,1,0,0.0
9452,1575,2,0,0.0
9453,1575,6,0,0.0
9454,1575,7,0,0.0
9455,1575,9,0,0.0
9456,1576,3,0,0.0
9457,1576,4,1,1.0
9458,1576,5,1,1.0
9459,1576,7,0,1.0
9460,1576,8,0,1.0
9461,1576,9,0,1.0
9462,1577,1,0,0.0
9463,1577,2,0,0.0
9464,1577,5,0,0.0
9465,1577,7,0,0.0
9466,1577,9,0,0.0
9467,1577,10,0,0.0
9468,1578,0,0,0.0
9469,1578,1,0,0.0
9470,1578,2,0,0.0
9471,1578,4,0,0.0
9472,1578,7,0,0.0
9473,1578,8,0,0.0
9474,1579,0,0,0.0
9475,1579,2,2,2.0
9476,1579,4,2,2.0
9477,1579,5,1,2.0
9478,1579,6,0,2.0
9479,1579,10,2,2.0
9480,1580,2,0,0.0
9481,1580,3,1,1.0
9482,1580,4,0,1.0
9483,1580,5,1,1.0
9484,1580,6,0,1.0
9485,1580,9,1,1.0
9486,1581,0,0,0.0
9487,1581,2,0,0.0
9488,1581,5,1,1.0
9489,1581,6,1,1.0
9490,1581,7,1,1.0
9491,1581,9,1,1.0
9492,1582,3,0,0.0
9493,1582,4,0,0.0
9494,1582,5,0,0.0
9495,1582,6,0,0.0
9496,1582,7,0,0.0
9497,1582,9,0,0.0
9498,1583,0,0,0.0
9499,1583,2,0,0.0
9500,1583,3,0,0.0
9501,1583,8,0,0.0
9502,1583,9,0,0.0
9503,1583,10,0,0.0
9504,1584,2,0,0.0
9505,1584,4,0,0.0
9506,1584,5,0,0.0
9507,1584,8,0,0.0
9508,1584,9,0,0.0
9509,1584,10,0,0.0
9510,1585,0,0,0.0
9511,1585,4,1,1.0
9512,1585,5,0,1.0
9513,1585,7,0,1.0
9514,1585,9,0,1.0
9515,1585,10,0,1.0
9516,1586,0,0,0.0
9517,1586,1,0,0.0
9518,1586,2,0,0.0
9519,1586,3,0,0.0
9520,1586,6,0,0.0
9521,1586,10,0,0.0
9522,1587,0,0,0.0
9523,1587,3,1,1.0
9524,1587,4,1,1.0
9525,1587,5,1,1.0
9526,1587,6,1,1.0
9527,1587,9,1,1.0
9528,1588,0,0,0.0
9529,1588,1,1,1.0
9530,1588,6,1,1.0
9531,1588,7,1,1.0
9532,1588,8,0,1.0
9533,1588,9,1,1.0
9534,1589,0,0,0.0
9535,1589,2,0,0.0
9536,1589,3,0,0.0
9537,1589,4,0,0.0
9538,1589,7,0,0.0
9539,1589,10,0,0.0
9540,1590,1,0,0.0
9541,1590,4,1,1.0
9542,1590,6,0,1.0
9543,1590,7,0,1.0
9544,1590,8,0,1.0
9545,1590,9,0,1.0
9546,1591,0,0,0.0
9547,1591,3,0,0.0
9548,1591,5,0,0.0
9549,1591,6,0,0.0
9550,1591,7,0,0.0
9551,1591,10,0,0.0
9552,1592,1,0,0.0
9553,1592,2,0,0.0
9554,1592,4,0,0.0
9555,1592,7,0,0.0
9556,1592,8,0,0.0
9557,1592,10,0,0.0
9558,1593,0,0,0.0
9559,1593,1,1,1.0
9560,1593,3,1,1.0
9561,1593,5,1,1.0
9562,1593,7,1,1.0
9563,1593,10,0,1.0
9564,1594,2,1,1.0
9565,1594,3,1,1.0
9566,1594,4,1,1.0
9567,1594,7,1,1.0
9568,1594,8,1,1.0
9569,1594,9,1,1.0
9570,1595,2,0,0.0
9571,1595,4,0,0.0
9572,1595,5,1,1.0
9573,1595,7,1,1.0
9574,1595,8,0,1.0
9575,1595,10,0,1.0
9576,1596,1,1,1.0
9577,1596,2,0,1.0
9578,1596,3,0,1.0
9579,1596,4,0,1.0
9580,1596,5,0,1.0
9581,1596,9,0,1.0
9582,1597,0,0,0.0
9583,1597,1,0,0.0
9584,1597,3,0,0.0
9585,1597,4,0,0.0
9586,1597,5,0,0.0
9587,1597,8,0,0.0
9588,1598,0,0,0.0
9589,1598,2,0,0.0
9590,1598,3,0,0.0
9591,1598,4,0,0.0
9592,1598,7,0,0.0
9593,1598,10,0,0.0
9594,1599,3,0,0.0
9595,1599,4,1,1.0
9596,1599,7,0,1.0
9597,1599,8,0,1.0
9598,1599,9,0,1.0
9599,1599,10,0,1.0
9600,1600,0,0,0.0
9601,1600,1,0,0.0
9602,1600,4,0,0.0
9603,1600,5,0,0.0
9604,1600,7,0,0.0
9605,1600,10,0,0.0
9606,1601,0,0,0.0
9607,1601,1,0,0.0
9608,1601,2,0,0.0
9609,1601,3,1,1.0
9610,1601,7,0,1.0
9611,1601,8,0,1.0
9612,1602,1,0,0.0
9613,1602,3,0,0.0
9614,1602,4,0,0.0
9615,1602,6,0,0.0
9616,1602,9,0,0.0
9617,1602,10,0,0.0
9618,1603,1,0,0.0
9619,1603,2,0,0.0
9620,1603,4,0,0.0
9621,1603,7,0,0.0
9622,1603,8,0,0.0
9623,1603,10,0,0.0
9624,1604,0,0,0.0
9625,1604,1,0,0.0
9626,1604,7,0,0.0
9627,1604,8,0,0.0
9628,1604,9,0,0.0
9629,1604,10,0,0.0
9630,1605,1,0,0.0
9631,1605,2,0,0.0
9632,1605,4,0,0.0
9633,1605,6,0,0.0
9634,1605,8,0,0.0
9635,1605,9,0,0.0
9636,1606,0,0,0.0
9637,1606,2,0,0.0
9638,1606,4,0,0.0
9639,1606,7,0,0.0
9640,1606,8,0,0.0
9641,1606,9,0,0.0
9642,1607,1,0,0.0
9643,1607,2,0,0.0
9644,1607,3,0,0.0
9645,1607,5,0,0.0
9646,1607,7,0,0.0
9647,1607,9,0,0.0
9648,1608,1,1,1.0
9649,1608,2,0,1.0
9650,1608,6,1,1.0
9651,1608,7,0,1.0
9652,1608,8,1,1.0
9653,1608,9,0,1.0
9654,1609,0,0,0.0
9655,1609,2,0,0.0
9656,1609,6,0,0.0
9657,1609,8,0,0.0
9658,1609,9,0,0.0
9659,1609,10,0,0.0
9660,1610,0,0,0.0
9661,1610,4,1,1.0
9662,1610,5,0,1.0
9663,1610,6,1,1.0
9664,1610,8,1,1.0
9665,1610,9,1,1.0
9666,1611,0,0,0.0
9667,1611,1,0,0.0
9668,1611,2,0,0.0
9669,1611,3,0,0.0
9670,1611,8,0,0.0
9671,1611,9,0,0.0
9672,1612,0,0,0.0
9673,1612,1,0,0.0
9674,1612,3,1,1.0
9675,1612,4,0,1.0
9676,1612,7,0,1.0
9677,1612,9,1,1.0
9678,1613,2,0,0.0
9679,1613,3,0,0.0
9680,1613,4,0,0.0
9681,1613,6,0,0.0
9682,1613,8,1,1.0
9683,1613,10,0,1.0
9684,1614,0,0,0.0
9685,1614,1,0,0.0
9686,1614,3,0,0.0
9687,1614,4,0,0.0
9688,1614,9,0,0.0
9689,1614,10,0,0.0
9690,1615,1,0,0.0
9691,1615,2,0,0.0
9692,1615,3,0,0.0
9693,1615,4,0,0.0
9694,1615,6,0,0.0
9695,1615,10,0,0.0
9696,1616,0,0,0.0
9697,1616,2,0,0.0
9698,1616,7,0,0.0
9699,1616,8,0,0.0
9700,1616,9,0,0.0
9701,1616,10,0,0.0
9702,1617,2,1,1.0
9703,1617,4,1,1.0
9704,1617,5,0,1.0
9705,1617,7,0,1.0
9706,1617,8,1,1.0
9707,1617,10,1,1.0
9708,1618,1,0,0.0
9709,1618,2,0,0.0
9710,1618,3,0,0.0
9711,1618,4,0,0.0
9712,1618,5,0,0.0
9713,1618,7,0,0.0
9714,1619,1,1,1.0
9715,1619,4,1,1.0
9716,1619,5,2,2.0
9717,1619,7,0,2.0
9718,1619,8,1,2.0
9719,1619,9,2,2.0
9720,1620,0,0,0.0
9721,1620,2,0,0.0
9722,1620,3,0,0.0
9723,1620,4,0,0.0
9724,1620,8,0,0.0
9725,1620,9,0,0.0
9726,1621,2,0,0.0
9727,1621,3,0,0.0
9728,1621,6,0,0.0
9729,1621,8,0,0.0
9730,1621,9,0,0.0
9731,1621,10,0,0.0
9732,1622,0,0,0.0
9733,1622,1,1,1.0
9734,1622,2,0,1.0
9735,1622,3,1,1.0
9736,1622,8,0,1.0
9737,1622,10,1,1.0
9738,1623,2,0,0.0
9739,1623,3,0,0.0
9740,1623,4,0,0.0
9741,1623,6,0,0.0
9742,1623,9,0,0.0
9743,1623,10,0,0.0
9744,1624,1,0,0.0
9745,1624,2,0,0.0
9746,1624,3,0,0.0
9747,1624,5,0,0.0
9748,1624,6,0,0.0
9749,1624,10,0,0.0
9750,1625,1,0,0.0
9751,1625,3,0,0.0
9752,1625,4,0,0.0
9753,1625,6,0,0.0
9754,1625,7,0,0.0
9755,1625,9,0,0.0
9756,1626,0,0,0.0
9757,1626,1,0,0.0
9758,1626,4,0,0.0
9759,1626,6,0,0.0
9760,1626,7,0,0.0
9761,1626,8,0,0.0
9762,1627,0,0,0.0
9763,1627,2,1,1.0
9764,1627,4,1,1.0
9765,1627,5,0,1.0
9766,1627,9,0,1.0
9767,1627,10,0,1.0
9768,1628,2,0,0.0
9769,1628,4,0,0.0
9770,1628,5,0,0.0
9771,1628,6,0,0.0
9772,1628,9,0,0.0
9773,1628,10,0,0.0
9774,1629,0,0,0.0
9775,1629,2,0,0.0
9776,1629,4,1,1.0
9777,1629,6,1,1.0
9778,1629,7,2,2.0
9779,1629,10,1,2.0
9780,1630,0,0,0.0
9781,1630,4,0,0.0
9782,1630,6,1,1.0
9783,1630,7,0,1.0
9784,1630,8,1,1.0
9785,1630,9,1,1.0
9786,1631,1,0,0.0
9787,1631,3,0,0.0
9788,1631,7,0,0.0
9789,1631,8,0,0.0
9790,1631,9,0,0.0
9791,1631,10,1,1.0
9792,1632,2,0,0.0
9793,1632,4,0,0.0
9794,1632,5,0,0.0
9795,1632,6,0,0.0
9796,1632,7,0,0.0
9797,1632,10,0,0.0
9798,1633,1,0,0.0
9799,1633,4,0,0.0
9800,1633,6,0,0.0
9801,1633,7,0,0.0
9802,1633,8,0,0.0
9803,1633,10,0,0.0
9804,1634,0,0,0.0
9805,1634,1,0,0.0
9806,1634,5,0,0.0
9807,1634,7,1,1.0
9808,1634,8,0,1.0
9809,1634,10,0,1.0
9810,1635,1,0,0.0
9811,1635,2,0,0.0
9812,1635,4,0,0.0
9813,1635,6,0,0.0
9814,1635,7,0,0.0
9815,1635,9,0,0.0
9816,1636,0,0,0.0
9817,1636,1,1,1.0
9818,1636,3,1,1.0
9819,1636,4,0,1.0
9820,1636,5,0,1.0
9821,1636,9,0,1.0
9822,1637,1,0,0.0
9823,1637,2,0,0.0
9824,1637,3,0,0.0
9825,1637,4,0,0.0
9826,1637,6,1,1.0
9827,1637,10,0,1.0
9828,1638,0,0,0.0
9829,1638,1,0,0.0
9830,1638,2,0,0.0
9831,1638,3,0,0.0
9832,1638,4,0,0.0
9833,1638,7,0,0.0
9834,1639,2,0,0.0
9835,1639,3,0,0.0
9836,1639,4,0,0.0
9837,1639,7,0,0.0
9838,1639,8,0,0.0
9839,1639,10,0,0.0
9840,1640,0,0,0.0
9841,1640,1,0,0.0
9842,1640,2,0,0.0
9843,1640,4,0,0.0
9844,1640,5,0,0.0
9845,1640,6,0,0.0
9846,1641,1,1,1.0
9847,1641,2,1,1.0
9848,1641,4,1,1.0
9849,1641,5,1,1.0
9850,1641,7,0,1.0
9851,1641,8,1,1.0
9852,1642,1,0,0.0
9853,1642,2,0,0.0
9854,1642,4,0,0.0
9855,1642,5,0,0.0
9856,1642,7,0,0.0
9857,1642,10,0,0.0
9858,1643,0,0,0.0
9859,1643,3,0,0.0
9860,1643,5,0,0.0
9861,1643,8,0,0.0
9862,1643,9,0,0.0
9863,1643,10,0,0.0
9864,1644,1,0,0.0
9865,1644,2,0,0.0
9866,1644,3,0,0.0
9867,1644,6,0,0.0
9868,1644,8,0,0.0
9869,1644,10,0,0.0
9870,1645,1,1,1.0
9871,1645,3,1,1.0
9872,1645,4,0,1.0
9873,1645,5,0,1.0
9874,1645,7,0,1.0
9875,1645,10,0,1.0
9876,1646,2,0,0.0
9877,1646,4,0,0.0
9878,1646,5,0,0.0
9879,1646,6,0,0.0
9880,1646,9,0,0.0
9881,1646,10,1,1.0
9882,1647,3,0,0.0
9883,1647,4,0,0.0
9884,1647,6,0,0.0
9885,1647,7,0,0.0
9886,1647,9,0,0.0
9887,1647,10,0,0.0
9888,1648,1,0,0.0
9889,1648,3,0,0.0
9890,1648,4,0,0.0
9891,1648,5,0,0.0
9892,1648,8,0,0.0
9893,1648,10,0,0.0
9894,1649,0,0,0.0
9895,1649,3,0,0.0
9896,1649,6,0,0.0
9897,1649,7,0,0.0
9898,1649,9,0,0.0
9899,1649,10,0,0.0
9900,1650,0,0,0.0
9901,1650,4,0,0.0
9902,1650,5,0,0.0
9903,1650,6,0,0.0
9904,1650,7,0,0.0
9905,1650,8,0,0.0
9906,1651,0,0,0.0
9907,1651,1,1,1.0
9908,1651,4,0,1.0
9909,1651,6,0,1.0
9910,1651,7,1,1.0
9911,1651,8,0,1.0
9912,1652,0,0,0.0
9913,1652,2,0,0.0
9914,1652,3,0,0.0
9915,1652,4,0,0.0
9916,1652,9,0,0.0
9917,1652,10,0,0.0
9918,1653,0,0,0.0
9919,1653,3,0,0.0
9920,1653,4,0,0.0
9921,1653,5,0,0.0
9922,1653,8,0,0.0
9923,1653,10,0,0.0
9924,1654,2,0,0.0
9925,1654,4,0,0.0
9926,1654,5,0,0.0
9927,1654,6,0,0.0
9928,1654,8,0,0.0
9929,1654,10,0,0.0
9930,1655,0,0,0.0
9931,1655,1,0,0.0
9932,1655,4,0,0.0
9933,1655,7,0,0.0
9934,1655,8,0,0.0
9935,1655,10,0,0.0
9936,1656,0,0,0.0
9937,1656,1,0,0.0
9938,1656,2,0,0.0
9939,1656,4,0,0.0
9940,1656,5,1,1.0
9941,1656,9,0,1.0
9942,1657,3,0,0.0
9943,1657,4,0,0.0
9944,1657,5,0,0.0
9945,1657,6,0,0.0
9946,1657,7,0,0.0
9947,1657,8,0,0.0
9948,1658,0,0,0.0
9949,1658,1,0,0.0
9950,1658,3,0,0.0
9951,1658,7,0,0.0
9952,1658,8,0,0.0
9953,1658,10,0,0.0
9954,1659,0,0,0.0
9955,1659,2,0,0.0
9956,1659,4,0,0.0
9957,1659,7,0,0.0
9958,1659,8,0,0.0
9959,1659,9,0,0.0
9960,1660,0,0,0.0
9961,1660,1,0,0.0
9962,1660,2,0,0.0
9963,1660,3,0,0.0
9964,1660,4,0,0.0
9965,1660,8,0,0.0
9966,1661,1,0,0.0
9967,1661,2,0,0.0
9968,1661,4,0,0.0
9969,1661,5,0,0.0
9970,1661,6,0,0.0
9971,1661,8,0,0.0
9972,1662,3,0,0.0
9973,1662,4,0,0.0
9974,1662,5,0,0.0
9975,1662,7,0,0.0
9976,1662,8,0,0.0
9977,1662,10,0,0.0
9978,1663,0,0,0.0
9979,1663,1,0,0.0
9980,1663,4,0,0.0
9981,1663,5,0,0.0
9982,1663,6,0,0.0
9983,1663,8,0,0.0
9984,1664,0,0,0.0
9985,1664,2,0,0.0
9986,1664,3,1,1.0
9987,1664,4,1,1.0
9988,1664,5,1,1.0
9989,1664,6,1,1.0
9990,1665,1,0,0.0
9991,1665,4,0,0.0
9992,1665,6,0,0.0
9993,1665,8,0,0.0
9994,1665,9,0,0.0
9995,1665,10,0,0.0
9996,1666,0,0,0.0
9997,1666,2,1,1.0
9998,1666,4,0,1.0
9999,1666,5,0,1.0
10000,1666,6,0,1.0
10001,1666,10,0,1.0
10002,1667,0,0,0.0
10003,1667,4,0,0.0
10004,1667,5,0,0.0
10005,1667,8,0,0.0
10006,1667,9,0,0.0
10007,1667,10,0,0.0
10008,1668,0,0,0.0
10009,1668,2,0,0.0
10010,1668,3,0,0.0
10011,1668,4,0,0.0
10012,1668,5,0,0.0
10013,1668,7,0,0.0
10014,1669,1,0,0.0
10015,1669,4,0,0.0
10016,1669,5,0,0.0
10017,1669,6,0,0.0
10018,1669,7,0,0.0
10019,1669,8,0,0.0
10020,1670,1,1,1.0
10021,1670,3,1,1.0
10022,1670,4,1,1.0
10023,1670,5,1,1.0
10024,1670,6,0,1.0
10025,1670,8,1,1.0
10026,1671,0,0,0.0
10027,1671,1,0,0.0
10028,1671,3,0,0.0
10029,1671,4,0,0.0
10030,1671,6,0,0.0
10031,1671,10,0,0.0
10032,1672,1,0,0.0
10033,1672,2,0,0.0
10034,1672,4,0,0.0
10035,1672,5,0,0.0
10036,1672,6,0,0.0
10037,1672,7,0,0.0
10038,1673,1,0,0.0
10039,1673,3,0,0.0
10040,1673,5,0,0.0
10041,1673,6,0,0.0
10042,1673,7,0,0.0
10043,1673,9,0,0.0
10044,1674,0,0,0.0
10045,1674,2,0,0.0
10046,1674,4,0,0.0
10047,1674,5,0,0.0
10048,1674,6,1,1.0
10049,1674,8,1,1.0
10050,1675,0,0,0.0
10051,1675,2,0,0.0
10052,1675,4,0,0.0
10053,1675,5,0,0.0
10054,1675,6,0,0.0
10055,1675,8,0,0.0
10056,1676,2,0,0.0
10057,1676,4,0,0.0
10058,1676,6,2,2.0
10059,1676,7,1,2.0
10060,1676,9,1,2.0
10061,1676,10,0,2.0
10062,1677,0,0,0.0
10063,1677,2,0,0.0
10064,1677,3,0,0.0
10065,1677,4,0,0.0
10066,1677,6,0,0.0
10067,1677,8,0,0.0
10068,1678,4,0,0.0
10069,1678,5,1,1.0
10070,1678,7,1,1.0
10071,1678,8,1,1.0
10072,1678,9,0,1.0
10073,1678,10,1,1.0
10074,1679,0,0,0.0
10075,1679,1,0,0.0
10076,1679,2,0,0.0
10077,1679,5,0,0.0
10078,1679,6,0,0.0
10079,1679,10,0,0.0
10080,1680,0,0,0.0
10081,1680,1,0,0.0
10082,1680,4,0,0.0
10083,1680,6,0,0.0
10084,1680,9,0,0.0
10085,1680,10,0,0.0
10086,1681,0,0,0.0
10087,1681,1,0,0.0
10088,1681,2,1,1.0
10089,1681,4,1,1.0
10090,1681,7,0,1.0
10091,1681,10,1,1.0
10092,1682,0,0,0.0
10093,1682,1,0,0.0
10094,1682,2,0,0.0
10095,1682,4,0,0.0
10096,1682,5,0,0.0
10097,1682,7,0,0.0
10098,1683,0,0,0.0
10099,1683,2,0,0.0
10100,1683,3,0,0.0
10101,1683,4,0,0.0
10102,1683,7,0,0.0
10103,1683,9,0,0.0
10104,1684,0,0,0.0
10105,1684,2,0,0.0
10106,1684,4,1,1.0
10107,1684,5,1,1.0
10108,1684,8,0,1.0
10109,1684,9,1,1.0
10110,1685,0,0,0.0
10111,1685,2,0,0.0
10112,1685,4,0,0.0
10113,1685,5,0,0.0
10114,1685,7,0,0.0
10115,1685,8,0,0.0
10116,1686,1,0,0.0
10117,1686,2,0,0.0
10118,1686,3,0,0.0
10119,1686,4,0,0.0
10120,1686,7,1,1.0
10121,1686,9,1,1.0
10122,1687,1,1,1.0
10123,1687,3,1,1.0
10124,1687,5,1,1.0
10125,1687,7,1,1.0
10126,1687,9,1,1.0
10127,1687,10,2,2.0
10128,1688,0,0,0.0
10129,1688,2,0,0.0
10130,1688,3,0,0.0
10131,1688,5,0,0.0
10132,1688,8,0,0.0
10133,1688,10,0,0.0
10134,1689,0,0,0.0
10135,1689,1,0,0.0
10136,1689,2,0,0.0
10137,1689,5,0,0.0
10138,1689,6,0,0.0
10139,1689,7,0,0.0
10140,1690,0,0,0.0
10141,1690,1,1,1.0
10142,1690,2,0,1.0
10143,1690,6,1,1.0
10144,1690,8,1,1.0
10145,1690,10,0,1.0
10146,1691,4,1,1.0
10147,1691,6,1,1.0
10148,1691,7,1,1.0
10149,1691,8,1,1.0
10150,1691,9,1,1.0
10151,1691,10,1,1.0
10152,1692,0,0,0.0
10153,1692,1,0,0.0
10154,1692,2,0,0.0
10155,1692,4,0,0.0
10156,1692,5,0,0.0
10157,1692,7,1,1.0
10158,1693,0,0,0.0
10159,1693,1,0,0.0
10160,1693,4,0,0.0
10161,1693,5,0,0.0
10162,1693,7,0,0.0
10163,1693,8,0,0.0
10164,1694,0,0,0.0
10165,1694,1,0,0.0
10166,1694,2,0,0.0
10167,1694,7,0,0.0
10168,1694,9,0,0.0
10169,1694,10,0,0.0
10170,1695,0,0,0.0
10171,1695,2,0,0.0
10172,1695,4,0,0.0
10173,1695,5,0,0.0
10174,1695,8,0,0.0
10175,1695,10,0,0.0
10176,1696,2,2,2.0
10177,1696,3,1,2.0
10178,1696,6,2,2.0
10179,1696,8,2,2.0
10180,1696,9,1,2.0
10181,1696,10,2,2.0
10182,1697,0,0,0.0
10183,1697,1,0,0.0
10184,1697,5,0,0.0
10185,1697,8,0,0.0
10186,1697,9,0,0.0
10187,1697,10,0,0.0
10188,1698,0,0,0.0
10189,1698,2,0,0.0
10190,1698,3,0,0.0
10191,1698,6,0,0.0
10192,1698,7,0,0.0
10193,1698,9,0,0.0
10194,1699,0,0,0.0
10195,1699,3,1,1.0
10196,1699,5,1,1.0
10197,1699,6,1,1.0
10198,1699,7,0,1.0
10199,1699,10,0,1.0
10200,1700,4,1,1.0
10201,1700,5,1,1.0
10202,1700,6,0,1.0
10203,1700,7,1,1.0
10204,1700,8,1,1.0
10205,1700,9,1,1.0
10206,1701,1,0,0.0
10207,1701,2,0,0.0
10208,1701,3,0,0.0
10209,1701,6,0,0.0
10210,1701,8,0,0.0
10211,1701,10,0,0.0
10212,1702,1,1,1.0
10213,1702,2,1,1.0
10214,1702,4,1,1.0
10215,1702,6,0,1.0
10216,1702,7,1,1.0
10217,1702,9,0,1.0
10218,1703,2,0,0.0
10219,1703,4,0,0.0
10220,1703,5,0,0.0
10221,1703,8,0,0.0
10222,1703,9,0,0.0
10223,1703,10,0,0.0
10224,1704,1,0,0.0
10225,1704,2,0,0.0
10226,1704,4,0,0.0
10227,1704,5,0,0.0
10228,1704,7,0,0.0
10229,1704,9,0,0.0
10230,1705,0,0,0.0
10231,1705,1,1,1.0
10232,1705,2,1,1.0
10233,1705,4,1,1.0
10234,1705,5,0,1.0
10235,1705,8,1,1.0
10236,1706,0,0,0.0
10237,1706,1,1,1.0
10238,1706,2,0,1.0
10239,1706,4,0,1.0
10240,1706,5,0,1.0
10241,1706,10,1,1.0
10242,1707,1,0,0.0
10243,1707,2,0,0.0
10244,1707,3,1,1.0
10245,1707,6,1,1.0
10246,1707,8,1,1.0
10247,1707,9,1,1.0
10248,1708,0,0,0.0
10249,1708,2,0,0.0
10250,1708,3,0,0.0
10251,1708,7,0,0.0
10252,1708,8,0,0.0
10253,1708,10,0,0.0
10254,1709,0,0,0.0
10255,1709,4,0,0.0
10256,1709,6,0,0.0
10257,1709,7,0,0.0
10258,1709,8,0,0.0
10259,1709,10,0,0.0
10260,1710,0,0,0.0
10261,1710,1,1,1.0
10262,1710,2,1,1.0
10263,1710,3,1,1.0
10264,1710,4,0,1.0
10265,1710,9,0,1.0
10266,1711,0,0,0.0
10267,1711,1,0,0.0
10268,1711,2,0,0.0
10269,1711,4,0,0.0
10270,1711,7,0,0.0
10271,1711,10,0,0.0
10272,1712,0,0,0.0
10273,1712,2,0,0.0
10274,1712,4,0,0.0
10275,1712,5,0,0.0
10276,1712,7,0,0.0
10277,1712,9,0,0.0
10278,1713,1,0,0.0
10279,1713,4,0,0.0
10280,1713,5,0,0.0
10281,1713,7,0,0.0
10282,1713,8,0,0.0
10283,1713,9,0,0.0
10284,1714,4,0,0.0
10285,1714,6,0,0.0
10286,1714,7,0,0.0
10287,1714,8,0,0.0
10288,1714,9,0,0.0
10289,1714,10,0,0.0
10290,1715,0,0,0.0
10291,1715,2,0,0.0
10292,1715,4,0,0.0
10293,1715,5,0,0.0
10294,1715,8,0,0.0
10295,1715,10,0,0.0
10296,1716,0,0,0.0
10297,1716,1,0,0.0
10298,1716,3,0,0.0
10299,1716,4,0,0.0
10300,1716,5,0,0.0
10301,1716,8,0,0.0
10302,1717,2,0,0.0
10303,1717,3,0,0.0
10304,1717,4,0,0.0
10305,1717,6,0,0.0
10306,1717,8,0,0.0
10307,1717,9,0,0.0
10308,1718,1,0,0.0
10309,1718,4,0,0.0
10310,1718,5,0,0.0
10311,1718,7,0,0.0
10312,1718,8,0,0.0
10313,1718,9,0,0.0
10314,1719,0,0,0.0
10315,1719,1,0,0.0
10316,1719,5,0,0.0
10317,1719,7,0,0.0
10318,1719,8,0,0.0
10319,1719,10,0,0.0
10320,1720,1,0,0.0
10321,1720,2,0,0.0
10322,1720,3,1,1.0
10323,1720,4,0,1.0
10324,1720,6,0,1.0
10325,1720,7,0,1.0
10326,1721,2,0,0.0
10327,1721,3,0,0.0
10328,1721,5,1,1.0
10329,1721,8,0,1.0
10330,1721,9,0,1.0
10331,1721,10,0,1.0
10332,1722,0,0,0.0
10333,1722,1,1,1.0
10334,1722,2,0,1.0
10335,1722,6,0,1.0
10336,1722,7,1,1.0
10337,1722,9,1,1.0
10338,1723,2,0,0.0
10339,1723,3,0,0.0
10340,1723,4,0,0.0
10341,1723,6,0,0.0
10342,1723,8,0,0.0
10343,1723,10,0,0.0
10344,1724,0,0,0.0
10345,1724,1,0,0.0
10346,1724,5,0,0.0
10347,1724,8,0,0.0
10348,1724,9,0,0.0
10349,1724,10,0,0.0
10350,1725,0,0,0.0
10351,1725,3,0,0.0
10352,1725,5,0,0.0
10353,1725,8,0,0.0
10354,1725,9,0,0.0
10355,1725,10,0,0.0
10356,1726,0,0,0.0
10357,1726,1,0,0.0
10358,1726,3,0,0.0
10359,1726,5,0,0.0
10360,1726,7,0,0.0
10361,1726,8,0,0.0
10362,1727,3,0,0.0
10363,1727,4,0,0.0
10364,1727,5,0,0.0
10365,1727,6,0,0.0
10366,1727,8,0,0.0
10367,1727,10,0,0.0
10368,1728,2,0,0.0
10369,1728,3,0,0.0
10370,1728,4,0,0.0
10371,1728,5,0,0.0
10372,1728,9,0,0.0
10373,1728,10,0,0.0
10374,1729,0,0,0.0
10375,1729,1,0,0.0
10376,1729,2,0,0.0
10377,1729,7,0,0.0
10378,1729,8,0,0.0
10379,1729,10,0,0.0
10380,1730,1,0,0.0
10381,1730,3,0,0.0
10382,1730,4,0,0.0
10383,1730,5,0,0.0
10384,1730,8,1,1.0
10385,1730,9,2,2.0
10386,1731,1,0,0.0
10387,1731,3,0,0.0
10388,1731,4,0,0.0
10389,1731,7,0,0.0
10390,1731,9,0,0.0
10391,1731,10,0,0.0
10392,1732,1,1,1.0
10393,1732,2,1,1.0
10394,1732,3,1,1.0
10395,1732,5,1,1.0
10396,1732,9,1,1.0
10397,1732,10,1,1.0
10398,1733,1,0,0.0
10399,1733,3,0,0.0
10400,1733,5,0,0.0
10401,1733,8,0,0.0
10402,1733,9,0,0.0
10403,1733,10,0,0.0
10404,1734,0,0,0.0
10405,1734,4,0,0.0
10406,1734,5,0,0.0
10407,1734,6,0,0.0
10408,1734,8,0,0.0
10409,1734,10,0,0.0
10410,1735,1,0,0.0
10411,1735,2,0,0.0
10412,1735,3,0,0.0
10413,1735,4,0,0.0
10414,1735,5,0,0.0
10415,1735,10,0,0.0
10416,1736,0,0,0.0
10417,1736,1,1,1.0
10418,1736,2,0,1.0
10419,1736,8,1,1.0
10420,1736,9,0,1.0
10421,1736,10,1,1.0
10422,1737,0,0,0.0
10423,1737,1,0,0.0
10424,1737,4,0,0.0
10425,1737,5,0,0.0
10426,1737,8,0,0.0
10427,1737,10,0,0.0
10428,1738,3,0,0.0
10429,1738,4,0,0.0
10430,1738,5,0,0.0
10431,1738,6,0,0.0
10432,1738,8,0,0.0
10433,1738,9,0,0.0
10434,1739,0,0,0.0
10435,1739,2,1,1.0
10436,1739,3,1,1.0
10437,1739,5,0,1.0
10438,1739,7,1,1.0
10439,1739,8,1,1.0
10440,1740,0,0,0.0
10441,1740,3,1,1.0
10442,1740,5,1,1.0
10443,1740,6,0,1.0
10444,1740,9,1,1.0
10445,1740,10,0,1.0
10446,1741,0,0,0.0
10447,1741,1,0,0.0
10448,1741,2,0,0.0
10449,1741,4,0,0.0
10450,1741,8,0,0.0
10451,1741,9,1,1.0
10452,1742,1,0,0.0
10453,1742,3,0,0.0
10454,1742,4,0,0.0
10455,1742,5,0,0.0
10456,1742,8,0,0.0
10457,1742,10,0,0.0
10458,1743,0,0,0.0
10459,1743,1,0,0.0
10460,1743,3,0,0.0
10461,1743,6,0,0.0
10462,1743,7,1,1.0
10463,1743,9,1,1.0
10464,1744,0,0,0.0
10465,1744,2,0,0.0
10466,1744,3,0,0.0
10467,1744,6,0,0.0
10468,1744,8,0,0.0
10469,1744,9,0,0.0
10470,1745,0,0,0.0
10471,1745,1,0,0.0
10472,1745,2,0,0.0
10473,1745,8,0,0.0
10474,1745,9,0,0.0
10475,1745,10,0,0.0
10476,1746,3,0,0.0
10477,1746,4,0,0.0
10478,1746,7,0,0.0
10479,1746,8,0,0.0
10480,1746,9,0,0.0
10481,1746,10,0,0.0
10482,1747,0,0,0.0
10483,1747,4,0,0.0
10484,1747,5,0,0.0
10485,1747,7,0,0.0
10486,1747,8,0,0.0
10487,1747,9,0,0.0
10488,1748,2,0,0.0
10489,1748,3,0,0.0
10490,1748,6,0,0.0
10491,1748,7,0,0.0
10492,1748,9,0,0.0
10493,1748,10,0,0.0
10494,1749,0,0,0.0
10495,1749,2,2,2.0
10496,1749,4,2,2.0
10497,1749,6,2,2.0
10498,1749,7,1,2.0
10499,1749,8,0,2.0
10500,1750,0,0,0.0
10501,1750,1,0,0.0
10502,1750,3,0,0.0
10503,1750,4,0,0.0
10504,1750,5,0,0.0
10505,1750,6,0,0.0
10506,1751,0,0,0.0
10507,1751,1,1,1.0
10508,1751,2,0,1.0
10509,1751,7,1,1.0
10510,1751,8,0,1.0
10511,1751,9,1,1.0
10512,1752,0,0,0.0
10513,1752,1,0,0.0
10514,1752,4,0,0.0
10515,1752,7,0,0.0
10516,1752,9,0,0.0
10517,1752,10,0,0.0
10518,1753,0,0,0.0
10519,1753,1,0,0.0
10520,1753,3,1,1.0
10521,1753,5,0,1.0
10522,1753,7,0,1.0
10523,1753,9,0,1.0
10524,1754,1,0,0.0
10525,1754,2,0,0.0
10526,1754,3,0,0.0
10527,1754,5,0,0.0
10528,1754,6,0,0.0
10529,1754,9,0,0.0
10530,1755,0,0,0.0
10531,1755,3,0,0.0
10532,1755,4,0,0.0
10533,1755,5,0,0.0
10534,1755,6,0,0.0
10535,1755,7,0,0.0
10536,1756,2,0,0.0
10537,1756,3,0,0.0
10538,1756,4,0,0.0
10539,1756,6,0,0.0
10540,1756,7,0,0.0
10541,1756,9,0,0.0
10542,1757,1,0,0.0
10543,1757,3,0,0.0
10544,1757,7,0,0.0
10545,1757,8,0,0.0
10546,1757,9,0,0.0
10547,1757,10,0,0.0
10548,1758,3,1,1.0
10549,1758,4,0,1.0
10550,1758,6,0,1.0
10551,1758,8,0,1.0
10552,1758,9,0,1.0
10553,1758,10,0,1.0
10554,1759,3,0,0.0
10555,1759,4,0,0.0
10556,1759,5,0,0.0
10557,1759,7,0,0.0
10558,1759,8,0,0.0
10559,1759,9,0,0.0
10560,1760,2,0,0.0
10561,1760,4,0,0.0
10562,1760,7,0,0.0
10563,1760,8,0,0.0
10564,1760,9,0,0.0
10565,1760,10,0,0.0
10566,1761,1,0,0.0
10567,1761,2,0,0.0
10568,1761,3,0,0.0
10569,1761,5,0,0.0
10570,1761,8,0,0.0
10571,1761,9,0,0.0
10572,1762,1,0,0.0
10573,1762,3,0,0.0
10574,1762,5,0,0.0
10575,1762,7,0,0.0
10576,1762,8,0,0.0
10577,1762,9,0,0.0
10578,1763,0,0,0.0
10579,1763,1,0,0.0
10580,1763,2,0,0.0
10581,1763,3,0,0.0
10582,1763,5,0,0.0
10583,1763,6,1,1.0
10584,1764,0,0,0.0
10585,1764,1,0,0.0
10586,1764,2,0,0.0
10587,1764,3,1,1.0
10588,1764,6,1,1.0
10589,1764,9,0,1.0
10590,1765,0,0,0.0
10591,1765,1,1,1.0
10592,1765,2,0,1.0
10593,1765,6,1,1.0
10594,1765,7,0,1.0
10595,1765,8,1,1.0
10596,1766,1,1,1.0
10597,1766,2,2,2.0
10598,1766,3,1,2.0
10599,1766,4,2,2.0
10600,1766,6,2,2.0
10601,1766,10,2,2.0
10602,1767,2,0,0.0
10603,1767,5,0,0.0
10604,1767,6,0,0.0
10605,1767,7,0,0.0
10606,1767,8,0,0.0
10607,1767,10,0,0.0
10608,1768,0,0,0.0
10609,1768,3,0,0.0
10610,1768,5,0,0.0
10611,1768,6,0,0.0
10612,1768,8,0,0.0
10613,1768,9,0,0.0
10614,1769,0,0,0.0
10615,1769,2,0,0.0
10616,1769,3,1,1.0
10617,1769,7,1,1.0
10618,1769,9,0,1.0
10619,1769,10,1,1.0
10620,1770,0,0,0.0
10621,1770,1,0,0.0
10622,1770,3,0,0.0
10623,1770,4,0,0.0
10624,1770,8,0,0.0
10625,1770,10,0,0.0
10626,1771,0,0,0.0
10627,1771,2,0,0.0
10628,1771,5,0,0.0
10629,1771,6,1,1.0
10630,1771,9,1,1.0
10631,1771,10,0,1.0
10632,1772,0,0,0.0
10633,1772,1,0,0.0
10634,1772,2,0,0.0
10635,1772,3,0,0.0
10636,1772,9,0,0.0
10637,1772,10,0,0.0
10638,1773,0,0,0.0
10639,1773,1,0,0.0
10640,1773,2,0,0.0
10641,1773,3,0,0.0
10642,1773,4,0,0.0
10643,1773,7,1,1.0
10644,1774,2,2,2.0
10645,1774,3,1,2.0
10646,1774,4,0,2.0
10647,1774,8,0,2.0
10648,1774,9,1,2.0
10649,1774,10,2,2.0
10650,1775,1,0,0.0
10651,1775,2,0,0.0
10652,1775,3,0,0.0
10653,1775,4,0,0.0
10654,1775,6,0,0.0
10655,1775,8,0,0.0
10656,1776,0,0,0.0
10657,1776,3,0,0.0
10658,1776,4,1,1.0
10659,1776,7,1,1.0
10660,1776,8,0,1.0
10661,1776,10,0,1.0
10662,1777,1,0,0.0
10663,1777,2,0,0.0
10664,1777,3,0,0.0
10665,1777,5,0,0.0
10666,1777,8,0,0.0
10667,1777,9,0,0.0
10668,1778,1,0,0.0
10669,1778,2,0,0.0
10670,1778,3,0,0.0
10671,1778,5,0,0.0
10672,1778,6,0,0.0
10673,1778,9,0,0.0
10674,1779,2,0,0.0
10675,1779,3,0,0.0
10676,1779,4,0,0.0
10677,1779,5,0,0.0
10678,1779,7,0,0.0
10679,1779,9,0,0.0
10680,1780,1,0,0.0
10681,1780,2,0,0.0
10682,1780,5,1,1.0
10683,1780,8,0,1.0
10684,1780,9,0,1.0
10685,1780,10,0,1.0
10686,1781,0,0,0.0
10687,1781,2,0,0.0
10688,1781,3,0,0.0
10689,1781,4,1,1.0
10690,1781,5,0,1.0
10691,1781,6,0,1.0
10692,1782,0,0,0.0
10693,1782,1,0,0.0
10694,1782,3,0,0.0
10695,1782,7,1,1.0
10696,1782,8,1,1.0
10697,1782,10,1,1.0
10698,1783,0,0,0.0
10699,1783,3,1,1.0
10700,1783,7,1,1.0
10701,1783,8,1,1.0
10702,1783,9,1,1.0
10703,1783,10,1,1.0
10704,1784,1,0,0.0
10705,1784,3,0,0.0
10706,1784,4,0,0.0
10707,1784,5,0,0.0
10708,1784,6,0,0.0
10709,1784,9,0,0.0
10710,1785,1,0,0.0
10711,1785,3,0,0.0
10712,1785,4,0,0.0
10713,1785,7,0,0.0
10714,1785,8,0,0.0
10715,1785,9,0,0.0
10716,1786,0,0,0.0
10717,1786,1,0,0.0
10718,1786,3,0,0.0
10719,1786,8,0,0.0
10720,1786,9,0,0.0
10721,1786,10,0,0.0
10722,1787,3,1,1.0
10723,1787,4,2,2.0
10724,1787,6,2,2.0
10725,1787,8,2,2.0
10726,1787,9,3,3.0
10727,1787,10,2,3.0
10728,1788,0,0,0.0
10729,1788,4,1,1.0
10730,1788,5,0,1.0
10731,1788,7,1,1.0
10732,1788,8,0,1.0
10733,1788,9,0,1.0
10734,1789,3,0,0.0
10735,1789,4,0,0.0
10736,1789,6,1,1.0
10737,1789,7,1,1.0
10738,1789,8,1,1.0
10739,1789,9,1,1.0
10740,1790,2,0,0.0
10741,1790,4,0,0.0
10742,1790,5,0,0.0
10743,1790,6,1,1.0
10744,1790,8,0,1.0
10745,1790,9,1,1.0
10746,1791,0,0,0.0
10747,1791,1,0,0.0
10748,1791,2,0,0.0
10749,1791,6,0,0.0
10750,1791,8,0,0.0
10751,1791,9,0,0.0
10752,1792,0,0,0.0
10753,1792,1,0,0.0
10754,1792,3,0,0.0
10755,1792,5,0,0.0
10756,1792,6,0,0.0
10757,1792,10,0,0.0
10758,1793,0,0,0.0
10759,1793,1,0,0.0
10760,1793,2,1,1.0
10761,1793,3,0,1.0
10762,1793,5,0,1.0
10763,1793,7,0,1.0
10764,1794,2,0,0.0
10765,1794,3,0,0.0
10766,1794,6,0,0.0
10767,1794,7,0,0.0
10768,1794,9,0,0.0
10769,1794,10,0,0.0
10770,1795,0,0,0.0
10771,1795,2,0,0.0
10772,1795,4,0,0.0
10773,1795,7,0,0.0
10774,1795,8,0,0.0
10775,1795,9,0,0.0
10776,1796,2,0,0.0
10777,1796,4,0,0.0
10778,1796,5,0,0.0
10779,1796,6,0,0.0
10780,1796,8,0,0.0
10781,1796,9,0,0.0
10782,1797,0,0,0.0
10783,1797,2,0,0.0
10784,1797,5,0,0.0
10785,1797,7,0,0.0
10786,1797,9,0,0.0
10787,1797,10,0,0.0
10788,1798,0,0,0.0
10789,1798,2,1,1.0
10790,1798,3,1,1.0
10791,1798,7,0,1.0
10792,1798,9,0,1.0
10793,1798,10,1,1.0
10794,1799,0,0,0.0
10795,1799,3,0,0.0
10796,1799,5,0,0.0
10797,1799,6,0,0.0
10798,1799,8,0,0.0
10799,1799,10,0,0.0
10800,1800,0,0,0.0
10801,1800,1,0,0.0
10802,1800,5,0,0.0
10803,1800,6,1,1.0
10804,1800,7,1,1.0
10805,1800,8,1,1.0
10806,1801,0,0,0.0
10807,1801,1,1,1.0
10808,1801,3,0,1.0
10809,1801,4,0,1.0
10810,1801,7,0,1.0
10811,1801,9,0,1.0
10812,1802,0,0,0.0
10813,1802,1,0,0.0
10814,1802,5,0,0.0
10815,1802,8,0,0.0
10816,1802,9,0,0.0
10817,1802,10,0,0.0
10818,1803,0,0,0.0
10819,1803,3,0,0.0
10820,1803,7,0,0.0
10821,1803,8,0,0.0
10822,1803,9,0,0.0
10823,1803,10,0,0.0
10824,1804,4,0,0.0
10825,1804,5,0,0.0
10826,1804,6,0,0.0
10827,1804,7,0,0.0
10828,1804,8,0,0.0
10829,1804,9,0,0.0
10830,1805,1,0,0.0
10831,1805,2,0,0.0
10832,1805,4,0,0.0
10833,1805,5,0,0.0
10834,1805,9,0,0.0
10835,1805,10,0,0.0
10836,1806,0,0,0.0
10837,1806,1,0,0.0
10838,1806,2,0,0.0
10839,1806,5,0,0.0
10840,1806,6,0,0.0
10841,1806,7,0,0.0
10842,1807,0,0,0.0
10843,1807,1,0,0.0
10844,1807,3,0,0.0
10845,1807,5,0,0.0
10846,1807,6,0,0.0
10847,1807,7,0,0.0
10848,1808,0,0,0.0
10849,1808,2,0,0.0
10850,1808,6,0,0.0
10851,1808,7,0,0.0
10852,1808,9,0,0.0
10853,1808,10,0,0.0
10854,1809,0,0,0.0
10855,1809,1,0,0.0
10856,1809,2,0,0.0
10857,1809,3,0,0.0
10858,1809,4,0,0.0
10859,1809,10,0,0.0
10860,1810,2,0,0.0
10861,1810,3,1,1.0
10862,1810,5,0,1.0
10863,1810,6,1,1.0
10864,1810,9,1,1.0
10865,1810,10,1,1.0
10866,1811,1,0,0.0
10867,1811,5,0,0.0
10868,1811,6,0,0.0
10869,1811,7,0,0.0
10870,1811,8,0,0.0
10871,1811,10,0,0.0
10872,1812,1,0,0.0
10873,1812,4,0,0.0
10874,1812,5,1,1.0
10875,1812,8,0,1.0
10876,1812,9,1,1.0
10877,1812,10,0,1.0
10878,1813,0,0,0.0
10879,1813,2,0,0.0
10880,1813,4,2,2.0
10881,1813,6,2,2.0
10882,1813,7,3,3.0
10883,1813,9,1,3.0
10884,1814,1,0,0.0
10885,1814,2,0,0.0
10886,1814,3,0,0.0
10887,1814,5,0,0.0
10888,1814,6,0,0.0
10889,1814,8,0,0.0
10890,1815,0,0,0.0
10891,1815,1,0,0.0
10892,1815,3,1,1.0
10893,1815,4,0,1.0
10894,1815,6,0,1.0
10895,1815,8,1,1.0
10896,1816,0,0,0.0
10897,1816,1,0,0.0
10898,1816,2,0,0.0
10899,1816,4,0,0.0
10900,1816,6,0,0.0
10901,1816,10,0,0.0
10902,1817,0,0,0.0
10903,1817,5,0,0.0
10904,1817,6,0,0.0
10905,1817,8,0,0.0
10906,1817,9,0,0.0
10907,1817,10,0,0.0
10908,1818,0,0,0.0
10909,1818,1,1,1.0
10910,1818,2,0,1.0
10911,1818,3,1,1.0
10912,1818,9,0,1.0
10913,1818,10,1,1.0
10914,1819,4,2,2.0
10915,1819,5,1,2.0
10916,1819,6,2,2.0
10917,1819,8,2,2.0
10918,1819,9,1,2.0
10919,1819,10,2,2.0
10920,1820,0,0,0.0
10921,1820,1,1,1.0
10922,1820,2,2,2.0
10923,1820,5,1,2.0
10924,1820,6,2,2.0
10925,1820,8,2,2.0
10926,1821,1,1,1.0
10927,1821,2,0,1.0
10928,1821,3,1,1.0
10929,1821,4,0,1.0
10930,1821,7,1,1.0
10931,1821,9,1,1.0
10932,1822,0,0,0.0
10933,1822,2,0,0.0
10934,1822,3,0,0.0
10935,1822,6,0,0.0
10936,1822,7,0,0.0
10937,1822,10,0,0.0
10938,1823,0,0,0.0
10939,1823,2,0,0.0
10940,1823,3,1,1.0
10941,1823,6,1,1.0
10942,1823,7,0,1.0
10943,1823,8,1,1.0
10944,1824,1,1,1.0
10945,1824,2,1,1.0
10946,1824,4,0,1.0
10947,1824,8,0,1.0
10948,1824,9,0,1.0
10949,1824,10,0,1.0
10950,1825,0,0,0.0
10951,1825,1,0,0.0
10952,1825,2,0,0.0
10953,1825,6,0,0.0
10954,1825,8,0,0.0
10955,1825,9,0,0.0
10956,1826,3,1,1.0
10957,1826,5,1,1.0
10958,1826,6,0,1.0
10959,1826,7,1,1.0
10960,1826,9,2,2.0
10961,1826,10,1,2.0
10962,1827,0,0,0.0
10963,1827,1,0,0.0
10964,1827,4,0,0.0
10965,1827,7,0,0.0
10966,1827,9,0,0.0
10967,1827,10,0,0.0
10968,1828,0,0,0.0
10969,1828,3,1,1.0
10970,1828,6,1,1.0
10971,1828,7,1,1.0
10972,1828,8,1,1.0
10973,1828,10,1,1.0
10974,1829,0,0,0.0
10975,1829,2,0,0.0
10976,1829,3,0,0.0
10977,1829,4,1,1.0
10978,1829,8,0,1.0
10979,1829,10,0,1.0
10980,1830,0,0,0.0
10981,1830,2,0,0.0
10982,1830,3,0,0.0
10983,1830,5,0,0.0
10984,1830,8,0,0.0
10985,1830,9,0,0.0
10986,1831,0,0,0.0
10987,1831,3,0,0.0
10988,1831,4,0,0.0
10989,1831,5,0,0.0
10990,1831,6,0,0.0
10991,1831,8,0,0.0
10992,1832,0,0,0.0
10993,1832,1,0,0.0
10994,1832,3,0,0.0
10995,1832,5,0,0.0
10996,1832,9,0,0.0
10997,1832,10,0,0.0
10998,1833,0,0,0.0
10999,1833,2,0,0.0
11000,1833,5,0,0.0
11001,1833,7,0,0.0
11002,1833,8,0,0.0
11003,1833,10,0,0.0
11004,1834,2,0,0.0
11005,1834,5,0,0.0
11006,1834,6,0,0.0
11007,1834,8,0,0.0
11008,1834,9,0,0.0
11009,1834,10,0,0.0
11010,1835,0,0,0.0
11011,1835,4,0,0.0
11012,1835,5,0,0.0
11013,1835,6,0,0.0
11014,1835,7,0,0.0
11015,1835,10,0,0.0
11016,1836,1,0,0.0
11017,1836,3,0,0.0
11018,1836,5,0,0.0
11019,1836,6,1,1.0
11020,1836,7,0,1.0
11021,1836,10,0,1.0
11022,1837,1,0,0.0
11023,1837,2,0,0.0
11024,1837,4,1,1.0
11025,1837,8,1,1.0
11026,1837,9,1,1.0
11027,1837,10,0,1.0
11028,1838,0,0,0.0
11029,1838,5,0,0.0
11030,1838,6,0,0.0
11031,1838,7,0,0.0
11032,1838,9,0,0.0
11033,1838,10,0,0.0
11034,1839,0,0,0.0
11035,1839,1,0,0.0
11036,1839,4,1,1.0
11037,1839,5,0,1.0
11038,1839,7,1,1.0
11039,1839,8,0,1.0
11040,1840,0,0,0.0
11041,1840,2,0,0.0
11042,1840,5,1,1.0
11043,1840,8,1,1.0
11044,1840,9,1,1.0
11045,1840,10,1,1.0
11046,1841,0,0,0.0
11047,1841,3,0,0.0
11048,1841,4,0,0.0
11049,1841,7,0,0.0
11050,1841,9,0,0.0
11051,1841,10,0,0.0
11052,1842,1,0,0.0
11053,1842,3,0,0.0
11054,1842,5,0,0.0
11055,1842,6,0,0.0
11056,1842,8,0,0.0
11057,1842,10,0,0.0
11058,1843,2,0,0.0
11059,1843,3,0,0.0
11060,1843,4,0,0.0
11061,1843,5,0,0.0
11062,1843,6,0,0.0
11063,1843,9,0,0.0
11064,1844,0,0,0.0
11065,1844,1,0,0.0
11066,1844,2,0,0.0
11067,1844,4,0,0.0
11068,1844,8,0,0.0
11069,1844,9,0,0.0
11070,1845,2,0,0.0
11071,1845,3,0,0.0
11072,1845,5,0,0.0
11073,1845,6,0,0.0
11074,1845,7,1,1.0
11075,1845,9,0,1.0
11076,1846,0,0,0.0
11077,1846,2,0,0.0
11078,1846,7,0,0.0
11079,1846,8,0,0.0
11080,1846,9,0,0.0
11081,1846,10,0,0.0
11082,1847,1,0,0.0
11083,1847,2,0,0.0
11084,1847,3,0,0.0
11085,1847,4,0,0.0
11086,1847,7,0,0.0
11087,1847,8,0,0.0
11088,1848,2,0,0.0
11089,1848,4,2,2.0
11090,1848,5,1,2.0
11091,1848,7,0,2.0
11092,1848,8,1,2.0
11093,1848,10,1,2.0
11094,1849,1,0,0.0
11095,1849,2,1,1.0
11096,1849,3,2,2.0
11097,1849,6,1,2.0
11098,1849,7,1,2.0
11099,1849,8,2,2.0
11100,1850,0,0,0.0
11101,1850,1,1,1.0
11102,1850,4,1,1.0
11103,1850,5,1,1.0
11104,1850,6,0,1.0
11105,1850,10,0,1.0
11106,1851,0,0,0.0
11107,1851,1,0,0.0
11108,1851,2,0,0.0
11109,1851,3,0,0.0
11110,1851,6,1,1.0
11111,1851,10,1,1.0
11112,1852,0,0,0.0
11113,1852,1,0,0.0
11114,1852,3,0,0.0
11115,1852,4,0,0.0
11116,1852,9,1,1.0
11117,1852,10,0,1.0
11118,1853,0,0,0.0
11119,1853,3,1,1.0
11120,1853,4,0,1.0
11121,1853,5,1,1.0
11122,1853,6,0,1.0
11123,1853,10,0,1.0
11124,1854,2,0,0.0
11125,1854,5,0,0.0
11126,1854,6,0,0.0
11127,1854,7,0,0.0
11128,1854,9,0,0.0
11129,1854,10,0,0.0
11130,1855,0,0,0.0
11131,1855,2,0,0.0
11132,1855,3,0,0.0
11133,1855,5,0,0.0
11134,1855,7,0,0.0
11135,1855,9,0,0.0
11136,1856,0,0,0.0
11137,1856,1,0,0.0
11138,1856,2,0,0.0
11139,1856,4,0,0.0
11140,1856,5,1,1.0
11141,1856,7,0,1.0
11142,1857,1,0,0.0
11143,1857,2,0,0.0
11144,1857,4,0,0.0
11145,1857,5,0,0.0
11146,1857,9,0,0.0
11147,1857,10,0,0.0
11148,1858,0,0,0.0
11149,1858,5,0,0.0
11150,1858,6,0,0.0
11151,1858,7,0,0.0
11152,1858,8,0,0.0
11153,1858,9,0,0.0
11154,1859,0,0,0.0
11155,1859,1,0,0.0
11156,1859,2,1,1.0
11157,1859,4,1,1.0
11158,1859,8,1,1.0
11159,1859,10,1,1.0
11160,1860,2,0,0.0
11161,1860,6,0,0.0
11162,1860,7,0,0.0
11163,1860,8,0,0.0
11164,1860,9,0,0.0
11165,1860,10,0,0.0
11166,1861,0,0,0.0
11167,1861,2,0,0.0
11168,1861,3,0,0.0
11169,1861,4,0,0.0
11170,1861,5,1,1.0
11171,1861,7,0,1.0
11172,1862,0,0,0.0
11173,1862,2,0,0.0
11174,1862,4,0,0.0
11175,1862,5,0,0.0
11176,1862,9,0,0.0
11177,1862,10,0,0.0
11178,1863,0,0,0.0
11179,1863,1,1,1.0
11180,1863,3,1,1.0
11181,1863,5,1,1.0
11182,1863,6,0,1.0
11183,1863,9,1,1.0
11184,1864,2,0,0.0
11185,1864,4,0,0.0
11186,1864,7,0,0.0
11187,1864,8,0,0.0
11188,1864,9,0,0.0
11189,1864,10,0,0.0
11190,1865,1,0,0.0
11191,1865,2,0,0.0
11192,1865,6,0,0.0
11193,1865,7,0,0.0
11194,1865,8,0,0.0
11195,1865,9,0,0.0
11196,1866,1,1,1.0
11197,1866,2,0,1.0
11198,1866,3,1,1.0
11199,1866,6,0,1.0
11200,1866,7,1,1.0
11201,1866,9,1,1.0
11202,1867,1,0,0.0
11203,1867,2,0,0.0
11204,1867,3,0,0.0
11205,1867,4,0,0.0
11206,1867,6,0,0.0
11207,1867,8,0,0.0
11208,1868,1,0,0.0
11209,1868,2,0,0.0
11210,1868,6,0,0.0
11211,1868,8,0,0.0
11212,1868,9,0,0.0
11213,1868,10,0,0.0
11214,1869,0,0,0.0
11215,1869,4,0,0.0
11216,1869,5,0,0.0
11217,1869,6,0,0.0
11218,1869,7,0,0.0
11219,1869,9,0,0.0
11220,1870,0,0,0.0
11221,1870,1,0,0.0
11222,1870,2,0,0.0
11223,1870,7,0,0.0
11224,1870,8,0,0.0
11225,1870,9,0,0.0
11226,1871,1,0,0.0
11227,1871,2,0,0.0
11228,1871,3,0,0.0
11229,1871,6,0,0.0
11230,1871,7,0,0.0
11231,1871,8,0,0.0
11232,1872,0,0,0.0
11233,1872,1,1,1.0
11234,1872,6,1,1.0
11235,1872,7,0,1.0
11236,1872,8,0,1.0
11237,1872,10,2,2.0
11238,1873,0,0,0.0
11239,1873,2,0,0.0
11240,1873,3,0,0.0
11241,1873,4,0,0.0
11242,1873,7,0,0.0
11243,1873,8,0,0.0
11244,1874,0,0,0.0
11245,1874,2,0,0.0
11246,1874,4,0,0.0
11247,1874,6,0,0.0
11248,1874,8,0,0.0
11249,1874,10,0,0.0
11250,1875,0,0,0.0
11251,1875,5,0,0.0
11252,1875,6,0,0.0
11253,1875,8,0,0.0
11254,1875,9,0,0.0
11255,1875,10,0,0.0
11256,1876,2,0,0.0
11257,1876,3,0,0.0
11258,1876,6,0,0.0
11259,1876,7,0,0.0
11260,1876,8,0,0.0
11261,1876,10,0,0.0
11262,1877,2,0,0.0
11263,1877,3,1,1.0
11264,1877,4,0,1.0
11265,1877,5,0,1.0
11266,1877,6,1,1.0
11267,1877,9,0,1.0
11268,1878,0,0,0.0
11269,1878,1,0,0.0
11270,1878,2,0,0.0
11271,1878,5,0,0.0
11272,1878,6,0,0.0
11273,1878,7,0,0.0
11274,1879,0,0,0.0
11275,1879,1,1,1.0
11276,1879,3,1,1.0
11277,1879,6,1,1.0
11278,1879,8,1,1.0
11279,1879,10,1,1.0
11280,1880,0,0,0.0
11281,1880,1,1,1.0
11282,1880,3,0,1.0
11283,1880,4,1,1.0
11284,1880,5,1,1.0
11285,1880,6,0,1.0
11286,1881,2,0,0.0
11287,1881,3,1,1.0
11288,1881,4,0,1.0
11289,1881,6,0,1.0
11290,1881,7,1,1.0
11291,1881,9,1,1.0
11292,1882,0,0,0.0
11293,1882,1,0,0.0
11294,1882,4,0,0.0
11295,1882,7,0,0.0
11296,1882,8,0,0.0
11297,1882,10,0,0.0
11298,1883,0,0,0.0
11299,1883,2,0,0.0
11300,1883,4,0,0.0
11301,1883,5,0,0.0
11302,1883,7,0,0.0
11303,1883,10,0,0.0
11304,1884,2,0,0.0
11305,1884,3,0,0.0
11306,1884,4,0,0.0
11307,1884,6,0,0.0
11308,1884,8,0,0.0
11309,1884,10,0,0.0
11310,1885,2,0,0.0
11311,1885,4,1,1.0
11312,1885,6,0,1.0
11313,1885,7,0,1.0
11314,1885,8,0,1.0
11315,1885,9,1,1.0
11316,1886,1,1,1.0
11317,1886,2,1,1.0
11318,1886,3,0,1.0
11319,1886,5,0,1.0
11320,1886,7,1,1.0
11321,1886,8,1,1.0
11322,1887,0,0,0.0
11323,1887,1,0,0.0
11324,1887,5,0,0.0
11325,1887,7,0,0.0
11326,1887,8,0,0.0
11327,1887,10,0,0.0
11328,1888,2,0,0.0
11329,1888,3,0,0.0
11330,1888,4,0,0.0
11331,1888,5,0,0.0
11332,1888,8,0,0.0
11333,1888,10,0,0.0
11334,1889,2,0,0.0
11335,1889,3,0,0.0
11336,1889,4,0,0.0
11337,1889,7,0,0.0
11338,1889,8,0,0.0
11339,1889,9,0,0.0
11340,1890,0,0,0.0
11341,1890,4,0,0.0
11342,1890,5,0,0.0
11343,1890,6,0,0.0
11344,1890,7,0,0.0
11345,1890,9,0,0.0
11346,1891,0,0,0.0
11347,1891,2,0,0.0
11348,1891,3,0,0.0
11349,1891,7,0,0.0
11350,1891,8,0,0.0
11351,1891,9,0,0.0
11352,1892,0,0,0.0
11353,1892,2,0,0.0
11354,1892,4,1,1.0
11355,1892,5,2,2.0
11356,1892,6,1,2.0
11357,1892,7,1,2.0
11358,1893,1,0,0.0
11359,1893,3,0,0.0
11360,1893,5,0,0.0
11361,1893,7,0,0.0
11362,1893,9,0,0.0
11363,1893,10,0,0.0
11364,1894,1,0,0.0
11365,1894,2,0,0.0
11366,1894,3,0,0.0
11367,1894,4,0,0.0
11368,1894,6,0,0.0
11369,1894,8,0,0.0
11370,1895,0,0,0.0
11371,1895,5,1,1.0
11372,1895,6,0,1.0
11373,1895,7,1,1.0
11374,1895,8,0,1.0
11375,1895,9,1,1.0
11376,1896,0,0,0.0
11377,1896,3,0,0.0
11378,1896,4,0,0.0
11379,1896,6,0,0.0
11380,1896,9,0,0.0
11381,1896,10,1,1.0
11382,1897,1,1,1.0
11383,1897,3,1,1.0
11384,1897,4,0,1.0
11385,1897,5,1,1.0
11386,1897,6,0,1.0
11387,1897,10,0,1.0
11388,1898,0,0,0.0
11389,1898,3,2,2.0
11390,1898,5,0,2.0
11391,1898,6,0,2.0
11392,1898,7,0,2.0
11393,1898,9,0,2.0
11394,1899,2,0,0.0
11395,1899,3,0,0.0
11396,1899,4,0,0.0
11397,1899,5,0,0.0
11398,1899,6,0,0.0
11399,1899,8,0,0.0
11400,1900,1,0,0.0
11401,1900,2,0,0.0
11402,1900,3,0,0.0
11403,1900,4,0,0.0
11404,1900,5,0,0.0
11405,1900,10,0,0.0
11406,1901,1,0,0.0
11407,1901,3,0,0.0
11408,1901,5,0,0.0
11409,1901,7,0,0.0
11410,1901,8,0,0.0
11411,1901,10,0,0.0
11412,1902,2,1,1.0
11413,1902,4,1,1.0
11414,1902,5,1,1.0
11415,1902,6,1,1.0
11416,1902,8,0,1.0
11417,1902,9,1,1.0
11418,1903,0,0,0.0
11419,1903,4,1,1.0
11420,1903,5,0,1.0
11421,1903,6,1,1.0
11422,1903,8,1,1.0
11423,1903,9,0,1.0
11424,1904,3,0,0.0
11425,1904,5,0,0.0
11426,1904,6,0,0.0
11427,1904,7,0,0.0
11428,1904,8,0,0.0
11429,1904,9,0,0.0
11430,1905,2,1,1.0
11431,1905,3,0,1.0
11432,1905,6,0,1.0
11433,1905,7,1,1.0
11434,1905,8,0,1.0
11435,1905,9,1,1.0
11436,1906,0,0,0.0
11437,1906,1,0,0.0
11438,1906,2,0,0.0
11439,1906,5,0,0.0
11440,1906,6,0,0.0
11441,1906,10,0,0.0
11442,1907,1,0,0.0
11443,1907,3,0,0.0
11444,1907,6,0,0.0
11445,1907,7,0,0.0
11446,1907,8,0,0.0
11447,1907,9,0,0.0
11448,1908,0,0,0.0
11449,1908,4,0,0.0
11450,1908,6,0,0.0
11451,1908,7,0,0.0
11452,1908,9,0,0.0
11453,1908,10,0,0.0
11454,1909,0,0,0.0
11455,1909,2,1,1.0
11456,1909,3,0,1.0
11457,1909,5,1,1.0
11458,1909,8,0,1.0
11459,1909,9,1,1.0
11460,1910,1,0,0.0
11461,1910,2,0,0.0
11462,1910,4,0,0.0
11463,1910,6,0,0.0
11464,1910,8,0,0.0
11465,1910,9,0,0.0
11466,1911,0,0,0.0
11467,1911,5,1,1.0
11468,1911,6,1,1.0
11469,1911,7,0,1.0
11470,1911,9,0,1.0
11471,1911,10,1,1.0
11472,1912,1,0,0.0
11473,1912,2,0,0.0
11474,1912,3,0,0.0
11475,1912,6,0,0.0
11476,1912,9,0,0.0
11477,1912,10,0,0.0
11478,1913,2,0,0.0
11479,1913,4,0,0.0
11480,1913,5,0,0.0
11481,1913,6,0,0.0
11482,1913,7,0,0.0
11483,1913,9,0,0.0
11484,1914,1,0,0.0
11485,1914,2,0,0.0
11486,1914,5,0,0.0
11487,1914,6,1,1.0
11488,1914,9,0,1.0
11489,1914,10,0,1.0
11490,1915,1,0,0.0
11491,1915,2,0,0.0
11492,1915,3,0,0.0
11493,1915,7,0,0.0
11494,1915,8,0,0.0
11495,1915,9,0,0.0
11496,1916,0,0,0.0
11497,1916,1,0,0.0
11498,1916,2,0,0.0
11499,1916,3,0,0.0
11500,1916,4,0,0.0
11501,1916,7,0,0.0
11502,1917,1,0,0.0
11503,1917,3,0,0.0
11504,1917,4,0,0.0
11505,1917,5,0,0.0
11506,1917,6,0,0.0
11507,1917,8,0,0.0
11508,1918,3,1,1.0
11509,1918,5,1,1.0
11510,1918,6,0,1.0
11511,1918,7,1,1.0
11512,1918,9,0,1.0
11513,1918,10,1,1.0
11514,1919,1,1,1.0
11515,1919,2,0,1.0
11516,1919,4,0,1.0
11517,1919,7,0,1.0
11518,1919,8,1,1.0
11519,1919,9,0,1.0
11520,1920,0,0,0.0
11521,1920,1,1,1.0
11522,1920,4,1,1.0
11523,1920,6,1,1.0
11524,1920,9,1,1.0
11525,1920,10,0,1.0
11526,1921,4,0,0.0
11527,1921,5,0,0.0
11528,1921,7,0,0.0
11529,1921,8,0,0.0
11530,1921,9,0,0.0
11531,1921,10,0,0.0
11532,1922,0,0,0.0
11533,1922,1,0,0.0
11534,1922,4,0,0.0
11535,1922,5,0,0.0
11536,1922,8,0,0.0
11537,1922,9,0,0.0
11538,1923,1,1,1.0
11539,1923,2,0,1.0
11540,1923,4,0,1.0
11541,1923,5,1,1.0
11542,1923,6,0,1.0
11543,1923,10,0,1.0
11544,1924,1,0,0.0
11545,1924,2,0,0.0
11546,1924,4,0,0.0
11547,1924,6,0,0.0
11548,1924,7,0,0.0
11549,1924,10,0,0.0
11550,1925,0,0,0.0
11551,1925,1,0,0.0
11552,1925,3,0,0.0
11553,1925,6,0,0.0
11554,1925,7,0,0.0
11555,1925,8,0,0.0
11556,1926,1,0,0.0
11557,1926,3,0,0.0
11558,1926,4,0,0.0
11559,1926,6,0,0.0
11560,1926,8,0,0.0
11561,1926,9,0,0.0
11562,1927,0,0,0.0
11563,1927,2,1,1.0
11564,1927,5,1,1.0
11565,1927,6,1,1.0
11566,1927,8,1,1.0
11567,1927,9,1,1.0
11568,1928,0,0,0.0
11569,1928,1,0,0.0
11570,1928,2,0,0.0
11571,1928,6,1,1.0
11572,1928,7,1,1.0
11573,1928,8,0,1.0
11574,1929,0,0,0.0
11575,1929,1,1,1.0
11576,1929,2,0,1.0
11577,1929,3,1,1.0
11578,1929,4,0,1.0
11579,1929,8,1,1.0
11580,1930,0,0,0.0
11581,1930,1,0,0.0
11582,1930,4,0,0.0
11583,1930,6,0,0.0
11584,1930,7,0,0.0
11585,1930,8,0,0.0
11586,1931,2,0,0.0
11587,1931,4,0,0.0
11588,1931,5,0,0.0
11589,1931,8,0,0.0
11590,1931,9,0,0.0
11591,1931,10,0,0.0
11592,1932,0,0,0.0
11593,1932,2,0,0.0
11594,1932,6,0,0.0
11595,1932,8,0,0.0
11596,1932,9,0,0.0
11597,1932,10,0,0.0
11598,1933,0,0,0.0
11599,1933,1,0,0.0
11600,1933,3,0,0.0
11601,1933,4,0,0.0
11602,1933,7,0,0.0
11603,1933,8,0,0.0
11604,1934,1,0,0.0
11605,1934,3,1,1.0
11606,1934,4,1,1.0
11607,1934,6,1,1.0
11608,1934,9,1,1.0
11609,1934,10,1,1.0
11610,1935,0,0,0.0
11611,1935,2,0,0.0
11612,1935,3,0,0.0
11613,1935,6,0,0.0
11614,1935,7,0,0.0
11615,1935,10,0,0.0
11616,1936,2,0,0.0
11617,1936,4,0,0.0
11618,1936,5,1,1.0
11619,1936,7,0,1.0
11620,1936,9,0,1.0
11621,1936,10,1,1.0
11622,1937,0,0,0.0
11623,1937,1,0,0.0
11624,1937,6,0,0.0
11625,1937,7,0,0.0
11626,1937,8,0,0.0
11627,1937,10,0,0.0
11628,1938,1,0,0.0
11629,1938,2,1,1.0
11630,1938,3,1,1.0
11631,1938,6,0,1.0
11632,1938,9,0,1.0
11633,1938,10,0,1.0
11634,1939,3,1,1.0
11635,1939,4,2,2.0
11636,1939,5,1,2.0
11637,1939,6,2,2.0
11638,1939,7,1,2.0
11639,1939,9,1,2.0
11640,1940,0,0,0.0
11641,1940,1,0,0.0
11642,1940,3,0,0.0
11643,1940,6,0,0.0
11644,1940,7,0,0.0
11645,1940,8,0,0.0
11646,1941,1,0,0.0
11647,1941,2,1,1.0
11648,1941,3,1,1.0
11649,1941,6,1,1.0
11650,1941,9,0,1.0
11651,1941,10,1,1.0
11652,1942,0,0,0.0
11653,1942,2,0,0.0
11654,1942,3,1,1.0
11655,1942,5,1,1.0
11656,1942,6,2,2.0
11657,1942,10,1,2.0
11658,1943,0,0,0.0
11659,1943,1,0,0.0
11660,1943,2,0,0.0
11661,1943,6,0,0.0
11662,1943,7,0,0.0
11663,1943,9,0,0.0
11664,1944,1,0,0.0
11665,1944,2,0,0.0
11666,1944,3,0,0.0
11667,1944,4,0,0.0
11668,1944,8,0,0.0
11669,1944,10,0,0.0
11670,1945,1,0,0.0
11671,1945,3,0,0.0
11672,1945,4,0,0.0
11673,1945,5,0,0.0
11674,1945,7,0,0.0
11675,1945,9,0,0.0
11676,1946,2,0,0.0
11677,1946,4,0,0.0
11678,1946,5,0,0.0
11679,1946,6,0,0.0
11680,1946,8,0,0.0
11681,1946,10,0,0.0
11682,1947,1,1,1.0
11683,1947,2,0,1.0
11684,1947,3,1,1.0
11685,1947,4,1,1.0
11686,1947,6,1,1.0
11687,1947,8,1,1.0
11688,1948,2,0,0.0
11689,1948,4,1,1.0
11690,1948,6,0,1.0
11691,1948,7,0,1.0
11692,1948,9,0,1.0
11693,1948,10,0,1.0
11694,1949,1,1,1.0
11695,1949,2,0,1.0
11696,1949,3,1,1.0
11697,1949,5,1,1.0
11698,1949,9,0,1.0
11699,1949,10,1,1.0
11700,1950,0,0,0.0
11701,1950,1,0,0.0
11702,1950,4,0,0.0
11703,1950,6,0,0.0
11704,1950,7,0,0.0
11705,1950,9,0,0.0
11706,1951,1,0,0.0
11707,1951,2,0,0.0
11708,1951,3,0,0.0
11709,1951,7,0,0.0
11710,1951,9,0,0.0
11711,1951,10,0,0.0
11712,1952,0,0,0.0
11713,1952,3,0,0.0
11714,1952,4,0,0.0
11715,1952,8,0,0.0
11716,1952,9,0,0.0
11717,1952,10,0,0.0
11718,1953,2,0,0.0
11719,1953,4,0,0.0
11720,1953,5,0,0.0
11721,1953,6,0,0.0
11722,1953,7,0,0.0
11723,1953,8,0,0.0
11724,1954,0,0,0.0
11725,1954,5,1,1.0
11726,1954,6,0,1.0
11727,1954,7,1,1.0
11728,1954,8,2,2.0
11729,1954,10,0,2.0
11730,1955,0,0,0.0
11731,1955,1,0,0.0
11732,1955,3,0,0.0
11733,1955,4,0,0.0
11734,1955,9,0,0.0
11735,1955,10,0,0.0
11736,1956,3,0,0.0
11737,1956,4,0,0.0
11738,1956,6,0,0.0
11739,1956,8,0,0.0
11740,1956,9,0,0.0
11741,1956,10,0,0.0
11742,1957,0,0,0.0
11743,1957,1,0,0.0
11744,1957,3,0,0.0
11745,1957,4,0,0.0
11746,1957,7,0,0.0
11747,1957,8,0,0.0
11748,1958,0,0,0.0
11749,1958,1,0,0.0
11750,1958,3,0,0.0
11751,1958,4,0,0.0
11752,1958,6,0,0.0
11753,1958,7,0,0.0
11754,1959,2,0,0.0
11755,1959,3,0,0.0
11756,1959,4,0,0.0
11757,1959,6,0,0.0
11758,1959,9,0,0.0
11759,1959,10,0,0.0
11760,1960,1,0,0.0
11761,1960,3,0,0.0
11762,1960,5,0,0.0
11763,1960,8,0,0.0
11764,1960,9,1,1.0
11765,1960,10,1,1.0
11766,1961,0,0,0.0
11767,1961,2,2,2.0
11768,1961,6,2,2.0
11769,1961,8,2,2.0
11770,1961,9,1,2.0
11771,1961,10,2,2.0
11772,1962,0,0,0.0
11773,1962,1,0,0.0
11774,1962,4,0,0.0
11775,1962,8,1,1.0
11776,1962,9,0,1.0
11777,1962,10,0,1.0
11778,1963,2,0,0.0
11779,1963,3,1,1.0
11780,1963,5,0,1.0
11781,1963,6,0,1.0
11782,1963,7,0,1.0
11783,1963,10,0,1.0
11784,1964,0,0,0.0
11785,1964,1,0,0.0
11786,1964,3,1,1.0
11787,1964,7,2,2.0
11788,1964,8,1,2.0
11789,1964,10,0,2.0
11790,1965,0,0,0.0
11791,1965,1,0,0.0
11792,1965,2,0,0.0
11793,1965,3,0,0.0
11794,1965,6,0,0.0
11795,1965,7,0,0.0
11796,1966,1,1,1.0
11797,1966,3,1,1.0
11798,1966,6,2,2.0
11799,1966,7,1,2.0
11800,1966,8,0,2.0
11801,1966,9,1,2.0
11802,1967,0,0,0.0
11803,1967,2,0,0.0
11804,1967,3,1,1.0
11805,1967,5,1,1.0
11806,1967,7,1,1.0
11807,1967,8,0,1.0
11808,1968,0,0,0.0
11809,1968,1,1,1.0
11810,1968,2,1,1.0
11811,1968,6,1,1.0
11812,1968,7,1,1.0
11813,1968,8,1,1.0
11814,1969,0,0,0.0
11815,1969,1,0,0.0
11816,1969,2,0,0.0
11817,1969,3,0,0.0
11818,1969,6,0,0.0
11819,1969,9,1,1.0
11820,1970,1,0,0.0
11821,1970,3,0,0.0
11822,1970,6,0,0.0
11823,1970,7,0,0.0
11824,1970,8,0,0.0
11825,1970,9,0,0.0
11826,1971,1,0,0.0
11827,1971,2,0,0.0
11828,1971,3,0,0.0
11829,1971,5,0,0.0
11830,1971,7,0,0.0
11831,1971,8,0,0.0
11832,1972,0,0,0.0
11833,1972,2,0,0.0
11834,1972,3,0,0.0
11835,1972,6,0,0.0
11836,1972,8,0,0.0
11837,1972,9,0,0.0
11838,1973,1,0,0.0
11839,1973,5,0,0.0
11840,1973,6,0,0.0
11841,1973,8,0,0.0
11842,1973,9,0,0.0
11843,1973,10,0,0.0
11844,1974,1,0,0.0
11845,1974,2,0,0.0
11846,1974,4,0,0.0
11847,1974,5,0,0.0
11848,1974,6,0,0.0
11849,1974,9,0,0.0
11850,1975,0,0,0.0
11851,1975,1,0,0.0
11852,1975,2,0,0.0
11853,1975,5,0,0.0
11854,1975,6,0,0.0
11855,1975,9,1,1.0
11856,1976,0,0,0.0
11857,1976,1,0,0.0
11858,1976,4,0,0.0
11859,1976,6,0,0.0
11860,1976,7,0,0.0
11861,1976,8,0,0.0
11862,1977,2,0,0.0
11863,1977,3,0,0.0
11864,1977,6,0,0.0
11865,1977,7,0,0.0
11866,1977,9,0,0.0
11867,1977,10,0,0.0
11868,1978,1,1,1.0
11869,1978,2,0,1.0
11870,1978,4,0,1.0
11871,1978,6,0,1.0
11872,1978,8,0,1.0
11873,1978,10,0,1.0
11874,1979,0,0,0.0
11875,1979,2,1,1.0
11876,1979,3,2,2.0
11877,1979,4,1,2.0
11878,1979,7,1,2.0
11879,1979,10,0,2.0
11880,1980,1,1,1.0
11881,1980,2,1,1.0
11882,1980,3,1,1.0
11883,1980,6,1,1.0
11884,1980,9,1,1.0
11885,1980,10,0,1.0
11886,1981,0,0,0.0
11887,1981,1,0,0.0
11888,1981,3,0,0.0
11889,1981,6,0,0.0
11890,1981,7,0,0.0
11891,1981,8,0,0.0
11892,1982,2,0,0.0
11893,1982,4,0,0.0
11894,1982,6,0,0.0
11895,1982,7,0,0.0
11896,1982,8,0,0.0
11897,1982,10,0,0.0
11898,1983,0,0,0.0
11899,1983,2,0,0.0
11900,1983,5,0,0.0
11901,1983,7,0,0.0
11902,1983,8,0,0.0
11903,1983,9,0,0.0
11904,1984,0,0,0.0
11905,1984,1,0,0.0
11906,1984,4,0,0.0
11907,1984,6,0,0.0
11908,1984,8,0,0.0
11909,1984,9,0,0.0
11910,1985,0,0,0.0
11911,1985,1,0,0.0
11912,1985,3,0,0.0
11913,1985,4,0,0.0
11914,1985,8,0,0.0
11915,1985,9,0,0.0
11916,1986,1,1,1.0
11917,1986,3,0,1.0
11918,1986,5,1,1.0
11919,1986,7,0,1.0
11920,1986,8,0,1.0
11921,1986,10,0,1.0
11922,1987,1,0,0.0
11923,1987,2,0,0.0
11924,1987,7,0,0.0
11925,1987,8,0,0.0
11926,1987,9,0,0.0
11927,1987,10,0,0.0
11928,1988,0,0,0.0
11929,1988,2,1,1.0
11930,1988,6,1,1.0
11931,1988,7,0,1.0
11932,1988,9,0,1.0
11933,1988,10,0,1.0
11934,1989,3,0,0.0
11935,1989,4,0,0.0
11936,1989,5,0,0.0
11937,1989,6,0,0.0
11938,1989,7,0,0.0
11939,1989,9,0,0.0
11940,1990,2,0,0.0
11941,1990,3,0,0.0
11942,1990,5,0,0.0
11943,1990,7,0,0.0
11944,1990,8,0,0.0
11945,1990,9,0,0.0
11946,1991,2,0,0.0
11947,1991,4,0,0.0
11948,1991,6,0,0.0
11949,1991,7,1,1.0
11950,1991,9,0,1.0
11951,1991,10,1,1.0
11952,1992,2,0,0.0
11953,1992,3,1,1.0
11954,1992,4,1,1.0
11955,1992,6,0,1.0
11956,1992,9,0,1.0
11957,1992,10,1,1.0
11958,1993,1,0,0.0
11959,1993,4,0,0.0
11960,1993,5,0,0.0
11961,1993,7,0,0.0
11962,1993,8,0,0.0
11963,1993,10,0,0.0
11964,1994,0,0,0.0
11965,1994,1,0,0.0
11966,1994,2,0,0.0
11967,1994,6,0,0.0
11968,1994,8,0,0.0
11969,1994,9,0,0.0
11970,1995,1,1,1.0
11971,1995,3,1,1.0
11972,1995,4,0,1.0
11973,1995,5,0,1.0
11974,1995,8,1,1.0
11975,1995,9,0,1.0
11976,1996,0,0,0.0
11977,1996,1,0,0.0
11978,1996,5,0,0.0
11979,1996,6,0,0.0
11980,1996,7,0,0.0
11981,1996,10,0,0.0
11982,1997,2,0,0.0
11983,1997,3,0,0.0
11984,1997,4,0,0.0
11985,1997,5,0,0.0
11986,1997,6,0,0.0
11987,1997,8,0,0.0
11988,1998,3,0,0.0
11989,1998,4,0,0.0
11990,1998,6,0,0.0
11991,1998,8,0,0.0
11992,1998,9,0,0.0
11993,1998,10,0,0.0
11994,1999,1,0,0.0
11995,1999,3,0,0.0
11996,1999,5,1,1.0
11997,1999,6,0,1.0
11998,1999,8,0,1.0
11999,1999,10,1,1.0
