,subject,time,state
0,0,0,0
1,0,1,0
2,0,2,0
3,0,3,0
4,0,4,0
5,0,5,0
6,0,6,0
7,0,7,0
8,0,8,0
9,0,9,0
10,0,10,0
11,1,0,0
12,1,1,0
13,1,2,1
14,1,3,1
15,1,4,1
16,1,5,0
17,1,6,1
18,1,7,1
19,1,8,0
20,1,9,1
21,1,10,1
22,2,0,0
23,2,1,1
24,2,2,1
25,2,3,0
26,2,4,1
27,2,5,1
28,2,6,0
29,2,7,1
30,2,8,0
31,2,9,1
32,2,10,1
33,3,0,0
34,3,1,1
35,3,2,2
36,3,3,1
37,3,4,2
38,3,5,1
39,3,6,0
40,3,7,1
41,3,8,2
42,3,9,1
43,3,10,2
44,4,0,0
45,4,1,0
46,4,2,0
47,4,3,0
48,4,4,0
49,4,5,0
50,4,6,0
51,4,7,0
52,4,8,0
53,4,9,0
54,4,10,0
55,5,0,0
56,5,1,0
57,5,2,0
58,5,3,0
59,5,4,0
60,5,5,0
61,5,6,0
62,5,7,0
63,5,8,0
64,5,9,0
65,5,10,0
66,6,0,0
67,6,1,0
68,6,2,0
69,6,3,0
70,6,4,0
71,6,5,0
72,6,6,0
73,6,7,1
74,6,8,1
75,6,9,0
76,6,10,0
77,7,0,0
78,7,1,0
79,7,2,0
80,7,3,0
81,7,4,0
82,7,5,0
83,7,6,0
84,7,7,0
85,7,8,0
86,7,9,0
87,7,10,0
88,8,0,0
89,8,1,0
90,8,2,0
91,8,3,0
92,8,4,0
93,8,5,0
94,8,6,0
95,8,7,0
96,8,8,0
97,8,9,0
98,8,10,0
99,9,0,0
100,9,1,0
101,9,2,0
102,9,3,0
103,9,4,0
104,9,5,0
105,9,6,0
106,9,7,0
107,9,8,0
108,9,9,0
109,9,10,0
110,10,0,0
111,10,1,0
112,10,2,0
113,10,3,0
114,10,4,0
115,10,5,0
116,10,6,0
117,10,7,0
118,10,8,0
119,10,9,0
120,10,10,0
121,11,0,0
122,11,1,1
123,11,2,1
124,11,3,1
125,11,4,1
126,11,5,1
127,11,6,1
128,11,7,1
129,11,8,1
130,11,9,1
131,11,10,1
132,12,0,0
133,12,1,0
134,12,2,1
135,12,3,2
136,12,4,1
137,12,5,0
138,12,6,0
139,12,7,0
140,12,8,1
141,12,9,0
142,12,10,1
143,13,0,0
144,13,1,0
145,13,2,0
146,13,3,0
147,13,4,0
148,13,5,0
149,13,6,0
150,13,7,0
151,13,8,0
152,13,9,0
153,13,10,0
154,14,0,0
155,14,1,1
156,14,2,1
157,14,3,0
158,14,4,1
159,14,5,0
160,14,6,1
161,14,7,0
162,14,8,1
163,14,9,0
164,14,10,1
165,15,0,0
166,15,1,0
167,15,2,0
168,15,3,0
169,15,4,0
170,15,5,0
171,15,6,0
172,15,7,0
173,15,8,0
174,15,9,0
175,15,10,0
176,16,0,0
177,16,1,1
178,16,2,0
179,16,3,1
180,16,4,0
181,16,5,1
182,16,6,0
183,16,7,1
184,16,8,1
185,16,9,0
186,16,10,0
187,17,0,0
188,17,1,0
189,17,2,0
190,17,3,0
191,17,4,0
192,17,5,0
193,17,6,0
194,17,7,0
195,17,8,1
196,17,9,2
197,17,10,3
198,18,0,0
199,18,1,0
200,18,2,0
201,18,3,0
202,18,4,0
203,18,5,0
204,18,6,0
205,18,7,0
206,18,8,0
207,18,9,0
208,18,10,0
209,19,0,0
210,19,1,1
211,19,2,0
212,19,3,1
213,19,4,0
214,19,5,1
215,19,6,0
216,19,7,1
217,19,8,0
218,19,9,1
219,19,10,0
220,20,0,0
221,20,1,0
222,20,2,0
223,20,3,0
224,20,4,0
225,20,5,0
226,20,6,0
227,20,7,0
228,20,8,0
229,20,9,0
230,20,10,0
231,21,0,0
232,21,1,0
233,21,2,0
234,21,3,0
235,21,4,0
236,21,5,0
237,21,6,0
238,21,7,0
239,21,8,0
240,21,9,0
241,21,10,0
242,22,0,0
243,22,1,0
244,22,2,0
245,22,3,0
246,22,4,0
247,22,5,0
248,22,6,0
249,22,7,0
250,22,8,0
251,22,9,0
252,22,10,0
253,23,0,0
254,23,1,1
255,23,2,0
256,23,3,1
257,23,4,0
258,23,5,1
259,23,6,0
260,23,7,1
261,23,8,0
262,23,9,1
263,23,10,0
264,24,0,0
265,24,1,0
266,24,2,0
267,24,3,0
268,24,4,0
269,24,5,0
270,24,6,0
271,24,7,0
272,24,8,0
273,24,9,0
274,24,10,0
275,25,0,0
276,25,1,0
277,25,2,0
278,25,3,0
279,25,4,0
280,25,5,0
281,25,6,0
282,25,7,0
283,25,8,0
284,25,9,0
285,25,10,0
286,26,0,0
287,26,1,0
288,26,2,0
289,26,3,0
290,26,4,0
291,26,5,0
292,26,6,0
293,26,7,0
294,26,8,0
295,26,9,0
296,26,10,0
297,27,0,0
298,27,1,0
299,27,2,0
300,27,3,0
301,27,4,1
302,27,5,0
303,27,6,0
304,27,7,0
305,27,8,0
306,27,9,0
307,27,10,0
308,28,0,0
309,28,1,1
310,28,2,0
311,28,3,0
312,28,4,1
313,28,5,2
314,28,6,1
315,28,7,2
316,28,8,1
317,28,9,1
318,28,10,2
319,29,0,0
320,29,1,1
321,29,2,1
322,29,3,2
323,29,4,1
324,29,5,0
325,29,6,1
326,29,7,1
327,29,8,0
328,29,9,1
329,29,10,1
330,30,0,0
331,30,1,1
332,30,2,1
333,30,3,1
334,30,4,1
335,30,5,1
336,30,6,1
337,30,7,1
338,30,8,1
339,30,9,1
340,30,10,1
341,31,0,0
342,31,1,1
343,31,2,0
344,31,3,1
345,31,4,0
346,31,5,1
347,31,6,0
348,31,7,1
349,31,8,0
350,31,9,1
351,31,10,0
352,32,0,0
353,32,1,0
354,32,2,0
355,32,3,0
356,32,4,0
357,32,5,0
358,32,6,0
359,32,7,0
360,32,8,0
361,32,9,0
362,32,10,0
363,33,0,0
364,33,1,0
365,33,2,0
366,33,3,0
367,33,4,0
368,33,5,0
369,33,6,0
370,33,7,0
371,33,8,0
372,33,9,0
373,33,10,0
374,34,0,0
375,34,1,1
376,34,2,1
377,34,3,0
378,34,4,1
379,34,5,0
380,34,6,1
381,34,7,0
382,34,8,1
383,34,9,0
384,34,10,1
385,35,0,0
386,35,1,0
387,35,2,0
388,35,3,0
389,35,4,0
390,35,5,0
391,35,6,0
392,35,7,0
393,35,8,0
394,35,9,0
395,35,10,0
396,36,0,0
397,36,1,1
398,36,2,1
399,36,3,1
400,36,4,1
401,36,5,1
402,36,6,1
403,36,7,1
404,36,8,1
405,36,9,1
406,36,10,1
407,37,0,0
408,37,1,1
409,37,2,0
410,37,3,0
411,37,4,0
412,37,5,0
413,37,6,0
414,37,7,0
415,37,8,0
416,37,9,0
417,37,10,1
418,38,0,0
419,38,1,0
420,38,2,0
421,38,3,0
422,38,4,1
423,38,5,1
424,38,6,0
425,38,7,0
426,38,8,0
427,38,9,0
428,38,10,0
429,39,0,0
430,39,1,0
431,39,2,0
432,39,3,0
433,39,4,0
434,39,5,0
435,39,6,0
436,39,7,0
437,39,8,0
438,39,9,0
439,39,10,0
440,40,0,0
441,40,1,0
442,40,2,0
443,40,3,0
444,40,4,0
445,40,5,0
446,40,6,1
447,40,7,1
448,40,8,0
449,40,9,1
450,40,10,0
451,41,0,0
452,41,1,0
453,41,2,0
454,41,3,0
455,41,4,0
456,41,5,0
457,41,6,0
458,41,7,0
459,41,8,0
460,41,9,0
461,41,10,0
462,42,0,0
463,42,1,0
464,42,2,0
465,42,3,0
466,42,4,0
467,42,5,0
468,42,6,0
469,42,7,0
470,42,8,0
471,42,9,0
472,42,10,0
473,43,0,0
474,43,1,0
475,43,2,0
476,43,3,0
477,43,4,0
478,43,5,0
479,43,6,0
480,43,7,0
481,43,8,0
482,43,9,0
483,43,10,0
484,44,0,0
485,44,1,0
486,44,2,0
487,44,3,0
488,44,4,0
489,44,5,0
490,44,6,0
491,44,7,0
492,44,8,0
493,44,9,0
494,44,10,0
495,45,0,0
496,45,1,0
497,45,2,0
498,45,3,0
499,45,4,0
500,45,5,0
501,45,6,0
502,45,7,0
503,45,8,0
504,45,9,0
505,45,10,0
506,46,0,0
507,46,1,0
508,46,2,0
509,46,3,0
510,46,4,0
511,46,5,1
512,46,6,2
513,46,7,1
514,46,8,0
515,46,9,0
516,46,10,0
517,47,0,0
518,47,1,0
519,47,2,0
520,47,3,0
521,47,4,0
522,47,5,0
523,47,6,0
524,47,7,0
525,47,8,0
526,47,9,0
527,47,10,0
528,48,0,0
529,48,1,0
530,48,2,0
531,48,3,0
532,48,4,0
533,48,5,0
534,48,6,0
535,48,7,0
536,48,8,0
537,48,9,0
538,48,10,0
539,49,0,0
540,49,1,1
541,49,2,1
542,49,3,1
543,49,4,0
544,49,5,1
545,49,6,0
546,49,7,1
547,49,8,0
548,49,9,1
549,49,10,0
550,50,0,0
551,50,1,0
552,50,2,0
553,50,3,0
554,50,4,0
555,50,5,0
556,50,6,0
557,50,7,0
558,50,8,0
559,50,9,0
560,50,10,0
561,51,0,0
562,51,1,0
563,51,2,1
564,51,3,1
565,51,4,0
566,51,5,0
567,51,6,1
568,51,7,2
569,51,8,1
570,51,9,2
571,51,10,1
572,52,0,0
573,52,1,0
574,52,2,0
575,52,3,0
576,52,4,0
577,52,5,0
578,52,6,0
579,52,7,0
580,52,8,0
581,52,9,0
582,52,10,0
583,53,0,0
584,53,1,0
585,53,2,0
586,53,3,0
587,53,4,0
588,53,5,0
589,53,6,0
590,53,7,0
591,53,8,0
592,53,9,0
593,53,10,0
594,54,0,0
595,54,1,0
596,54,2,0
597,54,3,0
598,54,4,0
599,54,5,0
600,54,6,0
601,54,7,0
602,54,8,0
603,54,9,0
604,54,10,0
605,55,0,0
606,55,1,0
607,55,2,0
608,55,3,0
609,55,4,0
610,55,5,0
611,55,6,0
612,55,7,0
613,55,8,0
614,55,9,0
615,55,10,0
616,56,0,0
617,56,1,0
618,56,2,0
619,56,3,0
620,56,4,0
621,56,5,0
622,56,6,0
623,56,7,0
624,56,8,0
625,56,9,0
626,56,10,0
627,57,0,0
628,57,1,1
629,57,2,0
630,57,3,1
631,57,4,0
632,57,5,1
633,57,6,0
634,57,7,1
635,57,8,0
636,57,9,0
637,57,10,1
638,58,0,0
639,58,1,0
640,58,2,0
641,58,3,0
642,58,4,0
643,58,5,0
644,58,6,0
645,58,7,0
646,58,8,0
647,58,9,0
648,58,10,0
649,59,0,0
650,59,1,0
651,59,2,0
652,59,3,0
653,59,4,0
654,59,5,0
655,59,6,1
656,59,7,0
657,59,8,0
658,59,9,0
659,59,10,0
660,60,0,0
661,60,1,0
662,60,2,0
663,60,3,0
664,60,4,0
665,60,5,0
666,60,6,0
667,60,7,0
668,60,8,0
669,60,9,0
670,60,10,0
671,61,0,0
672,61,1,0
673,61,2,0
674,61,3,0
675,61,4,0
676,61,5,0
677,61,6,0
678,61,7,0
679,61,8,0
680,61,9,0
681,61,10,0
682,62,0,0
683,62,1,0
684,62,2,0
685,62,3,0
686,62,4,1
687,62,5,1
688,62,6,2
689,62,7,1
690,62,8,2
691,62,9,1
692,62,10,0
693,63,0,0
694,63,1,0
695,63,2,0
696,63,3,0
697,63,4,0
698,63,5,0
699,63,6,0
700,63,7,0
701,63,8,0
702,63,9,0
703,63,10,0
704,64,0,0
705,64,1,0
706,64,2,0
707,64,3,1
708,64,4,0
709,64,5,0
710,64,6,0
711,64,7,0
712,64,8,0
713,64,9,0
714,64,10,0
715,65,0,0
716,65,1,0
717,65,2,0
718,65,3,0
719,65,4,0
720,65,5,0
721,65,6,0
722,65,7,0
723,65,8,0
724,65,9,0
725,65,10,0
726,66,0,0
727,66,1,0
728,66,2,0
729,66,3,0
730,66,4,0
731,66,5,0
732,66,6,0
733,66,7,0
734,66,8,0
735,66,9,0
736,66,10,0
737,67,0,0
738,67,1,0
739,67,2,0
740,67,3,0
741,67,4,0
742,67,5,0
743,67,6,0
744,67,7,0
745,67,8,0
746,67,9,0
747,67,10,0
748,68,0,0
749,68,1,0
750,68,2,1
751,68,3,0
752,68,4,0
753,68,5,1
754,68,6,0
755,68,7,0
756,68,8,0
757,68,9,0
758,68,10,1
759,69,0,0
760,69,1,0
761,69,2,0
762,69,3,0
763,69,4,0
764,69,5,0
765,69,6,0
766,69,7,0
767,69,8,0
768,69,9,0
769,69,10,0
770,70,0,0
771,70,1,0
772,70,2,1
773,70,3,0
774,70,4,1
775,70,5,0
776,70,6,1
777,70,7,2
778,70,8,1
779,70,9,0
780,70,10,0
781,71,0,0
782,71,1,0
783,71,2,0
784,71,3,0
785,71,4,0
786,71,5,0
787,71,6,0
788,71,7,0
789,71,8,0
790,71,9,0
791,71,10,0
792,72,0,0
793,72,1,0
794,72,2,0
795,72,3,0
796,72,4,0
797,72,5,0
798,72,6,0
799,72,7,0
800,72,8,0
801,72,9,0
802,72,10,0
803,73,0,0
804,73,1,0
805,73,2,0
806,73,3,0
807,73,4,0
808,73,5,0
809,73,6,0
810,73,7,0
811,73,8,0
812,73,9,0
813,73,10,0
814,74,0,0
815,74,1,0
816,74,2,0
817,74,3,0
818,74,4,0
819,74,5,0
820,74,6,0
821,74,7,0
822,74,8,0
823,74,9,0
824,74,10,0
825,75,0,0
826,75,1,0
827,75,2,0
828,75,3,0
829,75,4,0
830,75,5,0
831,75,6,0
832,75,7,0
833,75,8,0
834,75,9,0
835,75,10,0
836,76,0,0
837,76,1,0
838,76,2,0
839,76,3,0
840,76,4,0
841,76,5,0
842,76,6,0
843,76,7,0
844,76,8,0
845,76,9,0
846,76,10,0
847,77,0,0
848,77,1,0
849,77,2,0
850,77,3,0
851,77,4,0
852,77,5,0
853,77,6,0
854,77,7,0
855,77,8,0
856,77,9,0
857,77,10,0
858,78,0,0
859,78,1,1
860,78,2,0
861,78,3,1
862,78,4,1
863,78,5,1
864,78,6,1
865,78,7,1
866,78,8,0
867,78,9,1
868,78,10,2
869,79,0,0
870,79,1,0
871,79,2,0
872,79,3,0
873,79,4,0
874,79,5,0
875,79,6,0
876,79,7,0
877,79,8,0
878,79,9,0
879,79,10,0
880,80,0,0
881,80,1,0
882,80,2,0
883,80,3,0
884,80,4,0
885,80,5,0
886,80,6,0
887,80,7,0
888,80,8,0
889,80,9,0
890,80,10,0
891,81,0,0
892,81,1,1
893,81,2,0
894,81,3,1
895,81,4,0
896,81,5,0
897,81,6,0
898,81,7,0
899,81,8,0
900,81,9,0
901,81,10,0
902,82,0,0
903,82,1,1
904,82,2,0
905,82,3,1
906,82,4,2
907,82,5,1
908,82,6,2
909,82,7,1
910,82,8,2
911,82,9,1
912,82,10,2
913,83,0,0
914,83,1,0
915,83,2,0
916,83,3,0
917,83,4,0
918,83,5,0
919,83,6,0
920,83,7,0
921,83,8,0
922,83,9,0
923,83,10,0
924,84,0,0
925,84,1,0
926,84,2,0
927,84,3,0
928,84,4,0
929,84,5,0
930,84,6,0
931,84,7,0
932,84,8,0
933,84,9,0
934,84,10,0
935,85,0,0
936,85,1,0
937,85,2,0
938,85,3,0
939,85,4,0
940,85,5,0
941,85,6,0
942,85,7,0
943,85,8,0
944,85,9,1
945,85,10,2
946,86,0,0
947,86,1,1
948,86,2,1
949,86,3,0
950,86,4,1
951,86,5,1
952,86,6,1
953,86,7,0
954,86,8,1
955,86,9,1
956,86,10,0
957,87,0,0
958,87,1,0
959,87,2,0
960,87,3,0
961,87,4,0
962,87,5,0
963,87,6,0
964,87,7,0
965,87,8,0
966,87,9,0
967,87,10,0
968,88,0,0
969,88,1,0
970,88,2,0
971,88,3,0
972,88,4,0
973,88,5,0
974,88,6,0
975,88,7,0
976,88,8,0
977,88,9,0
978,88,10,0
979,89,0,0
980,89,1,0
981,89,2,0
982,89,3,0
983,89,4,0
984,89,5,0
985,89,6,1
986,89,7,0
987,89,8,0
988,89,9,0
989,89,10,0
990,90,0,0
991,90,1,0
992,90,2,0
993,90,3,0
994,90,4,0
995,90,5,0
996,90,6,0
997,90,7,0
998,90,8,0
999,90,9,0
1000,90,10,0
1001,91,0,0
1002,91,1,0
1003,91,2,0
1004,91,3,0
1005,91,4,0
1006,91,5,0
1007,91,6,0
1008,91,7,0
1009,91,8,0
1010,91,9,0
1011,91,10,0
1012,92,0,0
1013,92,1,0
1014,92,2,0
1015,92,3,0
1016,92,4,0
1017,92,5,0
1018,92,6,0
1019,92,7,0
1020,92,8,0
1021,92,9,0
1022,92,10,0
1023,93,0,0
1024,93,1,1
1025,93,2,2
1026,93,3,1
1027,93,4,2
1028,93,5,1
1029,93,6,2
1030,93,7,1
1031,93,8,1
1032,93,9,2
1033,93,10,1
1034,94,0,0
1035,94,1,0
1036,94,2,0
1037,94,3,0
1038,94,4,1
1039,94,5,0
1040,94,6,0
1041,94,7,0
1042,94,8,0
1043,94,9,0
1044,94,10,0
1045,95,0,0
1046,95,1,1
1047,95,2,0
1048,95,3,1
1049,95,4,1
1050,95,5,0
1051,95,6,0
1052,95,7,1
1053,95,8,0
1054,95,9,1
1055,95,10,1
1056,96,0,0
1057,96,1,1
1058,96,2,1
1059,96,3,1
1060,96,4,1
1061,96,5,1
1062,96,6,1
1063,96,7,1
1064,96,8,1
1065,96,9,1
1066,96,10,1
1067,97,0,0
1068,97,1,0
1069,97,2,0
1070,97,3,0
1071,97,4,0
1072,97,5,0
1073,97,6,0
1074,97,7,0
1075,97,8,0
1076,97,9,0
1077,97,10,0
1078,98,0,0
1079,98,1,0
1080,98,2,0
1081,98,3,0
1082,98,4,0
1083,98,5,0
1084,98,6,0
1085,98,7,0
1086,98,8,0
1087,98,9,0
1088,98,10,0
1089,99,0,0
1090,99,1,0
1091,99,2,1
1092,99,3,0
1093,99,4,0
1094,99,5,1
1095,99,6,0
1096,99,7,0
1097,99,8,0
1098,99,9,0
1099,99,10,0
1100,100,0,0
1101,100,1,1
1102,100,2,0
1103,100,3,1
1104,100,4,0
1105,100,5,1
1106,100,6,0
1107,100,7,1
1108,100,8,0
1109,100,9,1
1110,100,10,0
1111,101,0,0
1112,101,1,0
1113,101,2,0
1114,101,3,0
1115,101,4,0
1116,101,5,0
1117,101,6,0
1118,101,7,0
1119,101,8,0
1120,101,9,0
1121,101,10,0
1122,102,0,0
1123,102,1,0
1124,102,2,0
1125,102,3,0
1126,102,4,0
1127,102,5,0
1128,102,6,0
1129,102,7,0
1130,102,8,0
1131,102,9,0
1132,102,10,0
1133,103,0,0
1134,103,1,0
1135,103,2,0
1136,103,3,0
1137,103,4,0
1138,103,5,0
1139,103,6,0
1140,103,7,0
1141,103,8,0
1142,103,9,0
1143,103,10,0
1144,104,0,0
1145,104,1,0
1146,104,2,0
1147,104,3,0
1148,104,4,0
1149,104,5,0
1150,104,6,0
1151,104,7,0
1152,104,8,0
1153,104,9,0
1154,104,10,0
1155,105,0,0
1156,105,1,0
1157,105,2,0
1158,105,3,0
1159,105,4,0
1160,105,5,0
1161,105,6,0
1162,105,7,0
1163,105,8,0
1164,105,9,0
1165,105,10,0
1166,106,0,0
1167,106,1,1
1168,106,2,2
1169,106,3,1
1170,106,4,2
1171,106,5,1
1172,106,6,1
1173,106,7,2
1174,106,8,1
1175,106,9,2
1176,106,10,1
1177,107,0,0
1178,107,1,1
1179,107,2,1
1180,107,3,1
1181,107,4,1
1182,107,5,1
1183,107,6,1
1184,107,7,0
1185,107,8,1
1186,107,9,1
1187,107,10,1
1188,108,0,0
1189,108,1,0
1190,108,2,0
1191,108,3,0
1192,108,4,0
1193,108,5,0
1194,108,6,0
1195,108,7,1
1196,108,8,0
1197,108,9,0
1198,108,10,0
1199,109,0,0
1200,109,1,0
1201,109,2,0
1202,109,3,0
1203,109,4,0
1204,109,5,0
1205,109,6,0
1206,109,7,0
1207,109,8,0
1208,109,9,0
1209,109,10,0
1210,110,0,0
1211,110,1,0
1212,110,2,0
1213,110,3,0
1214,110,4,0
1215,110,5,0
1216,110,6,0
1217,110,7,0
1218,110,8,0
1219,110,9,0
1220,110,10,0
1221,111,0,0
1222,111,1,0
1223,111,2,0
1224,111,3,1
1225,111,4,0
1226,111,5,1
1227,111,6,0
1228,111,7,0
1229,111,8,0
1230,111,9,1
1231,111,10,0
1232,112,0,0
1233,112,1,0
1234,112,2,0
1235,112,3,0
1236,112,4,0
1237,112,5,0
1238,112,6,0
1239,112,7,0
1240,112,8,0
1241,112,9,0
1242,112,10,0
1243,113,0,0
1244,113,1,0
1245,113,2,0
1246,113,3,0
1247,113,4,0
1248,113,5,0
1249,113,6,0
1250,113,7,0
1251,113,8,0
1252,113,9,0
1253,113,10,0
1254,114,0,0
1255,114,1,0
1256,114,2,1
1257,114,3,1
1258,114,4,2
1259,114,5,1
1260,114,6,2
1261,114,7,1
1262,114,8,2
1263,114,9,1
1264,114,10,2
1265,115,0,0
1266,115,1,1
1267,115,2,2
1268,115,3,1
1269,115,4,2
1270,115,5,1
1271,115,6,2
1272,115,7,1
1273,115,8,2
1274,115,9,1
1275,115,10,2
1276,116,0,0
1277,116,1,0
1278,116,2,0
1279,116,3,0
1280,116,4,0
1281,116,5,0
1282,116,6,0
1283,116,7,0
1284,116,8,0
1285,116,9,0
1286,116,10,0
1287,117,0,0
1288,117,1,0
1289,117,2,0
1290,117,3,0
1291,117,4,0
1292,117,5,0
1293,117,6,0
1294,117,7,0
1295,117,8,0
1296,117,9,0
1297,117,10,0
1298,118,0,0
1299,118,1,0
1300,118,2,0
1301,118,3,0
1302,118,4,0
1303,118,5,0
1304,118,6,0
1305,118,7,0
1306,118,8,0
1307,118,9,0
1308,118,10,0
1309,119,0,0
1310,119,1,1
1311,119,2,2
1312,119,3,1
1313,119,4,2
1314,119,5,1
1315,119,6,0
1316,119,7,1
1317,119,8,2
1318,119,9,1
1319,119,10,0
1320,120,0,0
1321,120,1,0
1322,120,2,0
1323,120,3,0
1324,120,4,0
1325,120,5,0
1326,120,6,0
1327,120,7,0
1328,120,8,0
1329,120,9,0
1330,120,10,0
1331,121,0,0
1332,121,1,0
1333,121,2,0
1334,121,3,0
1335,121,4,0
1336,121,5,0
1337,121,6,0
1338,121,7,0
1339,121,8,0
1340,121,9,0
1341,121,10,0
1342,122,0,0
1343,122,1,0
1344,122,2,0
1345,122,3,0
1346,122,4,0
1347,122,5,0
1348,122,6,0
1349,122,7,0
1350,122,8,0
1351,122,9,0
1352,122,10,0
1353,123,0,0
1354,123,1,0
1355,123,2,0
1356,123,3,0
1357,123,4,1
1358,123,5,0
1359,123,6,0
1360,123,7,0
1361,123,8,0
1362,123,9,0
1363,123,10,0
1364,124,0,0
1365,124,1,0
1366,124,2,0
1367,124,3,0
1368,124,4,0
1369,124,5,0
1370,124,6,0
1371,124,7,0
1372,124,8,0
1373,124,9,0
1374,124,10,0
1375,125,0,0
1376,125,1,1
1377,125,2,0
1378,125,3,1
1379,125,4,0
1380,125,5,1
1381,125,6,0
1382,125,7,1
1383,125,8,0
1384,125,9,1
1385,125,10,1
1386,126,0,0
1387,126,1,0
1388,126,2,0
1389,126,3,0
1390,126,4,0
1391,126,5,0
1392,126,6,0
1393,126,7,1
1394,126,8,0
1395,126,9,0
1396,126,10,0
1397,127,0,0
1398,127,1,1
1399,127,2,0
1400,127,3,1
1401,127,4,0
1402,127,5,1
1403,127,6,0
1404,127,7,1
1405,127,8,0
1406,127,9,1
1407,127,10,2
1408,128,0,0
1409,128,1,0
1410,128,2,0
1411,128,3,0
1412,128,4,0
1413,128,5,0
1414,128,6,0
1415,128,7,0
1416,128,8,0
1417,128,9,0
1418,128,10,0
1419,129,0,0
1420,129,1,0
1421,129,2,0
1422,129,3,0
1423,129,4,0
1424,129,5,0
1425,129,6,0
1426,129,7,0
1427,129,8,0
1428,129,9,0
1429,129,10,0
1430,130,0,0
1431,130,1,0
1432,130,2,0
1433,130,3,1
1434,130,4,1
1435,130,5,1
1436,130,6,0
1437,130,7,0
1438,130,8,0
1439,130,9,0
1440,130,10,0
1441,131,0,0
1442,131,1,0
1443,131,2,0
1444,131,3,0
1445,131,4,0
1446,131,5,0
1447,131,6,0
1448,131,7,0
1449,131,8,0
1450,131,9,0
1451,131,10,0
1452,132,0,0
1453,132,1,0
1454,132,2,0
1455,132,3,0
1456,132,4,0
1457,132,5,0
1458,132,6,0
1459,132,7,0
1460,132,8,0
1461,132,9,0
1462,132,10,0
1463,133,0,0
1464,133,1,0
1465,133,2,0
1466,133,3,0
1467,133,4,0
1468,133,5,0
1469,133,6,0
1470,133,7,1
1471,133,8,1
1472,133,9,1
1473,133,10,1
1474,134,0,0
1475,134,1,0
1476,134,2,0
1477,134,3,0
1478,134,4,0
1479,134,5,0
1480,134,6,0
1481,134,7,0
1482,134,8,0
1483,134,9,0
1484,134,10,0
1485,135,0,0
1486,135,1,0
1487,135,2,0
1488,135,3,0
1489,135,4,0
1490,135,5,0
1491,135,6,0
1492,135,7,0
1493,135,8,0
1494,135,9,0
1495,135,10,0
1496,136,0,0
1497,136,1,0
1498,136,2,0
1499,136,3,0
1500,136,4,0
1501,136,5,0
1502,136,6,0
1503,136,7,0
1504,136,8,0
1505,136,9,0
1506,136,10,0
1507,137,0,0
1508,137,1,1
1509,137,2,0
1510,137,3,1
1511,137,4,2
1512,137,5,1
1513,137,6,1
1514,137,7,2
1515,137,8,1
1516,137,9,2
1517,137,10,1
1518,138,0,0
1519,138,1,0
1520,138,2,0
1521,138,3,0
1522,138,4,1
1523,138,5,1
1524,138,6,1
1525,138,7,1
1526,138,8,1
1527,138,9,1
1528,138,10,1
1529,139,0,0
1530,139,1,1
1531,139,2,0
1532,139,3,1
1533,139,4,0
1534,139,5,1
1535,139,6,0
1536,139,7,1
1537,139,8,1
1538,139,9,1
1539,139,10,0
1540,140,0,0
1541,140,1,1
1542,140,2,1
1543,140,3,1
1544,140,4,2
1545,140,5,1
1546,140,6,1
1547,140,7,1
1548,140,8,1
1549,140,9,1
1550,140,10,1
1551,141,0,0
1552,141,1,0
1553,141,2,0
1554,141,3,0
1555,141,4,0
1556,141,5,0
1557,141,6,0
1558,141,7,0
1559,141,8,0
1560,141,9,0
1561,141,10,0
1562,142,0,0
1563,142,1,0
1564,142,2,0
1565,142,3,0
1566,142,4,0
1567,142,5,0
1568,142,6,0
1569,142,7,0
1570,142,8,0
1571,142,9,0
1572,142,10,0
1573,143,0,0
1574,143,1,1
1575,143,2,0
1576,143,3,1
1577,143,4,0
1578,143,5,0
1579,143,6,1
1580,143,7,0
1581,143,8,1
1582,143,9,0
1583,143,10,1
1584,144,0,0
1585,144,1,0
1586,144,2,0
1587,144,3,0
1588,144,4,0
1589,144,5,0
1590,144,6,0
1591,144,7,0
1592,144,8,0
1593,144,9,0
1594,144,10,0
1595,145,0,0
1596,145,1,0
1597,145,2,0
1598,145,3,0
1599,145,4,0
1600,145,5,0
1601,145,6,1
1602,145,7,0
1603,145,8,0
1604,145,9,0
1605,145,10,0
1606,146,0,0
1607,146,1,0
1608,146,2,0
1609,146,3,0
1610,146,4,0
1611,146,5,0
1612,146,6,1
1613,146,7,0
1614,146,8,0
1615,146,9,0
1616,146,10,0
1617,147,0,0
1618,147,1,0
1619,147,2,0
1620,147,3,0
1621,147,4,0
1622,147,5,0
1623,147,6,0
1624,147,7,0
1625,147,8,0
1626,147,9,0
1627,147,10,0
1628,148,0,0
1629,148,1,0
1630,148,2,0
1631,148,3,0
1632,148,4,0
1633,148,5,0
1634,148,6,0
1635,148,7,0
1636,148,8,0
1637,148,9,0
1638,148,10,0
1639,149,0,0
1640,149,1,0
1641,149,2,0
1642,149,3,0
1643,149,4,0
1644,149,5,0
1645,149,6,0
1646,149,7,0
1647,149,8,0
1648,149,9,0
1649,149,10,0
1650,150,0,0
1651,150,1,0
1652,150,2,0
1653,150,3,0
1654,150,4,0
1655,150,5,0
1656,150,6,0
1657,150,7,0
1658,150,8,0
1659,150,9,0
1660,150,10,0
1661,151,0,0
1662,151,1,0
1663,151,2,1
1664,151,3,0
1665,151,4,1
1666,151,5,0
1667,151,6,1
1668,151,7,1
1669,151,8,0
1670,151,9,1
1671,151,10,0
1672,152,0,0
1673,152,1,1
1674,152,2,0
1675,152,3,1
1676,152,4,2
1677,152,5,1
1678,152,6,2
1679,152,7,1
1680,152,8,0
1681,152,9,1
1682,152,10,2
1683,153,0,0
1684,153,1,1
1685,153,2,0
1686,153,3,1
1687,153,4,2
1688,153,5,1
1689,153,6,2
1690,153,7,1
1691,153,8,2
1692,153,9,1
1693,153,10,2
1694,154,0,0
1695,154,1,0
1696,154,2,0
1697,154,3,0
1698,154,4,0
1699,154,5,0
1700,154,6,0
1701,154,7,0
1702,154,8,0
1703,154,9,0
1704,154,10,0
1705,155,0,0
1706,155,1,1
1707,155,2,1
1708,155,3,1
1709,155,4,1
1710,155,5,1
1711,155,6,0
1712,155,7,1
1713,155,8,1
1714,155,9,1
1715,155,10,1
1716,156,0,0
1717,156,1,0
1718,156,2,0
1719,156,3,0
1720,156,4,0
1721,156,5,0
1722,156,6,0
1723,156,7,0
1724,156,8,0
1725,156,9,0
1726,156,10,0
1727,157,0,0
1728,157,1,1
1729,157,2,1
1730,157,3,0
1731,157,4,1
1732,157,5,0
1733,157,6,1
1734,157,7,0
1735,157,8,1
1736,157,9,0
1737,157,10,1
1738,158,0,0
1739,158,1,1
1740,158,2,0
1741,158,3,1
1742,158,4,0
1743,158,5,1
1744,158,6,0
1745,158,7,1
1746,158,8,0
1747,158,9,1
1748,158,10,0
1749,159,0,0
1750,159,1,0
1751,159,2,0
1752,159,3,0
1753,159,4,0
1754,159,5,0
1755,159,6,0
1756,159,7,0
1757,159,8,0
1758,159,9,0
1759,159,10,0
1760,160,0,0
1761,160,1,0
1762,160,2,0
1763,160,3,0
1764,160,4,0
1765,160,5,0
1766,160,6,0
1767,160,7,0
1768,160,8,0
1769,160,9,0
1770,160,10,0
1771,161,0,0
1772,161,1,0
1773,161,2,0
1774,161,3,0
1775,161,4,0
1776,161,5,0
1777,161,6,0
1778,161,7,0
1779,161,8,0
1780,161,9,0
1781,161,10,0
1782,162,0,0
1783,162,1,0
1784,162,2,0
1785,162,3,0
1786,162,4,1
1787,162,5,1
1788,162,6,0
1789,162,7,0
1790,162,8,1
1791,162,9,1
1792,162,10,1
1793,163,0,0
1794,163,1,0
1795,163,2,0
1796,163,3,0
1797,163,4,0
1798,163,5,0
1799,163,6,0
1800,163,7,0
1801,163,8,0
1802,163,9,0
1803,163,10,0
1804,164,0,0
1805,164,1,1
1806,164,2,1
1807,164,3,0
1808,164,4,1
1809,164,5,1
1810,164,6,1
1811,164,7,1
1812,164,8,1
1813,164,9,0
1814,164,10,1
1815,165,0,0
1816,165,1,0
1817,165,2,0
1818,165,3,0
1819,165,4,0
1820,165,5,0
1821,165,6,0
1822,165,7,0
1823,165,8,0
1824,165,9,0
1825,165,10,0
1826,166,0,0
1827,166,1,0
1828,166,2,1
1829,166,3,0
1830,166,4,0
1831,166,5,0
1832,166,6,0
1833,166,7,0
1834,166,8,0
1835,166,9,1
1836,166,10,0
1837,167,0,0
1838,167,1,0
1839,167,2,0
1840,167,3,0
1841,167,4,0
1842,167,5,0
1843,167,6,0
1844,167,7,0
1845,167,8,0
1846,167,9,0
1847,167,10,0
1848,168,0,0
1849,168,1,0
1850,168,2,0
1851,168,3,0
1852,168,4,0
1853,168,5,0
1854,168,6,0
1855,168,7,0
1856,168,8,0
1857,168,9,0
1858,168,10,0
1859,169,0,0
1860,169,1,1
1861,169,2,1
1862,169,3,0
1863,169,4,1
1864,169,5,0
1865,169,6,0
1866,169,7,0
1867,169,8,0
1868,169,9,1
1869,169,10,0
1870,170,0,0
1871,170,1,1
1872,170,2,0
1873,170,3,1
1874,170,4,0
1875,170,5,1
1876,170,6,0
1877,170,7,0
1878,170,8,1
1879,170,9,0
1880,170,10,1
1881,171,0,0
1882,171,1,1
1883,171,2,0
1884,171,3,1
1885,171,4,0
1886,171,5,1
1887,171,6,1
1888,171,7,0
1889,171,8,1
1890,171,9,0
1891,171,10,1
1892,172,0,0
1893,172,1,1
1894,172,2,0
1895,172,3,1
1896,172,4,1
1897,172,5,1
1898,172,6,0
1899,172,7,1
1900,172,8,1
1901,172,9,0
1902,172,10,1
1903,173,0,0
1904,173,1,0
1905,173,2,0
1906,173,3,0
1907,173,4,0
1908,173,5,0
1909,173,6,0
1910,173,7,0
1911,173,8,0
1912,173,9,0
1913,173,10,0
1914,174,0,0
1915,174,1,1
1916,174,2,0
1917,174,3,1
1918,174,4,0
1919,174,5,1
1920,174,6,0
1921,174,7,1
1922,174,8,0
1923,174,9,1
1924,174,10,0
1925,175,0,0
1926,175,1,0
1927,175,2,0
1928,175,3,0
1929,175,4,0
1930,175,5,0
1931,175,6,0
1932,175,7,0
1933,175,8,0
1934,175,9,0
1935,175,10,0
1936,176,0,0
1937,176,1,0
1938,176,2,0
1939,176,3,0
1940,176,4,0
1941,176,5,0
1942,176,6,0
1943,176,7,0
1944,176,8,0
1945,176,9,0
1946,176,10,0
1947,177,0,0
1948,177,1,0
1949,177,2,0
1950,177,3,1
1951,177,4,1
1952,177,5,0
1953,177,6,1
1954,177,7,0
1955,177,8,1
1956,177,9,2
1957,177,10,1
1958,178,0,0
1959,178,1,1
1960,178,2,0
1961,178,3,1
1962,178,4,1
1963,178,5,1
1964,178,6,0
1965,178,7,1
1966,178,8,0
1967,178,9,1
1968,178,10,0
1969,179,0,0
1970,179,1,1
1971,179,2,1
1972,179,3,1
1973,179,4,1
1974,179,5,0
1975,179,6,1
1976,179,7,1
1977,179,8,1
1978,179,9,0
1979,179,10,1
1980,180,0,0
1981,180,1,1
1982,180,2,0
1983,180,3,1
1984,180,4,0
1985,180,5,1
1986,180,6,1
1987,180,7,0
1988,180,8,1
1989,180,9,0
1990,180,10,1
1991,181,0,0
1992,181,1,0
1993,181,2,0
1994,181,3,0
1995,181,4,0
1996,181,5,0
1997,181,6,0
1998,181,7,0
1999,181,8,0
2000,181,9,0
2001,181,10,0
2002,182,0,0
2003,182,1,0
2004,182,2,0
2005,182,3,0
2006,182,4,0
2007,182,5,0
2008,182,6,1
2009,182,7,0
2010,182,8,1
2011,182,9,0
2012,182,10,0
2013,183,0,0
2014,183,1,0
2015,183,2,0
2016,183,3,1
2017,183,4,0
2018,183,5,0
2019,183,6,0
2020,183,7,0
2021,183,8,0
2022,183,9,0
2023,183,10,0
2024,184,0,0
2025,184,1,0
2026,184,2,0
2027,184,3,0
2028,184,4,1
2029,184,5,2
2030,184,6,1
2031,184,7,2
2032,184,8,1
2033,184,9,2
2034,184,10,1
2035,185,0,0
2036,185,1,1
2037,185,2,1
2038,185,3,0
2039,185,4,1
2040,185,5,1
2041,185,6,1
2042,185,7,1
2043,185,8,1
2044,185,9,0
2045,185,10,1
2046,186,0,0
2047,186,1,1
2048,186,2,0
2049,186,3,1
2050,186,4,0
2051,186,5,1
2052,186,6,0
2053,186,7,1
2054,186,8,0
2055,186,9,1
2056,186,10,0
2057,187,0,0
2058,187,1,0
2059,187,2,0
2060,187,3,0
2061,187,4,0
2062,187,5,0
2063,187,6,1
2064,187,7,1
2065,187,8,0
2066,187,9,1
2067,187,10,0
2068,188,0,0
2069,188,1,0
2070,188,2,0
2071,188,3,0
2072,188,4,0
2073,188,5,0
2074,188,6,0
2075,188,7,0
2076,188,8,0
2077,188,9,0
2078,188,10,0
2079,189,0,0
2080,189,1,0
2081,189,2,0
2082,189,3,0
2083,189,4,0
2084,189,5,0
2085,189,6,0
2086,189,7,0
2087,189,8,0
2088,189,9,0
2089,189,10,0
2090,190,0,0
2091,190,1,0
2092,190,2,0
2093,190,3,0
2094,190,4,0
2095,190,5,0
2096,190,6,0
2097,190,7,0
2098,190,8,0
2099,190,9,0
2100,190,10,0
2101,191,0,0
2102,191,1,0
2103,191,2,0
2104,191,3,0
2105,191,4,0
2106,191,5,0
2107,191,6,0
2108,191,7,0
2109,191,8,0
2110,191,9,0
2111,191,10,0
2112,192,0,0
2113,192,1,1
2114,192,2,0
2115,192,3,1
2116,192,4,0
2117,192,5,1
2118,192,6,0
2119,192,7,1
2120,192,8,0
2121,192,9,1
2122,192,10,0
2123,193,0,0
2124,193,1,0
2125,193,2,0
2126,193,3,0
2127,193,4,0
2128,193,5,0
2129,193,6,0
2130,193,7,0
2131,193,8,0
2132,193,9,0
2133,193,10,0
2134,194,0,0
2135,194,1,0
2136,194,2,0
2137,194,3,0
2138,194,4,0
2139,194,5,0
2140,194,6,1
2141,194,7,0
2142,194,8,0
2143,194,9,0
2144,194,10,0
2145,195,0,0
2146,195,1,1
2147,195,2,0
2148,195,3,1
2149,195,4,0
2150,195,5,1
2151,195,6,0
2152,195,7,1
2153,195,8,0
2154,195,9,1
2155,195,10,0
2156,196,0,0
2157,196,1,1
2158,196,2,0
2159,196,3,1
2160,196,4,0
2161,196,5,1
2162,196,6,0
2163,196,7,0
2164,196,8,1
2165,196,9,0
2166,196,10,1
2167,197,0,0
2168,197,1,1
2169,197,2,1
2170,197,3,1
2171,197,4,0
2172,197,5,0
2173,197,6,0
2174,197,7,0
2175,197,8,0
2176,197,9,0
2177,197,10,1
2178,198,0,0
2179,198,1,0
2180,198,2,0
2181,198,3,0
2182,198,4,0
2183,198,5,0
2184,198,6,0
2185,198,7,0
2186,198,8,0
2187,198,9,0
2188,198,10,0
2189,199,0,0
2190,199,1,0
2191,199,2,0
2192,199,3,0
2193,199,4,0
2194,199,5,0
2195,199,6,0
2196,199,7,0
2197,199,8,0
2198,199,9,0
2199,199,10,0
2200,200,0,0
2201,200,1,0
2202,200,2,0
2203,200,3,0
2204,200,4,0
2205,200,5,0
2206,200,6,0
2207,200,7,0
2208,200,8,0
2209,200,9,0
2210,200,10,0
2211,201,0,0
2212,201,1,0
2213,201,2,0
2214,201,3,0
2215,201,4,0
2216,201,5,0
2217,201,6,0
2218,201,7,1
2219,201,8,0
2220,201,9,0
2221,201,10,0
2222,202,0,0
2223,202,1,0
2224,202,2,0
2225,202,3,0
2226,202,4,0
2227,202,5,0
2228,202,6,0
2229,202,7,0
2230,202,8,0
2231,202,9,0
2232,202,10,0
2233,203,0,0
2234,203,1,0
2235,203,2,0
2236,203,3,0
2237,203,4,0
2238,203,5,0
2239,203,6,0
2240,203,7,0
2241,203,8,0
2242,203,9,0
2243,203,10,0
2244,204,0,0
2245,204,1,0
2246,204,2,0
2247,204,3,0
2248,204,4,0
2249,204,5,0
2250,204,6,0
2251,204,7,0
2252,204,8,0
2253,204,9,0
2254,204,10,0
2255,205,0,0
2256,205,1,0
2257,205,2,0
2258,205,3,0
2259,205,4,0
2260,205,5,0
2261,205,6,0
2262,205,7,0
2263,205,8,0
2264,205,9,0
2265,205,10,0
2266,206,0,0
2267,206,1,1
2268,206,2,0
2269,206,3,0
2270,206,4,0
2271,206,5,0
2272,206,6,1
2273,206,7,0
2274,206,8,0
2275,206,9,0
2276,206,10,0
2277,207,0,0
2278,207,1,0
2279,207,2,0
2280,207,3,0
2281,207,4,0
2282,207,5,0
2283,207,6,0
2284,207,7,0
2285,207,8,0
2286,207,9,0
2287,207,10,0
2288,208,0,0
2289,208,1,0
2290,208,2,0
2291,208,3,0
2292,208,4,0
2293,208,5,0
2294,208,6,0
2295,208,7,0
2296,208,8,0
2297,208,9,0
2298,208,10,0
2299,209,0,0
2300,209,1,1
2301,209,2,1
2302,209,3,0
2303,209,4,1
2304,209,5,0
2305,209,6,1
2306,209,7,0
2307,209,8,0
2308,209,9,0
2309,209,10,1
2310,210,0,0
2311,210,1,0
2312,210,2,0
2313,210,3,0
2314,210,4,0
2315,210,5,0
2316,210,6,0
2317,210,7,0
2318,210,8,0
2319,210,9,0
2320,210,10,0
2321,211,0,0
2322,211,1,0
2323,211,2,0
2324,211,3,0
2325,211,4,0
2326,211,5,0
2327,211,6,0
2328,211,7,0
2329,211,8,0
2330,211,9,0
2331,211,10,0
2332,212,0,0
2333,212,1,1
2334,212,2,1
2335,212,3,0
2336,212,4,1
2337,212,5,0
2338,212,6,0
2339,212,7,0
2340,212,8,0
2341,212,9,0
2342,212,10,1
2343,213,0,0
2344,213,1,0
2345,213,2,0
2346,213,3,0
2347,213,4,0
2348,213,5,0
2349,213,6,0
2350,213,7,0
2351,213,8,0
2352,213,9,0
2353,213,10,0
2354,214,0,0
2355,214,1,1
2356,214,2,2
2357,214,3,1
2358,214,4,0
2359,214,5,0
2360,214,6,0
2361,214,7,0
2362,214,8,0
2363,214,9,0
2364,214,10,0
2365,215,0,0
2366,215,1,1
2367,215,2,1
2368,215,3,1
2369,215,4,1
2370,215,5,1
2371,215,6,1
2372,215,7,1
2373,215,8,1
2374,215,9,2
2375,215,10,1
2376,216,0,0
2377,216,1,0
2378,216,2,0
2379,216,3,0
2380,216,4,0
2381,216,5,0
2382,216,6,0
2383,216,7,0
2384,216,8,0
2385,216,9,0
2386,216,10,0
2387,217,0,0
2388,217,1,0
2389,217,2,0
2390,217,3,0
2391,217,4,0
2392,217,5,0
2393,217,6,0
2394,217,7,0
2395,217,8,0
2396,217,9,0
2397,217,10,0
2398,218,0,0
2399,218,1,0
2400,218,2,1
2401,218,3,0
2402,218,4,1
2403,218,5,0
2404,218,6,0
2405,218,7,0
2406,218,8,0
2407,218,9,1
2408,218,10,0
2409,219,0,0
2410,219,1,0
2411,219,2,1
2412,219,3,0
2413,219,4,1
2414,219,5,0
2415,219,6,1
2416,219,7,0
2417,219,8,0
2418,219,9,1
2419,219,10,0
2420,220,0,0
2421,220,1,0
2422,220,2,0
2423,220,3,0
2424,220,4,1
2425,220,5,0
2426,220,6,0
2427,220,7,0
2428,220,8,0
2429,220,9,0
2430,220,10,0
2431,221,0,0
2432,221,1,1
2433,221,2,0
2434,221,3,1
2435,221,4,0
2436,221,5,0
2437,221,6,1
2438,221,7,0
2439,221,8,0
2440,221,9,0
2441,221,10,0
2442,222,0,0
2443,222,1,0
2444,222,2,0
2445,222,3,0
2446,222,4,0
2447,222,5,0
2448,222,6,0
2449,222,7,0
2450,222,8,0
2451,222,9,0
2452,222,10,0
2453,223,0,0
2454,223,1,0
2455,223,2,0
2456,223,3,0
2457,223,4,0
2458,223,5,0
2459,223,6,0
2460,223,7,0
2461,223,8,1
2462,223,9,1
2463,223,10,0
2464,224,0,0
2465,224,1,1
2466,224,2,1
2467,224,3,1
2468,224,4,1
2469,224,5,1
2470,224,6,1
2471,224,7,1
2472,224,8,1
2473,224,9,1
2474,224,10,1
2475,225,0,0
2476,225,1,0
2477,225,2,0
2478,225,3,0
2479,225,4,0
2480,225,5,0
2481,225,6,0
2482,225,7,0
2483,225,8,0
2484,225,9,0
2485,225,10,0
2486,226,0,0
2487,226,1,0
2488,226,2,0
2489,226,3,0
2490,226,4,0
2491,226,5,0
2492,226,6,0
2493,226,7,0
2494,226,8,0
2495,226,9,0
2496,226,10,0
2497,227,0,0
2498,227,1,1
2499,227,2,0
2500,227,3,1
2501,227,4,0
2502,227,5,0
2503,227,6,1
2504,227,7,1
2505,227,8,0
2506,227,9,0
2507,227,10,1
2508,228,0,0
2509,228,1,1
2510,228,2,0
2511,228,3,1
2512,228,4,0
2513,228,5,1
2514,228,6,0
2515,228,7,1
2516,228,8,0
2517,228,9,1
2518,228,10,1
2519,229,0,0
2520,229,1,1
2521,229,2,0
2522,229,3,1
2523,229,4,0
2524,229,5,1
2525,229,6,0
2526,229,7,1
2527,229,8,0
2528,229,9,1
2529,229,10,0
2530,230,0,0
2531,230,1,0
2532,230,2,0
2533,230,3,0
2534,230,4,1
2535,230,5,1
2536,230,6,1
2537,230,7,1
2538,230,8,1
2539,230,9,1
2540,230,10,1
2541,231,0,0
2542,231,1,1
2543,231,2,0
2544,231,3,1
2545,231,4,0
2546,231,5,1
2547,231,6,2
2548,231,7,1
2549,231,8,0
2550,231,9,1
2551,231,10,0
2552,232,0,0
2553,232,1,0
2554,232,2,0
2555,232,3,0
2556,232,4,0
2557,232,5,0
2558,232,6,0
2559,232,7,0
2560,232,8,0
2561,232,9,0
2562,232,10,0
2563,233,0,0
2564,233,1,0
2565,233,2,0
2566,233,3,0
2567,233,4,0
2568,233,5,0
2569,233,6,0
2570,233,7,0
2571,233,8,0
2572,233,9,0
2573,233,10,0
2574,234,0,0
2575,234,1,1
2576,234,2,0
2577,234,3,1
2578,234,4,0
2579,234,5,1
2580,234,6,0
2581,234,7,1
2582,234,8,2
2583,234,9,1
2584,234,10,0
2585,235,0,0
2586,235,1,0
2587,235,2,0
2588,235,3,0
2589,235,4,0
2590,235,5,0
2591,235,6,0
2592,235,7,0
2593,235,8,0
2594,235,9,0
2595,235,10,0
2596,236,0,0
2597,236,1,1
2598,236,2,2
2599,236,3,1
2600,236,4,1
2601,236,5,2
2602,236,6,1
2603,236,7,2
2604,236,8,1
2605,236,9,2
2606,236,10,3
2607,237,0,0
2608,237,1,0
2609,237,2,0
2610,237,3,0
2611,237,4,0
2612,237,5,0
2613,237,6,0
2614,237,7,0
2615,237,8,0
2616,237,9,0
2617,237,10,0
2618,238,0,0
2619,238,1,0
2620,238,2,0
2621,238,3,0
2622,238,4,0
2623,238,5,0
2624,238,6,0
2625,238,7,0
2626,238,8,0
2627,238,9,0
2628,238,10,0
2629,239,0,0
2630,239,1,0
2631,239,2,0
2632,239,3,0
2633,239,4,0
2634,239,5,0
2635,239,6,0
2636,239,7,0
2637,239,8,0
2638,239,9,0
2639,239,10,0
2640,240,0,0
2641,240,1,0
2642,240,2,0
2643,240,3,0
2644,240,4,0
2645,240,5,0
2646,240,6,0
2647,240,7,0
2648,240,8,0
2649,240,9,0
2650,240,10,0
2651,241,0,0
2652,241,1,0
2653,241,2,0
2654,241,3,1
2655,241,4,1
2656,241,5,1
2657,241,6,0
2658,241,7,0
2659,241,8,0
2660,241,9,0
2661,241,10,1
2662,242,0,0
2663,242,1,0
2664,242,2,0
2665,242,3,0
2666,242,4,0
2667,242,5,0
2668,242,6,0
2669,242,7,0
2670,242,8,0
2671,242,9,0
2672,242,10,0
2673,243,0,0
2674,243,1,0
2675,243,2,0
2676,243,3,0
2677,243,4,0
2678,243,5,0
2679,243,6,0
2680,243,7,0
2681,243,8,0
2682,243,9,0
2683,243,10,0
2684,244,0,0
2685,244,1,0
2686,244,2,0
2687,244,3,0
2688,244,4,1
2689,244,5,1
2690,244,6,1
2691,244,7,0
2692,244,8,0
2693,244,9,0
2694,244,10,1
2695,245,0,0
2696,245,1,0
2697,245,2,0
2698,245,3,0
2699,245,4,0
2700,245,5,0
2701,245,6,0
2702,245,7,0
2703,245,8,0
2704,245,9,0
2705,245,10,0
2706,246,0,0
2707,246,1,0
2708,246,2,0
2709,246,3,0
2710,246,4,0
2711,246,5,0
2712,246,6,0
2713,246,7,0
2714,246,8,0
2715,246,9,0
2716,246,10,0
2717,247,0,0
2718,247,1,0
2719,247,2,0
2720,247,3,0
2721,247,4,0
2722,247,5,0
2723,247,6,0
2724,247,7,0
2725,247,8,0
2726,247,9,0
2727,247,10,0
2728,248,0,0
2729,248,1,0
2730,248,2,0
2731,248,3,0
2732,248,4,0
2733,248,5,0
2734,248,6,0
2735,248,7,0
2736,248,8,0
2737,248,9,0
2738,248,10,0
2739,249,0,0
2740,249,1,0
2741,249,2,0
2742,249,3,0
2743,249,4,0
2744,249,5,0
2745,249,6,0
2746,249,7,0
2747,249,8,0
2748,249,9,0
2749,249,10,0
2750,250,0,0
2751,250,1,0
2752,250,2,0
2753,250,3,0
2754,250,4,0
2755,250,5,0
2756,250,6,0
2757,250,7,1
2758,250,8,1
2759,250,9,1
2760,250,10,1
2761,251,0,0
2762,251,1,0
2763,251,2,0
2764,251,3,0
2765,251,4,0
2766,251,5,0
2767,251,6,0
2768,251,7,0
2769,251,8,0
2770,251,9,0
2771,251,10,0
2772,252,0,0
2773,252,1,0
2774,252,2,0
2775,252,3,0
2776,252,4,0
2777,252,5,0
2778,252,6,0
2779,252,7,0
2780,252,8,0
2781,252,9,0
2782,252,10,0
2783,253,0,0
2784,253,1,1
2785,253,2,0
2786,253,3,1
2787,253,4,0
2788,253,5,1
2789,253,6,0
2790,253,7,1
2791,253,8,0
2792,253,9,1
2793,253,10,0
2794,254,0,0
2795,254,1,0
2796,254,2,0
2797,254,3,0
2798,254,4,0
2799,254,5,0
2800,254,6,0
2801,254,7,0
2802,254,8,0
2803,254,9,0
2804,254,10,0
2805,255,0,0
2806,255,1,0
2807,255,2,0
2808,255,3,1
2809,255,4,1
2810,255,5,1
2811,255,6,1
2812,255,7,1
2813,255,8,1
2814,255,9,1
2815,255,10,1
2816,256,0,0
2817,256,1,0
2818,256,2,0
2819,256,3,0
2820,256,4,0
2821,256,5,0
2822,256,6,0
2823,256,7,0
2824,256,8,0
2825,256,9,0
2826,256,10,0
2827,257,0,0
2828,257,1,0
2829,257,2,0
2830,257,3,0
2831,257,4,0
2832,257,5,0
2833,257,6,0
2834,257,7,0
2835,257,8,0
2836,257,9,0
2837,257,10,0
2838,258,0,0
2839,258,1,0
2840,258,2,0
2841,258,3,0
2842,258,4,0
2843,258,5,0
2844,258,6,0
2845,258,7,0
2846,258,8,0
2847,258,9,0
2848,258,10,0
2849,259,0,0
2850,259,1,0
2851,259,2,0
2852,259,3,0
2853,259,4,0
2854,259,5,0
2855,259,6,0
2856,259,7,0
2857,259,8,0
2858,259,9,0
2859,259,10,0
2860,260,0,0
2861,260,1,0
2862,260,2,1
2863,260,3,0
2864,260,4,0
2865,260,5,0
2866,260,6,0
2867,260,7,0
2868,260,8,1
2869,260,9,0
2870,260,10,0
2871,261,0,0
2872,261,1,0
2873,261,2,0
2874,261,3,0
2875,261,4,0
2876,261,5,0
2877,261,6,0
2878,261,7,0
2879,261,8,0
2880,261,9,0
2881,261,10,0
2882,262,0,0
2883,262,1,0
2884,262,2,0
2885,262,3,0
2886,262,4,0
2887,262,5,0
2888,262,6,0
2889,262,7,0
2890,262,8,0
2891,262,9,0
2892,262,10,0
2893,263,0,0
2894,263,1,1
2895,263,2,0
2896,263,3,0
2897,263,4,0
2898,263,5,0
2899,263,6,0
2900,263,7,0
2901,263,8,0
2902,263,9,0
2903,263,10,0
2904,264,0,0
2905,264,1,0
2906,264,2,0
2907,264,3,0
2908,264,4,1
2909,264,5,2
2910,264,6,1
2911,264,7,1
2912,264,8,1
2913,264,9,1
2914,264,10,1
2915,265,0,0
2916,265,1,1
2917,265,2,0
2918,265,3,1
2919,265,4,0
2920,265,5,1
2921,265,6,0
2922,265,7,1
2923,265,8,0
2924,265,9,1
2925,265,10,0
2926,266,0,0
2927,266,1,0
2928,266,2,0
2929,266,3,0
2930,266,4,0
2931,266,5,1
2932,266,6,1
2933,266,7,1
2934,266,8,1
2935,266,9,0
2936,266,10,0
2937,267,0,0
2938,267,1,1
2939,267,2,0
2940,267,3,1
2941,267,4,0
2942,267,5,1
2943,267,6,0
2944,267,7,1
2945,267,8,0
2946,267,9,1
2947,267,10,0
2948,268,0,0
2949,268,1,0
2950,268,2,0
2951,268,3,0
2952,268,4,0
2953,268,5,0
2954,268,6,1
2955,268,7,2
2956,268,8,1
2957,268,9,1
2958,268,10,0
2959,269,0,0
2960,269,1,0
2961,269,2,0
2962,269,3,0
2963,269,4,0
2964,269,5,0
2965,269,6,0
2966,269,7,0
2967,269,8,0
2968,269,9,0
2969,269,10,0
2970,270,0,0
2971,270,1,0
2972,270,2,0
2973,270,3,0
2974,270,4,0
2975,270,5,0
2976,270,6,0
2977,270,7,0
2978,270,8,0
2979,270,9,0
2980,270,10,0
2981,271,0,0
2982,271,1,0
2983,271,2,0
2984,271,3,0
2985,271,4,0
2986,271,5,0
2987,271,6,0
2988,271,7,0
2989,271,8,0
2990,271,9,0
2991,271,10,0
2992,272,0,0
2993,272,1,0
2994,272,2,0
2995,272,3,0
2996,272,4,0
2997,272,5,0
2998,272,6,0
2999,272,7,0
3000,272,8,0
3001,272,9,0
3002,272,10,0
3003,273,0,0
3004,273,1,0
3005,273,2,0
3006,273,3,0
3007,273,4,0
3008,273,5,0
3009,273,6,0
3010,273,7,0
3011,273,8,0
3012,273,9,0
3013,273,10,0
3014,274,0,0
3015,274,1,0
3016,274,2,0
3017,274,3,0
3018,274,4,0
3019,274,5,0
3020,274,6,0
3021,274,7,0
3022,274,8,0
3023,274,9,0
3024,274,10,0
3025,275,0,0
3026,275,1,0
3027,275,2,0
3028,275,3,0
3029,275,4,0
3030,275,5,0
3031,275,6,0
3032,275,7,0
3033,275,8,0
3034,275,9,0
3035,275,10,0
3036,276,0,0
3037,276,1,1
3038,276,2,0
3039,276,3,0
3040,276,4,0
3041,276,5,0
3042,276,6,0
3043,276,7,0
3044,276,8,0
3045,276,9,0
3046,276,10,0
3047,277,0,0
3048,277,1,0
3049,277,2,0
3050,277,3,0
3051,277,4,0
3052,277,5,0
3053,277,6,0
3054,277,7,0
3055,277,8,0
3056,277,9,0
3057,277,10,0
3058,278,0,0
3059,278,1,0
3060,278,2,0
3061,278,3,0
3062,278,4,0
3063,278,5,0
3064,278,6,0
3065,278,7,0
3066,278,8,0
3067,278,9,0
3068,278,10,0
3069,279,0,0
3070,279,1,0
3071,279,2,0
3072,279,3,0
3073,279,4,0
3074,279,5,0
3075,279,6,0
3076,279,7,0
3077,279,8,0
3078,279,9,0
3079,279,10,0
3080,280,0,0
3081,280,1,1
3082,280,2,1
3083,280,3,2
3084,280,4,1
3085,280,5,2
3086,280,6,1
3087,280,7,1
3088,280,8,2
3089,280,9,1
3090,280,10,2
3091,281,0,0
3092,281,1,0
3093,281,2,1
3094,281,3,0
3095,281,4,1
3096,281,5,0
3097,281,6,1
3098,281,7,0
3099,281,8,1
3100,281,9,0
3101,281,10,0
3102,282,0,0
3103,282,1,0
3104,282,2,0
3105,282,3,0
3106,282,4,0
3107,282,5,0
3108,282,6,0
3109,282,7,0
3110,282,8,0
3111,282,9,0
3112,282,10,0
3113,283,0,0
3114,283,1,0
3115,283,2,0
3116,283,3,0
3117,283,4,0
3118,283,5,0
3119,283,6,0
3120,283,7,0
3121,283,8,0
3122,283,9,0
3123,283,10,0
3124,284,0,0
3125,284,1,1
3126,284,2,0
3127,284,3,1
3128,284,4,0
3129,284,5,1
3130,284,6,0
3131,284,7,1
3132,284,8,0
3133,284,9,1
3134,284,10,0
3135,285,0,0
3136,285,1,0
3137,285,2,0
3138,285,3,0
3139,285,4,0
3140,285,5,0
3141,285,6,0
3142,285,7,0
3143,285,8,0
3144,285,9,0
3145,285,10,0
3146,286,0,0
3147,286,1,1
3148,286,2,0
3149,286,3,1
3150,286,4,0
3151,286,5,1
3152,286,6,0
3153,286,7,1
3154,286,8,0
3155,286,9,1
3156,286,10,0
3157,287,0,0
3158,287,1,0
3159,287,2,0
3160,287,3,0
3161,287,4,0
3162,287,5,0
3163,287,6,0
3164,287,7,0
3165,287,8,0
3166,287,9,0
3167,287,10,0
3168,288,0,0
3169,288,1,0
3170,288,2,0
3171,288,3,0
3172,288,4,0
3173,288,5,0
3174,288,6,0
3175,288,7,0
3176,288,8,0
3177,288,9,0
3178,288,10,0
3179,289,0,0
3180,289,1,0
3181,289,2,0
3182,289,3,0
3183,289,4,0
3184,289,5,0
3185,289,6,0
3186,289,7,0
3187,289,8,0
3188,289,9,0
3189,289,10,0
3190,290,0,0
3191,290,1,0
3192,290,2,0
3193,290,3,0
3194,290,4,0
3195,290,5,0
3196,290,6,0
3197,290,7,0
3198,290,8,0
3199,290,9,0
3200,290,10,0
3201,291,0,0
3202,291,1,1
3203,291,2,0
3204,291,3,1
3205,291,4,0
3206,291,5,1
3207,291,6,1
3208,291,7,1
3209,291,8,0
3210,291,9,1
3211,291,10,0
3212,292,0,0
3213,292,1,0
3214,292,2,0
3215,292,3,0
3216,292,4,0
3217,292,5,0
3218,292,6,0
3219,292,7,0
3220,292,8,0
3221,292,9,0
3222,292,10,0
3223,293,0,0
3224,293,1,1
3225,293,2,0
3226,293,3,1
3227,293,4,0
3228,293,5,0
3229,293,6,1
3230,293,7,0
3231,293,8,1
3232,293,9,0
3233,293,10,1
3234,294,0,0
3235,294,1,0
3236,294,2,0
3237,294,3,0
3238,294,4,0
3239,294,5,0
3240,294,6,0
3241,294,7,0
3242,294,8,0
3243,294,9,0
3244,294,10,0
3245,295,0,0
3246,295,1,1
3247,295,2,2
3248,295,3,1
3249,295,4,0
3250,295,5,1
3251,295,6,0
3252,295,7,0
3253,295,8,0
3254,295,9,0
3255,295,10,0
3256,296,0,0
3257,296,1,0
3258,296,2,0
3259,296,3,0
3260,296,4,0
3261,296,5,0
3262,296,6,0
3263,296,7,0
3264,296,8,0
3265,296,9,0
3266,296,10,0
3267,297,0,0
3268,297,1,0
3269,297,2,0
3270,297,3,0
3271,297,4,0
3272,297,5,0
3273,297,6,0
3274,297,7,0
3275,297,8,0
3276,297,9,0
3277,297,10,0
3278,298,0,0
3279,298,1,0
3280,298,2,0
3281,298,3,0
3282,298,4,0
3283,298,5,0
3284,298,6,0
3285,298,7,0
3286,298,8,0
3287,298,9,0
3288,298,10,0
3289,299,0,0
3290,299,1,1
3291,299,2,0
3292,299,3,1
3293,299,4,0
3294,299,5,1
3295,299,6,0
3296,299,7,1
3297,299,8,0
3298,299,9,1
3299,299,10,0
3300,300,0,0
3301,300,1,0
3302,300,2,0
3303,300,3,0
3304,300,4,0
3305,300,5,0
3306,300,6,0
3307,300,7,0
3308,300,8,0
3309,300,9,0
3310,300,10,0
3311,301,0,0
3312,301,1,0
3313,301,2,0
3314,301,3,0
3315,301,4,0
3316,301,5,0
3317,301,6,0
3318,301,7,0
3319,301,8,0
3320,301,9,0
3321,301,10,0
3322,302,0,0
3323,302,1,0
3324,302,2,0
3325,302,3,0
3326,302,4,0
3327,302,5,0
3328,302,6,0
3329,302,7,0
3330,302,8,0
3331,302,9,0
3332,302,10,0
3333,303,0,0
3334,303,1,0
3335,303,2,0
3336,303,3,0
3337,303,4,0
3338,303,5,0
3339,303,6,1
3340,303,7,1
3341,303,8,1
3342,303,9,0
3343,303,10,0
3344,304,0,0
3345,304,1,0
3346,304,2,0
3347,304,3,1
3348,304,4,1
3349,304,5,1
3350,304,6,1
3351,304,7,1
3352,304,8,1
3353,304,9,0
3354,304,10,1
3355,305,0,0
3356,305,1,1
3357,305,2,2
3358,305,3,1
3359,305,4,2
3360,305,5,3
3361,305,6,2
3362,305,7,1
3363,305,8,0
3364,305,9,1
3365,305,10,2
3366,306,0,0
3367,306,1,0
3368,306,2,0
3369,306,3,0
3370,306,4,0
3371,306,5,0
3372,306,6,0
3373,306,7,0
3374,306,8,0
3375,306,9,0
3376,306,10,0
3377,307,0,0
3378,307,1,0
3379,307,2,0
3380,307,3,0
3381,307,4,0
3382,307,5,0
3383,307,6,0
3384,307,7,1
3385,307,8,1
3386,307,9,1
3387,307,10,0
3388,308,0,0
3389,308,1,1
3390,308,2,0
3391,308,3,1
3392,308,4,1
3393,308,5,0
3394,308,6,1
3395,308,7,0
3396,308,8,1
3397,308,9,1
3398,308,10,0
3399,309,0,0
3400,309,1,1
3401,309,2,0
3402,309,3,1
3403,309,4,2
3404,309,5,1
3405,309,6,0
3406,309,7,1
3407,309,8,0
3408,309,9,1
3409,309,10,0
3410,310,0,0
3411,310,1,1
3412,310,2,0
3413,310,3,1
3414,310,4,0
3415,310,5,1
3416,310,6,0
3417,310,7,1
3418,310,8,2
3419,310,9,1
3420,310,10,0
3421,311,0,0
3422,311,1,0
3423,311,2,0
3424,311,3,0
3425,311,4,0
3426,311,5,0
3427,311,6,0
3428,311,7,0
3429,311,8,0
3430,311,9,0
3431,311,10,0
3432,312,0,0
3433,312,1,0
3434,312,2,0
3435,312,3,1
3436,312,4,0
3437,312,5,0
3438,312,6,0
3439,312,7,1
3440,312,8,0
3441,312,9,0
3442,312,10,0
3443,313,0,0
3444,313,1,1
3445,313,2,1
3446,313,3,0
3447,313,4,1
3448,313,5,2
3449,313,6,1
3450,313,7,0
3451,313,8,1
3452,313,9,0
3453,313,10,1
3454,314,0,0
3455,314,1,1
3456,314,2,0
3457,314,3,0
3458,314,4,0
3459,314,5,0
3460,314,6,0
3461,314,7,0
3462,314,8,0
3463,314,9,0
3464,314,10,0
3465,315,0,0
3466,315,1,1
3467,315,2,0
3468,315,3,0
3469,315,4,1
3470,315,5,2
3471,315,6,1
3472,315,7,2
3473,315,8,1
3474,315,9,0
3475,315,10,1
3476,316,0,0
3477,316,1,0
3478,316,2,0
3479,316,3,0
3480,316,4,0
3481,316,5,0
3482,316,6,0
3483,316,7,0
3484,316,8,0
3485,316,9,0
3486,316,10,0
3487,317,0,0
3488,317,1,0
3489,317,2,0
3490,317,3,0
3491,317,4,0
3492,317,5,0
3493,317,6,0
3494,317,7,1
3495,317,8,0
3496,317,9,1
3497,317,10,1
3498,318,0,0
3499,318,1,0
3500,318,2,0
3501,318,3,0
3502,318,4,0
3503,318,5,0
3504,318,6,1
3505,318,7,0
3506,318,8,1
3507,318,9,0
3508,318,10,1
3509,319,0,0
3510,319,1,0
3511,319,2,0
3512,319,3,0
3513,319,4,0
3514,319,5,0
3515,319,6,0
3516,319,7,0
3517,319,8,0
3518,319,9,0
3519,319,10,0
3520,320,0,0
3521,320,1,1
3522,320,2,0
3523,320,3,1
3524,320,4,0
3525,320,5,1
3526,320,6,0
3527,320,7,1
3528,320,8,0
3529,320,9,1
3530,320,10,0
3531,321,0,0
3532,321,1,0
3533,321,2,0
3534,321,3,0
3535,321,4,0
3536,321,5,0
3537,321,6,0
3538,321,7,0
3539,321,8,1
3540,321,9,0
3541,321,10,0
3542,322,0,0
3543,322,1,0
3544,322,2,0
3545,322,3,0
3546,322,4,0
3547,322,5,0
3548,322,6,0
3549,322,7,0
3550,322,8,0
3551,322,9,0
3552,322,10,1
3553,323,0,0
3554,323,1,0
3555,323,2,0
3556,323,3,0
3557,323,4,0
3558,323,5,0
3559,323,6,0
3560,323,7,0
3561,323,8,0
3562,323,9,0
3563,323,10,0
3564,324,0,0
3565,324,1,0
3566,324,2,0
3567,324,3,0
3568,324,4,0
3569,324,5,0
3570,324,6,0
3571,324,7,0
3572,324,8,0
3573,324,9,0
3574,324,10,0
3575,325,0,0
3576,325,1,0
3577,325,2,0
3578,325,3,1
3579,325,4,0
3580,325,5,1
3581,325,6,1
3582,325,7,0
3583,325,8,0
3584,325,9,1
3585,325,10,0
3586,326,0,0
3587,326,1,0
3588,326,2,0
3589,326,3,0
3590,326,4,0
3591,326,5,0
3592,326,6,0
3593,326,7,0
3594,326,8,0
3595,326,9,0
3596,326,10,0
3597,327,0,0
3598,327,1,1
3599,327,2,0
3600,327,3,0
3601,327,4,0
3602,327,5,0
3603,327,6,0
3604,327,7,0
3605,327,8,0
3606,327,9,0
3607,327,10,0
3608,328,0,0
3609,328,1,0
3610,328,2,0
3611,328,3,0
3612,328,4,0
3613,328,5,0
3614,328,6,0
3615,328,7,0
3616,328,8,0
3617,328,9,0
3618,328,10,0
3619,329,0,0
3620,329,1,0
3621,329,2,0
3622,329,3,0
3623,329,4,0
3624,329,5,0
3625,329,6,0
3626,329,7,1
3627,329,8,0
3628,329,9,0
3629,329,10,0
3630,330,0,0
3631,330,1,0
3632,330,2,0
3633,330,3,0
3634,330,4,0
3635,330,5,0
3636,330,6,0
3637,330,7,0
3638,330,8,0
3639,330,9,0
3640,330,10,0
3641,331,0,0
3642,331,1,1
3643,331,2,2
3644,331,3,1
3645,331,4,0
3646,331,5,1
3647,331,6,2
3648,331,7,1
3649,331,8,0
3650,331,9,1
3651,331,10,0
3652,332,0,0
3653,332,1,1
3654,332,2,0
3655,332,3,1
3656,332,4,1
3657,332,5,1
3658,332,6,0
3659,332,7,1
3660,332,8,1
3661,332,9,1
3662,332,10,0
3663,333,0,0
3664,333,1,0
3665,333,2,0
3666,333,3,0
3667,333,4,0
3668,333,5,0
3669,333,6,0
3670,333,7,0
3671,333,8,0
3672,333,9,0
3673,333,10,0
3674,334,0,0
3675,334,1,0
3676,334,2,0
3677,334,3,0
3678,334,4,0
3679,334,5,0
3680,334,6,0
3681,334,7,0
3682,334,8,0
3683,334,9,0
3684,334,10,0
3685,335,0,0
3686,335,1,0
3687,335,2,0
3688,335,3,0
3689,335,4,0
3690,335,5,0
3691,335,6,0
3692,335,7,0
3693,335,8,0
3694,335,9,0
3695,335,10,0
3696,336,0,0
3697,336,1,1
3698,336,2,1
3699,336,3,1
3700,336,4,1
3701,336,5,2
3702,336,6,2
3703,336,7,2
3704,336,8,2
3705,336,9,2
3706,336,10,2
3707,337,0,0
3708,337,1,0
3709,337,2,0
3710,337,3,0
3711,337,4,0
3712,337,5,0
3713,337,6,0
3714,337,7,0
3715,337,8,0
3716,337,9,0
3717,337,10,0
3718,338,0,0
3719,338,1,0
3720,338,2,0
3721,338,3,0
3722,338,4,0
3723,338,5,0
3724,338,6,0
3725,338,7,0
3726,338,8,0
3727,338,9,0
3728,338,10,0
3729,339,0,0
3730,339,1,1
3731,339,2,0
3732,339,3,1
3733,339,4,2
3734,339,5,1
3735,339,6,2
3736,339,7,1
3737,339,8,2
3738,339,9,1
3739,339,10,2
3740,340,0,0
3741,340,1,0
3742,340,2,0
3743,340,3,0
3744,340,4,0
3745,340,5,0
3746,340,6,0
3747,340,7,0
3748,340,8,0
3749,340,9,0
3750,340,10,1
3751,341,0,0
3752,341,1,0
3753,341,2,0
3754,341,3,0
3755,341,4,0
3756,341,5,0
3757,341,6,0
3758,341,7,0
3759,341,8,0
3760,341,9,0
3761,341,10,0
3762,342,0,0
3763,342,1,0
3764,342,2,0
3765,342,3,0
3766,342,4,0
3767,342,5,0
3768,342,6,0
3769,342,7,0
3770,342,8,0
3771,342,9,0
3772,342,10,0
3773,343,0,0
3774,343,1,0
3775,343,2,0
3776,343,3,0
3777,343,4,0
3778,343,5,0
3779,343,6,0
3780,343,7,0
3781,343,8,0
3782,343,9,0
3783,343,10,0
3784,344,0,0
3785,344,1,1
3786,344,2,2
3787,344,3,1
3788,344,4,2
3789,344,5,1
3790,344,6,0
3791,344,7,1
3792,344,8,2
3793,344,9,1
3794,344,10,2
3795,345,0,0
3796,345,1,0
3797,345,2,0
3798,345,3,0
3799,345,4,0
3800,345,5,0
3801,345,6,0
3802,345,7,0
3803,345,8,0
3804,345,9,0
3805,345,10,0
3806,346,0,0
3807,346,1,1
3808,346,2,0
3809,346,3,1
3810,346,4,0
3811,346,5,0
3812,346,6,1
3813,346,7,0
3814,346,8,1
3815,346,9,0
3816,346,10,1
3817,347,0,0
3818,347,1,0
3819,347,2,1
3820,347,3,0
3821,347,4,0
3822,347,5,0
3823,347,6,0
3824,347,7,0
3825,347,8,0
3826,347,9,0
3827,347,10,0
3828,348,0,0
3829,348,1,0
3830,348,2,0
3831,348,3,0
3832,348,4,0
3833,348,5,0
3834,348,6,0
3835,348,7,0
3836,348,8,0
3837,348,9,0
3838,348,10,0
3839,349,0,0
3840,349,1,1
3841,349,2,0
3842,349,3,1
3843,349,4,0
3844,349,5,1
3845,349,6,0
3846,349,7,1
3847,349,8,0
3848,349,9,1
3849,349,10,0
3850,350,0,0
3851,350,1,0
3852,350,2,0
3853,350,3,0
3854,350,4,0
3855,350,5,0
3856,350,6,0
3857,350,7,0
3858,350,8,0
3859,350,9,0
3860,350,10,0
3861,351,0,0
3862,351,1,1
3863,351,2,0
3864,351,3,1
3865,351,4,0
3866,351,5,1
3867,351,6,0
3868,351,7,1
3869,351,8,0
3870,351,9,1
3871,351,10,0
3872,352,0,0
3873,352,1,0
3874,352,2,1
3875,352,3,1
3876,352,4,1
3877,352,5,0
3878,352,6,1
3879,352,7,0
3880,352,8,0
3881,352,9,1
3882,352,10,0
3883,353,0,0
3884,353,1,1
3885,353,2,0
3886,353,3,1
3887,353,4,0
3888,353,5,0
3889,353,6,0
3890,353,7,1
3891,353,8,0
3892,353,9,1
3893,353,10,0
3894,354,0,0
3895,354,1,0
3896,354,2,1
3897,354,3,0
3898,354,4,1
3899,354,5,0
3900,354,6,1
3901,354,7,1
3902,354,8,0
3903,354,9,1
3904,354,10,1
3905,355,0,0
3906,355,1,0
3907,355,2,0
3908,355,3,0
3909,355,4,0
3910,355,5,0
3911,355,6,0
3912,355,7,0
3913,355,8,0
3914,355,9,0
3915,355,10,0
3916,356,0,0
3917,356,1,0
3918,356,2,0
3919,356,3,0
3920,356,4,0
3921,356,5,0
3922,356,6,0
3923,356,7,0
3924,356,8,0
3925,356,9,0
3926,356,10,0
3927,357,0,0
3928,357,1,1
3929,357,2,1
3930,357,3,0
3931,357,4,0
3932,357,5,0
3933,357,6,0
3934,357,7,0
3935,357,8,0
3936,357,9,0
3937,357,10,1
3938,358,0,0
3939,358,1,0
3940,358,2,0
3941,358,3,0
3942,358,4,0
3943,358,5,0
3944,358,6,0
3945,358,7,0
3946,358,8,0
3947,358,9,0
3948,358,10,0
3949,359,0,0
3950,359,1,0
3951,359,2,0
3952,359,3,1
3953,359,4,0
3954,359,5,0
3955,359,6,0
3956,359,7,1
3957,359,8,0
3958,359,9,0
3959,359,10,1
3960,360,0,0
3961,360,1,0
3962,360,2,0
3963,360,3,0
3964,360,4,0
3965,360,5,0
3966,360,6,0
3967,360,7,0
3968,360,8,0
3969,360,9,0
3970,360,10,0
3971,361,0,0
3972,361,1,0
3973,361,2,0
3974,361,3,0
3975,361,4,0
3976,361,5,0
3977,361,6,0
3978,361,7,0
3979,361,8,0
3980,361,9,0
3981,361,10,0
3982,362,0,0
3983,362,1,0
3984,362,2,0
3985,362,3,0
3986,362,4,0
3987,362,5,0
3988,362,6,0
3989,362,7,0
3990,362,8,0
3991,362,9,0
3992,362,10,0
3993,363,0,0
3994,363,1,0
3995,363,2,0
3996,363,3,0
3997,363,4,0
3998,363,5,0
3999,363,6,0
4000,363,7,0
4001,363,8,0
4002,363,9,0
4003,363,10,0
4004,364,0,0
4005,364,1,0
4006,364,2,0
4007,364,3,0
4008,364,4,0
4009,364,5,0
4010,364,6,0
4011,364,7,0
4012,364,8,0
4013,364,9,0
4014,364,10,0
4015,365,0,0
4016,365,1,0
4017,365,2,0
4018,365,3,0
4019,365,4,0
4020,365,5,0
4021,365,6,0
4022,365,7,0
4023,365,8,0
4024,365,9,0
4025,365,10,0
4026,366,0,0
4027,366,1,0
4028,366,2,0
4029,366,3,0
4030,366,4,0
4031,366,5,0
4032,366,6,0
4033,366,7,0
4034,366,8,0
4035,366,9,0
4036,366,10,0
4037,367,0,0
4038,367,1,0
4039,367,2,0
4040,367,3,0
4041,367,4,0
4042,367,5,0
4043,367,6,0
4044,367,7,0
4045,367,8,0
4046,367,9,0
4047,367,10,0
4048,368,0,0
4049,368,1,0
4050,368,2,0
4051,368,3,0
4052,368,4,0
4053,368,5,0
4054,368,6,0
4055,368,7,0
4056,368,8,0
4057,368,9,0
4058,368,10,0
4059,369,0,0
4060,369,1,0
4061,369,2,0
4062,369,3,0
4063,369,4,0
4064,369,5,0
4065,369,6,0
4066,369,7,0
4067,369,8,0
4068,369,9,0
4069,369,10,0
4070,370,0,0
4071,370,1,1
4072,370,2,1
4073,370,3,1
4074,370,4,0
4075,370,5,1
4076,370,6,0
4077,370,7,1
4078,370,8,1
4079,370,9,0
4080,370,10,1
4081,371,0,0
4082,371,1,1
4083,371,2,0
4084,371,3,1
4085,371,4,0
4086,371,5,1
4087,371,6,0
4088,371,7,1
4089,371,8,0
4090,371,9,0
4091,371,10,1
4092,372,0,0
4093,372,1,0
4094,372,2,0
4095,372,3,0
4096,372,4,0
4097,372,5,0
4098,372,6,0
4099,372,7,0
4100,372,8,0
4101,372,9,0
4102,372,10,0
4103,373,0,0
4104,373,1,0
4105,373,2,0
4106,373,3,0
4107,373,4,0
4108,373,5,1
4109,373,6,0
4110,373,7,0
4111,373,8,0
4112,373,9,0
4113,373,10,1
4114,374,0,0
4115,374,1,1
4116,374,2,2
4117,374,3,1
4118,374,4,2
4119,374,5,1
4120,374,6,2
4121,374,7,1
4122,374,8,2
4123,374,9,1
4124,374,10,2
4125,375,0,0
4126,375,1,0
4127,375,2,0
4128,375,3,0
4129,375,4,0
4130,375,5,0
4131,375,6,0
4132,375,7,0
4133,375,8,0
4134,375,9,0
4135,375,10,0
4136,376,0,0
4137,376,1,1
4138,376,2,0
4139,376,3,1
4140,376,4,0
4141,376,5,1
4142,376,6,0
4143,376,7,1
4144,376,8,0
4145,376,9,1
4146,376,10,0
4147,377,0,0
4148,377,1,0
4149,377,2,0
4150,377,3,0
4151,377,4,0
4152,377,5,0
4153,377,6,0
4154,377,7,0
4155,377,8,0
4156,377,9,0
4157,377,10,0
4158,378,0,0
4159,378,1,0
4160,378,2,0
4161,378,3,0
4162,378,4,0
4163,378,5,0
4164,378,6,0
4165,378,7,0
4166,378,8,1
4167,378,9,1
4168,378,10,0
4169,379,0,0
4170,379,1,1
4171,379,2,0
4172,379,3,1
4173,379,4,0
4174,379,5,0
4175,379,6,1
4176,379,7,0
4177,379,8,0
4178,379,9,1
4179,379,10,0
4180,380,0,0
4181,380,1,0
4182,380,2,0
4183,380,3,0
4184,380,4,0
4185,380,5,0
4186,380,6,0
4187,380,7,0
4188,380,8,0
4189,380,9,0
4190,380,10,0
4191,381,0,0
4192,381,1,1
4193,381,2,2
4194,381,3,1
4195,381,4,2
4196,381,5,1
4197,381,6,2
4198,381,7,1
4199,381,8,2
4200,381,9,1
4201,381,10,2
4202,382,0,0
4203,382,1,0
4204,382,2,0
4205,382,3,0
4206,382,4,0
4207,382,5,0
4208,382,6,0
4209,382,7,0
4210,382,8,0
4211,382,9,0
4212,382,10,0
4213,383,0,0
4214,383,1,0
4215,383,2,0
4216,383,3,0
4217,383,4,0
4218,383,5,0
4219,383,6,0
4220,383,7,0
4221,383,8,0
4222,383,9,0
4223,383,10,0
4224,384,0,0
4225,384,1,1
4226,384,2,0
4227,384,3,1
4228,384,4,0
4229,384,5,1
4230,384,6,0
4231,384,7,0
4232,384,8,0
4233,384,9,1
4234,384,10,0
4235,385,0,0
4236,385,1,0
4237,385,2,0
4238,385,3,0
4239,385,4,0
4240,385,5,0
4241,385,6,0
4242,385,7,0
4243,385,8,0
4244,385,9,0
4245,385,10,0
4246,386,0,0
4247,386,1,1
4248,386,2,0
4249,386,3,1
4250,386,4,0
4251,386,5,1
4252,386,6,0
4253,386,7,1
4254,386,8,1
4255,386,9,1
4256,386,10,1
4257,387,0,0
4258,387,1,0
4259,387,2,0
4260,387,3,0
4261,387,4,0
4262,387,5,0
4263,387,6,0
4264,387,7,0
4265,387,8,0
4266,387,9,0
4267,387,10,0
4268,388,0,0
4269,388,1,0
4270,388,2,0
4271,388,3,0
4272,388,4,0
4273,388,5,0
4274,388,6,0
4275,388,7,0
4276,388,8,0
4277,388,9,0
4278,388,10,0
4279,389,0,0
4280,389,1,0
4281,389,2,1
4282,389,3,0
4283,389,4,1
4284,389,5,0
4285,389,6,0
4286,389,7,1
4287,389,8,0
4288,389,9,1
4289,389,10,0
4290,390,0,0
4291,390,1,0
4292,390,2,0
4293,390,3,0
4294,390,4,0
4295,390,5,0
4296,390,6,0
4297,390,7,0
4298,390,8,0
4299,390,9,0
4300,390,10,0
4301,391,0,0
4302,391,1,0
4303,391,2,0
4304,391,3,0
4305,391,4,0
4306,391,5,0
4307,391,6,0
4308,391,7,0
4309,391,8,0
4310,391,9,0
4311,391,10,0
4312,392,0,0
4313,392,1,0
4314,392,2,0
4315,392,3,0
4316,392,4,0
4317,392,5,0
4318,392,6,0
4319,392,7,0
4320,392,8,0
4321,392,9,0
4322,392,10,0
4323,393,0,0
4324,393,1,0
4325,393,2,0
4326,393,3,0
4327,393,4,0
4328,393,5,0
4329,393,6,0
4330,393,7,0
4331,393,8,0
4332,393,9,0
4333,393,10,0
4334,394,0,0
4335,394,1,0
4336,394,2,0
4337,394,3,0
4338,394,4,0
4339,394,5,0
4340,394,6,0
4341,394,7,0
4342,394,8,0
4343,394,9,0
4344,394,10,0
4345,395,0,0
4346,395,1,0
4347,395,2,0
4348,395,3,0
4349,395,4,0
4350,395,5,0
4351,395,6,0
4352,395,7,0
4353,395,8,0
4354,395,9,0
4355,395,10,0
4356,396,0,0
4357,396,1,0
4358,396,2,0
4359,396,3,0
4360,396,4,0
4361,396,5,0
4362,396,6,0
4363,396,7,0
4364,396,8,0
4365,396,9,0
4366,396,10,0
4367,397,0,0
4368,397,1,1
4369,397,2,0
4370,397,3,1
4371,397,4,0
4372,397,5,1
4373,397,6,0
4374,397,7,1
4375,397,8,0
4376,397,9,1
4377,397,10,0
4378,398,0,0
4379,398,1,0
4380,398,2,0
4381,398,3,0
4382,398,4,0
4383,398,5,0
4384,398,6,0
4385,398,7,0
4386,398,8,0
4387,398,9,0
4388,398,10,0
4389,399,0,0
4390,399,1,1
4391,399,2,2
4392,399,3,1
4393,399,4,2
4394,399,5,1
4395,399,6,2
4396,399,7,1
4397,399,8,2
4398,399,9,1
4399,399,10,2
4400,400,0,0
4401,400,1,1
4402,400,2,0
4403,400,3,0
4404,400,4,1
4405,400,5,0
4406,400,6,1
4407,400,7,0
4408,400,8,1
4409,400,9,1
4410,400,10,1
4411,401,0,0
4412,401,1,1
4413,401,2,0
4414,401,3,0
4415,401,4,1
4416,401,5,2
4417,401,6,1
4418,401,7,1
4419,401,8,0
4420,401,9,0
4421,401,10,1
4422,402,0,0
4423,402,1,1
4424,402,2,2
4425,402,3,1
4426,402,4,2
4427,402,5,1
4428,402,6,1
4429,402,7,1
4430,402,8,1
4431,402,9,1
4432,402,10,2
4433,403,0,0
4434,403,1,0
4435,403,2,0
4436,403,3,0
4437,403,4,0
4438,403,5,0
4439,403,6,0
4440,403,7,0
4441,403,8,0
4442,403,9,0
4443,403,10,0
4444,404,0,0
4445,404,1,0
4446,404,2,0
4447,404,3,0
4448,404,4,0
4449,404,5,0
4450,404,6,0
4451,404,7,1
4452,404,8,0
4453,404,9,0
4454,404,10,0
4455,405,0,0
4456,405,1,0
4457,405,2,0
4458,405,3,0
4459,405,4,0
4460,405,5,0
4461,405,6,0
4462,405,7,0
4463,405,8,0
4464,405,9,1
4465,405,10,0
4466,406,0,0
4467,406,1,0
4468,406,2,0
4469,406,3,0
4470,406,4,0
4471,406,5,0
4472,406,6,0
4473,406,7,0
4474,406,8,0
4475,406,9,0
4476,406,10,0
4477,407,0,0
4478,407,1,0
4479,407,2,0
4480,407,3,0
4481,407,4,0
4482,407,5,0
4483,407,6,0
4484,407,7,0
4485,407,8,0
4486,407,9,0
4487,407,10,0
4488,408,0,0
4489,408,1,0
4490,408,2,0
4491,408,3,0
4492,408,4,0
4493,408,5,0
4494,408,6,0
4495,408,7,0
4496,408,8,0
4497,408,9,0
4498,408,10,0
4499,409,0,0
4500,409,1,0
4501,409,2,0
4502,409,3,0
4503,409,4,0
4504,409,5,0
4505,409,6,0
4506,409,7,0
4507,409,8,0
4508,409,9,0
4509,409,10,0
4510,410,0,0
4511,410,1,1
4512,410,2,1
4513,410,3,1
4514,410,4,1
4515,410,5,1
4516,410,6,1
4517,410,7,1
4518,410,8,1
4519,410,9,0
4520,410,10,1
4521,411,0,0
4522,411,1,0
4523,411,2,0
4524,411,3,0
4525,411,4,0
4526,411,5,0
4527,411,6,0
4528,411,7,0
4529,411,8,0
4530,411,9,0
4531,411,10,0
4532,412,0,0
4533,412,1,0
4534,412,2,0
4535,412,3,0
4536,412,4,0
4537,412,5,0
4538,412,6,0
4539,412,7,0
4540,412,8,0
4541,412,9,0
4542,412,10,0
4543,413,0,0
4544,413,1,0
4545,413,2,0
4546,413,3,0
4547,413,4,0
4548,413,5,0
4549,413,6,0
4550,413,7,0
4551,413,8,0
4552,413,9,0
4553,413,10,0
4554,414,0,0
4555,414,1,0
4556,414,2,0
4557,414,3,0
4558,414,4,0
4559,414,5,0
4560,414,6,0
4561,414,7,0
4562,414,8,0
4563,414,9,0
4564,414,10,0
4565,415,0,0
4566,415,1,0
4567,415,2,0
4568,415,3,0
4569,415,4,1
4570,415,5,1
4571,415,6,1
4572,415,7,0
4573,415,8,0
4574,415,9,0
4575,415,10,0
4576,416,0,0
4577,416,1,0
4578,416,2,0
4579,416,3,0
4580,416,4,0
4581,416,5,0
4582,416,6,0
4583,416,7,0
4584,416,8,0
4585,416,9,0
4586,416,10,0
4587,417,0,0
4588,417,1,0
4589,417,2,0
4590,417,3,0
4591,417,4,0
4592,417,5,0
4593,417,6,0
4594,417,7,0
4595,417,8,1
4596,417,9,0
4597,417,10,0
4598,418,0,0
4599,418,1,0
4600,418,2,0
4601,418,3,0
4602,418,4,0
4603,418,5,0
4604,418,6,0
4605,418,7,0
4606,418,8,0
4607,418,9,0
4608,418,10,0
4609,419,0,0
4610,419,1,0
4611,419,2,0
4612,419,3,0
4613,419,4,0
4614,419,5,0
4615,419,6,0
4616,419,7,0
4617,419,8,0
4618,419,9,0
4619,419,10,0
4620,420,0,0
4621,420,1,0
4622,420,2,0
4623,420,3,0
4624,420,4,0
4625,420,5,0
4626,420,6,0
4627,420,7,0
4628,420,8,0
4629,420,9,0
4630,420,10,0
4631,421,0,0
4632,421,1,0
4633,421,2,1
4634,421,3,0
4635,421,4,0
4636,421,5,0
4637,421,6,0
4638,421,7,0
4639,421,8,0
4640,421,9,0
4641,421,10,0
4642,422,0,0
4643,422,1,0
4644,422,2,0
4645,422,3,0
4646,422,4,0
4647,422,5,0
4648,422,6,0
4649,422,7,0
4650,422,8,0
4651,422,9,0
4652,422,10,0
4653,423,0,0
4654,423,1,1
4655,423,2,0
4656,423,3,0
4657,423,4,0
4658,423,5,0
4659,423,6,1
4660,423,7,0
4661,423,8,1
4662,423,9,0
4663,423,10,1
4664,424,0,0
4665,424,1,0
4666,424,2,0
4667,424,3,0
4668,424,4,0
4669,424,5,0
4670,424,6,0
4671,424,7,0
4672,424,8,0
4673,424,9,0
4674,424,10,0
4675,425,0,0
4676,425,1,1
4677,425,2,1
4678,425,3,1
4679,425,4,0
4680,425,5,0
4681,425,6,0
4682,425,7,0
4683,425,8,1
4684,425,9,0
4685,425,10,0
4686,426,0,0
4687,426,1,1
4688,426,2,0
4689,426,3,1
4690,426,4,0
4691,426,5,1
4692,426,6,0
4693,426,7,1
4694,426,8,0
4695,426,9,1
4696,426,10,0
4697,427,0,0
4698,427,1,0
4699,427,2,0
4700,427,3,0
4701,427,4,0
4702,427,5,0
4703,427,6,0
4704,427,7,0
4705,427,8,0
4706,427,9,0
4707,427,10,0
4708,428,0,0
4709,428,1,0
4710,428,2,0
4711,428,3,0
4712,428,4,0
4713,428,5,0
4714,428,6,0
4715,428,7,0
4716,428,8,0
4717,428,9,0
4718,428,10,0
4719,429,0,0
4720,429,1,0
4721,429,2,0
4722,429,3,0
4723,429,4,0
4724,429,5,0
4725,429,6,0
4726,429,7,0
4727,429,8,1
4728,429,9,0
4729,429,10,0
4730,430,0,0
4731,430,1,0
4732,430,2,0
4733,430,3,0
4734,430,4,0
4735,430,5,0
4736,430,6,0
4737,430,7,0
4738,430,8,0
4739,430,9,0
4740,430,10,0
4741,431,0,0
4742,431,1,1
4743,431,2,1
4744,431,3,1
4745,431,4,1
4746,431,5,0
4747,431,6,0
4748,431,7,1
4749,431,8,1
4750,431,9,1
4751,431,10,1
4752,432,0,0
4753,432,1,0
4754,432,2,0
4755,432,3,0
4756,432,4,0
4757,432,5,0
4758,432,6,0
4759,432,7,0
4760,432,8,0
4761,432,9,0
4762,432,10,0
4763,433,0,0
4764,433,1,1
4765,433,2,0
4766,433,3,0
4767,433,4,1
4768,433,5,2
4769,433,6,1
4770,433,7,2
4771,433,8,1
4772,433,9,2
4773,433,10,1
4774,434,0,0
4775,434,1,1
4776,434,2,1
4777,434,3,0
4778,434,4,1
4779,434,5,1
4780,434,6,1
4781,434,7,0
4782,434,8,1
4783,434,9,0
4784,434,10,1
4785,435,0,0
4786,435,1,1
4787,435,2,0
4788,435,3,0
4789,435,4,0
4790,435,5,0
4791,435,6,0
4792,435,7,0
4793,435,8,0
4794,435,9,1
4795,435,10,0
4796,436,0,0
4797,436,1,0
4798,436,2,0
4799,436,3,0
4800,436,4,0
4801,436,5,0
4802,436,6,0
4803,436,7,0
4804,436,8,0
4805,436,9,0
4806,436,10,0
4807,437,0,0
4808,437,1,0
4809,437,2,0
4810,437,3,0
4811,437,4,0
4812,437,5,0
4813,437,6,0
4814,437,7,0
4815,437,8,0
4816,437,9,0
4817,437,10,0
4818,438,0,0
4819,438,1,0
4820,438,2,1
4821,438,3,0
4822,438,4,1
4823,438,5,1
4824,438,6,1
4825,438,7,1
4826,438,8,1
4827,438,9,0
4828,438,10,0
4829,439,0,0
4830,439,1,1
4831,439,2,0
4832,439,3,1
4833,439,4,0
4834,439,5,0
4835,439,6,1
4836,439,7,0
4837,439,8,0
4838,439,9,1
4839,439,10,0
4840,440,0,0
4841,440,1,0
4842,440,2,0
4843,440,3,0
4844,440,4,0
4845,440,5,0
4846,440,6,1
4847,440,7,1
4848,440,8,0
4849,440,9,0
4850,440,10,0
4851,441,0,0
4852,441,1,0
4853,441,2,1
4854,441,3,1
4855,441,4,0
4856,441,5,1
4857,441,6,0
4858,441,7,1
4859,441,8,1
4860,441,9,0
4861,441,10,1
4862,442,0,0
4863,442,1,0
4864,442,2,0
4865,442,3,0
4866,442,4,1
4867,442,5,1
4868,442,6,1
4869,442,7,1
4870,442,8,1
4871,442,9,1
4872,442,10,1
4873,443,0,0
4874,443,1,0
4875,443,2,0
4876,443,3,0
4877,443,4,0
4878,443,5,0
4879,443,6,0
4880,443,7,0
4881,443,8,0
4882,443,9,0
4883,443,10,0
4884,444,0,0
4885,444,1,0
4886,444,2,0
4887,444,3,0
4888,444,4,0
4889,444,5,0
4890,444,6,0
4891,444,7,0
4892,444,8,0
4893,444,9,0
4894,444,10,0
4895,445,0,0
4896,445,1,0
4897,445,2,0
4898,445,3,0
4899,445,4,0
4900,445,5,0
4901,445,6,0
4902,445,7,0
4903,445,8,0
4904,445,9,0
4905,445,10,0
4906,446,0,0
4907,446,1,0
4908,446,2,0
4909,446,3,0
4910,446,4,0
4911,446,5,0
4912,446,6,0
4913,446,7,0
4914,446,8,0
4915,446,9,0
4916,446,10,0
4917,447,0,0
4918,447,1,0
4919,447,2,0
4920,447,3,0
4921,447,4,0
4922,447,5,0
4923,447,6,0
4924,447,7,0
4925,447,8,0
4926,447,9,0
4927,447,10,0
4928,448,0,0
4929,448,1,0
4930,448,2,0
4931,448,3,0
4932,448,4,0
4933,448,5,0
4934,448,6,0
4935,448,7,0
4936,448,8,0
4937,448,9,0
4938,448,10,0
4939,449,0,0
4940,449,1,0
4941,449,2,1
4942,449,3,0
4943,449,4,0
4944,449,5,0
4945,449,6,1
4946,449,7,0
4947,449,8,0
4948,449,9,0
4949,449,10,0
4950,450,0,0
4951,450,1,0
4952,450,2,0
4953,450,3,0
4954,450,4,0
4955,450,5,0
4956,450,6,0
4957,450,7,0
4958,450,8,0
4959,450,9,0
4960,450,10,0
4961,451,0,0
4962,451,1,1
4963,451,2,1
4964,451,3,1
4965,451,4,1
4966,451,5,1
4967,451,6,0
4968,451,7,0
4969,451,8,0
4970,451,9,0
4971,451,10,1
4972,452,0,0
4973,452,1,0
4974,452,2,0
4975,452,3,1
4976,452,4,1
4977,452,5,1
4978,452,6,0
4979,452,7,1
4980,452,8,0
4981,452,9,1
4982,452,10,2
4983,453,0,0
4984,453,1,0
4985,453,2,0
4986,453,3,0
4987,453,4,0
4988,453,5,0
4989,453,6,0
4990,453,7,0
4991,453,8,0
4992,453,9,0
4993,453,10,0
4994,454,0,0
4995,454,1,0
4996,454,2,0
4997,454,3,0
4998,454,4,0
4999,454,5,0
5000,454,6,0
5001,454,7,0
5002,454,8,0
5003,454,9,0
5004,454,10,0
5005,455,0,0
5006,455,1,0
5007,455,2,1
5008,455,3,0
5009,455,4,0
5010,455,5,0
5011,455,6,1
5012,455,7,0
5013,455,8,1
5014,455,9,1
5015,455,10,1
5016,456,0,0
5017,456,1,0
5018,456,2,0
5019,456,3,0
5020,456,4,1
5021,456,5,0
5022,456,6,1
5023,456,7,0
5024,456,8,0
5025,456,9,1
5026,456,10,0
5027,457,0,0
5028,457,1,0
5029,457,2,0
5030,457,3,0
5031,457,4,0
5032,457,5,0
5033,457,6,0
5034,457,7,0
5035,457,8,0
5036,457,9,0
5037,457,10,0
5038,458,0,0
5039,458,1,0
5040,458,2,0
5041,458,3,0
5042,458,4,0
5043,458,5,0
5044,458,6,0
5045,458,7,0
5046,458,8,0
5047,458,9,0
5048,458,10,0
5049,459,0,0
5050,459,1,0
5051,459,2,0
5052,459,3,0
5053,459,4,0
5054,459,5,0
5055,459,6,0
5056,459,7,0
5057,459,8,0
5058,459,9,0
5059,459,10,0
5060,460,0,0
5061,460,1,0
5062,460,2,0
5063,460,3,0
5064,460,4,0
5065,460,5,0
5066,460,6,0
5067,460,7,0
5068,460,8,0
5069,460,9,0
5070,460,10,0
5071,461,0,0
5072,461,1,0
5073,461,2,0
5074,461,3,0
5075,461,4,0
5076,461,5,0
5077,461,6,0
5078,461,7,0
5079,461,8,0
5080,461,9,0
5081,461,10,0
5082,462,0,0
5083,462,1,0
5084,462,2,0
5085,462,3,0
5086,462,4,0
5087,462,5,0
5088,462,6,0
5089,462,7,0
5090,462,8,0
5091,462,9,0
5092,462,10,0
5093,463,0,0
5094,463,1,0
5095,463,2,0
5096,463,3,0
5097,463,4,0
5098,463,5,0
5099,463,6,0
5100,463,7,0
5101,463,8,0
5102,463,9,0
5103,463,10,0
5104,464,0,0
5105,464,1,1
5106,464,2,0
5107,464,3,0
5108,464,4,1
5109,464,5,0
5110,464,6,0
5111,464,7,0
5112,464,8,0
5113,464,9,1
5114,464,10,0
5115,465,0,0
5116,465,1,0
5117,465,2,0
5118,465,3,0
5119,465,4,0
5120,465,5,0
5121,465,6,0
5122,465,7,0
5123,465,8,0
5124,465,9,0
5125,465,10,0
5126,466,0,0
5127,466,1,0
5128,466,2,0
5129,466,3,1
5130,466,4,1
5131,466,5,0
5132,466,6,0
5133,466,7,0
5134,466,8,0
5135,466,9,1
5136,466,10,1
5137,467,0,0
5138,467,1,0
5139,467,2,0
5140,467,3,0
5141,467,4,0
5142,467,5,0
5143,467,6,0
5144,467,7,0
5145,467,8,0
5146,467,9,0
5147,467,10,0
5148,468,0,0
5149,468,1,0
5150,468,2,0
5151,468,3,0
5152,468,4,0
5153,468,5,0
5154,468,6,0
5155,468,7,0
5156,468,8,0
5157,468,9,0
5158,468,10,0
5159,469,0,0
5160,469,1,1
5161,469,2,2
5162,469,3,1
5163,469,4,1
5164,469,5,1
5165,469,6,1
5166,469,7,1
5167,469,8,0
5168,469,9,0
5169,469,10,0
5170,470,0,0
5171,470,1,0
5172,470,2,0
5173,470,3,0
5174,470,4,0
5175,470,5,0
5176,470,6,0
5177,470,7,0
5178,470,8,0
5179,470,9,0
5180,470,10,0
5181,471,0,0
5182,471,1,0
5183,471,2,0
5184,471,3,0
5185,471,4,0
5186,471,5,0
5187,471,6,0
5188,471,7,0
5189,471,8,0
5190,471,9,0
5191,471,10,0
5192,472,0,0
5193,472,1,0
5194,472,2,0
5195,472,3,0
5196,472,4,1
5197,472,5,2
5198,472,6,1
5199,472,7,2
5200,472,8,1
5201,472,9,2
5202,472,10,1
5203,473,0,0
5204,473,1,0
5205,473,2,0
5206,473,3,0
5207,473,4,0
5208,473,5,0
5209,473,6,0
5210,473,7,0
5211,473,8,0
5212,473,9,0
5213,473,10,0
5214,474,0,0
5215,474,1,0
5216,474,2,0
5217,474,3,0
5218,474,4,0
5219,474,5,0
5220,474,6,0
5221,474,7,0
5222,474,8,0
5223,474,9,0
5224,474,10,0
5225,475,0,0
5226,475,1,0
5227,475,2,0
5228,475,3,0
5229,475,4,0
5230,475,5,0
5231,475,6,0
5232,475,7,0
5233,475,8,0
5234,475,9,0
5235,475,10,0
5236,476,0,0
5237,476,1,0
5238,476,2,0
5239,476,3,0
5240,476,4,0
5241,476,5,1
5242,476,6,0
5243,476,7,0
5244,476,8,0
5245,476,9,0
5246,476,10,0
5247,477,0,0
5248,477,1,0
5249,477,2,0
5250,477,3,0
5251,477,4,0
5252,477,5,0
5253,477,6,0
5254,477,7,0
5255,477,8,0
5256,477,9,0
5257,477,10,0
5258,478,0,0
5259,478,1,0
5260,478,2,0
5261,478,3,0
5262,478,4,0
5263,478,5,0
5264,478,6,0
5265,478,7,0
5266,478,8,1
5267,478,9,1
5268,478,10,1
5269,479,0,0
5270,479,1,0
5271,479,2,0
5272,479,3,0
5273,479,4,0
5274,479,5,0
5275,479,6,1
5276,479,7,0
5277,479,8,0
5278,479,9,0
5279,479,10,0
5280,480,0,0
5281,480,1,0
5282,480,2,1
5283,480,3,0
5284,480,4,0
5285,480,5,1
5286,480,6,0
5287,480,7,1
5288,480,8,0
5289,480,9,1
5290,480,10,1
5291,481,0,0
5292,481,1,0
5293,481,2,0
5294,481,3,0
5295,481,4,1
5296,481,5,0
5297,481,6,1
5298,481,7,0
5299,481,8,0
5300,481,9,0
5301,481,10,0
5302,482,0,0
5303,482,1,1
5304,482,2,1
5305,482,3,0
5306,482,4,1
5307,482,5,1
5308,482,6,1
5309,482,7,1
5310,482,8,1
5311,482,9,1
5312,482,10,1
5313,483,0,0
5314,483,1,1
5315,483,2,0
5316,483,3,1
5317,483,4,0
5318,483,5,1
5319,483,6,0
5320,483,7,1
5321,483,8,0
5322,483,9,1
5323,483,10,0
5324,484,0,0
5325,484,1,0
5326,484,2,0
5327,484,3,0
5328,484,4,0
5329,484,5,0
5330,484,6,0
5331,484,7,0
5332,484,8,0
5333,484,9,0
5334,484,10,0
5335,485,0,0
5336,485,1,0
5337,485,2,0
5338,485,3,0
5339,485,4,0
5340,485,5,0
5341,485,6,0
5342,485,7,0
5343,485,8,0
5344,485,9,0
5345,485,10,0
5346,486,0,0
5347,486,1,0
5348,486,2,0
5349,486,3,0
5350,486,4,0
5351,486,5,0
5352,486,6,0
5353,486,7,0
5354,486,8,0
5355,486,9,0
5356,486,10,0
5357,487,0,0
5358,487,1,0
5359,487,2,0
5360,487,3,0
5361,487,4,0
5362,487,5,0
5363,487,6,0
5364,487,7,0
5365,487,8,0
5366,487,9,0
5367,487,10,0
5368,488,0,0
5369,488,1,1
5370,488,2,0
5371,488,3,1
5372,488,4,0
5373,488,5,1
5374,488,6,0
5375,488,7,0
5376,488,8,1
5377,488,9,0
5378,488,10,0
5379,489,0,0
5380,489,1,1
5381,489,2,1
5382,489,3,1
5383,489,4,1
5384,489,5,1
5385,489,6,1
5386,489,7,1
5387,489,8,1
5388,489,9,1
5389,489,10,1
5390,490,0,0
5391,490,1,1
5392,490,2,0
5393,490,3,1
5394,490,4,0
5395,490,5,1
5396,490,6,0
5397,490,7,1
5398,490,8,0
5399,490,9,1
5400,490,10,0
5401,491,0,0
5402,491,1,0
5403,491,2,0
5404,491,3,0
5405,491,4,1
5406,491,5,2
5407,491,6,1
5408,491,7,2
5409,491,8,1
5410,491,9,2
5411,491,10,1
5412,492,0,0
5413,492,1,0
5414,492,2,0
5415,492,3,0
5416,492,4,0
5417,492,5,1
5418,492,6,1
5419,492,7,0
5420,492,8,1
5421,492,9,0
5422,492,10,0
5423,493,0,0
5424,493,1,0
5425,493,2,0
5426,493,3,0
5427,493,4,0
5428,493,5,0
5429,493,6,0
5430,493,7,0
5431,493,8,0
5432,493,9,0
5433,493,10,0
5434,494,0,0
5435,494,1,0
5436,494,2,1
5437,494,3,2
5438,494,4,1
5439,494,5,1
5440,494,6,0
5441,494,7,1
5442,494,8,2
5443,494,9,1
5444,494,10,2
5445,495,0,0
5446,495,1,0
5447,495,2,0
5448,495,3,0
5449,495,4,1
5450,495,5,0
5451,495,6,0
5452,495,7,0
5453,495,8,0
5454,495,9,0
5455,495,10,0
5456,496,0,0
5457,496,1,0
5458,496,2,0
5459,496,3,1
5460,496,4,1
5461,496,5,1
5462,496,6,0
5463,496,7,0
5464,496,8,0
5465,496,9,0
5466,496,10,0
5467,497,0,0
5468,497,1,0
5469,497,2,0
5470,497,3,0
5471,497,4,0
5472,497,5,0
5473,497,6,0
5474,497,7,0
5475,497,8,0
5476,497,9,0
5477,497,10,0
5478,498,0,0
5479,498,1,0
5480,498,2,0
5481,498,3,0
5482,498,4,0
5483,498,5,0
5484,498,6,0
5485,498,7,0
5486,498,8,0
5487,498,9,0
5488,498,10,0
5489,499,0,0
5490,499,1,0
5491,499,2,0
5492,499,3,0
5493,499,4,0
5494,499,5,0
5495,499,6,0
5496,499,7,0
5497,499,8,0
5498,499,9,0
5499,499,10,0
5500,500,0,0
5501,500,1,0
5502,500,2,1
5503,500,3,2
5504,500,4,1
5505,500,5,2
5506,500,6,1
5507,500,7,0
5508,500,8,0
5509,500,9,0
5510,500,10,0
5511,501,0,0
5512,501,1,0
5513,501,2,1
5514,501,3,2
5515,501,4,3
5516,501,5,2
5517,501,6,1
5518,501,7,0
5519,501,8,1
5520,501,9,1
5521,501,10,1
5522,502,0,0
5523,502,1,0
5524,502,2,1
5525,502,3,1
5526,502,4,1
5527,502,5,1
5528,502,6,1
5529,502,7,1
5530,502,8,0
5531,502,9,0
5532,502,10,0
5533,503,0,0
5534,503,1,1
5535,503,2,0
5536,503,3,1
5537,503,4,0
5538,503,5,1
5539,503,6,0
5540,503,7,1
5541,503,8,0
5542,503,9,1
5543,503,10,0
5544,504,0,0
5545,504,1,0
5546,504,2,0
5547,504,3,0
5548,504,4,0
5549,504,5,0
5550,504,6,0
5551,504,7,0
5552,504,8,0
5553,504,9,0
5554,504,10,0
5555,505,0,0
5556,505,1,1
5557,505,2,0
5558,505,3,0
5559,505,4,0
5560,505,5,0
5561,505,6,0
5562,505,7,1
5563,505,8,0
5564,505,9,0
5565,505,10,1
5566,506,0,0
5567,506,1,0
5568,506,2,0
5569,506,3,1
5570,506,4,1
5571,506,5,1
5572,506,6,0
5573,506,7,0
5574,506,8,0
5575,506,9,0
5576,506,10,0
5577,507,0,0
5578,507,1,0
5579,507,2,0
5580,507,3,0
5581,507,4,0
5582,507,5,0
5583,507,6,1
5584,507,7,1
5585,507,8,1
5586,507,9,1
5587,507,10,1
5588,508,0,0
5589,508,1,0
5590,508,2,0
5591,508,3,0
5592,508,4,0
5593,508,5,0
5594,508,6,0
5595,508,7,0
5596,508,8,1
5597,508,9,0
5598,508,10,0
5599,509,0,0
5600,509,1,0
5601,509,2,0
5602,509,3,0
5603,509,4,0
5604,509,5,0
5605,509,6,0
5606,509,7,0
5607,509,8,1
5608,509,9,0
5609,509,10,0
5610,510,0,0
5611,510,1,0
5612,510,2,0
5613,510,3,0
5614,510,4,0
5615,510,5,0
5616,510,6,0
5617,510,7,0
5618,510,8,0
5619,510,9,0
5620,510,10,0
5621,511,0,0
5622,511,1,1
5623,511,2,1
5624,511,3,1
5625,511,4,1
5626,511,5,1
5627,511,6,1
5628,511,7,1
5629,511,8,1
5630,511,9,1
5631,511,10,1
5632,512,0,0
5633,512,1,0
5634,512,2,0
5635,512,3,0
5636,512,4,0
5637,512,5,0
5638,512,6,0
5639,512,7,0
5640,512,8,0
5641,512,9,0
5642,512,10,0
5643,513,0,0
5644,513,1,0
5645,513,2,0
5646,513,3,0
5647,513,4,0
5648,513,5,0
5649,513,6,0
5650,513,7,0
5651,513,8,0
5652,513,9,0
5653,513,10,0
5654,514,0,0
5655,514,1,0
5656,514,2,0
5657,514,3,0
5658,514,4,0
5659,514,5,0
5660,514,6,0
5661,514,7,0
5662,514,8,0
5663,514,9,0
5664,514,10,0
5665,515,0,0
5666,515,1,0
5667,515,2,1
5668,515,3,0
5669,515,4,0
5670,515,5,0
5671,515,6,0
5672,515,7,0
5673,515,8,1
5674,515,9,1
5675,515,10,0
5676,516,0,0
5677,516,1,0
5678,516,2,0
5679,516,3,0
5680,516,4,0
5681,516,5,0
5682,516,6,0
5683,516,7,0
5684,516,8,0
5685,516,9,0
5686,516,10,0
5687,517,0,0
5688,517,1,0
5689,517,2,0
5690,517,3,0
5691,517,4,0
5692,517,5,0
5693,517,6,0
5694,517,7,0
5695,517,8,0
5696,517,9,0
5697,517,10,0
5698,518,0,0
5699,518,1,0
5700,518,2,0
5701,518,3,0
5702,518,4,0
5703,518,5,0
5704,518,6,0
5705,518,7,0
5706,518,8,0
5707,518,9,0
5708,518,10,0
5709,519,0,0
5710,519,1,0
5711,519,2,1
5712,519,3,0
5713,519,4,1
5714,519,5,2
5715,519,6,1
5716,519,7,2
5717,519,8,1
5718,519,9,2
5719,519,10,1
5720,520,0,0
5721,520,1,1
5722,520,2,0
5723,520,3,1
5724,520,4,0
5725,520,5,1
5726,520,6,0
5727,520,7,1
5728,520,8,0
5729,520,9,1
5730,520,10,2
5731,521,0,0
5732,521,1,1
5733,521,2,2
5734,521,3,1
5735,521,4,2
5736,521,5,1
5737,521,6,2
5738,521,7,1
5739,521,8,2
5740,521,9,1
5741,521,10,2
5742,522,0,0
5743,522,1,0
5744,522,2,0
5745,522,3,0
5746,522,4,0
5747,522,5,0
5748,522,6,0
5749,522,7,0
5750,522,8,0
5751,522,9,0
5752,522,10,0
5753,523,0,0
5754,523,1,0
5755,523,2,0
5756,523,3,0
5757,523,4,0
5758,523,5,0
5759,523,6,0
5760,523,7,0
5761,523,8,0
5762,523,9,0
5763,523,10,0
5764,524,0,0
5765,524,1,1
5766,524,2,1
5767,524,3,1
5768,524,4,1
5769,524,5,1
5770,524,6,1
5771,524,7,1
5772,524,8,1
5773,524,9,1
5774,524,10,1
5775,525,0,0
5776,525,1,0
5777,525,2,0
5778,525,3,0
5779,525,4,1
5780,525,5,1
5781,525,6,1
5782,525,7,1
5783,525,8,1
5784,525,9,1
5785,525,10,1
5786,526,0,0
5787,526,1,0
5788,526,2,0
5789,526,3,0
5790,526,4,0
5791,526,5,0
5792,526,6,0
5793,526,7,0
5794,526,8,0
5795,526,9,0
5796,526,10,0
5797,527,0,0
5798,527,1,0
5799,527,2,0
5800,527,3,0
5801,527,4,0
5802,527,5,0
5803,527,6,0
5804,527,7,0
5805,527,8,0
5806,527,9,0
5807,527,10,0
5808,528,0,0
5809,528,1,0
5810,528,2,0
5811,528,3,0
5812,528,4,0
5813,528,5,0
5814,528,6,0
5815,528,7,0
5816,528,8,0
5817,528,9,0
5818,528,10,0
5819,529,0,0
5820,529,1,0
5821,529,2,0
5822,529,3,1
5823,529,4,0
5824,529,5,0
5825,529,6,0
5826,529,7,0
5827,529,8,0
5828,529,9,0
5829,529,10,0
5830,530,0,0
5831,530,1,1
5832,530,2,0
5833,530,3,1
5834,530,4,0
5835,530,5,1
5836,530,6,2
5837,530,7,1
5838,530,8,0
5839,530,9,1
5840,530,10,0
5841,531,0,0
5842,531,1,0
5843,531,2,1
5844,531,3,1
5845,531,4,0
5846,531,5,1
5847,531,6,1
5848,531,7,1
5849,531,8,1
5850,531,9,2
5851,531,10,1
5852,532,0,0
5853,532,1,0
5854,532,2,0
5855,532,3,0
5856,532,4,0
5857,532,5,0
5858,532,6,0
5859,532,7,0
5860,532,8,0
5861,532,9,0
5862,532,10,0
5863,533,0,0
5864,533,1,0
5865,533,2,0
5866,533,3,0
5867,533,4,1
5868,533,5,1
5869,533,6,0
5870,533,7,0
5871,533,8,0
5872,533,9,0
5873,533,10,0
5874,534,0,0
5875,534,1,0
5876,534,2,1
5877,534,3,1
5878,534,4,0
5879,534,5,1
5880,534,6,0
5881,534,7,1
5882,534,8,1
5883,534,9,0
5884,534,10,0
5885,535,0,0
5886,535,1,0
5887,535,2,0
5888,535,3,0
5889,535,4,0
5890,535,5,0
5891,535,6,0
5892,535,7,0
5893,535,8,0
5894,535,9,0
5895,535,10,0
5896,536,0,0
5897,536,1,0
5898,536,2,0
5899,536,3,0
5900,536,4,0
5901,536,5,0
5902,536,6,0
5903,536,7,0
5904,536,8,0
5905,536,9,1
5906,536,10,0
5907,537,0,0
5908,537,1,0
5909,537,2,0
5910,537,3,0
5911,537,4,0
5912,537,5,0
5913,537,6,0
5914,537,7,0
5915,537,8,0
5916,537,9,0
5917,537,10,0
5918,538,0,0
5919,538,1,0
5920,538,2,0
5921,538,3,0
5922,538,4,0
5923,538,5,0
5924,538,6,0
5925,538,7,0
5926,538,8,0
5927,538,9,0
5928,538,10,0
5929,539,0,0
5930,539,1,1
5931,539,2,1
5932,539,3,1
5933,539,4,0
5934,539,5,1
5935,539,6,1
5936,539,7,0
5937,539,8,0
5938,539,9,0
5939,539,10,1
5940,540,0,0
5941,540,1,0
5942,540,2,1
5943,540,3,0
5944,540,4,0
5945,540,5,0
5946,540,6,1
5947,540,7,1
5948,540,8,1
5949,540,9,0
5950,540,10,0
5951,541,0,0
5952,541,1,0
5953,541,2,0
5954,541,3,0
5955,541,4,0
5956,541,5,0
5957,541,6,0
5958,541,7,0
5959,541,8,0
5960,541,9,0
5961,541,10,0
5962,542,0,0
5963,542,1,0
5964,542,2,0
5965,542,3,0
5966,542,4,0
5967,542,5,0
5968,542,6,0
5969,542,7,0
5970,542,8,0
5971,542,9,0
5972,542,10,0
5973,543,0,0
5974,543,1,0
5975,543,2,0
5976,543,3,0
5977,543,4,0
5978,543,5,0
5979,543,6,0
5980,543,7,0
5981,543,8,0
5982,543,9,0
5983,543,10,0
5984,544,0,0
5985,544,1,0
5986,544,2,0
5987,544,3,0
5988,544,4,0
5989,544,5,0
5990,544,6,0
5991,544,7,0
5992,544,8,0
5993,544,9,0
5994,544,10,0
5995,545,0,0
5996,545,1,0
5997,545,2,0
5998,545,3,0
5999,545,4,0
6000,545,5,0
6001,545,6,0
6002,545,7,0
6003,545,8,0
6004,545,9,0
6005,545,10,0
6006,546,0,0
6007,546,1,0
6008,546,2,0
6009,546,3,0
6010,546,4,0
6011,546,5,0
6012,546,6,0
6013,546,7,0
6014,546,8,0
6015,546,9,0
6016,546,10,0
6017,547,0,0
6018,547,1,0
6019,547,2,0
6020,547,3,0
6021,547,4,0
6022,547,5,0
6023,547,6,1
6024,547,7,2
6025,547,8,1
6026,547,9,0
6027,547,10,0
6028,548,0,0
6029,548,1,0
6030,548,2,0
6031,548,3,0
6032,548,4,0
6033,548,5,0
6034,548,6,0
6035,548,7,0
6036,548,8,0
6037,548,9,0
6038,548,10,0
6039,549,0,0
6040,549,1,0
6041,549,2,1
6042,549,3,1
6043,549,4,1
6044,549,5,1
6045,549,6,1
6046,549,7,1
6047,549,8,1
6048,549,9,1
6049,549,10,1
6050,550,0,0
6051,550,1,0
6052,550,2,0
6053,550,3,0
6054,550,4,0
6055,550,5,0
6056,550,6,0
6057,550,7,0
6058,550,8,0
6059,550,9,0
6060,550,10,0
6061,551,0,0
6062,551,1,1
6063,551,2,1
6064,551,3,2
6065,551,4,1
6066,551,5,2
6067,551,6,1
6068,551,7,2
6069,551,8,1
6070,551,9,1
6071,551,10,2
6072,552,0,0
6073,552,1,0
6074,552,2,0
6075,552,3,0
6076,552,4,0
6077,552,5,0
6078,552,6,0
6079,552,7,0
6080,552,8,0
6081,552,9,0
6082,552,10,0
6083,553,0,0
6084,553,1,1
6085,553,2,0
6086,553,3,0
6087,553,4,1
6088,553,5,0
6089,553,6,1
6090,553,7,0
6091,553,8,1
6092,553,9,0
6093,553,10,1
6094,554,0,0
6095,554,1,1
6096,554,2,0
6097,554,3,1
6098,554,4,0
6099,554,5,0
6100,554,6,1
6101,554,7,0
6102,554,8,0
6103,554,9,1
6104,554,10,0
6105,555,0,0
6106,555,1,1
6107,555,2,1
6108,555,3,0
6109,555,4,0
6110,555,5,0
6111,555,6,0
6112,555,7,0
6113,555,8,0
6114,555,9,0
6115,555,10,1
6116,556,0,0
6117,556,1,0
6118,556,2,0
6119,556,3,0
6120,556,4,0
6121,556,5,0
6122,556,6,0
6123,556,7,0
6124,556,8,0
6125,556,9,0
6126,556,10,0
6127,557,0,0
6128,557,1,0
6129,557,2,0
6130,557,3,1
6131,557,4,1
6132,557,5,1
6133,557,6,1
6134,557,7,1
6135,557,8,1
6136,557,9,1
6137,557,10,1
6138,558,0,0
6139,558,1,0
6140,558,2,0
6141,558,3,0
6142,558,4,0
6143,558,5,0
6144,558,6,0
6145,558,7,0
6146,558,8,0
6147,558,9,0
6148,558,10,0
6149,559,0,0
6150,559,1,1
6151,559,2,1
6152,559,3,0
6153,559,4,1
6154,559,5,0
6155,559,6,1
6156,559,7,0
6157,559,8,1
6158,559,9,1
6159,559,10,0
6160,560,0,0
6161,560,1,1
6162,560,2,2
6163,560,3,1
6164,560,4,1
6165,560,5,0
6166,560,6,1
6167,560,7,1
6168,560,8,1
6169,560,9,0
6170,560,10,1
6171,561,0,0
6172,561,1,0
6173,561,2,0
6174,561,3,0
6175,561,4,0
6176,561,5,0
6177,561,6,0
6178,561,7,0
6179,561,8,0
6180,561,9,0
6181,561,10,0
6182,562,0,0
6183,562,1,0
6184,562,2,0
6185,562,3,0
6186,562,4,0
6187,562,5,0
6188,562,6,0
6189,562,7,0
6190,562,8,0
6191,562,9,0
6192,562,10,0
6193,563,0,0
6194,563,1,0
6195,563,2,1
6196,563,3,0
6197,563,4,1
6198,563,5,0
6199,563,6,1
6200,563,7,0
6201,563,8,1
6202,563,9,0
6203,563,10,1
6204,564,0,0
6205,564,1,1
6206,564,2,0
6207,564,3,1
6208,564,4,0
6209,564,5,1
6210,564,6,0
6211,564,7,1
6212,564,8,0
6213,564,9,1
6214,564,10,0
6215,565,0,0
6216,565,1,1
6217,565,2,1
6218,565,3,1
6219,565,4,1
6220,565,5,1
6221,565,6,1
6222,565,7,1
6223,565,8,1
6224,565,9,1
6225,565,10,1
6226,566,0,0
6227,566,1,1
6228,566,2,0
6229,566,3,1
6230,566,4,1
6231,566,5,0
6232,566,6,1
6233,566,7,1
6234,566,8,1
6235,566,9,0
6236,566,10,1
6237,567,0,0
6238,567,1,0
6239,567,2,0
6240,567,3,1
6241,567,4,0
6242,567,5,0
6243,567,6,0
6244,567,7,0
6245,567,8,0
6246,567,9,1
6247,567,10,1
6248,568,0,0
6249,568,1,1
6250,568,2,2
6251,568,3,1
6252,568,4,2
6253,568,5,1
6254,568,6,2
6255,568,7,1
6256,568,8,2
6257,568,9,1
6258,568,10,0
6259,569,0,0
6260,569,1,0
6261,569,2,1
6262,569,3,1
6263,569,4,0
6264,569,5,1
6265,569,6,0
6266,569,7,1
6267,569,8,1
6268,569,9,0
6269,569,10,1
6270,570,0,0
6271,570,1,0
6272,570,2,0
6273,570,3,1
6274,570,4,2
6275,570,5,1
6276,570,6,0
6277,570,7,0
6278,570,8,0
6279,570,9,0
6280,570,10,0
6281,571,0,0
6282,571,1,0
6283,571,2,0
6284,571,3,0
6285,571,4,0
6286,571,5,0
6287,571,6,0
6288,571,7,0
6289,571,8,0
6290,571,9,0
6291,571,10,0
6292,572,0,0
6293,572,1,0
6294,572,2,0
6295,572,3,0
6296,572,4,0
6297,572,5,0
6298,572,6,0
6299,572,7,0
6300,572,8,0
6301,572,9,0
6302,572,10,0
6303,573,0,0
6304,573,1,0
6305,573,2,0
6306,573,3,0
6307,573,4,0
6308,573,5,0
6309,573,6,0
6310,573,7,0
6311,573,8,0
6312,573,9,0
6313,573,10,0
6314,574,0,0
6315,574,1,1
6316,574,2,0
6317,574,3,1
6318,574,4,1
6319,574,5,1
6320,574,6,1
6321,574,7,1
6322,574,8,1
6323,574,9,1
6324,574,10,1
6325,575,0,0
6326,575,1,0
6327,575,2,0
6328,575,3,0
6329,575,4,0
6330,575,5,0
6331,575,6,0
6332,575,7,0
6333,575,8,0
6334,575,9,0
6335,575,10,0
6336,576,0,0
6337,576,1,0
6338,576,2,0
6339,576,3,0
6340,576,4,0
6341,576,5,0
6342,576,6,0
6343,576,7,0
6344,576,8,0
6345,576,9,0
6346,576,10,0
6347,577,0,0
6348,577,1,1
6349,577,2,1
6350,577,3,1
6351,577,4,2
6352,577,5,2
6353,577,6,1
6354,577,7,1
6355,577,8,1
6356,577,9,1
6357,577,10,1
6358,578,0,0
6359,578,1,1
6360,578,2,1
6361,578,3,1
6362,578,4,1
6363,578,5,1
6364,578,6,0
6365,578,7,1
6366,578,8,0
6367,578,9,0
6368,578,10,1
6369,579,0,0
6370,579,1,1
6371,579,2,0
6372,579,3,1
6373,579,4,0
6374,579,5,1
6375,579,6,0
6376,579,7,1
6377,579,8,0
6378,579,9,1
6379,579,10,0
6380,580,0,0
6381,580,1,0
6382,580,2,0
6383,580,3,0
6384,580,4,0
6385,580,5,0
6386,580,6,0
6387,580,7,0
6388,580,8,0
6389,580,9,0
6390,580,10,0
6391,581,0,0
6392,581,1,0
6393,581,2,0
6394,581,3,1
6395,581,4,0
6396,581,5,1
6397,581,6,1
6398,581,7,0
6399,581,8,0
6400,581,9,1
6401,581,10,0
6402,582,0,0
6403,582,1,0
6404,582,2,0
6405,582,3,0
6406,582,4,0
6407,582,5,0
6408,582,6,0
6409,582,7,0
6410,582,8,0
6411,582,9,0
6412,582,10,0
6413,583,0,0
6414,583,1,1
6415,583,2,0
6416,583,3,1
6417,583,4,0
6418,583,5,0
6419,583,6,1
6420,583,7,1
6421,583,8,1
6422,583,9,0
6423,583,10,0
6424,584,0,0
6425,584,1,0
6426,584,2,1
6427,584,3,0
6428,584,4,0
6429,584,5,1
6430,584,6,0
6431,584,7,1
6432,584,8,0
6433,584,9,0
6434,584,10,1
6435,585,0,0
6436,585,1,0
6437,585,2,0
6438,585,3,0
6439,585,4,0
6440,585,5,0
6441,585,6,0
6442,585,7,0
6443,585,8,0
6444,585,9,0
6445,585,10,0
6446,586,0,0
6447,586,1,0
6448,586,2,0
6449,586,3,0
6450,586,4,0
6451,586,5,0
6452,586,6,0
6453,586,7,0
6454,586,8,0
6455,586,9,0
6456,586,10,0
6457,587,0,0
6458,587,1,0
6459,587,2,0
6460,587,3,0
6461,587,4,0
6462,587,5,0
6463,587,6,0
6464,587,7,0
6465,587,8,0
6466,587,9,0
6467,587,10,0
6468,588,0,0
6469,588,1,0
6470,588,2,0
6471,588,3,0
6472,588,4,0
6473,588,5,0
6474,588,6,0
6475,588,7,0
6476,588,8,0
6477,588,9,0
6478,588,10,0
6479,589,0,0
6480,589,1,0
6481,589,2,0
6482,589,3,0
6483,589,4,0
6484,589,5,0
6485,589,6,0
6486,589,7,0
6487,589,8,0
6488,589,9,0
6489,589,10,0
6490,590,0,0
6491,590,1,0
6492,590,2,1
6493,590,3,0
6494,590,4,0
6495,590,5,0
6496,590,6,0
6497,590,7,0
6498,590,8,1
6499,590,9,0
6500,590,10,0
6501,591,0,0
6502,591,1,0
6503,591,2,0
6504,591,3,0
6505,591,4,0
6506,591,5,0
6507,591,6,0
6508,591,7,0
6509,591,8,0
6510,591,9,0
6511,591,10,0
6512,592,0,0
6513,592,1,0
6514,592,2,0
6515,592,3,0
6516,592,4,0
6517,592,5,0
6518,592,6,0
6519,592,7,0
6520,592,8,0
6521,592,9,0
6522,592,10,0
6523,593,0,0
6524,593,1,0
6525,593,2,0
6526,593,3,0
6527,593,4,0
6528,593,5,0
6529,593,6,0
6530,593,7,0
6531,593,8,0
6532,593,9,0
6533,593,10,0
6534,594,0,0
6535,594,1,0
6536,594,2,0
6537,594,3,0
6538,594,4,0
6539,594,5,0
6540,594,6,0
6541,594,7,0
6542,594,8,0
6543,594,9,0
6544,594,10,0
6545,595,0,0
6546,595,1,0
6547,595,2,0
6548,595,3,0
6549,595,4,0
6550,595,5,1
6551,595,6,1
6552,595,7,1
6553,595,8,1
6554,595,9,1
6555,595,10,1
6556,596,0,0
6557,596,1,0
6558,596,2,0
6559,596,3,0
6560,596,4,0
6561,596,5,0
6562,596,6,0
6563,596,7,0
6564,596,8,0
6565,596,9,0
6566,596,10,0
6567,597,0,0
6568,597,1,1
6569,597,2,0
6570,597,3,0
6571,597,4,0
6572,597,5,0
6573,597,6,0
6574,597,7,1
6575,597,8,0
6576,597,9,0
6577,597,10,0
6578,598,0,0
6579,598,1,0
6580,598,2,0
6581,598,3,0
6582,598,4,0
6583,598,5,0
6584,598,6,0
6585,598,7,0
6586,598,8,0
6587,598,9,0
6588,598,10,0
6589,599,0,0
6590,599,1,0
6591,599,2,0
6592,599,3,0
6593,599,4,0
6594,599,5,0
6595,599,6,0
6596,599,7,0
6597,599,8,0
6598,599,9,0
6599,599,10,0
6600,600,0,0
6601,600,1,0
6602,600,2,0
6603,600,3,0
6604,600,4,1
6605,600,5,0
6606,600,6,0
6607,600,7,0
6608,600,8,1
6609,600,9,0
6610,600,10,0
6611,601,0,0
6612,601,1,0
6613,601,2,0
6614,601,3,0
6615,601,4,0
6616,601,5,0
6617,601,6,1
6618,601,7,0
6619,601,8,0
6620,601,9,0
6621,601,10,0
6622,602,0,0
6623,602,1,0
6624,602,2,0
6625,602,3,0
6626,602,4,0
6627,602,5,0
6628,602,6,0
6629,602,7,0
6630,602,8,0
6631,602,9,0
6632,602,10,0
6633,603,0,0
6634,603,1,0
6635,603,2,0
6636,603,3,0
6637,603,4,0
6638,603,5,0
6639,603,6,0
6640,603,7,0
6641,603,8,0
6642,603,9,0
6643,603,10,0
6644,604,0,0
6645,604,1,1
6646,604,2,0
6647,604,3,1
6648,604,4,0
6649,604,5,0
6650,604,6,0
6651,604,7,1
6652,604,8,0
6653,604,9,1
6654,604,10,0
6655,605,0,0
6656,605,1,0
6657,605,2,0
6658,605,3,0
6659,605,4,0
6660,605,5,0
6661,605,6,0
6662,605,7,0
6663,605,8,0
6664,605,9,0
6665,605,10,0
6666,606,0,0
6667,606,1,0
6668,606,2,0
6669,606,3,0
6670,606,4,0
6671,606,5,0
6672,606,6,0
6673,606,7,0
6674,606,8,0
6675,606,9,0
6676,606,10,0
6677,607,0,0
6678,607,1,0
6679,607,2,0
6680,607,3,0
6681,607,4,0
6682,607,5,0
6683,607,6,0
6684,607,7,0
6685,607,8,0
6686,607,9,0
6687,607,10,0
6688,608,0,0
6689,608,1,1
6690,608,2,0
6691,608,3,1
6692,608,4,0
6693,608,5,1
6694,608,6,0
6695,608,7,0
6696,608,8,0
6697,608,9,0
6698,608,10,0
6699,609,0,0
6700,609,1,0
6701,609,2,0
6702,609,3,0
6703,609,4,0
6704,609,5,0
6705,609,6,0
6706,609,7,0
6707,609,8,0
6708,609,9,0
6709,609,10,0
6710,610,0,0
6711,610,1,0
6712,610,2,0
6713,610,3,0
6714,610,4,0
6715,610,5,0
6716,610,6,0
6717,610,7,0
6718,610,8,0
6719,610,9,0
6720,610,10,0
6721,611,0,0
6722,611,1,1
6723,611,2,0
6724,611,3,1
6725,611,4,2
6726,611,5,1
6727,611,6,0
6728,611,7,1
6729,611,8,2
6730,611,9,1
6731,611,10,0
6732,612,0,0
6733,612,1,0
6734,612,2,0
6735,612,3,0
6736,612,4,0
6737,612,5,0
6738,612,6,0
6739,612,7,0
6740,612,8,0
6741,612,9,0
6742,612,10,0
6743,613,0,0
6744,613,1,1
6745,613,2,2
6746,613,3,1
6747,613,4,2
6748,613,5,1
6749,613,6,2
6750,613,7,1
6751,613,8,0
6752,613,9,1
6753,613,10,0
6754,614,0,0
6755,614,1,0
6756,614,2,0
6757,614,3,0
6758,614,4,0
6759,614,5,0
6760,614,6,0
6761,614,7,0
6762,614,8,0
6763,614,9,0
6764,614,10,0
6765,615,0,0
6766,615,1,0
6767,615,2,0
6768,615,3,0
6769,615,4,0
6770,615,5,0
6771,615,6,0
6772,615,7,0
6773,615,8,0
6774,615,9,0
6775,615,10,0
6776,616,0,0
6777,616,1,0
6778,616,2,1
6779,616,3,0
6780,616,4,0
6781,616,5,0
6782,616,6,1
6783,616,7,2
6784,616,8,1
6785,616,9,0
6786,616,10,1
6787,617,0,0
6788,617,1,0
6789,617,2,0
6790,617,3,0
6791,617,4,0
6792,617,5,0
6793,617,6,0
6794,617,7,0
6795,617,8,1
6796,617,9,1
6797,617,10,1
6798,618,0,0
6799,618,1,0
6800,618,2,1
6801,618,3,1
6802,618,4,1
6803,618,5,0
6804,618,6,0
6805,618,7,0
6806,618,8,1
6807,618,9,1
6808,618,10,0
6809,619,0,0
6810,619,1,0
6811,619,2,0
6812,619,3,0
6813,619,4,0
6814,619,5,0
6815,619,6,0
6816,619,7,0
6817,619,8,0
6818,619,9,0
6819,619,10,0
6820,620,0,0
6821,620,1,0
6822,620,2,0
6823,620,3,0
6824,620,4,0
6825,620,5,0
6826,620,6,0
6827,620,7,0
6828,620,8,0
6829,620,9,0
6830,620,10,0
6831,621,0,0
6832,621,1,0
6833,621,2,0
6834,621,3,0
6835,621,4,0
6836,621,5,0
6837,621,6,0
6838,621,7,0
6839,621,8,0
6840,621,9,0
6841,621,10,0
6842,622,0,0
6843,622,1,0
6844,622,2,0
6845,622,3,0
6846,622,4,0
6847,622,5,0
6848,622,6,0
6849,622,7,0
6850,622,8,0
6851,622,9,0
6852,622,10,0
6853,623,0,0
6854,623,1,0
6855,623,2,0
6856,623,3,0
6857,623,4,0
6858,623,5,0
6859,623,6,0
6860,623,7,0
6861,623,8,0
6862,623,9,0
6863,623,10,0
6864,624,0,0
6865,624,1,0
6866,624,2,0
6867,624,3,0
6868,624,4,0
6869,624,5,0
6870,624,6,0
6871,624,7,0
6872,624,8,0
6873,624,9,0
6874,624,10,0
6875,625,0,0
6876,625,1,0
6877,625,2,0
6878,625,3,0
6879,625,4,0
6880,625,5,0
6881,625,6,0
6882,625,7,0
6883,625,8,0
6884,625,9,0
6885,625,10,0
6886,626,0,0
6887,626,1,1
6888,626,2,0
6889,626,3,0
6890,626,4,1
6891,626,5,0
6892,626,6,1
6893,626,7,1
6894,626,8,1
6895,626,9,0
6896,626,10,1
6897,627,0,0
6898,627,1,0
6899,627,2,0
6900,627,3,0
6901,627,4,0
6902,627,5,0
6903,627,6,0
6904,627,7,0
6905,627,8,0
6906,627,9,0
6907,627,10,0
6908,628,0,0
6909,628,1,0
6910,628,2,1
6911,628,3,0
6912,628,4,1
6913,628,5,0
6914,628,6,1
6915,628,7,0
6916,628,8,1
6917,628,9,0
6918,628,10,1
6919,629,0,0
6920,629,1,0
6921,629,2,0
6922,629,3,0
6923,629,4,1
6924,629,5,0
6925,629,6,0
6926,629,7,1
6927,629,8,0
6928,629,9,0
6929,629,10,0
6930,630,0,0
6931,630,1,0
6932,630,2,0
6933,630,3,0
6934,630,4,0
6935,630,5,0
6936,630,6,0
6937,630,7,0
6938,630,8,0
6939,630,9,0
6940,630,10,0
6941,631,0,0
6942,631,1,0
6943,631,2,0
6944,631,3,0
6945,631,4,0
6946,631,5,0
6947,631,6,0
6948,631,7,0
6949,631,8,0
6950,631,9,0
6951,631,10,0
6952,632,0,0
6953,632,1,0
6954,632,2,0
6955,632,3,0
6956,632,4,0
6957,632,5,0
6958,632,6,0
6959,632,7,0
6960,632,8,0
6961,632,9,0
6962,632,10,0
6963,633,0,0
6964,633,1,0
6965,633,2,1
6966,633,3,1
6967,633,4,1
6968,633,5,0
6969,633,6,0
6970,633,7,1
6971,633,8,0
6972,633,9,1
6973,633,10,1
6974,634,0,0
6975,634,1,0
6976,634,2,0
6977,634,3,0
6978,634,4,0
6979,634,5,0
6980,634,6,0
6981,634,7,0
6982,634,8,0
6983,634,9,0
6984,634,10,0
6985,635,0,0
6986,635,1,1
6987,635,2,0
6988,635,3,1
6989,635,4,0
6990,635,5,0
6991,635,6,1
6992,635,7,0
6993,635,8,1
6994,635,9,0
6995,635,10,0
6996,636,0,0
6997,636,1,1
6998,636,2,2
6999,636,3,1
7000,636,4,2
7001,636,5,1
7002,636,6,2
7003,636,7,1
7004,636,8,2
7005,636,9,1
7006,636,10,2
7007,637,0,0
7008,637,1,0
7009,637,2,0
7010,637,3,0
7011,637,4,0
7012,637,5,0
7013,637,6,0
7014,637,7,0
7015,637,8,0
7016,637,9,0
7017,637,10,0
7018,638,0,0
7019,638,1,0
7020,638,2,0
7021,638,3,0
7022,638,4,0
7023,638,5,0
7024,638,6,0
7025,638,7,0
7026,638,8,0
7027,638,9,0
7028,638,10,0
7029,639,0,0
7030,639,1,1
7031,639,2,1
7032,639,3,1
7033,639,4,0
7034,639,5,1
7035,639,6,0
7036,639,7,1
7037,639,8,0
7038,639,9,1
7039,639,10,0
7040,640,0,0
7041,640,1,1
7042,640,2,0
7043,640,3,1
7044,640,4,0
7045,640,5,1
7046,640,6,0
7047,640,7,1
7048,640,8,0
7049,640,9,1
7050,640,10,0
7051,641,0,0
7052,641,1,0
7053,641,2,0
7054,641,3,0
7055,641,4,0
7056,641,5,0
7057,641,6,0
7058,641,7,0
7059,641,8,0
7060,641,9,0
7061,641,10,0
7062,642,0,0
7063,642,1,0
7064,642,2,0
7065,642,3,1
7066,642,4,0
7067,642,5,0
7068,642,6,0
7069,642,7,0
7070,642,8,0
7071,642,9,0
7072,642,10,0
7073,643,0,0
7074,643,1,0
7075,643,2,0
7076,643,3,0
7077,643,4,0
7078,643,5,0
7079,643,6,0
7080,643,7,0
7081,643,8,0
7082,643,9,0
7083,643,10,0
7084,644,0,0
7085,644,1,1
7086,644,2,0
7087,644,3,1
7088,644,4,0
7089,644,5,1
7090,644,6,0
7091,644,7,0
7092,644,8,0
7093,644,9,1
7094,644,10,0
7095,645,0,0
7096,645,1,0
7097,645,2,0
7098,645,3,0
7099,645,4,0
7100,645,5,0
7101,645,6,0
7102,645,7,0
7103,645,8,0
7104,645,9,0
7105,645,10,0
7106,646,0,0
7107,646,1,0
7108,646,2,0
7109,646,3,0
7110,646,4,0
7111,646,5,0
7112,646,6,0
7113,646,7,0
7114,646,8,0
7115,646,9,0
7116,646,10,0
7117,647,0,0
7118,647,1,0
7119,647,2,1
7120,647,3,0
7121,647,4,0
7122,647,5,0
7123,647,6,1
7124,647,7,1
7125,647,8,1
7126,647,9,1
7127,647,10,0
7128,648,0,0
7129,648,1,0
7130,648,2,0
7131,648,3,0
7132,648,4,0
7133,648,5,0
7134,648,6,0
7135,648,7,0
7136,648,8,0
7137,648,9,0
7138,648,10,0
7139,649,0,0
7140,649,1,0
7141,649,2,0
7142,649,3,0
7143,649,4,0
7144,649,5,0
7145,649,6,0
7146,649,7,0
7147,649,8,0
7148,649,9,0
7149,649,10,0
7150,650,0,0
7151,650,1,0
7152,650,2,0
7153,650,3,0
7154,650,4,0
7155,650,5,0
7156,650,6,0
7157,650,7,0
7158,650,8,0
7159,650,9,0
7160,650,10,0
7161,651,0,0
7162,651,1,1
7163,651,2,0
7164,651,3,1
7165,651,4,1
7166,651,5,1
7167,651,6,1
7168,651,7,0
7169,651,8,1
7170,651,9,1
7171,651,10,0
7172,652,0,0
7173,652,1,0
7174,652,2,1
7175,652,3,0
7176,652,4,0
7177,652,5,0
7178,652,6,0
7179,652,7,0
7180,652,8,0
7181,652,9,0
7182,652,10,0
7183,653,0,0
7184,653,1,0
7185,653,2,0
7186,653,3,0
7187,653,4,0
7188,653,5,0
7189,653,6,0
7190,653,7,0
7191,653,8,0
7192,653,9,0
7193,653,10,0
7194,654,0,0
7195,654,1,0
7196,654,2,0
7197,654,3,0
7198,654,4,0
7199,654,5,0
7200,654,6,0
7201,654,7,0
7202,654,8,0
7203,654,9,0
7204,654,10,0
7205,655,0,0
7206,655,1,0
7207,655,2,0
7208,655,3,0
7209,655,4,0
7210,655,5,0
7211,655,6,0
7212,655,7,0
7213,655,8,0
7214,655,9,0
7215,655,10,0
7216,656,0,0
7217,656,1,0
7218,656,2,0
7219,656,3,0
7220,656,4,0
7221,656,5,0
7222,656,6,0
7223,656,7,0
7224,656,8,0
7225,656,9,0
7226,656,10,0
7227,657,0,0
7228,657,1,0
7229,657,2,0
7230,657,3,0
7231,657,4,0
7232,657,5,0
7233,657,6,0
7234,657,7,0
7235,657,8,0
7236,657,9,0
7237,657,10,0
7238,658,0,0
7239,658,1,0
7240,658,2,0
7241,658,3,0
7242,658,4,1
7243,658,5,0
7244,658,6,0
7245,658,7,0
7246,658,8,0
7247,658,9,0
7248,658,10,1
7249,659,0,0
7250,659,1,1
7251,659,2,0
7252,659,3,1
7253,659,4,0
7254,659,5,0
7255,659,6,0
7256,659,7,1
7257,659,8,0
7258,659,9,0
7259,659,10,0
7260,660,0,0
7261,660,1,0
7262,660,2,0
7263,660,3,0
7264,660,4,0
7265,660,5,1
7266,660,6,2
7267,660,7,1
7268,660,8,2
7269,660,9,1
7270,660,10,2
7271,661,0,0
7272,661,1,0
7273,661,2,0
7274,661,3,0
7275,661,4,0
7276,661,5,0
7277,661,6,0
7278,661,7,0
7279,661,8,0
7280,661,9,0
7281,661,10,0
7282,662,0,0
7283,662,1,0
7284,662,2,0
7285,662,3,0
7286,662,4,1
7287,662,5,0
7288,662,6,0
7289,662,7,0
7290,662,8,0
7291,662,9,0
7292,662,10,0
7293,663,0,0
7294,663,1,0
7295,663,2,0
7296,663,3,0
7297,663,4,0
7298,663,5,0
7299,663,6,0
7300,663,7,0
7301,663,8,0
7302,663,9,0
7303,663,10,0
7304,664,0,0
7305,664,1,0
7306,664,2,0
7307,664,3,0
7308,664,4,0
7309,664,5,0
7310,664,6,0
7311,664,7,0
7312,664,8,0
7313,664,9,0
7314,664,10,0
7315,665,0,0
7316,665,1,0
7317,665,2,0
7318,665,3,0
7319,665,4,0
7320,665,5,0
7321,665,6,0
7322,665,7,0
7323,665,8,0
7324,665,9,0
7325,665,10,0
7326,666,0,0
7327,666,1,0
7328,666,2,0
7329,666,3,0
7330,666,4,0
7331,666,5,0
7332,666,6,0
7333,666,7,0
7334,666,8,0
7335,666,9,0
7336,666,10,0
7337,667,0,0
7338,667,1,0
7339,667,2,0
7340,667,3,0
7341,667,4,0
7342,667,5,0
7343,667,6,0
7344,667,7,0
7345,667,8,0
7346,667,9,0
7347,667,10,0
7348,668,0,0
7349,668,1,0
7350,668,2,0
7351,668,3,0
7352,668,4,0
7353,668,5,0
7354,668,6,0
7355,668,7,0
7356,668,8,0
7357,668,9,0
7358,668,10,0
7359,669,0,0
7360,669,1,0
7361,669,2,0
7362,669,3,0
7363,669,4,0
7364,669,5,0
7365,669,6,0
7366,669,7,0
7367,669,8,0
7368,669,9,0
7369,669,10,0
7370,670,0,0
7371,670,1,0
7372,670,2,0
7373,670,3,0
7374,670,4,0
7375,670,5,0
7376,670,6,0
7377,670,7,0
7378,670,8,0
7379,670,9,0
7380,670,10,0
7381,671,0,0
7382,671,1,0
7383,671,2,0
7384,671,3,0
7385,671,4,0
7386,671,5,0
7387,671,6,0
7388,671,7,0
7389,671,8,0
7390,671,9,0
7391,671,10,0
7392,672,0,0
7393,672,1,0
7394,672,2,0
7395,672,3,0
7396,672,4,0
7397,672,5,0
7398,672,6,0
7399,672,7,0
7400,672,8,0
7401,672,9,0
7402,672,10,0
7403,673,0,0
7404,673,1,0
7405,673,2,0
7406,673,3,0
7407,673,4,0
7408,673,5,0
7409,673,6,0
7410,673,7,0
7411,673,8,0
7412,673,9,0
7413,673,10,0
7414,674,0,0
7415,674,1,0
7416,674,2,0
7417,674,3,0
7418,674,4,0
7419,674,5,0
7420,674,6,0
7421,674,7,0
7422,674,8,0
7423,674,9,0
7424,674,10,0
7425,675,0,0
7426,675,1,0
7427,675,2,0
7428,675,3,0
7429,675,4,0
7430,675,5,0
7431,675,6,0
7432,675,7,0
7433,675,8,0
7434,675,9,0
7435,675,10,0
7436,676,0,0
7437,676,1,0
7438,676,2,0
7439,676,3,0
7440,676,4,0
7441,676,5,0
7442,676,6,0
7443,676,7,0
7444,676,8,0
7445,676,9,0
7446,676,10,0
7447,677,0,0
7448,677,1,1
7449,677,2,0
7450,677,3,1
7451,677,4,1
7452,677,5,1
7453,677,6,1
7454,677,7,0
7455,677,8,0
7456,677,9,0
7457,677,10,0
7458,678,0,0
7459,678,1,0
7460,678,2,0
7461,678,3,0
7462,678,4,0
7463,678,5,0
7464,678,6,0
7465,678,7,0
7466,678,8,0
7467,678,9,0
7468,678,10,0
7469,679,0,0
7470,679,1,0
7471,679,2,0
7472,679,3,0
7473,679,4,0
7474,679,5,1
7475,679,6,1
7476,679,7,1
7477,679,8,1
7478,679,9,1
7479,679,10,1
7480,680,0,0
7481,680,1,0
7482,680,2,0
7483,680,3,0
7484,680,4,0
7485,680,5,0
7486,680,6,0
7487,680,7,0
7488,680,8,0
7489,680,9,0
7490,680,10,0
7491,681,0,0
7492,681,1,1
7493,681,2,1
7494,681,3,1
7495,681,4,1
7496,681,5,0
7497,681,6,1
7498,681,7,0
7499,681,8,1
7500,681,9,0
7501,681,10,1
7502,682,0,0
7503,682,1,0
7504,682,2,0
7505,682,3,1
7506,682,4,0
7507,682,5,0
7508,682,6,0
7509,682,7,0
7510,682,8,1
7511,682,9,2
7512,682,10,1
7513,683,0,0
7514,683,1,0
7515,683,2,0
7516,683,3,0
7517,683,4,0
7518,683,5,0
7519,683,6,0
7520,683,7,0
7521,683,8,1
7522,683,9,2
7523,683,10,3
7524,684,0,0
7525,684,1,1
7526,684,2,1
7527,684,3,1
7528,684,4,1
7529,684,5,1
7530,684,6,0
7531,684,7,1
7532,684,8,0
7533,684,9,0
7534,684,10,1
7535,685,0,0
7536,685,1,1
7537,685,2,1
7538,685,3,0
7539,685,4,0
7540,685,5,1
7541,685,6,0
7542,685,7,1
7543,685,8,0
7544,685,9,1
7545,685,10,0
7546,686,0,0
7547,686,1,1
7548,686,2,2
7549,686,3,1
7550,686,4,2
7551,686,5,1
7552,686,6,2
7553,686,7,1
7554,686,8,2
7555,686,9,1
7556,686,10,2
7557,687,0,0
7558,687,1,0
7559,687,2,0
7560,687,3,0
7561,687,4,0
7562,687,5,0
7563,687,6,0
7564,687,7,1
7565,687,8,1
7566,687,9,0
7567,687,10,0
7568,688,0,0
7569,688,1,0
7570,688,2,0
7571,688,3,0
7572,688,4,0
7573,688,5,0
7574,688,6,0
7575,688,7,0
7576,688,8,0
7577,688,9,0
7578,688,10,0
7579,689,0,0
7580,689,1,0
7581,689,2,0
7582,689,3,0
7583,689,4,0
7584,689,5,0
7585,689,6,0
7586,689,7,0
7587,689,8,0
7588,689,9,0
7589,689,10,0
7590,690,0,0
7591,690,1,0
7592,690,2,0
7593,690,3,0
7594,690,4,0
7595,690,5,0
7596,690,6,1
7597,690,7,0
7598,690,8,0
7599,690,9,0
7600,690,10,0
7601,691,0,0
7602,691,1,0
7603,691,2,0
7604,691,3,0
7605,691,4,0
7606,691,5,0
7607,691,6,0
7608,691,7,0
7609,691,8,0
7610,691,9,0
7611,691,10,0
7612,692,0,0
7613,692,1,0
7614,692,2,0
7615,692,3,0
7616,692,4,0
7617,692,5,0
7618,692,6,0
7619,692,7,0
7620,692,8,0
7621,692,9,0
7622,692,10,0
7623,693,0,0
7624,693,1,0
7625,693,2,0
7626,693,3,0
7627,693,4,0
7628,693,5,0
7629,693,6,0
7630,693,7,0
7631,693,8,0
7632,693,9,0
7633,693,10,0
7634,694,0,0
7635,694,1,1
7636,694,2,1
7637,694,3,1
7638,694,4,0
7639,694,5,1
7640,694,6,1
7641,694,7,1
7642,694,8,1
7643,694,9,1
7644,694,10,1
7645,695,0,0
7646,695,1,0
7647,695,2,0
7648,695,3,0
7649,695,4,0
7650,695,5,0
7651,695,6,0
7652,695,7,0
7653,695,8,0
7654,695,9,0
7655,695,10,0
7656,696,0,0
7657,696,1,0
7658,696,2,0
7659,696,3,0
7660,696,4,0
7661,696,5,0
7662,696,6,0
7663,696,7,0
7664,696,8,0
7665,696,9,0
7666,696,10,0
7667,697,0,0
7668,697,1,0
7669,697,2,0
7670,697,3,0
7671,697,4,0
7672,697,5,0
7673,697,6,0
7674,697,7,0
7675,697,8,0
7676,697,9,0
7677,697,10,0
7678,698,0,0
7679,698,1,0
7680,698,2,0
7681,698,3,0
7682,698,4,0
7683,698,5,0
7684,698,6,0
7685,698,7,0
7686,698,8,0
7687,698,9,0
7688,698,10,0
7689,699,0,0
7690,699,1,0
7691,699,2,0
7692,699,3,0
7693,699,4,0
7694,699,5,0
7695,699,6,0
7696,699,7,0
7697,699,8,0
7698,699,9,0
7699,699,10,0
7700,700,0,0
7701,700,1,0
7702,700,2,0
7703,700,3,0
7704,700,4,0
7705,700,5,0
7706,700,6,0
7707,700,7,0
7708,700,8,0
7709,700,9,0
7710,700,10,0
7711,701,0,0
7712,701,1,0
7713,701,2,0
7714,701,3,0
7715,701,4,1
7716,701,5,0
7717,701,6,0
7718,701,7,0
7719,701,8,0
7720,701,9,0
7721,701,10,0
7722,702,0,0
7723,702,1,1
7724,702,2,0
7725,702,3,1
7726,702,4,0
7727,702,5,1
7728,702,6,0
7729,702,7,1
7730,702,8,0
7731,702,9,1
7732,702,10,0
7733,703,0,0
7734,703,1,1
7735,703,2,0
7736,703,3,0
7737,703,4,1
7738,703,5,0
7739,703,6,1
7740,703,7,0
7741,703,8,1
7742,703,9,0
7743,703,10,0
7744,704,0,0
7745,704,1,0
7746,704,2,0
7747,704,3,0
7748,704,4,0
7749,704,5,0
7750,704,6,0
7751,704,7,0
7752,704,8,0
7753,704,9,0
7754,704,10,0
7755,705,0,0
7756,705,1,0
7757,705,2,0
7758,705,3,0
7759,705,4,0
7760,705,5,0
7761,705,6,0
7762,705,7,0
7763,705,8,0
7764,705,9,0
7765,705,10,0
7766,706,0,0
7767,706,1,1
7768,706,2,0
7769,706,3,1
7770,706,4,0
7771,706,5,0
7772,706,6,1
7773,706,7,0
7774,706,8,1
7775,706,9,0
7776,706,10,0
7777,707,0,0
7778,707,1,0
7779,707,2,0
7780,707,3,0
7781,707,4,0
7782,707,5,0
7783,707,6,0
7784,707,7,0
7785,707,8,0
7786,707,9,0
7787,707,10,0
7788,708,0,0
7789,708,1,0
7790,708,2,0
7791,708,3,0
7792,708,4,0
7793,708,5,0
7794,708,6,0
7795,708,7,0
7796,708,8,0
7797,708,9,0
7798,708,10,0
7799,709,0,0
7800,709,1,0
7801,709,2,0
7802,709,3,0
7803,709,4,0
7804,709,5,0
7805,709,6,0
7806,709,7,0
7807,709,8,0
7808,709,9,0
7809,709,10,0
7810,710,0,0
7811,710,1,0
7812,710,2,0
7813,710,3,0
7814,710,4,0
7815,710,5,0
7816,710,6,0
7817,710,7,0
7818,710,8,0
7819,710,9,0
7820,710,10,0
7821,711,0,0
7822,711,1,0
7823,711,2,0
7824,711,3,0
7825,711,4,0
7826,711,5,0
7827,711,6,0
7828,711,7,0
7829,711,8,0
7830,711,9,0
7831,711,10,0
7832,712,0,0
7833,712,1,0
7834,712,2,0
7835,712,3,0
7836,712,4,0
7837,712,5,0
7838,712,6,0
7839,712,7,0
7840,712,8,0
7841,712,9,0
7842,712,10,0
7843,713,0,0
7844,713,1,0
7845,713,2,0
7846,713,3,0
7847,713,4,0
7848,713,5,0
7849,713,6,0
7850,713,7,0
7851,713,8,0
7852,713,9,0
7853,713,10,0
7854,714,0,0
7855,714,1,1
7856,714,2,1
7857,714,3,0
7858,714,4,1
7859,714,5,0
7860,714,6,0
7861,714,7,1
7862,714,8,0
7863,714,9,1
7864,714,10,0
7865,715,0,0
7866,715,1,1
7867,715,2,0
7868,715,3,1
7869,715,4,1
7870,715,5,0
7871,715,6,0
7872,715,7,1
7873,715,8,1
7874,715,9,1
7875,715,10,0
7876,716,0,0
7877,716,1,0
7878,716,2,0
7879,716,3,0
7880,716,4,1
7881,716,5,0
7882,716,6,0
7883,716,7,1
7884,716,8,0
7885,716,9,0
7886,716,10,0
7887,717,0,0
7888,717,1,0
7889,717,2,0
7890,717,3,0
7891,717,4,0
7892,717,5,0
7893,717,6,0
7894,717,7,0
7895,717,8,0
7896,717,9,0
7897,717,10,0
7898,718,0,0
7899,718,1,1
7900,718,2,0
7901,718,3,1
7902,718,4,0
7903,718,5,1
7904,718,6,0
7905,718,7,1
7906,718,8,0
7907,718,9,1
7908,718,10,0
7909,719,0,0
7910,719,1,0
7911,719,2,0
7912,719,3,0
7913,719,4,0
7914,719,5,0
7915,719,6,0
7916,719,7,0
7917,719,8,0
7918,719,9,0
7919,719,10,1
7920,720,0,0
7921,720,1,0
7922,720,2,1
7923,720,3,2
7924,720,4,1
7925,720,5,2
7926,720,6,1
7927,720,7,2
7928,720,8,1
7929,720,9,2
7930,720,10,1
7931,721,0,0
7932,721,1,0
7933,721,2,0
7934,721,3,0
7935,721,4,0
7936,721,5,0
7937,721,6,0
7938,721,7,0
7939,721,8,0
7940,721,9,0
7941,721,10,0
7942,722,0,0
7943,722,1,0
7944,722,2,1
7945,722,3,0
7946,722,4,0
7947,722,5,0
7948,722,6,1
7949,722,7,1
7950,722,8,0
7951,722,9,0
7952,722,10,0
7953,723,0,0
7954,723,1,0
7955,723,2,0
7956,723,3,0
7957,723,4,0
7958,723,5,0
7959,723,6,0
7960,723,7,0
7961,723,8,0
7962,723,9,0
7963,723,10,0
7964,724,0,0
7965,724,1,0
7966,724,2,0
7967,724,3,0
7968,724,4,0
7969,724,5,0
7970,724,6,0
7971,724,7,0
7972,724,8,0
7973,724,9,0
7974,724,10,0
7975,725,0,0
7976,725,1,0
7977,725,2,0
7978,725,3,0
7979,725,4,0
7980,725,5,0
7981,725,6,0
7982,725,7,0
7983,725,8,0
7984,725,9,0
7985,725,10,0
7986,726,0,0
7987,726,1,0
7988,726,2,1
7989,726,3,0
7990,726,4,1
7991,726,5,0
7992,726,6,0
7993,726,7,1
7994,726,8,0
7995,726,9,0
7996,726,10,0
7997,727,0,0
7998,727,1,1
7999,727,2,1
8000,727,3,0
8001,727,4,1
8002,727,5,1
8003,727,6,0
8004,727,7,0
8005,727,8,0
8006,727,9,1
8007,727,10,1
8008,728,0,0
8009,728,1,0
8010,728,2,0
8011,728,3,0
8012,728,4,0
8013,728,5,0
8014,728,6,0
8015,728,7,0
8016,728,8,0
8017,728,9,0
8018,728,10,0
8019,729,0,0
8020,729,1,1
8021,729,2,1
8022,729,3,1
8023,729,4,1
8024,729,5,1
8025,729,6,1
8026,729,7,1
8027,729,8,1
8028,729,9,2
8029,729,10,2
8030,730,0,0
8031,730,1,0
8032,730,2,0
8033,730,3,0
8034,730,4,0
8035,730,5,0
8036,730,6,0
8037,730,7,0
8038,730,8,0
8039,730,9,0
8040,730,10,0
8041,731,0,0
8042,731,1,1
8043,731,2,1
8044,731,3,0
8045,731,4,0
8046,731,5,0
8047,731,6,0
8048,731,7,1
8049,731,8,1
8050,731,9,1
8051,731,10,0
8052,732,0,0
8053,732,1,0
8054,732,2,0
8055,732,3,0
8056,732,4,0
8057,732,5,1
8058,732,6,0
8059,732,7,0
8060,732,8,0
8061,732,9,0
8062,732,10,1
8063,733,0,0
8064,733,1,0
8065,733,2,0
8066,733,3,0
8067,733,4,0
8068,733,5,0
8069,733,6,0
8070,733,7,0
8071,733,8,0
8072,733,9,0
8073,733,10,0
8074,734,0,0
8075,734,1,0
8076,734,2,0
8077,734,3,0
8078,734,4,0
8079,734,5,0
8080,734,6,0
8081,734,7,0
8082,734,8,0
8083,734,9,0
8084,734,10,0
8085,735,0,0
8086,735,1,0
8087,735,2,0
8088,735,3,0
8089,735,4,0
8090,735,5,0
8091,735,6,0
8092,735,7,0
8093,735,8,0
8094,735,9,0
8095,735,10,0
8096,736,0,0
8097,736,1,0
8098,736,2,0
8099,736,3,0
8100,736,4,0
8101,736,5,1
8102,736,6,1
8103,736,7,1
8104,736,8,1
8105,736,9,1
8106,736,10,2
8107,737,0,0
8108,737,1,0
8109,737,2,0
8110,737,3,0
8111,737,4,0
8112,737,5,0
8113,737,6,0
8114,737,7,0
8115,737,8,1
8116,737,9,0
8117,737,10,1
8118,738,0,0
8119,738,1,0
8120,738,2,0
8121,738,3,0
8122,738,4,0
8123,738,5,1
8124,738,6,0
8125,738,7,0
8126,738,8,0
8127,738,9,0
8128,738,10,0
8129,739,0,0
8130,739,1,1
8131,739,2,2
8132,739,3,1
8133,739,4,2
8134,739,5,1
8135,739,6,2
8136,739,7,1
8137,739,8,2
8138,739,9,1
8139,739,10,2
8140,740,0,0
8141,740,1,0
8142,740,2,0
8143,740,3,0
8144,740,4,0
8145,740,5,0
8146,740,6,0
8147,740,7,0
8148,740,8,0
8149,740,9,0
8150,740,10,0
8151,741,0,0
8152,741,1,0
8153,741,2,0
8154,741,3,0
8155,741,4,0
8156,741,5,0
8157,741,6,0
8158,741,7,0
8159,741,8,0
8160,741,9,0
8161,741,10,0
8162,742,0,0
8163,742,1,0
8164,742,2,0
8165,742,3,0
8166,742,4,0
8167,742,5,0
8168,742,6,0
8169,742,7,0
8170,742,8,0
8171,742,9,0
8172,742,10,0
8173,743,0,0
8174,743,1,1
8175,743,2,2
8176,743,3,1
8177,743,4,2
8178,743,5,1
8179,743,6,2
8180,743,7,1
8181,743,8,0
8182,743,9,1
8183,743,10,2
8184,744,0,0
8185,744,1,0
8186,744,2,0
8187,744,3,0
8188,744,4,0
8189,744,5,0
8190,744,6,0
8191,744,7,0
8192,744,8,0
8193,744,9,0
8194,744,10,0
8195,745,0,0
8196,745,1,0
8197,745,2,0
8198,745,3,0
8199,745,4,0
8200,745,5,0
8201,745,6,0
8202,745,7,0
8203,745,8,0
8204,745,9,0
8205,745,10,0
8206,746,0,0
8207,746,1,0
8208,746,2,0
8209,746,3,0
8210,746,4,0
8211,746,5,0
8212,746,6,0
8213,746,7,0
8214,746,8,0
8215,746,9,0
8216,746,10,0
8217,747,0,0
8218,747,1,1
8219,747,2,0
8220,747,3,1
8221,747,4,0
8222,747,5,0
8223,747,6,1
8224,747,7,0
8225,747,8,1
8226,747,9,0
8227,747,10,1
8228,748,0,0
8229,748,1,0
8230,748,2,1
8231,748,3,0
8232,748,4,1
8233,748,5,0
8234,748,6,0
8235,748,7,1
8236,748,8,0
8237,748,9,0
8238,748,10,1
8239,749,0,0
8240,749,1,1
8241,749,2,2
8242,749,3,1
8243,749,4,2
8244,749,5,1
8245,749,6,2
8246,749,7,1
8247,749,8,2
8248,749,9,1
8249,749,10,2
8250,750,0,0
8251,750,1,0
8252,750,2,0
8253,750,3,0
8254,750,4,0
8255,750,5,0
8256,750,6,0
8257,750,7,0
8258,750,8,0
8259,750,9,0
8260,750,10,0
8261,751,0,0
8262,751,1,0
8263,751,2,0
8264,751,3,0
8265,751,4,0
8266,751,5,0
8267,751,6,0
8268,751,7,0
8269,751,8,0
8270,751,9,0
8271,751,10,0
8272,752,0,0
8273,752,1,1
8274,752,2,0
8275,752,3,0
8276,752,4,1
8277,752,5,0
8278,752,6,0
8279,752,7,1
8280,752,8,1
8281,752,9,0
8282,752,10,0
8283,753,0,0
8284,753,1,0
8285,753,2,0
8286,753,3,0
8287,753,4,0
8288,753,5,0
8289,753,6,0
8290,753,7,0
8291,753,8,0
8292,753,9,0
8293,753,10,0
8294,754,0,0
8295,754,1,0
8296,754,2,0
8297,754,3,0
8298,754,4,0
8299,754,5,0
8300,754,6,0
8301,754,7,0
8302,754,8,0
8303,754,9,0
8304,754,10,0
8305,755,0,0
8306,755,1,0
8307,755,2,0
8308,755,3,0
8309,755,4,0
8310,755,5,0
8311,755,6,0
8312,755,7,0
8313,755,8,0
8314,755,9,0
8315,755,10,0
8316,756,0,0
8317,756,1,0
8318,756,2,0
8319,756,3,0
8320,756,4,0
8321,756,5,0
8322,756,6,0
8323,756,7,0
8324,756,8,0
8325,756,9,0
8326,756,10,0
8327,757,0,0
8328,757,1,1
8329,757,2,2
8330,757,3,1
8331,757,4,2
8332,757,5,1
8333,757,6,0
8334,757,7,1
8335,757,8,2
8336,757,9,1
8337,757,10,2
8338,758,0,0
8339,758,1,0
8340,758,2,0
8341,758,3,0
8342,758,4,0
8343,758,5,0
8344,758,6,0
8345,758,7,0
8346,758,8,1
8347,758,9,1
8348,758,10,1
8349,759,0,0
8350,759,1,0
8351,759,2,0
8352,759,3,0
8353,759,4,0
8354,759,5,0
8355,759,6,0
8356,759,7,0
8357,759,8,0
8358,759,9,0
8359,759,10,0
8360,760,0,0
8361,760,1,0
8362,760,2,0
8363,760,3,0
8364,760,4,0
8365,760,5,0
8366,760,6,0
8367,760,7,0
8368,760,8,0
8369,760,9,0
8370,760,10,0
8371,761,0,0
8372,761,1,1
8373,761,2,0
8374,761,3,1
8375,761,4,0
8376,761,5,1
8377,761,6,0
8378,761,7,1
8379,761,8,0
8380,761,9,1
8381,761,10,2
8382,762,0,0
8383,762,1,0
8384,762,2,0
8385,762,3,0
8386,762,4,0
8387,762,5,0
8388,762,6,0
8389,762,7,0
8390,762,8,1
8391,762,9,0
8392,762,10,0
8393,763,0,0
8394,763,1,0
8395,763,2,0
8396,763,3,0
8397,763,4,0
8398,763,5,0
8399,763,6,0
8400,763,7,0
8401,763,8,0
8402,763,9,0
8403,763,10,0
8404,764,0,0
8405,764,1,1
8406,764,2,1
8407,764,3,0
8408,764,4,1
8409,764,5,0
8410,764,6,1
8411,764,7,0
8412,764,8,0
8413,764,9,1
8414,764,10,0
8415,765,0,0
8416,765,1,1
8417,765,2,0
8418,765,3,0
8419,765,4,1
8420,765,5,0
8421,765,6,1
8422,765,7,2
8423,765,8,1
8424,765,9,2
8425,765,10,1
8426,766,0,0
8427,766,1,1
8428,766,2,0
8429,766,3,0
8430,766,4,0
8431,766,5,0
8432,766,6,0
8433,766,7,1
8434,766,8,1
8435,766,9,0
8436,766,10,1
8437,767,0,0
8438,767,1,1
8439,767,2,0
8440,767,3,1
8441,767,4,0
8442,767,5,1
8443,767,6,2
8444,767,7,1
8445,767,8,2
8446,767,9,1
8447,767,10,2
8448,768,0,0
8449,768,1,0
8450,768,2,0
8451,768,3,0
8452,768,4,0
8453,768,5,0
8454,768,6,0
8455,768,7,0
8456,768,8,0
8457,768,9,0
8458,768,10,0
8459,769,0,0
8460,769,1,1
8461,769,2,0
8462,769,3,0
8463,769,4,0
8464,769,5,1
8465,769,6,0
8466,769,7,1
8467,769,8,0
8468,769,9,1
8469,769,10,0
8470,770,0,0
8471,770,1,1
8472,770,2,1
8473,770,3,1
8474,770,4,1
8475,770,5,1
8476,770,6,1
8477,770,7,1
8478,770,8,1
8479,770,9,1
8480,770,10,1
8481,771,0,0
8482,771,1,0
8483,771,2,0
8484,771,3,0
8485,771,4,0
8486,771,5,0
8487,771,6,0
8488,771,7,0
8489,771,8,0
8490,771,9,0
8491,771,10,0
8492,772,0,0
8493,772,1,0
8494,772,2,0
8495,772,3,0
8496,772,4,0
8497,772,5,0
8498,772,6,0
8499,772,7,0
8500,772,8,0
8501,772,9,0
8502,772,10,0
8503,773,0,0
8504,773,1,0
8505,773,2,0
8506,773,3,0
8507,773,4,0
8508,773,5,0
8509,773,6,0
8510,773,7,0
8511,773,8,0
8512,773,9,0
8513,773,10,0
8514,774,0,0
8515,774,1,0
8516,774,2,0
8517,774,3,0
8518,774,4,0
8519,774,5,0
8520,774,6,0
8521,774,7,0
8522,774,8,0
8523,774,9,0
8524,774,10,0
8525,775,0,0
8526,775,1,1
8527,775,2,1
8528,775,3,2
8529,775,4,1
8530,775,5,1
8531,775,6,1
8532,775,7,1
8533,775,8,1
8534,775,9,1
8535,775,10,1
8536,776,0,0
8537,776,1,1
8538,776,2,0
8539,776,3,1
8540,776,4,2
8541,776,5,1
8542,776,6,1
8543,776,7,1
8544,776,8,0
8545,776,9,1
8546,776,10,0
8547,777,0,0
8548,777,1,0
8549,777,2,0
8550,777,3,0
8551,777,4,0
8552,777,5,0
8553,777,6,0
8554,777,7,0
8555,777,8,0
8556,777,9,0
8557,777,10,0
8558,778,0,0
8559,778,1,1
8560,778,2,0
8561,778,3,1
8562,778,4,0
8563,778,5,1
8564,778,6,0
8565,778,7,1
8566,778,8,0
8567,778,9,1
8568,778,10,0
8569,779,0,0
8570,779,1,0
8571,779,2,0
8572,779,3,1
8573,779,4,0
8574,779,5,0
8575,779,6,0
8576,779,7,0
8577,779,8,0
8578,779,9,0
8579,779,10,0
8580,780,0,0
8581,780,1,0
8582,780,2,0
8583,780,3,0
8584,780,4,0
8585,780,5,0
8586,780,6,0
8587,780,7,0
8588,780,8,0
8589,780,9,0
8590,780,10,0
8591,781,0,0
8592,781,1,1
8593,781,2,0
8594,781,3,1
8595,781,4,0
8596,781,5,0
8597,781,6,0
8598,781,7,0
8599,781,8,0
8600,781,9,0
8601,781,10,1
8602,782,0,0
8603,782,1,0
8604,782,2,1
8605,782,3,0
8606,782,4,0
8607,782,5,1
8608,782,6,1
8609,782,7,0
8610,782,8,0
8611,782,9,0
8612,782,10,1
8613,783,0,0
8614,783,1,0
8615,783,2,0
8616,783,3,0
8617,783,4,0
8618,783,5,0
8619,783,6,0
8620,783,7,0
8621,783,8,0
8622,783,9,0
8623,783,10,0
8624,784,0,0
8625,784,1,0
8626,784,2,0
8627,784,3,0
8628,784,4,0
8629,784,5,0
8630,784,6,0
8631,784,7,0
8632,784,8,0
8633,784,9,0
8634,784,10,0
8635,785,0,0
8636,785,1,1
8637,785,2,1
8638,785,3,1
8639,785,4,1
8640,785,5,1
8641,785,6,2
8642,785,7,1
8643,785,8,1
8644,785,9,1
8645,785,10,1
8646,786,0,0
8647,786,1,1
8648,786,2,0
8649,786,3,1
8650,786,4,0
8651,786,5,1
8652,786,6,0
8653,786,7,1
8654,786,8,1
8655,786,9,1
8656,786,10,1
8657,787,0,0
8658,787,1,0
8659,787,2,1
8660,787,3,0
8661,787,4,1
8662,787,5,0
8663,787,6,1
8664,787,7,0
8665,787,8,1
8666,787,9,0
8667,787,10,1
8668,788,0,0
8669,788,1,0
8670,788,2,0
8671,788,3,0
8672,788,4,0
8673,788,5,0
8674,788,6,1
8675,788,7,1
8676,788,8,1
8677,788,9,1
8678,788,10,1
8679,789,0,0
8680,789,1,0
8681,789,2,0
8682,789,3,0
8683,789,4,0
8684,789,5,0
8685,789,6,0
8686,789,7,1
8687,789,8,0
8688,789,9,0
8689,789,10,0
8690,790,0,0
8691,790,1,0
8692,790,2,0
8693,790,3,0
8694,790,4,0
8695,790,5,0
8696,790,6,0
8697,790,7,0
8698,790,8,0
8699,790,9,0
8700,790,10,0
8701,791,0,0
8702,791,1,1
8703,791,2,0
8704,791,3,1
8705,791,4,1
8706,791,5,1
8707,791,6,0
8708,791,7,1
8709,791,8,1
8710,791,9,0
8711,791,10,1
8712,792,0,0
8713,792,1,1
8714,792,2,0
8715,792,3,0
8716,792,4,1
8717,792,5,0
8718,792,6,1
8719,792,7,0
8720,792,8,1
8721,792,9,0
8722,792,10,1
8723,793,0,0
8724,793,1,1
8725,793,2,2
8726,793,3,1
8727,793,4,2
8728,793,5,1
8729,793,6,2
8730,793,7,1
8731,793,8,2
8732,793,9,1
8733,793,10,2
8734,794,0,0
8735,794,1,1
8736,794,2,0
8737,794,3,1
8738,794,4,0
8739,794,5,1
8740,794,6,0
8741,794,7,1
8742,794,8,0
8743,794,9,1
8744,794,10,0
8745,795,0,0
8746,795,1,1
8747,795,2,0
8748,795,3,1
8749,795,4,0
8750,795,5,1
8751,795,6,0
8752,795,7,1
8753,795,8,0
8754,795,9,1
8755,795,10,0
8756,796,0,0
8757,796,1,0
8758,796,2,0
8759,796,3,0
8760,796,4,0
8761,796,5,0
8762,796,6,0
8763,796,7,0
8764,796,8,0
8765,796,9,0
8766,796,10,0
8767,797,0,0
8768,797,1,0
8769,797,2,0
8770,797,3,0
8771,797,4,0
8772,797,5,0
8773,797,6,0
8774,797,7,0
8775,797,8,0
8776,797,9,0
8777,797,10,0
8778,798,0,0
8779,798,1,0
8780,798,2,0
8781,798,3,0
8782,798,4,0
8783,798,5,0
8784,798,6,0
8785,798,7,0
8786,798,8,0
8787,798,9,0
8788,798,10,0
8789,799,0,0
8790,799,1,1
8791,799,2,0
8792,799,3,1
8793,799,4,0
8794,799,5,0
8795,799,6,0
8796,799,7,0
8797,799,8,0
8798,799,9,0
8799,799,10,0
8800,800,0,0
8801,800,1,0
8802,800,2,0
8803,800,3,0
8804,800,4,0
8805,800,5,0
8806,800,6,0
8807,800,7,0
8808,800,8,0
8809,800,9,0
8810,800,10,0
8811,801,0,0
8812,801,1,0
8813,801,2,0
8814,801,3,0
8815,801,4,0
8816,801,5,0
8817,801,6,0
8818,801,7,0
8819,801,8,0
8820,801,9,0
8821,801,10,0
8822,802,0,0
8823,802,1,1
8824,802,2,0
8825,802,3,1
8826,802,4,0
8827,802,5,1
8828,802,6,0
8829,802,7,1
8830,802,8,0
8831,802,9,1
8832,802,10,0
8833,803,0,0
8834,803,1,0
8835,803,2,0
8836,803,3,0
8837,803,4,0
8838,803,5,0
8839,803,6,0
8840,803,7,0
8841,803,8,0
8842,803,9,0
8843,803,10,0
8844,804,0,0
8845,804,1,0
8846,804,2,0
8847,804,3,0
8848,804,4,0
8849,804,5,0
8850,804,6,0
8851,804,7,0
8852,804,8,0
8853,804,9,0
8854,804,10,0
8855,805,0,0
8856,805,1,0
8857,805,2,0
8858,805,3,0
8859,805,4,0
8860,805,5,0
8861,805,6,0
8862,805,7,0
8863,805,8,0
8864,805,9,0
8865,805,10,0
8866,806,0,0
8867,806,1,0
8868,806,2,0
8869,806,3,0
8870,806,4,0
8871,806,5,0
8872,806,6,0
8873,806,7,0
8874,806,8,0
8875,806,9,0
8876,806,10,0
8877,807,0,0
8878,807,1,0
8879,807,2,0
8880,807,3,0
8881,807,4,0
8882,807,5,0
8883,807,6,0
8884,807,7,0
8885,807,8,0
8886,807,9,0
8887,807,10,0
8888,808,0,0
8889,808,1,0
8890,808,2,0
8891,808,3,0
8892,808,4,0
8893,808,5,0
8894,808,6,0
8895,808,7,0
8896,808,8,0
8897,808,9,0
8898,808,10,0
8899,809,0,0
8900,809,1,1
8901,809,2,1
8902,809,3,0
8903,809,4,1
8904,809,5,0
8905,809,6,1
8906,809,7,0
8907,809,8,1
8908,809,9,1
8909,809,10,0
8910,810,0,0
8911,810,1,0
8912,810,2,0
8913,810,3,0
8914,810,4,0
8915,810,5,0
8916,810,6,0
8917,810,7,0
8918,810,8,0
8919,810,9,0
8920,810,10,0
8921,811,0,0
8922,811,1,0
8923,811,2,0
8924,811,3,0
8925,811,4,0
8926,811,5,0
8927,811,6,0
8928,811,7,0
8929,811,8,0
8930,811,9,0
8931,811,10,0
8932,812,0,0
8933,812,1,0
8934,812,2,0
8935,812,3,0
8936,812,4,0
8937,812,5,0
8938,812,6,0
8939,812,7,0
8940,812,8,0
8941,812,9,1
8942,812,10,2
8943,813,0,0
8944,813,1,0
8945,813,2,0
8946,813,3,0
8947,813,4,0
8948,813,5,0
8949,813,6,0
8950,813,7,0
8951,813,8,0
8952,813,9,0
8953,813,10,0
8954,814,0,0
8955,814,1,0
8956,814,2,0
8957,814,3,0
8958,814,4,0
8959,814,5,0
8960,814,6,1
8961,814,7,1
8962,814,8,1
8963,814,9,1
8964,814,10,1
8965,815,0,0
8966,815,1,0
8967,815,2,0
8968,815,3,0
8969,815,4,0
8970,815,5,0
8971,815,6,0
8972,815,7,0
8973,815,8,0
8974,815,9,0
8975,815,10,0
8976,816,0,0
8977,816,1,0
8978,816,2,0
8979,816,3,0
8980,816,4,0
8981,816,5,0
8982,816,6,0
8983,816,7,0
8984,816,8,0
8985,816,9,0
8986,816,10,0
8987,817,0,0
8988,817,1,0
8989,817,2,0
8990,817,3,0
8991,817,4,0
8992,817,5,0
8993,817,6,0
8994,817,7,0
8995,817,8,0
8996,817,9,0
8997,817,10,0
8998,818,0,0
8999,818,1,1
9000,818,2,0
9001,818,3,0
9002,818,4,0
9003,818,5,0
9004,818,6,0
9005,818,7,0
9006,818,8,0
9007,818,9,0
9008,818,10,0
9009,819,0,0
9010,819,1,1
9011,819,2,1
9012,819,3,0
9013,819,4,1
9014,819,5,1
9015,819,6,0
9016,819,7,1
9017,819,8,1
9018,819,9,0
9019,819,10,1
9020,820,0,0
9021,820,1,0
9022,820,2,0
9023,820,3,0
9024,820,4,0
9025,820,5,0
9026,820,6,0
9027,820,7,0
9028,820,8,0
9029,820,9,0
9030,820,10,0
9031,821,0,0
9032,821,1,0
9033,821,2,0
9034,821,3,0
9035,821,4,0
9036,821,5,1
9037,821,6,0
9038,821,7,0
9039,821,8,1
9040,821,9,0
9041,821,10,1
9042,822,0,0
9043,822,1,0
9044,822,2,0
9045,822,3,0
9046,822,4,0
9047,822,5,0
9048,822,6,0
9049,822,7,0
9050,822,8,0
9051,822,9,0
9052,822,10,0
9053,823,0,0
9054,823,1,1
9055,823,2,0
9056,823,3,1
9057,823,4,0
9058,823,5,0
9059,823,6,1
9060,823,7,0
9061,823,8,0
9062,823,9,0
9063,823,10,0
9064,824,0,0
9065,824,1,0
9066,824,2,0
9067,824,3,0
9068,824,4,0
9069,824,5,0
9070,824,6,0
9071,824,7,0
9072,824,8,0
9073,824,9,0
9074,824,10,0
9075,825,0,0
9076,825,1,0
9077,825,2,0
9078,825,3,0
9079,825,4,0
9080,825,5,0
9081,825,6,0
9082,825,7,0
9083,825,8,0
9084,825,9,0
9085,825,10,0
9086,826,0,0
9087,826,1,0
9088,826,2,0
9089,826,3,0
9090,826,4,0
9091,826,5,0
9092,826,6,0
9093,826,7,0
9094,826,8,0
9095,826,9,0
9096,826,10,0
9097,827,0,0
9098,827,1,0
9099,827,2,0
9100,827,3,0
9101,827,4,0
9102,827,5,0
9103,827,6,0
9104,827,7,0
9105,827,8,0
9106,827,9,0
9107,827,10,0
9108,828,0,0
9109,828,1,0
9110,828,2,0
9111,828,3,0
9112,828,4,0
9113,828,5,0
9114,828,6,0
9115,828,7,0
9116,828,8,0
9117,828,9,0
9118,828,10,0
9119,829,0,0
9120,829,1,0
9121,829,2,0
9122,829,3,0
9123,829,4,1
9124,829,5,1
9125,829,6,0
9126,829,7,0
9127,829,8,0
9128,829,9,0
9129,829,10,0
9130,830,0,0
9131,830,1,0
9132,830,2,0
9133,830,3,0
9134,830,4,0
9135,830,5,0
9136,830,6,0
9137,830,7,0
9138,830,8,0
9139,830,9,0
9140,830,10,0
9141,831,0,0
9142,831,1,0
9143,831,2,0
9144,831,3,0
9145,831,4,0
9146,831,5,0
9147,831,6,0
9148,831,7,0
9149,831,8,0
9150,831,9,0
9151,831,10,0
9152,832,0,0
9153,832,1,0
9154,832,2,0
9155,832,3,0
9156,832,4,0
9157,832,5,0
9158,832,6,0
9159,832,7,0
9160,832,8,0
9161,832,9,0
9162,832,10,0
9163,833,0,0
9164,833,1,1
9165,833,2,0
9166,833,3,1
9167,833,4,0
9168,833,5,1
9169,833,6,0
9170,833,7,1
9171,833,8,0
9172,833,9,1
9173,833,10,0
9174,834,0,0
9175,834,1,0
9176,834,2,0
9177,834,3,0
9178,834,4,0
9179,834,5,0
9180,834,6,0
9181,834,7,0
9182,834,8,0
9183,834,9,0
9184,834,10,0
9185,835,0,0
9186,835,1,1
9187,835,2,1
9188,835,3,0
9189,835,4,0
9190,835,5,1
9191,835,6,1
9192,835,7,0
9193,835,8,0
9194,835,9,1
9195,835,10,0
9196,836,0,0
9197,836,1,0
9198,836,2,0
9199,836,3,0
9200,836,4,0
9201,836,5,0
9202,836,6,0
9203,836,7,0
9204,836,8,0
9205,836,9,0
9206,836,10,0
9207,837,0,0
9208,837,1,0
9209,837,2,0
9210,837,3,0
9211,837,4,0
9212,837,5,0
9213,837,6,0
9214,837,7,0
9215,837,8,0
9216,837,9,0
9217,837,10,0
9218,838,0,0
9219,838,1,0
9220,838,2,0
9221,838,3,0
9222,838,4,0
9223,838,5,0
9224,838,6,0
9225,838,7,0
9226,838,8,0
9227,838,9,1
9228,838,10,0
9229,839,0,0
9230,839,1,0
9231,839,2,0
9232,839,3,0
9233,839,4,0
9234,839,5,0
9235,839,6,0
9236,839,7,0
9237,839,8,0
9238,839,9,0
9239,839,10,0
9240,840,0,0
9241,840,1,1
9242,840,2,0
9243,840,3,1
9244,840,4,1
9245,840,5,1
9246,840,6,2
9247,840,7,1
9248,840,8,0
9249,840,9,1
9250,840,10,0
9251,841,0,0
9252,841,1,1
9253,841,2,0
9254,841,3,0
9255,841,4,1
9256,841,5,0
9257,841,6,1
9258,841,7,0
9259,841,8,0
9260,841,9,1
9261,841,10,0
9262,842,0,0
9263,842,1,0
9264,842,2,0
9265,842,3,1
9266,842,4,0
9267,842,5,0
9268,842,6,0
9269,842,7,0
9270,842,8,1
9271,842,9,0
9272,842,10,0
9273,843,0,0
9274,843,1,0
9275,843,2,0
9276,843,3,1
9277,843,4,0
9278,843,5,0
9279,843,6,0
9280,843,7,0
9281,843,8,0
9282,843,9,1
9283,843,10,0
9284,844,0,0
9285,844,1,1
9286,844,2,1
9287,844,3,1
9288,844,4,0
9289,844,5,1
9290,844,6,0
9291,844,7,1
9292,844,8,0
9293,844,9,1
9294,844,10,1
9295,845,0,0
9296,845,1,0
9297,845,2,0
9298,845,3,0
9299,845,4,0
9300,845,5,0
9301,845,6,0
9302,845,7,0
9303,845,8,0
9304,845,9,0
9305,845,10,0
9306,846,0,0
9307,846,1,0
9308,846,2,0
9309,846,3,0
9310,846,4,0
9311,846,5,0
9312,846,6,0
9313,846,7,0
9314,846,8,0
9315,846,9,0
9316,846,10,0
9317,847,0,0
9318,847,1,0
9319,847,2,0
9320,847,3,0
9321,847,4,0
9322,847,5,0
9323,847,6,0
9324,847,7,0
9325,847,8,0
9326,847,9,0
9327,847,10,1
9328,848,0,0
9329,848,1,1
9330,848,2,1
9331,848,3,1
9332,848,4,0
9333,848,5,0
9334,848,6,1
9335,848,7,0
9336,848,8,0
9337,848,9,1
9338,848,10,0
9339,849,0,0
9340,849,1,0
9341,849,2,0
9342,849,3,0
9343,849,4,0
9344,849,5,1
9345,849,6,1
9346,849,7,1
9347,849,8,1
9348,849,9,0
9349,849,10,0
9350,850,0,0
9351,850,1,0
9352,850,2,0
9353,850,3,0
9354,850,4,0
9355,850,5,0
9356,850,6,0
9357,850,7,0
9358,850,8,0
9359,850,9,0
9360,850,10,0
9361,851,0,0
9362,851,1,1
9363,851,2,1
9364,851,3,1
9365,851,4,0
9366,851,5,0
9367,851,6,1
9368,851,7,0
9369,851,8,1
9370,851,9,1
9371,851,10,0
9372,852,0,0
9373,852,1,0
9374,852,2,0
9375,852,3,0
9376,852,4,0
9377,852,5,0
9378,852,6,0
9379,852,7,0
9380,852,8,0
9381,852,9,0
9382,852,10,0
9383,853,0,0
9384,853,1,0
9385,853,2,0
9386,853,3,1
9387,853,4,0
9388,853,5,0
9389,853,6,0
9390,853,7,1
9391,853,8,0
9392,853,9,1
9393,853,10,0
9394,854,0,0
9395,854,1,0
9396,854,2,0
9397,854,3,0
9398,854,4,0
9399,854,5,0
9400,854,6,0
9401,854,7,0
9402,854,8,0
9403,854,9,1
9404,854,10,0
9405,855,0,0
9406,855,1,1
9407,855,2,0
9408,855,3,1
9409,855,4,0
9410,855,5,1
9411,855,6,0
9412,855,7,1
9413,855,8,0
9414,855,9,1
9415,855,10,0
9416,856,0,0
9417,856,1,0
9418,856,2,0
9419,856,3,0
9420,856,4,0
9421,856,5,0
9422,856,6,0
9423,856,7,1
9424,856,8,0
9425,856,9,0
9426,856,10,1
9427,857,0,0
9428,857,1,0
9429,857,2,0
9430,857,3,0
9431,857,4,0
9432,857,5,0
9433,857,6,0
9434,857,7,0
9435,857,8,0
9436,857,9,0
9437,857,10,0
9438,858,0,0
9439,858,1,1
9440,858,2,0
9441,858,3,1
9442,858,4,0
9443,858,5,1
9444,858,6,0
9445,858,7,1
9446,858,8,0
9447,858,9,1
9448,858,10,2
9449,859,0,0
9450,859,1,1
9451,859,2,0
9452,859,3,1
9453,859,4,1
9454,859,5,0
9455,859,6,1
9456,859,7,1
9457,859,8,0
9458,859,9,1
9459,859,10,1
9460,860,0,0
9461,860,1,0
9462,860,2,0
9463,860,3,0
9464,860,4,0
9465,860,5,0
9466,860,6,0
9467,860,7,0
9468,860,8,1
9469,860,9,0
9470,860,10,0
9471,861,0,0
9472,861,1,0
9473,861,2,1
9474,861,3,0
9475,861,4,0
9476,861,5,0
9477,861,6,0
9478,861,7,0
9479,861,8,0
9480,861,9,0
9481,861,10,0
9482,862,0,0
9483,862,1,1
9484,862,2,0
9485,862,3,1
9486,862,4,0
9487,862,5,1
9488,862,6,0
9489,862,7,1
9490,862,8,0
9491,862,9,1
9492,862,10,0
9493,863,0,0
9494,863,1,0
9495,863,2,0
9496,863,3,0
9497,863,4,0
9498,863,5,0
9499,863,6,0
9500,863,7,1
9501,863,8,0
9502,863,9,0
9503,863,10,0
9504,864,0,0
9505,864,1,0
9506,864,2,0
9507,864,3,0
9508,864,4,0
9509,864,5,0
9510,864,6,0
9511,864,7,0
9512,864,8,0
9513,864,9,0
9514,864,10,0
9515,865,0,0
9516,865,1,1
9517,865,2,1
9518,865,3,1
9519,865,4,1
9520,865,5,1
9521,865,6,1
9522,865,7,1
9523,865,8,1
9524,865,9,1
9525,865,10,1
9526,866,0,0
9527,866,1,0
9528,866,2,0
9529,866,3,0
9530,866,4,0
9531,866,5,0
9532,866,6,0
9533,866,7,0
9534,866,8,0
9535,866,9,0
9536,866,10,0
9537,867,0,0
9538,867,1,0
9539,867,2,0
9540,867,3,0
9541,867,4,0
9542,867,5,0
9543,867,6,0
9544,867,7,0
9545,867,8,0
9546,867,9,0
9547,867,10,0
9548,868,0,0
9549,868,1,0
9550,868,2,0
9551,868,3,0
9552,868,4,1
9553,868,5,1
9554,868,6,0
9555,868,7,1
9556,868,8,1
9557,868,9,1
9558,868,10,0
9559,869,0,0
9560,869,1,1
9561,869,2,1
9562,869,3,1
9563,869,4,1
9564,869,5,1
9565,869,6,1
9566,869,7,1
9567,869,8,0
9568,869,9,0
9569,869,10,0
9570,870,0,0
9571,870,1,0
9572,870,2,0
9573,870,3,1
9574,870,4,2
9575,870,5,1
9576,870,6,0
9577,870,7,0
9578,870,8,0
9579,870,9,0
9580,870,10,0
9581,871,0,0
9582,871,1,0
9583,871,2,0
9584,871,3,0
9585,871,4,0
9586,871,5,0
9587,871,6,0
9588,871,7,0
9589,871,8,0
9590,871,9,0
9591,871,10,0
9592,872,0,0
9593,872,1,1
9594,872,2,1
9595,872,3,1
9596,872,4,0
9597,872,5,0
9598,872,6,0
9599,872,7,0
9600,872,8,0
9601,872,9,0
9602,872,10,0
9603,873,0,0
9604,873,1,0
9605,873,2,0
9606,873,3,0
9607,873,4,0
9608,873,5,0
9609,873,6,0
9610,873,7,0
9611,873,8,0
9612,873,9,0
9613,873,10,0
9614,874,0,0
9615,874,1,0
9616,874,2,0
9617,874,3,0
9618,874,4,0
9619,874,5,0
9620,874,6,0
9621,874,7,0
9622,874,8,0
9623,874,9,0
9624,874,10,0
9625,875,0,0
9626,875,1,0
9627,875,2,0
9628,875,3,1
9629,875,4,0
9630,875,5,0
9631,875,6,0
9632,875,7,1
9633,875,8,0
9634,875,9,1
9635,875,10,0
9636,876,0,0
9637,876,1,0
9638,876,2,0
9639,876,3,0
9640,876,4,0
9641,876,5,0
9642,876,6,0
9643,876,7,0
9644,876,8,0
9645,876,9,0
9646,876,10,0
9647,877,0,0
9648,877,1,0
9649,877,2,0
9650,877,3,0
9651,877,4,0
9652,877,5,0
9653,877,6,0
9654,877,7,0
9655,877,8,0
9656,877,9,0
9657,877,10,0
9658,878,0,0
9659,878,1,0
9660,878,2,0
9661,878,3,0
9662,878,4,0
9663,878,5,0
9664,878,6,0
9665,878,7,0
9666,878,8,0
9667,878,9,0
9668,878,10,0
9669,879,0,0
9670,879,1,0
9671,879,2,1
9672,879,3,0
9673,879,4,0
9674,879,5,0
9675,879,6,0
9676,879,7,1
9677,879,8,0
9678,879,9,1
9679,879,10,1
9680,880,0,0
9681,880,1,1
9682,880,2,0
9683,880,3,0
9684,880,4,0
9685,880,5,0
9686,880,6,0
9687,880,7,0
9688,880,8,1
9689,880,9,0
9690,880,10,0
9691,881,0,0
9692,881,1,1
9693,881,2,2
9694,881,3,1
9695,881,4,0
9696,881,5,1
9697,881,6,0
9698,881,7,0
9699,881,8,1
9700,881,9,0
9701,881,10,0
9702,882,0,0
9703,882,1,1
9704,882,2,0
9705,882,3,1
9706,882,4,0
9707,882,5,1
9708,882,6,0
9709,882,7,1
9710,882,8,0
9711,882,9,1
9712,882,10,0
9713,883,0,0
9714,883,1,1
9715,883,2,0
9716,883,3,1
9717,883,4,0
9718,883,5,1
9719,883,6,0
9720,883,7,0
9721,883,8,1
9722,883,9,0
9723,883,10,1
9724,884,0,0
9725,884,1,1
9726,884,2,0
9727,884,3,1
9728,884,4,0
9729,884,5,1
9730,884,6,0
9731,884,7,1
9732,884,8,0
9733,884,9,1
9734,884,10,0
9735,885,0,0
9736,885,1,0
9737,885,2,0
9738,885,3,0
9739,885,4,0
9740,885,5,0
9741,885,6,0
9742,885,7,0
9743,885,8,0
9744,885,9,0
9745,885,10,0
9746,886,0,0
9747,886,1,1
9748,886,2,1
9749,886,3,1
9750,886,4,0
9751,886,5,1
9752,886,6,0
9753,886,7,1
9754,886,8,0
9755,886,9,1
9756,886,10,0
9757,887,0,0
9758,887,1,0
9759,887,2,0
9760,887,3,0
9761,887,4,0
9762,887,5,0
9763,887,6,0
9764,887,7,0
9765,887,8,0
9766,887,9,0
9767,887,10,0
9768,888,0,0
9769,888,1,0
9770,888,2,0
9771,888,3,0
9772,888,4,0
9773,888,5,0
9774,888,6,0
9775,888,7,0
9776,888,8,0
9777,888,9,0
9778,888,10,0
9779,889,0,0
9780,889,1,0
9781,889,2,0
9782,889,3,0
9783,889,4,0
9784,889,5,0
9785,889,6,0
9786,889,7,0
9787,889,8,0
9788,889,9,0
9789,889,10,0
9790,890,0,0
9791,890,1,0
9792,890,2,0
9793,890,3,0
9794,890,4,0
9795,890,5,0
9796,890,6,0
9797,890,7,0
9798,890,8,0
9799,890,9,0
9800,890,10,0
9801,891,0,0
9802,891,1,1
9803,891,2,0
9804,891,3,1
9805,891,4,0
9806,891,5,1
9807,891,6,1
9808,891,7,1
9809,891,8,0
9810,891,9,1
9811,891,10,1
9812,892,0,0
9813,892,1,0
9814,892,2,0
9815,892,3,0
9816,892,4,0
9817,892,5,0
9818,892,6,0
9819,892,7,0
9820,892,8,0
9821,892,9,0
9822,892,10,0
9823,893,0,0
9824,893,1,0
9825,893,2,0
9826,893,3,0
9827,893,4,0
9828,893,5,0
9829,893,6,0
9830,893,7,0
9831,893,8,0
9832,893,9,0
9833,893,10,0
9834,894,0,0
9835,894,1,0
9836,894,2,0
9837,894,3,0
9838,894,4,1
9839,894,5,0
9840,894,6,0
9841,894,7,0
9842,894,8,0
9843,894,9,0
9844,894,10,0
9845,895,0,0
9846,895,1,0
9847,895,2,0
9848,895,3,0
9849,895,4,0
9850,895,5,0
9851,895,6,0
9852,895,7,0
9853,895,8,0
9854,895,9,0
9855,895,10,0
9856,896,0,0
9857,896,1,0
9858,896,2,0
9859,896,3,0
9860,896,4,0
9861,896,5,0
9862,896,6,0
9863,896,7,0
9864,896,8,0
9865,896,9,0
9866,896,10,0
9867,897,0,0
9868,897,1,0
9869,897,2,0
9870,897,3,0
9871,897,4,0
9872,897,5,0
9873,897,6,0
9874,897,7,0
9875,897,8,0
9876,897,9,0
9877,897,10,0
9878,898,0,0
9879,898,1,0
9880,898,2,0
9881,898,3,0
9882,898,4,0
9883,898,5,0
9884,898,6,0
9885,898,7,0
9886,898,8,0
9887,898,9,0
9888,898,10,0
9889,899,0,0
9890,899,1,0
9891,899,2,1
9892,899,3,2
9893,899,4,1
9894,899,5,2
9895,899,6,1
9896,899,7,1
9897,899,8,1
9898,899,9,2
9899,899,10,1
9900,900,0,0
9901,900,1,1
9902,900,2,0
9903,900,3,1
9904,900,4,0
9905,900,5,1
9906,900,6,0
9907,900,7,1
9908,900,8,0
9909,900,9,1
9910,900,10,0
9911,901,0,0
9912,901,1,0
9913,901,2,0
9914,901,3,0
9915,901,4,0
9916,901,5,0
9917,901,6,0
9918,901,7,0
9919,901,8,0
9920,901,9,0
9921,901,10,0
9922,902,0,0
9923,902,1,1
9924,902,2,1
9925,902,3,0
9926,902,4,1
9927,902,5,0
9928,902,6,1
9929,902,7,1
9930,902,8,0
9931,902,9,1
9932,902,10,1
9933,903,0,0
9934,903,1,1
9935,903,2,0
9936,903,3,0
9937,903,4,0
9938,903,5,1
9939,903,6,0
9940,903,7,0
9941,903,8,1
9942,903,9,1
9943,903,10,2
9944,904,0,0
9945,904,1,0
9946,904,2,0
9947,904,3,0
9948,904,4,0
9949,904,5,0
9950,904,6,0
9951,904,7,0
9952,904,8,0
9953,904,9,0
9954,904,10,0
9955,905,0,0
9956,905,1,0
9957,905,2,0
9958,905,3,0
9959,905,4,0
9960,905,5,0
9961,905,6,1
9962,905,7,0
9963,905,8,0
9964,905,9,0
9965,905,10,0
9966,906,0,0
9967,906,1,1
9968,906,2,1
9969,906,3,0
9970,906,4,0
9971,906,5,0
9972,906,6,0
9973,906,7,0
9974,906,8,1
9975,906,9,1
9976,906,10,0
9977,907,0,0
9978,907,1,0
9979,907,2,0
9980,907,3,0
9981,907,4,0
9982,907,5,0
9983,907,6,0
9984,907,7,0
9985,907,8,0
9986,907,9,0
9987,907,10,0
9988,908,0,0
9989,908,1,0
9990,908,2,0
9991,908,3,0
9992,908,4,0
9993,908,5,0
9994,908,6,0
9995,908,7,0
9996,908,8,0
9997,908,9,0
9998,908,10,0
9999,909,0,0
10000,909,1,1
10001,909,2,0
10002,909,3,0
10003,909,4,1
10004,909,5,0
10005,909,6,0
10006,909,7,1
10007,909,8,0
10008,909,9,0
10009,909,10,0
10010,910,0,0
10011,910,1,0
10012,910,2,0
10013,910,3,0
10014,910,4,0
10015,910,5,0
10016,910,6,0
10017,910,7,0
10018,910,8,0
10019,910,9,0
10020,910,10,0
10021,911,0,0
10022,911,1,0
10023,911,2,0
10024,911,3,0
10025,911,4,0
10026,911,5,0
10027,911,6,0
10028,911,7,0
10029,911,8,0
10030,911,9,0
10031,911,10,0
10032,912,0,0
10033,912,1,0
10034,912,2,0
10035,912,3,0
10036,912,4,0
10037,912,5,0
10038,912,6,0
10039,912,7,0
10040,912,8,0
10041,912,9,0
10042,912,10,0
10043,913,0,0
10044,913,1,0
10045,913,2,0
10046,913,3,0
10047,913,4,0
10048,913,5,0
10049,913,6,0
10050,913,7,0
10051,913,8,0
10052,913,9,0
10053,913,10,0
10054,914,0,0
10055,914,1,1
10056,914,2,0
10057,914,3,1
10058,914,4,0
10059,914,5,1
10060,914,6,0
10061,914,7,1
10062,914,8,0
10063,914,9,1
10064,914,10,0
10065,915,0,0
10066,915,1,0
10067,915,2,0
10068,915,3,1
10069,915,4,0
10070,915,5,0
10071,915,6,1
10072,915,7,0
10073,915,8,0
10074,915,9,0
10075,915,10,1
10076,916,0,0
10077,916,1,0
10078,916,2,0
10079,916,3,0
10080,916,4,0
10081,916,5,0
10082,916,6,0
10083,916,7,0
10084,916,8,0
10085,916,9,0
10086,916,10,0
10087,917,0,0
10088,917,1,0
10089,917,2,0
10090,917,3,0
10091,917,4,0
10092,917,5,0
10093,917,6,0
10094,917,7,0
10095,917,8,0
10096,917,9,0
10097,917,10,0
10098,918,0,0
10099,918,1,0
10100,918,2,0
10101,918,3,0
10102,918,4,0
10103,918,5,0
10104,918,6,0
10105,918,7,0
10106,918,8,0
10107,918,9,0
10108,918,10,0
10109,919,0,0
10110,919,1,0
10111,919,2,0
10112,919,3,0
10113,919,4,0
10114,919,5,0
10115,919,6,0
10116,919,7,0
10117,919,8,0
10118,919,9,0
10119,919,10,0
10120,920,0,0
10121,920,1,0
10122,920,2,0
10123,920,3,0
10124,920,4,0
10125,920,5,0
10126,920,6,1
10127,920,7,0
10128,920,8,0
10129,920,9,0
10130,920,10,0
10131,921,0,0
10132,921,1,0
10133,921,2,0
10134,921,3,0
10135,921,4,0
10136,921,5,0
10137,921,6,0
10138,921,7,1
10139,921,8,1
10140,921,9,1
10141,921,10,0
10142,922,0,0
10143,922,1,0
10144,922,2,0
10145,922,3,0
10146,922,4,0
10147,922,5,0
10148,922,6,0
10149,922,7,0
10150,922,8,0
10151,922,9,0
10152,922,10,0
10153,923,0,0
10154,923,1,1
10155,923,2,1
10156,923,3,1
10157,923,4,0
10158,923,5,1
10159,923,6,1
10160,923,7,1
10161,923,8,1
10162,923,9,0
10163,923,10,1
10164,924,0,0
10165,924,1,0
10166,924,2,0
10167,924,3,0
10168,924,4,0
10169,924,5,0
10170,924,6,0
10171,924,7,0
10172,924,8,0
10173,924,9,0
10174,924,10,0
10175,925,0,0
10176,925,1,0
10177,925,2,1
10178,925,3,0
10179,925,4,1
10180,925,5,1
10181,925,6,0
10182,925,7,1
10183,925,8,0
10184,925,9,1
10185,925,10,1
10186,926,0,0
10187,926,1,1
10188,926,2,2
10189,926,3,1
10190,926,4,1
10191,926,5,1
10192,926,6,2
10193,926,7,1
10194,926,8,2
10195,926,9,1
10196,926,10,2
10197,927,0,0
10198,927,1,0
10199,927,2,0
10200,927,3,0
10201,927,4,0
10202,927,5,0
10203,927,6,0
10204,927,7,0
10205,927,8,0
10206,927,9,0
10207,927,10,0
10208,928,0,0
10209,928,1,0
10210,928,2,0
10211,928,3,0
10212,928,4,0
10213,928,5,0
10214,928,6,0
10215,928,7,0
10216,928,8,0
10217,928,9,0
10218,928,10,0
10219,929,0,0
10220,929,1,0
10221,929,2,0
10222,929,3,0
10223,929,4,0
10224,929,5,0
10225,929,6,0
10226,929,7,0
10227,929,8,0
10228,929,9,0
10229,929,10,0
10230,930,0,0
10231,930,1,1
10232,930,2,1
10233,930,3,1
10234,930,4,0
10235,930,5,0
10236,930,6,0
10237,930,7,1
10238,930,8,1
10239,930,9,1
10240,930,10,1
10241,931,0,0
10242,931,1,0
10243,931,2,0
10244,931,3,0
10245,931,4,0
10246,931,5,0
10247,931,6,0
10248,931,7,0
10249,931,8,0
10250,931,9,0
10251,931,10,0
10252,932,0,0
10253,932,1,0
10254,932,2,0
10255,932,3,0
10256,932,4,0
10257,932,5,0
10258,932,6,0
10259,932,7,0
10260,932,8,0
10261,932,9,0
10262,932,10,0
10263,933,0,0
10264,933,1,0
10265,933,2,0
10266,933,3,0
10267,933,4,0
10268,933,5,0
10269,933,6,0
10270,933,7,0
10271,933,8,0
10272,933,9,0
10273,933,10,0
10274,934,0,0
10275,934,1,0
10276,934,2,0
10277,934,3,0
10278,934,4,0
10279,934,5,0
10280,934,6,0
10281,934,7,0
10282,934,8,0
10283,934,9,0
10284,934,10,0
10285,935,0,0
10286,935,1,0
10287,935,2,0
10288,935,3,0
10289,935,4,0
10290,935,5,0
10291,935,6,0
10292,935,7,0
10293,935,8,0
10294,935,9,0
10295,935,10,0
10296,936,0,0
10297,936,1,0
10298,936,2,0
10299,936,3,0
10300,936,4,0
10301,936,5,0
10302,936,6,0
10303,936,7,0
10304,936,8,1
10305,936,9,0
10306,936,10,0
10307,937,0,0
10308,937,1,1
10309,937,2,1
10310,937,3,1
10311,937,4,1
10312,937,5,0
10313,937,6,0
10314,937,7,0
10315,937,8,0
10316,937,9,1
10317,937,10,1
10318,938,0,0
10319,938,1,1
10320,938,2,0
10321,938,3,1
10322,938,4,0
10323,938,5,1
10324,938,6,0
10325,938,7,1
10326,938,8,1
10327,938,9,1
10328,938,10,0
10329,939,0,0
10330,939,1,0
10331,939,2,0
10332,939,3,0
10333,939,4,0
10334,939,5,0
10335,939,6,0
10336,939,7,0
10337,939,8,0
10338,939,9,0
10339,939,10,0
10340,940,0,0
10341,940,1,0
10342,940,2,0
10343,940,3,0
10344,940,4,0
10345,940,5,0
10346,940,6,0
10347,940,7,0
10348,940,8,0
10349,940,9,0
10350,940,10,0
10351,941,0,0
10352,941,1,1
10353,941,2,1
10354,941,3,1
10355,941,4,1
10356,941,5,1
10357,941,6,1
10358,941,7,1
10359,941,8,1
10360,941,9,1
10361,941,10,1
10362,942,0,0
10363,942,1,0
10364,942,2,1
10365,942,3,0
10366,942,4,0
10367,942,5,0
10368,942,6,0
10369,942,7,0
10370,942,8,1
10371,942,9,0
10372,942,10,0
10373,943,0,0
10374,943,1,0
10375,943,2,0
10376,943,3,1
10377,943,4,1
10378,943,5,1
10379,943,6,0
10380,943,7,0
10381,943,8,1
10382,943,9,1
10383,943,10,1
10384,944,0,0
10385,944,1,0
10386,944,2,0
10387,944,3,0
10388,944,4,0
10389,944,5,0
10390,944,6,0
10391,944,7,0
10392,944,8,0
10393,944,9,0
10394,944,10,0
10395,945,0,0
10396,945,1,1
10397,945,2,1
10398,945,3,0
10399,945,4,1
10400,945,5,0
10401,945,6,0
10402,945,7,1
10403,945,8,1
10404,945,9,0
10405,945,10,1
10406,946,0,0
10407,946,1,0
10408,946,2,0
10409,946,3,0
10410,946,4,0
10411,946,5,0
10412,946,6,0
10413,946,7,0
10414,946,8,0
10415,946,9,0
10416,946,10,0
10417,947,0,0
10418,947,1,0
10419,947,2,0
10420,947,3,0
10421,947,4,0
10422,947,5,0
10423,947,6,0
10424,947,7,0
10425,947,8,0
10426,947,9,0
10427,947,10,0
10428,948,0,0
10429,948,1,0
10430,948,2,0
10431,948,3,0
10432,948,4,1
10433,948,5,1
10434,948,6,1
10435,948,7,1
10436,948,8,1
10437,948,9,1
10438,948,10,1
10439,949,0,0
10440,949,1,1
10441,949,2,0
10442,949,3,1
10443,949,4,0
10444,949,5,1
10445,949,6,0
10446,949,7,1
10447,949,8,0
10448,949,9,1
10449,949,10,0
10450,950,0,0
10451,950,1,1
10452,950,2,0
10453,950,3,1
10454,950,4,0
10455,950,5,0
10456,950,6,1
10457,950,7,0
10458,950,8,1
10459,950,9,0
10460,950,10,1
10461,951,0,0
10462,951,1,0
10463,951,2,1
10464,951,3,1
10465,951,4,2
10466,951,5,1
10467,951,6,1
10468,951,7,1
10469,951,8,2
10470,951,9,1
10471,951,10,1
10472,952,0,0
10473,952,1,1
10474,952,2,1
10475,952,3,1
10476,952,4,0
10477,952,5,1
10478,952,6,0
10479,952,7,1
10480,952,8,0
10481,952,9,0
10482,952,10,1
10483,953,0,0
10484,953,1,1
10485,953,2,0
10486,953,3,1
10487,953,4,0
10488,953,5,0
10489,953,6,1
10490,953,7,0
10491,953,8,1
10492,953,9,0
10493,953,10,1
10494,954,0,0
10495,954,1,0
10496,954,2,0
10497,954,3,0
10498,954,4,0
10499,954,5,0
10500,954,6,0
10501,954,7,0
10502,954,8,0
10503,954,9,0
10504,954,10,0
10505,955,0,0
10506,955,1,0
10507,955,2,0
10508,955,3,0
10509,955,4,0
10510,955,5,0
10511,955,6,0
10512,955,7,0
10513,955,8,0
10514,955,9,0
10515,955,10,0
10516,956,0,0
10517,956,1,0
10518,956,2,0
10519,956,3,0
10520,956,4,0
10521,956,5,0
10522,956,6,0
10523,956,7,0
10524,956,8,0
10525,956,9,0
10526,956,10,0
10527,957,0,0
10528,957,1,0
10529,957,2,0
10530,957,3,0
10531,957,4,0
10532,957,5,0
10533,957,6,0
10534,957,7,0
10535,957,8,0
10536,957,9,0
10537,957,10,0
10538,958,0,0
10539,958,1,0
10540,958,2,0
10541,958,3,0
10542,958,4,0
10543,958,5,0
10544,958,6,0
10545,958,7,0
10546,958,8,0
10547,958,9,0
10548,958,10,0
10549,959,0,0
10550,959,1,1
10551,959,2,0
10552,959,3,1
10553,959,4,0
10554,959,5,1
10555,959,6,0
10556,959,7,1
10557,959,8,0
10558,959,9,1
10559,959,10,0
10560,960,0,0
10561,960,1,0
10562,960,2,1
10563,960,3,0
10564,960,4,1
10565,960,5,0
10566,960,6,0
10567,960,7,1
10568,960,8,0
10569,960,9,0
10570,960,10,0
10571,961,0,0
10572,961,1,0
10573,961,2,0
10574,961,3,0
10575,961,4,0
10576,961,5,0
10577,961,6,0
10578,961,7,0
10579,961,8,1
10580,961,9,0
10581,961,10,0
10582,962,0,0
10583,962,1,0
10584,962,2,0
10585,962,3,0
10586,962,4,0
10587,962,5,0
10588,962,6,0
10589,962,7,0
10590,962,8,0
10591,962,9,0
10592,962,10,0
10593,963,0,0
10594,963,1,0
10595,963,2,0
10596,963,3,0
10597,963,4,0
10598,963,5,0
10599,963,6,0
10600,963,7,0
10601,963,8,0
10602,963,9,0
10603,963,10,0
10604,964,0,0
10605,964,1,1
10606,964,2,0
10607,964,3,0
10608,964,4,1
10609,964,5,0
10610,964,6,1
10611,964,7,0
10612,964,8,0
10613,964,9,1
10614,964,10,0
10615,965,0,0
10616,965,1,0
10617,965,2,0
10618,965,3,0
10619,965,4,0
10620,965,5,0
10621,965,6,0
10622,965,7,0
10623,965,8,0
10624,965,9,0
10625,965,10,0
10626,966,0,0
10627,966,1,0
10628,966,2,0
10629,966,3,0
10630,966,4,0
10631,966,5,0
10632,966,6,0
10633,966,7,0
10634,966,8,0
10635,966,9,0
10636,966,10,0
10637,967,0,0
10638,967,1,0
10639,967,2,0
10640,967,3,0
10641,967,4,0
10642,967,5,0
10643,967,6,0
10644,967,7,0
10645,967,8,0
10646,967,9,0
10647,967,10,0
10648,968,0,0
10649,968,1,1
10650,968,2,2
10651,968,3,1
10652,968,4,2
10653,968,5,1
10654,968,6,2
10655,968,7,1
10656,968,8,0
10657,968,9,1
10658,968,10,2
10659,969,0,0
10660,969,1,0
10661,969,2,0
10662,969,3,0
10663,969,4,0
10664,969,5,0
10665,969,6,0
10666,969,7,0
10667,969,8,0
10668,969,9,0
10669,969,10,0
10670,970,0,0
10671,970,1,1
10672,970,2,2
10673,970,3,1
10674,970,4,2
10675,970,5,1
10676,970,6,2
10677,970,7,1
10678,970,8,2
10679,970,9,1
10680,970,10,2
10681,971,0,0
10682,971,1,0
10683,971,2,0
10684,971,3,0
10685,971,4,0
10686,971,5,0
10687,971,6,0
10688,971,7,0
10689,971,8,0
10690,971,9,0
10691,971,10,0
10692,972,0,0
10693,972,1,0
10694,972,2,0
10695,972,3,0
10696,972,4,0
10697,972,5,0
10698,972,6,0
10699,972,7,0
10700,972,8,0
10701,972,9,0
10702,972,10,0
10703,973,0,0
10704,973,1,0
10705,973,2,0
10706,973,3,0
10707,973,4,0
10708,973,5,0
10709,973,6,0
10710,973,7,0
10711,973,8,0
10712,973,9,0
10713,973,10,0
10714,974,0,0
10715,974,1,0
10716,974,2,0
10717,974,3,1
10718,974,4,1
10719,974,5,1
10720,974,6,0
10721,974,7,0
10722,974,8,0
10723,974,9,0
10724,974,10,0
10725,975,0,0
10726,975,1,0
10727,975,2,0
10728,975,3,0
10729,975,4,0
10730,975,5,0
10731,975,6,0
10732,975,7,0
10733,975,8,1
10734,975,9,0
10735,975,10,0
10736,976,0,0
10737,976,1,0
10738,976,2,0
10739,976,3,0
10740,976,4,0
10741,976,5,0
10742,976,6,0
10743,976,7,0
10744,976,8,0
10745,976,9,0
10746,976,10,0
10747,977,0,0
10748,977,1,0
10749,977,2,0
10750,977,3,0
10751,977,4,0
10752,977,5,0
10753,977,6,0
10754,977,7,0
10755,977,8,0
10756,977,9,0
10757,977,10,0
10758,978,0,0
10759,978,1,0
10760,978,2,0
10761,978,3,0
10762,978,4,0
10763,978,5,0
10764,978,6,0
10765,978,7,0
10766,978,8,1
10767,978,9,1
10768,978,10,0
10769,979,0,0
10770,979,1,1
10771,979,2,1
10772,979,3,1
10773,979,4,0
10774,979,5,0
10775,979,6,1
10776,979,7,1
10777,979,8,0
10778,979,9,1
10779,979,10,0
10780,980,0,0
10781,980,1,0
10782,980,2,0
10783,980,3,0
10784,980,4,0
10785,980,5,0
10786,980,6,0
10787,980,7,0
10788,980,8,0
10789,980,9,0
10790,980,10,0
10791,981,0,0
10792,981,1,0
10793,981,2,0
10794,981,3,0
10795,981,4,0
10796,981,5,0
10797,981,6,1
10798,981,7,0
10799,981,8,0
10800,981,9,0
10801,981,10,1
10802,982,0,0
10803,982,1,0
10804,982,2,0
10805,982,3,0
10806,982,4,0
10807,982,5,0
10808,982,6,0
10809,982,7,1
10810,982,8,0
10811,982,9,0
10812,982,10,0
10813,983,0,0
10814,983,1,0
10815,983,2,0
10816,983,3,0
10817,983,4,0
10818,983,5,0
10819,983,6,0
10820,983,7,0
10821,983,8,0
10822,983,9,0
10823,983,10,0
10824,984,0,0
10825,984,1,0
10826,984,2,0
10827,984,3,0
10828,984,4,0
10829,984,5,0
10830,984,6,0
10831,984,7,0
10832,984,8,0
10833,984,9,0
10834,984,10,0
10835,985,0,0
10836,985,1,0
10837,985,2,0
10838,985,3,0
10839,985,4,0
10840,985,5,0
10841,985,6,0
10842,985,7,0
10843,985,8,0
10844,985,9,0
10845,985,10,0
10846,986,0,0
10847,986,1,1
10848,986,2,0
10849,986,3,0
10850,986,4,0
10851,986,5,0
10852,986,6,0
10853,986,7,0
10854,986,8,0
10855,986,9,0
10856,986,10,0
10857,987,0,0
10858,987,1,0
10859,987,2,0
10860,987,3,0
10861,987,4,0
10862,987,5,0
10863,987,6,0
10864,987,7,0
10865,987,8,0
10866,987,9,0
10867,987,10,0
10868,988,0,0
10869,988,1,0
10870,988,2,0
10871,988,3,0
10872,988,4,1
10873,988,5,1
10874,988,6,1
10875,988,7,0
10876,988,8,0
10877,988,9,0
10878,988,10,0
10879,989,0,0
10880,989,1,0
10881,989,2,0
10882,989,3,0
10883,989,4,0
10884,989,5,0
10885,989,6,0
10886,989,7,0
10887,989,8,0
10888,989,9,0
10889,989,10,0
10890,990,0,0
10891,990,1,0
10892,990,2,0
10893,990,3,0
10894,990,4,0
10895,990,5,0
10896,990,6,0
10897,990,7,0
10898,990,8,0
10899,990,9,0
10900,990,10,0
10901,991,0,0
10902,991,1,0
10903,991,2,0
10904,991,3,0
10905,991,4,0
10906,991,5,0
10907,991,6,0
10908,991,7,0
10909,991,8,0
10910,991,9,0
10911,991,10,0
10912,992,0,0
10913,992,1,1
10914,992,2,2
10915,992,3,1
10916,992,4,2
10917,992,5,1
10918,992,6,2
10919,992,7,1
10920,992,8,0
10921,992,9,0
10922,992,10,1
10923,993,0,0
10924,993,1,0
10925,993,2,0
10926,993,3,0
10927,993,4,0
10928,993,5,1
10929,993,6,0
10930,993,7,0
10931,993,8,0
10932,993,9,0
10933,993,10,0
10934,994,0,0
10935,994,1,0
10936,994,2,0
10937,994,3,0
10938,994,4,0
10939,994,5,0
10940,994,6,0
10941,994,7,0
10942,994,8,0
10943,994,9,0
10944,994,10,0
10945,995,0,0
10946,995,1,1
10947,995,2,0
10948,995,3,1
10949,995,4,2
10950,995,5,1
10951,995,6,2
10952,995,7,1
10953,995,8,2
10954,995,9,1
10955,995,10,2
10956,996,0,0
10957,996,1,1
10958,996,2,1
10959,996,3,1
10960,996,4,2
10961,996,5,1
10962,996,6,2
10963,996,7,1
10964,996,8,2
10965,996,9,1
10966,996,10,2
10967,997,0,0
10968,997,1,0
10969,997,2,0
10970,997,3,0
10971,997,4,0
10972,997,5,0
10973,997,6,0
10974,997,7,0
10975,997,8,0
10976,997,9,0
10977,997,10,0
10978,998,0,0
10979,998,1,0
10980,998,2,0
10981,998,3,0
10982,998,4,0
10983,998,5,0
10984,998,6,0
10985,998,7,0
10986,998,8,0
10987,998,9,0
10988,998,10,0
10989,999,0,0
10990,999,1,0
10991,999,2,1
10992,999,3,1
10993,999,4,1
10994,999,5,1
10995,999,6,0
10996,999,7,1
10997,999,8,1
10998,999,9,1
10999,999,10,1
11000,1000,0,0
11001,1000,1,0
11002,1000,2,0
11003,1000,3,0
11004,1000,4,0
11005,1000,5,0
11006,1000,6,0
11007,1000,7,0
11008,1000,8,0
11009,1000,9,0
11010,1000,10,0
11011,1001,0,0
11012,1001,1,1
11013,1001,2,1
11014,1001,3,1
11015,1001,4,2
11016,1001,5,1
11017,1001,6,2
11018,1001,7,1
11019,1001,8,2
11020,1001,9,1
11021,1001,10,2
11022,1002,0,0
11023,1002,1,0
11024,1002,2,0
11025,1002,3,0
11026,1002,4,0
11027,1002,5,0
11028,1002,6,0
11029,1002,7,0
11030,1002,8,0
11031,1002,9,0
11032,1002,10,0
11033,1003,0,0
11034,1003,1,0
11035,1003,2,0
11036,1003,3,0
11037,1003,4,0
11038,1003,5,0
11039,1003,6,0
11040,1003,7,0
11041,1003,8,0
11042,1003,9,0
11043,1003,10,0
11044,1004,0,0
11045,1004,1,0
11046,1004,2,0
11047,1004,3,0
11048,1004,4,0
11049,1004,5,0
11050,1004,6,0
11051,1004,7,0
11052,1004,8,0
11053,1004,9,0
11054,1004,10,0
11055,1005,0,0
11056,1005,1,0
11057,1005,2,0
11058,1005,3,0
11059,1005,4,0
11060,1005,5,0
11061,1005,6,0
11062,1005,7,0
11063,1005,8,0
11064,1005,9,0
11065,1005,10,0
11066,1006,0,0
11067,1006,1,1
11068,1006,2,0
11069,1006,3,0
11070,1006,4,0
11071,1006,5,0
11072,1006,6,0
11073,1006,7,1
11074,1006,8,1
11075,1006,9,1
11076,1006,10,0
11077,1007,0,0
11078,1007,1,0
11079,1007,2,0
11080,1007,3,0
11081,1007,4,0
11082,1007,5,0
11083,1007,6,0
11084,1007,7,0
11085,1007,8,0
11086,1007,9,1
11087,1007,10,0
11088,1008,0,0
11089,1008,1,0
11090,1008,2,0
11091,1008,3,0
11092,1008,4,0
11093,1008,5,0
11094,1008,6,0
11095,1008,7,0
11096,1008,8,0
11097,1008,9,0
11098,1008,10,1
11099,1009,0,0
11100,1009,1,1
11101,1009,2,0
11102,1009,3,1
11103,1009,4,0
11104,1009,5,1
11105,1009,6,1
11106,1009,7,1
11107,1009,8,0
11108,1009,9,1
11109,1009,10,0
11110,1010,0,0
11111,1010,1,0
11112,1010,2,0
11113,1010,3,0
11114,1010,4,0
11115,1010,5,0
11116,1010,6,0
11117,1010,7,0
11118,1010,8,0
11119,1010,9,0
11120,1010,10,0
11121,1011,0,0
11122,1011,1,0
11123,1011,2,0
11124,1011,3,0
11125,1011,4,0
11126,1011,5,0
11127,1011,6,0
11128,1011,7,0
11129,1011,8,0
11130,1011,9,0
11131,1011,10,0
11132,1012,0,0
11133,1012,1,0
11134,1012,2,0
11135,1012,3,0
11136,1012,4,0
11137,1012,5,0
11138,1012,6,0
11139,1012,7,0
11140,1012,8,0
11141,1012,9,0
11142,1012,10,0
11143,1013,0,0
11144,1013,1,0
11145,1013,2,0
11146,1013,3,0
11147,1013,4,0
11148,1013,5,0
11149,1013,6,0
11150,1013,7,0
11151,1013,8,0
11152,1013,9,0
11153,1013,10,0
11154,1014,0,0
11155,1014,1,0
11156,1014,2,0
11157,1014,3,0
11158,1014,4,0
11159,1014,5,0
11160,1014,6,0
11161,1014,7,0
11162,1014,8,0
11163,1014,9,0
11164,1014,10,0
11165,1015,0,0
11166,1015,1,1
11167,1015,2,0
11168,1015,3,1
11169,1015,4,0
11170,1015,5,1
11171,1015,6,1
11172,1015,7,0
11173,1015,8,1
11174,1015,9,1
11175,1015,10,1
11176,1016,0,0
11177,1016,1,1
11178,1016,2,0
11179,1016,3,1
11180,1016,4,0
11181,1016,5,1
11182,1016,6,0
11183,1016,7,1
11184,1016,8,0
11185,1016,9,1
11186,1016,10,1
11187,1017,0,0
11188,1017,1,1
11189,1017,2,1
11190,1017,3,1
11191,1017,4,1
11192,1017,5,1
11193,1017,6,1
11194,1017,7,1
11195,1017,8,1
11196,1017,9,1
11197,1017,10,1
11198,1018,0,0
11199,1018,1,0
11200,1018,2,0
11201,1018,3,0
11202,1018,4,0
11203,1018,5,0
11204,1018,6,0
11205,1018,7,0
11206,1018,8,0
11207,1018,9,0
11208,1018,10,0
11209,1019,0,0
11210,1019,1,0
11211,1019,2,0
11212,1019,3,0
11213,1019,4,0
11214,1019,5,0
11215,1019,6,0
11216,1019,7,0
11217,1019,8,0
11218,1019,9,0
11219,1019,10,0
11220,1020,0,0
11221,1020,1,0
11222,1020,2,0
11223,1020,3,0
11224,1020,4,0
11225,1020,5,0
11226,1020,6,0
11227,1020,7,0
11228,1020,8,0
11229,1020,9,0
11230,1020,10,0
11231,1021,0,0
11232,1021,1,0
11233,1021,2,0
11234,1021,3,0
11235,1021,4,0
11236,1021,5,0
11237,1021,6,0
11238,1021,7,0
11239,1021,8,0
11240,1021,9,0
11241,1021,10,0
11242,1022,0,0
11243,1022,1,0
11244,1022,2,1
11245,1022,3,1
11246,1022,4,0
11247,1022,5,0
11248,1022,6,1
11249,1022,7,0
11250,1022,8,1
11251,1022,9,0
11252,1022,10,1
11253,1023,0,0
11254,1023,1,0
11255,1023,2,0
11256,1023,3,0
11257,1023,4,0
11258,1023,5,0
11259,1023,6,0
11260,1023,7,0
11261,1023,8,0
11262,1023,9,0
11263,1023,10,0
11264,1024,0,0
11265,1024,1,0
11266,1024,2,0
11267,1024,3,0
11268,1024,4,0
11269,1024,5,0
11270,1024,6,0
11271,1024,7,0
11272,1024,8,0
11273,1024,9,0
11274,1024,10,0
11275,1025,0,0
11276,1025,1,0
11277,1025,2,0
11278,1025,3,1
11279,1025,4,0
11280,1025,5,1
11281,1025,6,0
11282,1025,7,1
11283,1025,8,0
11284,1025,9,1
11285,1025,10,0
11286,1026,0,0
11287,1026,1,0
11288,1026,2,0
11289,1026,3,0
11290,1026,4,0
11291,1026,5,1
11292,1026,6,1
11293,1026,7,1
11294,1026,8,1
11295,1026,9,0
11296,1026,10,1
11297,1027,0,0
11298,1027,1,0
11299,1027,2,0
11300,1027,3,0
11301,1027,4,0
11302,1027,5,0
11303,1027,6,0
11304,1027,7,0
11305,1027,8,0
11306,1027,9,0
11307,1027,10,0
11308,1028,0,0
11309,1028,1,0
11310,1028,2,0
11311,1028,3,0
11312,1028,4,0
11313,1028,5,0
11314,1028,6,0
11315,1028,7,0
11316,1028,8,0
11317,1028,9,1
11318,1028,10,1
11319,1029,0,0
11320,1029,1,0
11321,1029,2,0
11322,1029,3,0
11323,1029,4,0
11324,1029,5,0
11325,1029,6,0
11326,1029,7,0
11327,1029,8,0
11328,1029,9,0
11329,1029,10,0
11330,1030,0,0
11331,1030,1,1
11332,1030,2,0
11333,1030,3,1
11334,1030,4,0
11335,1030,5,1
11336,1030,6,1
11337,1030,7,0
11338,1030,8,1
11339,1030,9,0
11340,1030,10,1
11341,1031,0,0
11342,1031,1,0
11343,1031,2,0
11344,1031,3,0
11345,1031,4,0
11346,1031,5,0
11347,1031,6,0
11348,1031,7,0
11349,1031,8,0
11350,1031,9,0
11351,1031,10,0
11352,1032,0,0
11353,1032,1,0
11354,1032,2,0
11355,1032,3,0
11356,1032,4,0
11357,1032,5,0
11358,1032,6,0
11359,1032,7,0
11360,1032,8,0
11361,1032,9,0
11362,1032,10,0
11363,1033,0,0
11364,1033,1,0
11365,1033,2,0
11366,1033,3,0
11367,1033,4,0
11368,1033,5,0
11369,1033,6,0
11370,1033,7,0
11371,1033,8,0
11372,1033,9,0
11373,1033,10,0
11374,1034,0,0
11375,1034,1,0
11376,1034,2,1
11377,1034,3,0
11378,1034,4,0
11379,1034,5,0
11380,1034,6,0
11381,1034,7,1
11382,1034,8,0
11383,1034,9,0
11384,1034,10,0
11385,1035,0,0
11386,1035,1,0
11387,1035,2,0
11388,1035,3,1
11389,1035,4,0
11390,1035,5,0
11391,1035,6,0
11392,1035,7,0
11393,1035,8,0
11394,1035,9,0
11395,1035,10,0
11396,1036,0,0
11397,1036,1,0
11398,1036,2,1
11399,1036,3,0
11400,1036,4,0
11401,1036,5,0
11402,1036,6,0
11403,1036,7,0
11404,1036,8,0
11405,1036,9,0
11406,1036,10,0
11407,1037,0,0
11408,1037,1,0
11409,1037,2,0
11410,1037,3,0
11411,1037,4,0
11412,1037,5,0
11413,1037,6,0
11414,1037,7,0
11415,1037,8,0
11416,1037,9,0
11417,1037,10,0
11418,1038,0,0
11419,1038,1,0
11420,1038,2,0
11421,1038,3,0
11422,1038,4,0
11423,1038,5,0
11424,1038,6,0
11425,1038,7,0
11426,1038,8,0
11427,1038,9,0
11428,1038,10,0
11429,1039,0,0
11430,1039,1,0
11431,1039,2,0
11432,1039,3,1
11433,1039,4,0
11434,1039,5,0
11435,1039,6,0
11436,1039,7,0
11437,1039,8,0
11438,1039,9,0
11439,1039,10,1
11440,1040,0,0
11441,1040,1,0
11442,1040,2,0
11443,1040,3,0
11444,1040,4,0
11445,1040,5,0
11446,1040,6,0
11447,1040,7,0
11448,1040,8,0
11449,1040,9,0
11450,1040,10,0
11451,1041,0,0
11452,1041,1,0
11453,1041,2,0
11454,1041,3,0
11455,1041,4,0
11456,1041,5,0
11457,1041,6,0
11458,1041,7,0
11459,1041,8,1
11460,1041,9,1
11461,1041,10,0
11462,1042,0,0
11463,1042,1,0
11464,1042,2,0
11465,1042,3,0
11466,1042,4,0
11467,1042,5,0
11468,1042,6,0
11469,1042,7,0
11470,1042,8,0
11471,1042,9,0
11472,1042,10,0
11473,1043,0,0
11474,1043,1,0
11475,1043,2,0
11476,1043,3,0
11477,1043,4,0
11478,1043,5,0
11479,1043,6,0
11480,1043,7,0
11481,1043,8,0
11482,1043,9,0
11483,1043,10,0
11484,1044,0,0
11485,1044,1,1
11486,1044,2,0
11487,1044,3,1
11488,1044,4,0
11489,1044,5,1
11490,1044,6,0
11491,1044,7,1
11492,1044,8,0
11493,1044,9,1
11494,1044,10,0
11495,1045,0,0
11496,1045,1,0
11497,1045,2,0
11498,1045,3,0
11499,1045,4,0
11500,1045,5,0
11501,1045,6,0
11502,1045,7,0
11503,1045,8,0
11504,1045,9,0
11505,1045,10,0
11506,1046,0,0
11507,1046,1,0
11508,1046,2,0
11509,1046,3,0
11510,1046,4,0
11511,1046,5,0
11512,1046,6,0
11513,1046,7,0
11514,1046,8,0
11515,1046,9,0
11516,1046,10,0
11517,1047,0,0
11518,1047,1,1
11519,1047,2,0
11520,1047,3,1
11521,1047,4,0
11522,1047,5,1
11523,1047,6,0
11524,1047,7,1
11525,1047,8,0
11526,1047,9,1
11527,1047,10,0
11528,1048,0,0
11529,1048,1,0
11530,1048,2,0
11531,1048,3,0
11532,1048,4,0
11533,1048,5,0
11534,1048,6,0
11535,1048,7,0
11536,1048,8,0
11537,1048,9,0
11538,1048,10,0
11539,1049,0,0
11540,1049,1,0
11541,1049,2,0
11542,1049,3,0
11543,1049,4,0
11544,1049,5,0
11545,1049,6,0
11546,1049,7,0
11547,1049,8,0
11548,1049,9,0
11549,1049,10,0
11550,1050,0,0
11551,1050,1,0
11552,1050,2,0
11553,1050,3,0
11554,1050,4,0
11555,1050,5,0
11556,1050,6,0
11557,1050,7,0
11558,1050,8,0
11559,1050,9,0
11560,1050,10,0
11561,1051,0,0
11562,1051,1,0
11563,1051,2,1
11564,1051,3,1
11565,1051,4,0
11566,1051,5,0
11567,1051,6,0
11568,1051,7,0
11569,1051,8,0
11570,1051,9,0
11571,1051,10,0
11572,1052,0,0
11573,1052,1,1
11574,1052,2,0
11575,1052,3,1
11576,1052,4,0
11577,1052,5,1
11578,1052,6,0
11579,1052,7,1
11580,1052,8,0
11581,1052,9,1
11582,1052,10,0
11583,1053,0,0
11584,1053,1,1
11585,1053,2,0
11586,1053,3,1
11587,1053,4,1
11588,1053,5,0
11589,1053,6,1
11590,1053,7,1
11591,1053,8,0
11592,1053,9,0
11593,1053,10,1
11594,1054,0,0
11595,1054,1,0
11596,1054,2,0
11597,1054,3,0
11598,1054,4,0
11599,1054,5,0
11600,1054,6,0
11601,1054,7,0
11602,1054,8,0
11603,1054,9,0
11604,1054,10,0
11605,1055,0,0
11606,1055,1,0
11607,1055,2,0
11608,1055,3,0
11609,1055,4,0
11610,1055,5,0
11611,1055,6,0
11612,1055,7,0
11613,1055,8,0
11614,1055,9,0
11615,1055,10,0
11616,1056,0,0
11617,1056,1,0
11618,1056,2,0
11619,1056,3,0
11620,1056,4,0
11621,1056,5,0
11622,1056,6,0
11623,1056,7,0
11624,1056,8,0
11625,1056,9,0
11626,1056,10,0
11627,1057,0,0
11628,1057,1,0
11629,1057,2,0
11630,1057,3,0
11631,1057,4,0
11632,1057,5,0
11633,1057,6,0
11634,1057,7,0
11635,1057,8,0
11636,1057,9,0
11637,1057,10,0
11638,1058,0,0
11639,1058,1,1
11640,1058,2,0
11641,1058,3,1
11642,1058,4,0
11643,1058,5,1
11644,1058,6,0
11645,1058,7,1
11646,1058,8,0
11647,1058,9,1
11648,1058,10,2
11649,1059,0,0
11650,1059,1,0
11651,1059,2,0
11652,1059,3,0
11653,1059,4,0
11654,1059,5,0
11655,1059,6,0
11656,1059,7,0
11657,1059,8,0
11658,1059,9,0
11659,1059,10,0
11660,1060,0,0
11661,1060,1,0
11662,1060,2,0
11663,1060,3,1
11664,1060,4,1
11665,1060,5,1
11666,1060,6,0
11667,1060,7,0
11668,1060,8,0
11669,1060,9,0
11670,1060,10,1
11671,1061,0,0
11672,1061,1,1
11673,1061,2,1
11674,1061,3,0
11675,1061,4,1
11676,1061,5,0
11677,1061,6,1
11678,1061,7,0
11679,1061,8,1
11680,1061,9,0
11681,1061,10,1
11682,1062,0,0
11683,1062,1,0
11684,1062,2,0
11685,1062,3,0
11686,1062,4,0
11687,1062,5,0
11688,1062,6,0
11689,1062,7,0
11690,1062,8,0
11691,1062,9,0
11692,1062,10,0
11693,1063,0,0
11694,1063,1,0
11695,1063,2,0
11696,1063,3,0
11697,1063,4,0
11698,1063,5,0
11699,1063,6,0
11700,1063,7,0
11701,1063,8,0
11702,1063,9,0
11703,1063,10,0
11704,1064,0,0
11705,1064,1,1
11706,1064,2,1
11707,1064,3,1
11708,1064,4,2
11709,1064,5,1
11710,1064,6,2
11711,1064,7,1
11712,1064,8,1
11713,1064,9,2
11714,1064,10,1
11715,1065,0,0
11716,1065,1,1
11717,1065,2,0
11718,1065,3,1
11719,1065,4,0
11720,1065,5,1
11721,1065,6,0
11722,1065,7,1
11723,1065,8,2
11724,1065,9,1
11725,1065,10,0
11726,1066,0,0
11727,1066,1,1
11728,1066,2,0
11729,1066,3,0
11730,1066,4,0
11731,1066,5,0
11732,1066,6,0
11733,1066,7,0
11734,1066,8,0
11735,1066,9,1
11736,1066,10,1
11737,1067,0,0
11738,1067,1,1
11739,1067,2,0
11740,1067,3,1
11741,1067,4,0
11742,1067,5,1
11743,1067,6,0
11744,1067,7,1
11745,1067,8,0
11746,1067,9,0
11747,1067,10,1
11748,1068,0,0
11749,1068,1,0
11750,1068,2,1
11751,1068,3,1
11752,1068,4,1
11753,1068,5,1
11754,1068,6,2
11755,1068,7,3
11756,1068,8,2
11757,1068,9,3
11758,1068,10,2
11759,1069,0,0
11760,1069,1,1
11761,1069,2,0
11762,1069,3,1
11763,1069,4,0
11764,1069,5,1
11765,1069,6,0
11766,1069,7,0
11767,1069,8,1
11768,1069,9,0
11769,1069,10,1
11770,1070,0,0
11771,1070,1,0
11772,1070,2,0
11773,1070,3,0
11774,1070,4,0
11775,1070,5,0
11776,1070,6,0
11777,1070,7,0
11778,1070,8,0
11779,1070,9,0
11780,1070,10,0
11781,1071,0,0
11782,1071,1,0
11783,1071,2,0
11784,1071,3,0
11785,1071,4,0
11786,1071,5,0
11787,1071,6,0
11788,1071,7,0
11789,1071,8,0
11790,1071,9,0
11791,1071,10,0
11792,1072,0,0
11793,1072,1,1
11794,1072,2,0
11795,1072,3,0
11796,1072,4,1
11797,1072,5,0
11798,1072,6,1
11799,1072,7,0
11800,1072,8,1
11801,1072,9,0
11802,1072,10,1
11803,1073,0,0
11804,1073,1,0
11805,1073,2,0
11806,1073,3,0
11807,1073,4,1
11808,1073,5,0
11809,1073,6,0
11810,1073,7,0
11811,1073,8,0
11812,1073,9,0
11813,1073,10,1
11814,1074,0,0
11815,1074,1,0
11816,1074,2,0
11817,1074,3,0
11818,1074,4,0
11819,1074,5,0
11820,1074,6,0
11821,1074,7,0
11822,1074,8,0
11823,1074,9,0
11824,1074,10,0
11825,1075,0,0
11826,1075,1,1
11827,1075,2,1
11828,1075,3,1
11829,1075,4,1
11830,1075,5,1
11831,1075,6,1
11832,1075,7,1
11833,1075,8,1
11834,1075,9,0
11835,1075,10,1
11836,1076,0,0
11837,1076,1,0
11838,1076,2,0
11839,1076,3,0
11840,1076,4,0
11841,1076,5,0
11842,1076,6,0
11843,1076,7,0
11844,1076,8,0
11845,1076,9,0
11846,1076,10,0
11847,1077,0,0
11848,1077,1,0
11849,1077,2,0
11850,1077,3,0
11851,1077,4,0
11852,1077,5,0
11853,1077,6,0
11854,1077,7,0
11855,1077,8,0
11856,1077,9,0
11857,1077,10,0
11858,1078,0,0
11859,1078,1,0
11860,1078,2,0
11861,1078,3,0
11862,1078,4,0
11863,1078,5,0
11864,1078,6,0
11865,1078,7,0
11866,1078,8,0
11867,1078,9,0
11868,1078,10,0
11869,1079,0,0
11870,1079,1,0
11871,1079,2,0
11872,1079,3,0
11873,1079,4,0
11874,1079,5,0
11875,1079,6,0
11876,1079,7,0
11877,1079,8,0
11878,1079,9,0
11879,1079,10,0
11880,1080,0,0
11881,1080,1,1
11882,1080,2,1
11883,1080,3,0
11884,1080,4,0
11885,1080,5,1
11886,1080,6,0
11887,1080,7,1
11888,1080,8,0
11889,1080,9,0
11890,1080,10,1
11891,1081,0,0
11892,1081,1,0
11893,1081,2,0
11894,1081,3,0
11895,1081,4,0
11896,1081,5,0
11897,1081,6,0
11898,1081,7,0
11899,1081,8,0
11900,1081,9,0
11901,1081,10,0
11902,1082,0,0
11903,1082,1,1
11904,1082,2,0
11905,1082,3,0
11906,1082,4,1
11907,1082,5,0
11908,1082,6,0
11909,1082,7,0
11910,1082,8,0
11911,1082,9,0
11912,1082,10,1
11913,1083,0,0
11914,1083,1,0
11915,1083,2,0
11916,1083,3,0
11917,1083,4,0
11918,1083,5,0
11919,1083,6,0
11920,1083,7,0
11921,1083,8,0
11922,1083,9,0
11923,1083,10,0
11924,1084,0,0
11925,1084,1,0
11926,1084,2,0
11927,1084,3,0
11928,1084,4,0
11929,1084,5,0
11930,1084,6,0
11931,1084,7,0
11932,1084,8,0
11933,1084,9,0
11934,1084,10,0
11935,1085,0,0
11936,1085,1,0
11937,1085,2,0
11938,1085,3,0
11939,1085,4,0
11940,1085,5,0
11941,1085,6,0
11942,1085,7,0
11943,1085,8,0
11944,1085,9,0
11945,1085,10,0
11946,1086,0,0
11947,1086,1,0
11948,1086,2,0
11949,1086,3,0
11950,1086,4,0
11951,1086,5,0
11952,1086,6,0
11953,1086,7,0
11954,1086,8,0
11955,1086,9,0
11956,1086,10,0
11957,1087,0,0
11958,1087,1,0
11959,1087,2,0
11960,1087,3,0
11961,1087,4,0
11962,1087,5,0
11963,1087,6,0
11964,1087,7,0
11965,1087,8,0
11966,1087,9,0
11967,1087,10,0
11968,1088,0,0
11969,1088,1,0
11970,1088,2,1
11971,1088,3,2
11972,1088,4,1
11973,1088,5,0
11974,1088,6,0
11975,1088,7,1
11976,1088,8,0
11977,1088,9,1
11978,1088,10,0
11979,1089,0,0
11980,1089,1,0
11981,1089,2,0
11982,1089,3,0
11983,1089,4,0
11984,1089,5,0
11985,1089,6,0
11986,1089,7,0
11987,1089,8,0
11988,1089,9,0
11989,1089,10,0
11990,1090,0,0
11991,1090,1,0
11992,1090,2,0
11993,1090,3,0
11994,1090,4,0
11995,1090,5,0
11996,1090,6,0
11997,1090,7,0
11998,1090,8,0
11999,1090,9,1
12000,1090,10,0
12001,1091,0,0
12002,1091,1,0
12003,1091,2,0
12004,1091,3,0
12005,1091,4,0
12006,1091,5,0
12007,1091,6,0
12008,1091,7,0
12009,1091,8,0
12010,1091,9,0
12011,1091,10,0
12012,1092,0,0
12013,1092,1,1
12014,1092,2,1
12015,1092,3,1
12016,1092,4,0
12017,1092,5,1
12018,1092,6,1
12019,1092,7,1
12020,1092,8,0
12021,1092,9,1
12022,1092,10,1
12023,1093,0,0
12024,1093,1,0
12025,1093,2,0
12026,1093,3,0
12027,1093,4,0
12028,1093,5,0
12029,1093,6,0
12030,1093,7,0
12031,1093,8,0
12032,1093,9,0
12033,1093,10,0
12034,1094,0,0
12035,1094,1,0
12036,1094,2,0
12037,1094,3,0
12038,1094,4,0
12039,1094,5,0
12040,1094,6,0
12041,1094,7,0
12042,1094,8,0
12043,1094,9,0
12044,1094,10,0
12045,1095,0,0
12046,1095,1,1
12047,1095,2,0
12048,1095,3,0
12049,1095,4,0
12050,1095,5,0
12051,1095,6,1
12052,1095,7,1
12053,1095,8,0
12054,1095,9,0
12055,1095,10,1
12056,1096,0,0
12057,1096,1,0
12058,1096,2,0
12059,1096,3,0
12060,1096,4,0
12061,1096,5,0
12062,1096,6,0
12063,1096,7,0
12064,1096,8,0
12065,1096,9,0
12066,1096,10,0
12067,1097,0,0
12068,1097,1,0
12069,1097,2,0
12070,1097,3,0
12071,1097,4,0
12072,1097,5,0
12073,1097,6,0
12074,1097,7,0
12075,1097,8,0
12076,1097,9,0
12077,1097,10,0
12078,1098,0,0
12079,1098,1,1
12080,1098,2,2
12081,1098,3,1
12082,1098,4,2
12083,1098,5,1
12084,1098,6,2
12085,1098,7,1
12086,1098,8,2
12087,1098,9,1
12088,1098,10,2
12089,1099,0,0
12090,1099,1,0
12091,1099,2,0
12092,1099,3,0
12093,1099,4,0
12094,1099,5,0
12095,1099,6,0
12096,1099,7,0
12097,1099,8,0
12098,1099,9,0
12099,1099,10,0
12100,1100,0,0
12101,1100,1,0
12102,1100,2,0
12103,1100,3,0
12104,1100,4,0
12105,1100,5,0
12106,1100,6,0
12107,1100,7,0
12108,1100,8,0
12109,1100,9,0
12110,1100,10,0
12111,1101,0,0
12112,1101,1,0
12113,1101,2,0
12114,1101,3,0
12115,1101,4,0
12116,1101,5,0
12117,1101,6,0
12118,1101,7,0
12119,1101,8,0
12120,1101,9,0
12121,1101,10,0
12122,1102,0,0
12123,1102,1,0
12124,1102,2,0
12125,1102,3,0
12126,1102,4,0
12127,1102,5,0
12128,1102,6,1
12129,1102,7,1
12130,1102,8,1
12131,1102,9,0
12132,1102,10,0
12133,1103,0,0
12134,1103,1,0
12135,1103,2,0
12136,1103,3,0
12137,1103,4,0
12138,1103,5,0
12139,1103,6,0
12140,1103,7,0
12141,1103,8,0
12142,1103,9,0
12143,1103,10,0
12144,1104,0,0
12145,1104,1,0
12146,1104,2,0
12147,1104,3,0
12148,1104,4,0
12149,1104,5,0
12150,1104,6,0
12151,1104,7,0
12152,1104,8,0
12153,1104,9,0
12154,1104,10,0
12155,1105,0,0
12156,1105,1,0
12157,1105,2,0
12158,1105,3,0
12159,1105,4,0
12160,1105,5,0
12161,1105,6,0
12162,1105,7,0
12163,1105,8,0
12164,1105,9,0
12165,1105,10,0
12166,1106,0,0
12167,1106,1,0
12168,1106,2,0
12169,1106,3,0
12170,1106,4,0
12171,1106,5,0
12172,1106,6,0
12173,1106,7,0
12174,1106,8,0
12175,1106,9,0
12176,1106,10,0
12177,1107,0,0
12178,1107,1,0
12179,1107,2,0
12180,1107,3,0
12181,1107,4,0
12182,1107,5,0
12183,1107,6,0
12184,1107,7,0
12185,1107,8,0
12186,1107,9,0
12187,1107,10,0
12188,1108,0,0
12189,1108,1,0
12190,1108,2,0
12191,1108,3,0
12192,1108,4,0
12193,1108,5,0
12194,1108,6,0
12195,1108,7,0
12196,1108,8,0
12197,1108,9,1
12198,1108,10,1
12199,1109,0,0
12200,1109,1,0
12201,1109,2,0
12202,1109,3,0
12203,1109,4,0
12204,1109,5,0
12205,1109,6,0
12206,1109,7,0
12207,1109,8,0
12208,1109,9,0
12209,1109,10,0
12210,1110,0,0
12211,1110,1,0
12212,1110,2,0
12213,1110,3,0
12214,1110,4,0
12215,1110,5,0
12216,1110,6,0
12217,1110,7,0
12218,1110,8,0
12219,1110,9,0
12220,1110,10,0
12221,1111,0,0
12222,1111,1,1
12223,1111,2,1
12224,1111,3,1
12225,1111,4,1
12226,1111,5,1
12227,1111,6,1
12228,1111,7,1
12229,1111,8,0
12230,1111,9,1
12231,1111,10,1
12232,1112,0,0
12233,1112,1,0
12234,1112,2,0
12235,1112,3,0
12236,1112,4,0
12237,1112,5,0
12238,1112,6,0
12239,1112,7,0
12240,1112,8,0
12241,1112,9,0
12242,1112,10,0
12243,1113,0,0
12244,1113,1,1
12245,1113,2,0
12246,1113,3,1
12247,1113,4,0
12248,1113,5,1
12249,1113,6,0
12250,1113,7,1
12251,1113,8,0
12252,1113,9,1
12253,1113,10,0
12254,1114,0,0
12255,1114,1,0
12256,1114,2,0
12257,1114,3,0
12258,1114,4,0
12259,1114,5,0
12260,1114,6,0
12261,1114,7,0
12262,1114,8,0
12263,1114,9,0
12264,1114,10,0
12265,1115,0,0
12266,1115,1,0
12267,1115,2,0
12268,1115,3,0
12269,1115,4,0
12270,1115,5,0
12271,1115,6,0
12272,1115,7,0
12273,1115,8,0
12274,1115,9,0
12275,1115,10,0
12276,1116,0,0
12277,1116,1,0
12278,1116,2,0
12279,1116,3,0
12280,1116,4,0
12281,1116,5,0
12282,1116,6,0
12283,1116,7,0
12284,1116,8,0
12285,1116,9,0
12286,1116,10,0
12287,1117,0,0
12288,1117,1,0
12289,1117,2,0
12290,1117,3,0
12291,1117,4,0
12292,1117,5,0
12293,1117,6,0
12294,1117,7,0
12295,1117,8,0
12296,1117,9,0
12297,1117,10,0
12298,1118,0,0
12299,1118,1,0
12300,1118,2,0
12301,1118,3,0
12302,1118,4,0
12303,1118,5,0
12304,1118,6,0
12305,1118,7,0
12306,1118,8,0
12307,1118,9,0
12308,1118,10,0
12309,1119,0,0
12310,1119,1,0
12311,1119,2,0
12312,1119,3,0
12313,1119,4,0
12314,1119,5,0
12315,1119,6,0
12316,1119,7,0
12317,1119,8,0
12318,1119,9,0
12319,1119,10,0
12320,1120,0,0
12321,1120,1,0
12322,1120,2,0
12323,1120,3,0
12324,1120,4,0
12325,1120,5,0
12326,1120,6,0
12327,1120,7,0
12328,1120,8,0
12329,1120,9,0
12330,1120,10,0
12331,1121,0,0
12332,1121,1,0
12333,1121,2,0
12334,1121,3,0
12335,1121,4,0
12336,1121,5,0
12337,1121,6,0
12338,1121,7,0
12339,1121,8,0
12340,1121,9,0
12341,1121,10,0
12342,1122,0,0
12343,1122,1,1
12344,1122,2,0
12345,1122,3,1
12346,1122,4,0
12347,1122,5,0
12348,1122,6,1
12349,1122,7,0
12350,1122,8,0
12351,1122,9,1
12352,1122,10,0
12353,1123,0,0
12354,1123,1,0
12355,1123,2,0
12356,1123,3,0
12357,1123,4,0
12358,1123,5,0
12359,1123,6,0
12360,1123,7,1
12361,1123,8,0
12362,1123,9,0
12363,1123,10,0
12364,1124,0,0
12365,1124,1,0
12366,1124,2,1
12367,1124,3,0
12368,1124,4,1
12369,1124,5,0
12370,1124,6,0
12371,1124,7,1
12372,1124,8,0
12373,1124,9,1
12374,1124,10,0
12375,1125,0,0
12376,1125,1,0
12377,1125,2,0
12378,1125,3,0
12379,1125,4,0
12380,1125,5,0
12381,1125,6,0
12382,1125,7,0
12383,1125,8,0
12384,1125,9,0
12385,1125,10,0
12386,1126,0,0
12387,1126,1,0
12388,1126,2,0
12389,1126,3,0
12390,1126,4,0
12391,1126,5,0
12392,1126,6,0
12393,1126,7,0
12394,1126,8,0
12395,1126,9,0
12396,1126,10,0
12397,1127,0,0
12398,1127,1,0
12399,1127,2,1
12400,1127,3,1
12401,1127,4,0
12402,1127,5,0
12403,1127,6,1
12404,1127,7,1
12405,1127,8,0
12406,1127,9,0
12407,1127,10,0
12408,1128,0,0
12409,1128,1,0
12410,1128,2,0
12411,1128,3,0
12412,1128,4,0
12413,1128,5,0
12414,1128,6,0
12415,1128,7,0
12416,1128,8,0
12417,1128,9,0
12418,1128,10,0
12419,1129,0,0
12420,1129,1,0
12421,1129,2,0
12422,1129,3,0
12423,1129,4,0
12424,1129,5,0
12425,1129,6,0
12426,1129,7,0
12427,1129,8,0
12428,1129,9,0
12429,1129,10,0
12430,1130,0,0
12431,1130,1,1
12432,1130,2,0
12433,1130,3,1
12434,1130,4,0
12435,1130,5,1
12436,1130,6,0
12437,1130,7,1
12438,1130,8,0
12439,1130,9,1
12440,1130,10,0
12441,1131,0,0
12442,1131,1,0
12443,1131,2,0
12444,1131,3,0
12445,1131,4,0
12446,1131,5,0
12447,1131,6,0
12448,1131,7,0
12449,1131,8,0
12450,1131,9,0
12451,1131,10,0
12452,1132,0,0
12453,1132,1,0
12454,1132,2,0
12455,1132,3,0
12456,1132,4,0
12457,1132,5,0
12458,1132,6,0
12459,1132,7,0
12460,1132,8,0
12461,1132,9,0
12462,1132,10,0
12463,1133,0,0
12464,1133,1,1
12465,1133,2,0
12466,1133,3,1
12467,1133,4,0
12468,1133,5,1
12469,1133,6,0
12470,1133,7,1
12471,1133,8,0
12472,1133,9,1
12473,1133,10,1
12474,1134,0,0
12475,1134,1,0
12476,1134,2,0
12477,1134,3,0
12478,1134,4,0
12479,1134,5,0
12480,1134,6,0
12481,1134,7,0
12482,1134,8,0
12483,1134,9,0
12484,1134,10,0
12485,1135,0,0
12486,1135,1,0
12487,1135,2,0
12488,1135,3,1
12489,1135,4,1
12490,1135,5,1
12491,1135,6,0
12492,1135,7,0
12493,1135,8,0
12494,1135,9,0
12495,1135,10,1
12496,1136,0,0
12497,1136,1,0
12498,1136,2,1
12499,1136,3,1
12500,1136,4,1
12501,1136,5,1
12502,1136,6,1
12503,1136,7,0
12504,1136,8,1
12505,1136,9,0
12506,1136,10,1
12507,1137,0,0
12508,1137,1,0
12509,1137,2,0
12510,1137,3,0
12511,1137,4,0
12512,1137,5,0
12513,1137,6,0
12514,1137,7,0
12515,1137,8,0
12516,1137,9,0
12517,1137,10,0
12518,1138,0,0
12519,1138,1,1
12520,1138,2,1
12521,1138,3,0
12522,1138,4,0
12523,1138,5,1
12524,1138,6,1
12525,1138,7,1
12526,1138,8,1
12527,1138,9,1
12528,1138,10,1
12529,1139,0,0
12530,1139,1,0
12531,1139,2,0
12532,1139,3,0
12533,1139,4,0
12534,1139,5,0
12535,1139,6,0
12536,1139,7,0
12537,1139,8,0
12538,1139,9,0
12539,1139,10,0
12540,1140,0,0
12541,1140,1,0
12542,1140,2,0
12543,1140,3,0
12544,1140,4,0
12545,1140,5,0
12546,1140,6,0
12547,1140,7,0
12548,1140,8,0
12549,1140,9,0
12550,1140,10,0
12551,1141,0,0
12552,1141,1,0
12553,1141,2,0
12554,1141,3,0
12555,1141,4,0
12556,1141,5,0
12557,1141,6,0
12558,1141,7,0
12559,1141,8,0
12560,1141,9,0
12561,1141,10,0
12562,1142,0,0
12563,1142,1,0
12564,1142,2,0
12565,1142,3,0
12566,1142,4,0
12567,1142,5,0
12568,1142,6,0
12569,1142,7,0
12570,1142,8,0
12571,1142,9,0
12572,1142,10,0
12573,1143,0,0
12574,1143,1,0
12575,1143,2,0
12576,1143,3,0
12577,1143,4,0
12578,1143,5,0
12579,1143,6,0
12580,1143,7,0
12581,1143,8,1
12582,1143,9,0
12583,1143,10,0
12584,1144,0,0
12585,1144,1,0
12586,1144,2,0
12587,1144,3,0
12588,1144,4,0
12589,1144,5,0
12590,1144,6,0
12591,1144,7,0
12592,1144,8,0
12593,1144,9,0
12594,1144,10,0
12595,1145,0,0
12596,1145,1,1
12597,1145,2,2
12598,1145,3,1
12599,1145,4,2
12600,1145,5,1
12601,1145,6,0
12602,1145,7,1
12603,1145,8,2
12604,1145,9,1
12605,1145,10,0
12606,1146,0,0
12607,1146,1,0
12608,1146,2,1
12609,1146,3,0
12610,1146,4,1
12611,1146,5,0
12612,1146,6,1
12613,1146,7,0
12614,1146,8,1
12615,1146,9,0
12616,1146,10,1
12617,1147,0,0
12618,1147,1,0
12619,1147,2,0
12620,1147,3,1
12621,1147,4,1
12622,1147,5,1
12623,1147,6,0
12624,1147,7,0
12625,1147,8,0
12626,1147,9,0
12627,1147,10,0
12628,1148,0,0
12629,1148,1,1
12630,1148,2,0
12631,1148,3,1
12632,1148,4,0
12633,1148,5,1
12634,1148,6,0
12635,1148,7,1
12636,1148,8,2
12637,1148,9,1
12638,1148,10,2
12639,1149,0,0
12640,1149,1,1
12641,1149,2,1
12642,1149,3,1
12643,1149,4,0
12644,1149,5,1
12645,1149,6,1
12646,1149,7,0
12647,1149,8,0
12648,1149,9,1
12649,1149,10,0
12650,1150,0,0
12651,1150,1,0
12652,1150,2,0
12653,1150,3,0
12654,1150,4,0
12655,1150,5,0
12656,1150,6,0
12657,1150,7,0
12658,1150,8,0
12659,1150,9,0
12660,1150,10,0
12661,1151,0,0
12662,1151,1,0
12663,1151,2,0
12664,1151,3,0
12665,1151,4,0
12666,1151,5,0
12667,1151,6,0
12668,1151,7,0
12669,1151,8,0
12670,1151,9,0
12671,1151,10,0
12672,1152,0,0
12673,1152,1,0
12674,1152,2,0
12675,1152,3,0
12676,1152,4,0
12677,1152,5,0
12678,1152,6,0
12679,1152,7,0
12680,1152,8,0
12681,1152,9,0
12682,1152,10,0
12683,1153,0,0
12684,1153,1,1
12685,1153,2,0
12686,1153,3,0
12687,1153,4,0
12688,1153,5,0
12689,1153,6,0
12690,1153,7,0
12691,1153,8,0
12692,1153,9,0
12693,1153,10,0
12694,1154,0,0
12695,1154,1,0
12696,1154,2,0
12697,1154,3,0
12698,1154,4,0
12699,1154,5,1
12700,1154,6,0
12701,1154,7,0
12702,1154,8,1
12703,1154,9,2
12704,1154,10,1
12705,1155,0,0
12706,1155,1,0
12707,1155,2,0
12708,1155,3,0
12709,1155,4,0
12710,1155,5,0
12711,1155,6,0
12712,1155,7,0
12713,1155,8,0
12714,1155,9,0
12715,1155,10,0
12716,1156,0,0
12717,1156,1,0
12718,1156,2,0
12719,1156,3,0
12720,1156,4,0
12721,1156,5,0
12722,1156,6,0
12723,1156,7,0
12724,1156,8,0
12725,1156,9,0
12726,1156,10,0
12727,1157,0,0
12728,1157,1,0
12729,1157,2,1
12730,1157,3,0
12731,1157,4,0
12732,1157,5,0
12733,1157,6,0
12734,1157,7,0
12735,1157,8,0
12736,1157,9,1
12737,1157,10,0
12738,1158,0,0
12739,1158,1,0
12740,1158,2,0
12741,1158,3,0
12742,1158,4,0
12743,1158,5,0
12744,1158,6,0
12745,1158,7,0
12746,1158,8,0
12747,1158,9,0
12748,1158,10,0
12749,1159,0,0
12750,1159,1,0
12751,1159,2,0
12752,1159,3,0
12753,1159,4,0
12754,1159,5,0
12755,1159,6,0
12756,1159,7,0
12757,1159,8,0
12758,1159,9,0
12759,1159,10,0
12760,1160,0,0
12761,1160,1,0
12762,1160,2,0
12763,1160,3,1
12764,1160,4,0
12765,1160,5,0
12766,1160,6,0
12767,1160,7,0
12768,1160,8,1
12769,1160,9,0
12770,1160,10,0
12771,1161,0,0
12772,1161,1,0
12773,1161,2,0
12774,1161,3,0
12775,1161,4,0
12776,1161,5,0
12777,1161,6,0
12778,1161,7,0
12779,1161,8,1
12780,1161,9,0
12781,1161,10,0
12782,1162,0,0
12783,1162,1,1
12784,1162,2,2
12785,1162,3,1
12786,1162,4,2
12787,1162,5,1
12788,1162,6,2
12789,1162,7,1
12790,1162,8,2
12791,1162,9,1
12792,1162,10,2
12793,1163,0,0
12794,1163,1,0
12795,1163,2,0
12796,1163,3,0
12797,1163,4,0
12798,1163,5,0
12799,1163,6,0
12800,1163,7,0
12801,1163,8,0
12802,1163,9,0
12803,1163,10,0
12804,1164,0,0
12805,1164,1,0
12806,1164,2,0
12807,1164,3,0
12808,1164,4,0
12809,1164,5,0
12810,1164,6,0
12811,1164,7,0
12812,1164,8,0
12813,1164,9,0
12814,1164,10,0
12815,1165,0,0
12816,1165,1,0
12817,1165,2,0
12818,1165,3,0
12819,1165,4,0
12820,1165,5,0
12821,1165,6,0
12822,1165,7,0
12823,1165,8,0
12824,1165,9,0
12825,1165,10,0
12826,1166,0,0
12827,1166,1,0
12828,1166,2,0
12829,1166,3,0
12830,1166,4,0
12831,1166,5,0
12832,1166,6,0
12833,1166,7,0
12834,1166,8,0
12835,1166,9,0
12836,1166,10,0
12837,1167,0,0
12838,1167,1,1
12839,1167,2,0
12840,1167,3,0
12841,1167,4,0
12842,1167,5,0
12843,1167,6,1
12844,1167,7,0
12845,1167,8,0
12846,1167,9,0
12847,1167,10,1
12848,1168,0,0
12849,1168,1,1
12850,1168,2,1
12851,1168,3,1
12852,1168,4,1
12853,1168,5,0
12854,1168,6,1
12855,1168,7,1
12856,1168,8,1
12857,1168,9,1
12858,1168,10,1
12859,1169,0,0
12860,1169,1,0
12861,1169,2,0
12862,1169,3,0
12863,1169,4,0
12864,1169,5,0
12865,1169,6,0
12866,1169,7,0
12867,1169,8,0
12868,1169,9,0
12869,1169,10,0
12870,1170,0,0
12871,1170,1,1
12872,1170,2,0
12873,1170,3,1
12874,1170,4,0
12875,1170,5,1
12876,1170,6,0
12877,1170,7,1
12878,1170,8,0
12879,1170,9,1
12880,1170,10,2
12881,1171,0,0
12882,1171,1,0
12883,1171,2,0
12884,1171,3,1
12885,1171,4,0
12886,1171,5,0
12887,1171,6,0
12888,1171,7,0
12889,1171,8,1
12890,1171,9,0
12891,1171,10,1
12892,1172,0,0
12893,1172,1,0
12894,1172,2,0
12895,1172,3,0
12896,1172,4,0
12897,1172,5,0
12898,1172,6,0
12899,1172,7,0
12900,1172,8,0
12901,1172,9,0
12902,1172,10,0
12903,1173,0,0
12904,1173,1,0
12905,1173,2,0
12906,1173,3,0
12907,1173,4,0
12908,1173,5,0
12909,1173,6,0
12910,1173,7,0
12911,1173,8,0
12912,1173,9,0
12913,1173,10,0
12914,1174,0,0
12915,1174,1,1
12916,1174,2,2
12917,1174,3,1
12918,1174,4,2
12919,1174,5,3
12920,1174,6,2
12921,1174,7,1
12922,1174,8,2
12923,1174,9,1
12924,1174,10,2
12925,1175,0,0
12926,1175,1,1
12927,1175,2,0
12928,1175,3,1
12929,1175,4,1
12930,1175,5,0
12931,1175,6,1
12932,1175,7,1
12933,1175,8,1
12934,1175,9,1
12935,1175,10,0
12936,1176,0,0
12937,1176,1,0
12938,1176,2,0
12939,1176,3,0
12940,1176,4,0
12941,1176,5,0
12942,1176,6,0
12943,1176,7,0
12944,1176,8,0
12945,1176,9,0
12946,1176,10,0
12947,1177,0,0
12948,1177,1,0
12949,1177,2,0
12950,1177,3,0
12951,1177,4,0
12952,1177,5,0
12953,1177,6,0
12954,1177,7,0
12955,1177,8,0
12956,1177,9,0
12957,1177,10,0
12958,1178,0,0
12959,1178,1,1
12960,1178,2,0
12961,1178,3,1
12962,1178,4,0
12963,1178,5,1
12964,1178,6,1
12965,1178,7,0
12966,1178,8,0
12967,1178,9,0
12968,1178,10,0
12969,1179,0,0
12970,1179,1,0
12971,1179,2,0
12972,1179,3,0
12973,1179,4,0
12974,1179,5,0
12975,1179,6,0
12976,1179,7,0
12977,1179,8,0
12978,1179,9,0
12979,1179,10,0
12980,1180,0,0
12981,1180,1,1
12982,1180,2,0
12983,1180,3,1
12984,1180,4,0
12985,1180,5,1
12986,1180,6,1
12987,1180,7,0
12988,1180,8,1
12989,1180,9,0
12990,1180,10,1
12991,1181,0,0
12992,1181,1,0
12993,1181,2,1
12994,1181,3,0
12995,1181,4,1
12996,1181,5,1
12997,1181,6,0
12998,1181,7,0
12999,1181,8,1
13000,1181,9,0
13001,1181,10,0
13002,1182,0,0
13003,1182,1,0
13004,1182,2,1
13005,1182,3,0
13006,1182,4,1
13007,1182,5,0
13008,1182,6,0
13009,1182,7,0
13010,1182,8,1
13011,1182,9,0
13012,1182,10,0
13013,1183,0,0
13014,1183,1,0
13015,1183,2,0
13016,1183,3,0
13017,1183,4,0
13018,1183,5,0
13019,1183,6,0
13020,1183,7,0
13021,1183,8,0
13022,1183,9,0
13023,1183,10,0
13024,1184,0,0
13025,1184,1,0
13026,1184,2,0
13027,1184,3,0
13028,1184,4,0
13029,1184,5,0
13030,1184,6,0
13031,1184,7,0
13032,1184,8,0
13033,1184,9,0
13034,1184,10,0
13035,1185,0,0
13036,1185,1,1
13037,1185,2,1
13038,1185,3,1
13039,1185,4,0
13040,1185,5,0
13041,1185,6,0
13042,1185,7,1
13043,1185,8,1
13044,1185,9,1
13045,1185,10,0
13046,1186,0,0
13047,1186,1,0
13048,1186,2,0
13049,1186,3,0
13050,1186,4,0
13051,1186,5,0
13052,1186,6,0
13053,1186,7,0
13054,1186,8,0
13055,1186,9,0
13056,1186,10,0
13057,1187,0,0
13058,1187,1,0
13059,1187,2,0
13060,1187,3,0
13061,1187,4,0
13062,1187,5,0
13063,1187,6,1
13064,1187,7,0
13065,1187,8,0
13066,1187,9,0
13067,1187,10,0
13068,1188,0,0
13069,1188,1,1
13070,1188,2,2
13071,1188,3,1
13072,1188,4,1
13073,1188,5,2
13074,1188,6,1
13075,1188,7,1
13076,1188,8,0
13077,1188,9,0
13078,1188,10,1
13079,1189,0,0
13080,1189,1,1
13081,1189,2,0
13082,1189,3,1
13083,1189,4,0
13084,1189,5,1
13085,1189,6,0
13086,1189,7,1
13087,1189,8,1
13088,1189,9,0
13089,1189,10,1
13090,1190,0,0
13091,1190,1,0
13092,1190,2,1
13093,1190,3,0
13094,1190,4,0
13095,1190,5,0
13096,1190,6,1
13097,1190,7,1
13098,1190,8,1
13099,1190,9,1
13100,1190,10,0
13101,1191,0,0
13102,1191,1,0
13103,1191,2,0
13104,1191,3,0
13105,1191,4,0
13106,1191,5,0
13107,1191,6,0
13108,1191,7,0
13109,1191,8,0
13110,1191,9,1
13111,1191,10,0
13112,1192,0,0
13113,1192,1,1
13114,1192,2,2
13115,1192,3,1
13116,1192,4,0
13117,1192,5,1
13118,1192,6,1
13119,1192,7,0
13120,1192,8,1
13121,1192,9,0
13122,1192,10,1
13123,1193,0,0
13124,1193,1,1
13125,1193,2,2
13126,1193,3,1
13127,1193,4,2
13128,1193,5,1
13129,1193,6,1
13130,1193,7,2
13131,1193,8,1
13132,1193,9,0
13133,1193,10,1
13134,1194,0,0
13135,1194,1,0
13136,1194,2,0
13137,1194,3,0
13138,1194,4,1
13139,1194,5,0
13140,1194,6,0
13141,1194,7,0
13142,1194,8,0
13143,1194,9,0
13144,1194,10,0
13145,1195,0,0
13146,1195,1,0
13147,1195,2,0
13148,1195,3,0
13149,1195,4,0
13150,1195,5,0
13151,1195,6,0
13152,1195,7,0
13153,1195,8,0
13154,1195,9,0
13155,1195,10,0
13156,1196,0,0
13157,1196,1,0
13158,1196,2,0
13159,1196,3,0
13160,1196,4,0
13161,1196,5,0
13162,1196,6,0
13163,1196,7,0
13164,1196,8,0
13165,1196,9,0
13166,1196,10,0
13167,1197,0,0
13168,1197,1,1
13169,1197,2,0
13170,1197,3,0
13171,1197,4,0
13172,1197,5,0
13173,1197,6,0
13174,1197,7,0
13175,1197,8,0
13176,1197,9,0
13177,1197,10,0
13178,1198,0,0
13179,1198,1,0
13180,1198,2,0
13181,1198,3,0
13182,1198,4,0
13183,1198,5,0
13184,1198,6,0
13185,1198,7,0
13186,1198,8,0
13187,1198,9,0
13188,1198,10,0
13189,1199,0,0
13190,1199,1,1
13191,1199,2,0
13192,1199,3,1
13193,1199,4,0
13194,1199,5,1
13195,1199,6,0
13196,1199,7,1
13197,1199,8,0
13198,1199,9,1
13199,1199,10,0
13200,1200,0,0
13201,1200,1,1
13202,1200,2,0
13203,1200,3,1
13204,1200,4,0
13205,1200,5,1
13206,1200,6,2
13207,1200,7,1
13208,1200,8,0
13209,1200,9,1
13210,1200,10,2
13211,1201,0,0
13212,1201,1,0
13213,1201,2,1
13214,1201,3,2
13215,1201,4,1
13216,1201,5,1
13217,1201,6,2
13218,1201,7,1
13219,1201,8,0
13220,1201,9,1
13221,1201,10,2
13222,1202,0,0
13223,1202,1,1
13224,1202,2,1
13225,1202,3,0
13226,1202,4,0
13227,1202,5,1
13228,1202,6,0
13229,1202,7,0
13230,1202,8,0
13231,1202,9,1
13232,1202,10,1
13233,1203,0,0
13234,1203,1,1
13235,1203,2,2
13236,1203,3,1
13237,1203,4,2
13238,1203,5,1
13239,1203,6,2
13240,1203,7,1
13241,1203,8,2
13242,1203,9,1
13243,1203,10,2
13244,1204,0,0
13245,1204,1,0
13246,1204,2,0
13247,1204,3,0
13248,1204,4,0
13249,1204,5,0
13250,1204,6,0
13251,1204,7,0
13252,1204,8,0
13253,1204,9,0
13254,1204,10,0
13255,1205,0,0
13256,1205,1,1
13257,1205,2,0
13258,1205,3,0
13259,1205,4,0
13260,1205,5,1
13261,1205,6,0
13262,1205,7,1
13263,1205,8,0
13264,1205,9,1
13265,1205,10,0
13266,1206,0,0
13267,1206,1,1
13268,1206,2,0
13269,1206,3,1
13270,1206,4,1
13271,1206,5,0
13272,1206,6,1
13273,1206,7,0
13274,1206,8,1
13275,1206,9,0
13276,1206,10,1
13277,1207,0,0
13278,1207,1,0
13279,1207,2,0
13280,1207,3,1
13281,1207,4,0
13282,1207,5,0
13283,1207,6,0
13284,1207,7,1
13285,1207,8,0
13286,1207,9,0
13287,1207,10,0
13288,1208,0,0
13289,1208,1,0
13290,1208,2,0
13291,1208,3,0
13292,1208,4,0
13293,1208,5,0
13294,1208,6,0
13295,1208,7,0
13296,1208,8,0
13297,1208,9,0
13298,1208,10,0
13299,1209,0,0
13300,1209,1,0
13301,1209,2,0
13302,1209,3,0
13303,1209,4,0
13304,1209,5,0
13305,1209,6,0
13306,1209,7,0
13307,1209,8,0
13308,1209,9,0
13309,1209,10,0
13310,1210,0,0
13311,1210,1,0
13312,1210,2,0
13313,1210,3,0
13314,1210,4,0
13315,1210,5,0
13316,1210,6,0
13317,1210,7,0
13318,1210,8,0
13319,1210,9,0
13320,1210,10,0
13321,1211,0,0
13322,1211,1,0
13323,1211,2,0
13324,1211,3,0
13325,1211,4,0
13326,1211,5,0
13327,1211,6,0
13328,1211,7,0
13329,1211,8,1
13330,1211,9,0
13331,1211,10,0
13332,1212,0,0
13333,1212,1,1
13334,1212,2,0
13335,1212,3,1
13336,1212,4,2
13337,1212,5,1
13338,1212,6,2
13339,1212,7,1
13340,1212,8,0
13341,1212,9,1
13342,1212,10,2
13343,1213,0,0
13344,1213,1,0
13345,1213,2,0
13346,1213,3,0
13347,1213,4,0
13348,1213,5,0
13349,1213,6,0
13350,1213,7,0
13351,1213,8,0
13352,1213,9,0
13353,1213,10,0
13354,1214,0,0
13355,1214,1,0
13356,1214,2,0
13357,1214,3,0
13358,1214,4,0
13359,1214,5,0
13360,1214,6,0
13361,1214,7,0
13362,1214,8,0
13363,1214,9,0
13364,1214,10,0
13365,1215,0,0
13366,1215,1,0
13367,1215,2,0
13368,1215,3,0
13369,1215,4,0
13370,1215,5,1
13371,1215,6,0
13372,1215,7,0
13373,1215,8,1
13374,1215,9,0
13375,1215,10,0
13376,1216,0,0
13377,1216,1,0
13378,1216,2,0
13379,1216,3,0
13380,1216,4,0
13381,1216,5,0
13382,1216,6,0
13383,1216,7,0
13384,1216,8,0
13385,1216,9,0
13386,1216,10,0
13387,1217,0,0
13388,1217,1,0
13389,1217,2,0
13390,1217,3,0
13391,1217,4,0
13392,1217,5,0
13393,1217,6,0
13394,1217,7,0
13395,1217,8,0
13396,1217,9,0
13397,1217,10,0
13398,1218,0,0
13399,1218,1,1
13400,1218,2,0
13401,1218,3,1
13402,1218,4,0
13403,1218,5,1
13404,1218,6,0
13405,1218,7,1
13406,1218,8,0
13407,1218,9,1
13408,1218,10,0
13409,1219,0,0
13410,1219,1,0
13411,1219,2,0
13412,1219,3,0
13413,1219,4,0
13414,1219,5,0
13415,1219,6,0
13416,1219,7,0
13417,1219,8,0
13418,1219,9,0
13419,1219,10,0
13420,1220,0,0
13421,1220,1,0
13422,1220,2,0
13423,1220,3,0
13424,1220,4,0
13425,1220,5,0
13426,1220,6,0
13427,1220,7,0
13428,1220,8,0
13429,1220,9,0
13430,1220,10,0
13431,1221,0,0
13432,1221,1,0
13433,1221,2,0
13434,1221,3,0
13435,1221,4,0
13436,1221,5,0
13437,1221,6,0
13438,1221,7,0
13439,1221,8,0
13440,1221,9,0
13441,1221,10,0
13442,1222,0,0
13443,1222,1,0
13444,1222,2,0
13445,1222,3,0
13446,1222,4,0
13447,1222,5,0
13448,1222,6,0
13449,1222,7,0
13450,1222,8,0
13451,1222,9,0
13452,1222,10,0
13453,1223,0,0
13454,1223,1,0
13455,1223,2,0
13456,1223,3,0
13457,1223,4,0
13458,1223,5,0
13459,1223,6,0
13460,1223,7,0
13461,1223,8,0
13462,1223,9,0
13463,1223,10,0
13464,1224,0,0
13465,1224,1,0
13466,1224,2,0
13467,1224,3,0
13468,1224,4,0
13469,1224,5,0
13470,1224,6,0
13471,1224,7,0
13472,1224,8,0
13473,1224,9,0
13474,1224,10,0
13475,1225,0,0
13476,1225,1,0
13477,1225,2,0
13478,1225,3,0
13479,1225,4,0
13480,1225,5,1
13481,1225,6,0
13482,1225,7,1
13483,1225,8,0
13484,1225,9,1
13485,1225,10,0
13486,1226,0,0
13487,1226,1,1
13488,1226,2,0
13489,1226,3,1
13490,1226,4,0
13491,1226,5,1
13492,1226,6,0
13493,1226,7,1
13494,1226,8,0
13495,1226,9,1
13496,1226,10,0
13497,1227,0,0
13498,1227,1,0
13499,1227,2,0
13500,1227,3,0
13501,1227,4,0
13502,1227,5,0
13503,1227,6,0
13504,1227,7,0
13505,1227,8,0
13506,1227,9,0
13507,1227,10,0
13508,1228,0,0
13509,1228,1,0
13510,1228,2,0
13511,1228,3,0
13512,1228,4,0
13513,1228,5,0
13514,1228,6,0
13515,1228,7,0
13516,1228,8,0
13517,1228,9,0
13518,1228,10,0
13519,1229,0,0
13520,1229,1,0
13521,1229,2,0
13522,1229,3,0
13523,1229,4,0
13524,1229,5,0
13525,1229,6,0
13526,1229,7,1
13527,1229,8,1
13528,1229,9,1
13529,1229,10,1
13530,1230,0,0
13531,1230,1,0
13532,1230,2,0
13533,1230,3,0
13534,1230,4,0
13535,1230,5,1
13536,1230,6,2
13537,1230,7,1
13538,1230,8,1
13539,1230,9,2
13540,1230,10,1
13541,1231,0,0
13542,1231,1,0
13543,1231,2,0
13544,1231,3,0
13545,1231,4,0
13546,1231,5,0
13547,1231,6,0
13548,1231,7,0
13549,1231,8,0
13550,1231,9,0
13551,1231,10,0
13552,1232,0,0
13553,1232,1,1
13554,1232,2,0
13555,1232,3,0
13556,1232,4,0
13557,1232,5,0
13558,1232,6,0
13559,1232,7,0
13560,1232,8,0
13561,1232,9,1
13562,1232,10,0
13563,1233,0,0
13564,1233,1,0
13565,1233,2,0
13566,1233,3,0
13567,1233,4,0
13568,1233,5,0
13569,1233,6,0
13570,1233,7,0
13571,1233,8,0
13572,1233,9,0
13573,1233,10,0
13574,1234,0,0
13575,1234,1,0
13576,1234,2,0
13577,1234,3,0
13578,1234,4,0
13579,1234,5,0
13580,1234,6,0
13581,1234,7,0
13582,1234,8,0
13583,1234,9,0
13584,1234,10,0
13585,1235,0,0
13586,1235,1,1
13587,1235,2,0
13588,1235,3,1
13589,1235,4,0
13590,1235,5,1
13591,1235,6,0
13592,1235,7,1
13593,1235,8,0
13594,1235,9,1
13595,1235,10,0
13596,1236,0,0
13597,1236,1,1
13598,1236,2,0
13599,1236,3,1
13600,1236,4,0
13601,1236,5,1
13602,1236,6,1
13603,1236,7,0
13604,1236,8,1
13605,1236,9,0
13606,1236,10,1
13607,1237,0,0
13608,1237,1,0
13609,1237,2,0
13610,1237,3,0
13611,1237,4,0
13612,1237,5,0
13613,1237,6,0
13614,1237,7,0
13615,1237,8,0
13616,1237,9,0
13617,1237,10,0
13618,1238,0,0
13619,1238,1,0
13620,1238,2,0
13621,1238,3,0
13622,1238,4,0
13623,1238,5,0
13624,1238,6,0
13625,1238,7,0
13626,1238,8,0
13627,1238,9,0
13628,1238,10,0
13629,1239,0,0
13630,1239,1,1
13631,1239,2,2
13632,1239,3,1
13633,1239,4,2
13634,1239,5,3
13635,1239,6,2
13636,1239,7,1
13637,1239,8,2
13638,1239,9,1
13639,1239,10,2
13640,1240,0,0
13641,1240,1,1
13642,1240,2,0
13643,1240,3,1
13644,1240,4,0
13645,1240,5,1
13646,1240,6,0
13647,1240,7,1
13648,1240,8,0
13649,1240,9,1
13650,1240,10,0
13651,1241,0,0
13652,1241,1,0
13653,1241,2,0
13654,1241,3,0
13655,1241,4,0
13656,1241,5,0
13657,1241,6,0
13658,1241,7,0
13659,1241,8,0
13660,1241,9,0
13661,1241,10,0
13662,1242,0,0
13663,1242,1,0
13664,1242,2,0
13665,1242,3,0
13666,1242,4,0
13667,1242,5,0
13668,1242,6,0
13669,1242,7,0
13670,1242,8,0
13671,1242,9,0
13672,1242,10,0
13673,1243,0,0
13674,1243,1,1
13675,1243,2,0
13676,1243,3,1
13677,1243,4,0
13678,1243,5,1
13679,1243,6,1
13680,1243,7,1
13681,1243,8,1
13682,1243,9,0
13683,1243,10,0
13684,1244,0,0
13685,1244,1,0
13686,1244,2,0
13687,1244,3,1
13688,1244,4,0
13689,1244,5,1
13690,1244,6,0
13691,1244,7,1
13692,1244,8,0
13693,1244,9,1
13694,1244,10,0
13695,1245,0,0
13696,1245,1,0
13697,1245,2,0
13698,1245,3,0
13699,1245,4,0
13700,1245,5,0
13701,1245,6,0
13702,1245,7,0
13703,1245,8,0
13704,1245,9,0
13705,1245,10,0
13706,1246,0,0
13707,1246,1,1
13708,1246,2,1
13709,1246,3,0
13710,1246,4,0
13711,1246,5,1
13712,1246,6,1
13713,1246,7,0
13714,1246,8,1
13715,1246,9,0
13716,1246,10,0
13717,1247,0,0
13718,1247,1,0
13719,1247,2,0
13720,1247,3,0
13721,1247,4,0
13722,1247,5,0
13723,1247,6,0
13724,1247,7,0
13725,1247,8,0
13726,1247,9,0
13727,1247,10,0
13728,1248,0,0
13729,1248,1,1
13730,1248,2,2
13731,1248,3,1
13732,1248,4,2
13733,1248,5,1
13734,1248,6,2
13735,1248,7,1
13736,1248,8,2
13737,1248,9,1
13738,1248,10,2
13739,1249,0,0
13740,1249,1,0
13741,1249,2,0
13742,1249,3,0
13743,1249,4,0
13744,1249,5,0
13745,1249,6,0
13746,1249,7,0
13747,1249,8,0
13748,1249,9,0
13749,1249,10,0
13750,1250,0,0
13751,1250,1,0
13752,1250,2,0
13753,1250,3,0
13754,1250,4,0
13755,1250,5,0
13756,1250,6,0
13757,1250,7,0
13758,1250,8,0
13759,1250,9,0
13760,1250,10,0
13761,1251,0,0
13762,1251,1,0
13763,1251,2,0
13764,1251,3,0
13765,1251,4,0
13766,1251,5,0
13767,1251,6,0
13768,1251,7,0
13769,1251,8,0
13770,1251,9,0
13771,1251,10,0
13772,1252,0,0
13773,1252,1,1
13774,1252,2,1
13775,1252,3,1
13776,1252,4,1
13777,1252,5,1
13778,1252,6,1
13779,1252,7,1
13780,1252,8,1
13781,1252,9,1
13782,1252,10,1
13783,1253,0,0
13784,1253,1,0
13785,1253,2,1
13786,1253,3,0
13787,1253,4,0
13788,1253,5,0
13789,1253,6,1
13790,1253,7,0
13791,1253,8,0
13792,1253,9,0
13793,1253,10,1
13794,1254,0,0
13795,1254,1,1
13796,1254,2,1
13797,1254,3,0
13798,1254,4,1
13799,1254,5,0
13800,1254,6,1
13801,1254,7,0
13802,1254,8,1
13803,1254,9,1
13804,1254,10,1
13805,1255,0,0
13806,1255,1,0
13807,1255,2,0
13808,1255,3,0
13809,1255,4,0
13810,1255,5,0
13811,1255,6,0
13812,1255,7,0
13813,1255,8,0
13814,1255,9,0
13815,1255,10,1
13816,1256,0,0
13817,1256,1,0
13818,1256,2,0
13819,1256,3,0
13820,1256,4,0
13821,1256,5,0
13822,1256,6,0
13823,1256,7,0
13824,1256,8,0
13825,1256,9,0
13826,1256,10,0
13827,1257,0,0
13828,1257,1,0
13829,1257,2,0
13830,1257,3,0
13831,1257,4,0
13832,1257,5,0
13833,1257,6,0
13834,1257,7,0
13835,1257,8,0
13836,1257,9,0
13837,1257,10,1
13838,1258,0,0
13839,1258,1,0
13840,1258,2,0
13841,1258,3,0
13842,1258,4,0
13843,1258,5,0
13844,1258,6,0
13845,1258,7,0
13846,1258,8,0
13847,1258,9,0
13848,1258,10,0
13849,1259,0,0
13850,1259,1,0
13851,1259,2,1
13852,1259,3,0
13853,1259,4,0
13854,1259,5,0
13855,1259,6,0
13856,1259,7,0
13857,1259,8,0
13858,1259,9,0
13859,1259,10,0
13860,1260,0,0
13861,1260,1,0
13862,1260,2,0
13863,1260,3,0
13864,1260,4,0
13865,1260,5,0
13866,1260,6,0
13867,1260,7,0
13868,1260,8,0
13869,1260,9,0
13870,1260,10,0
13871,1261,0,0
13872,1261,1,0
13873,1261,2,0
13874,1261,3,0
13875,1261,4,0
13876,1261,5,0
13877,1261,6,0
13878,1261,7,0
13879,1261,8,0
13880,1261,9,0
13881,1261,10,0
13882,1262,0,0
13883,1262,1,0
13884,1262,2,0
13885,1262,3,0
13886,1262,4,0
13887,1262,5,0
13888,1262,6,0
13889,1262,7,0
13890,1262,8,0
13891,1262,9,0
13892,1262,10,0
13893,1263,0,0
13894,1263,1,1
13895,1263,2,1
13896,1263,3,0
13897,1263,4,1
13898,1263,5,1
13899,1263,6,0
13900,1263,7,1
13901,1263,8,0
13902,1263,9,1
13903,1263,10,0
13904,1264,0,0
13905,1264,1,0
13906,1264,2,0
13907,1264,3,0
13908,1264,4,0
13909,1264,5,0
13910,1264,6,0
13911,1264,7,0
13912,1264,8,1
13913,1264,9,2
13914,1264,10,1
13915,1265,0,0
13916,1265,1,0
13917,1265,2,0
13918,1265,3,0
13919,1265,4,0
13920,1265,5,0
13921,1265,6,0
13922,1265,7,0
13923,1265,8,0
13924,1265,9,0
13925,1265,10,0
13926,1266,0,0
13927,1266,1,0
13928,1266,2,0
13929,1266,3,0
13930,1266,4,0
13931,1266,5,0
13932,1266,6,0
13933,1266,7,0
13934,1266,8,0
13935,1266,9,0
13936,1266,10,0
13937,1267,0,0
13938,1267,1,0
13939,1267,2,0
13940,1267,3,0
13941,1267,4,0
13942,1267,5,0
13943,1267,6,0
13944,1267,7,1
13945,1267,8,0
13946,1267,9,0
13947,1267,10,0
13948,1268,0,0
13949,1268,1,0
13950,1268,2,0
13951,1268,3,0
13952,1268,4,0
13953,1268,5,0
13954,1268,6,0
13955,1268,7,0
13956,1268,8,0
13957,1268,9,0
13958,1268,10,0
13959,1269,0,0
13960,1269,1,0
13961,1269,2,0
13962,1269,3,0
13963,1269,4,0
13964,1269,5,0
13965,1269,6,0
13966,1269,7,0
13967,1269,8,0
13968,1269,9,0
13969,1269,10,0
13970,1270,0,0
13971,1270,1,0
13972,1270,2,0
13973,1270,3,0
13974,1270,4,0
13975,1270,5,0
13976,1270,6,0
13977,1270,7,0
13978,1270,8,0
13979,1270,9,0
13980,1270,10,0
13981,1271,0,0
13982,1271,1,0
13983,1271,2,0
13984,1271,3,0
13985,1271,4,0
13986,1271,5,0
13987,1271,6,0
13988,1271,7,0
13989,1271,8,0
13990,1271,9,0
13991,1271,10,0
13992,1272,0,0
13993,1272,1,0
13994,1272,2,0
13995,1272,3,0
13996,1272,4,0
13997,1272,5,0
13998,1272,6,0
13999,1272,7,0
14000,1272,8,0
14001,1272,9,0
14002,1272,10,0
14003,1273,0,0
14004,1273,1,0
14005,1273,2,0
14006,1273,3,0
14007,1273,4,0
14008,1273,5,0
14009,1273,6,0
14010,1273,7,0
14011,1273,8,0
14012,1273,9,0
14013,1273,10,0
14014,1274,0,0
14015,1274,1,0
14016,1274,2,0
14017,1274,3,0
14018,1274,4,0
14019,1274,5,0
14020,1274,6,0
14021,1274,7,0
14022,1274,8,0
14023,1274,9,0
14024,1274,10,0
14025,1275,0,0
14026,1275,1,0
14027,1275,2,0
14028,1275,3,0
14029,1275,4,0
14030,1275,5,0
14031,1275,6,0
14032,1275,7,0
14033,1275,8,0
14034,1275,9,0
14035,1275,10,0
14036,1276,0,0
14037,1276,1,0
14038,1276,2,0
14039,1276,3,0
14040,1276,4,0
14041,1276,5,0
14042,1276,6,0
14043,1276,7,0
14044,1276,8,0
14045,1276,9,0
14046,1276,10,0
14047,1277,0,0
14048,1277,1,0
14049,1277,2,0
14050,1277,3,0
14051,1277,4,0
14052,1277,5,0
14053,1277,6,0
14054,1277,7,0
14055,1277,8,0
14056,1277,9,0
14057,1277,10,0
14058,1278,0,0
14059,1278,1,0
14060,1278,2,0
14061,1278,3,0
14062,1278,4,0
14063,1278,5,0
14064,1278,6,0
14065,1278,7,0
14066,1278,8,0
14067,1278,9,1
14068,1278,10,2
14069,1279,0,0
14070,1279,1,0
14071,1279,2,0
14072,1279,3,0
14073,1279,4,0
14074,1279,5,0
14075,1279,6,0
14076,1279,7,0
14077,1279,8,0
14078,1279,9,0
14079,1279,10,0
14080,1280,0,0
14081,1280,1,0
14082,1280,2,0
14083,1280,3,0
14084,1280,4,0
14085,1280,5,0
14086,1280,6,0
14087,1280,7,0
14088,1280,8,0
14089,1280,9,0
14090,1280,10,0
14091,1281,0,0
14092,1281,1,0
14093,1281,2,0
14094,1281,3,0
14095,1281,4,0
14096,1281,5,0
14097,1281,6,0
14098,1281,7,0
14099,1281,8,0
14100,1281,9,0
14101,1281,10,0
14102,1282,0,0
14103,1282,1,0
14104,1282,2,0
14105,1282,3,0
14106,1282,4,0
14107,1282,5,1
14108,1282,6,1
14109,1282,7,1
14110,1282,8,1
14111,1282,9,1
14112,1282,10,1
14113,1283,0,0
14114,1283,1,0
14115,1283,2,0
14116,1283,3,0
14117,1283,4,0
14118,1283,5,0
14119,1283,6,0
14120,1283,7,0
14121,1283,8,0
14122,1283,9,0
14123,1283,10,0
14124,1284,0,0
14125,1284,1,0
14126,1284,2,0
14127,1284,3,0
14128,1284,4,0
14129,1284,5,0
14130,1284,6,0
14131,1284,7,0
14132,1284,8,0
14133,1284,9,0
14134,1284,10,0
14135,1285,0,0
14136,1285,1,1
14137,1285,2,0
14138,1285,3,1
14139,1285,4,0
14140,1285,5,1
14141,1285,6,0
14142,1285,7,1
14143,1285,8,1
14144,1285,9,1
14145,1285,10,0
14146,1286,0,0
14147,1286,1,1
14148,1286,2,1
14149,1286,3,1
14150,1286,4,1
14151,1286,5,1
14152,1286,6,1
14153,1286,7,1
14154,1286,8,1
14155,1286,9,1
14156,1286,10,1
14157,1287,0,0
14158,1287,1,1
14159,1287,2,0
14160,1287,3,1
14161,1287,4,0
14162,1287,5,1
14163,1287,6,0
14164,1287,7,1
14165,1287,8,1
14166,1287,9,1
14167,1287,10,0
14168,1288,0,0
14169,1288,1,1
14170,1288,2,0
14171,1288,3,1
14172,1288,4,2
14173,1288,5,1
14174,1288,6,0
14175,1288,7,1
14176,1288,8,0
14177,1288,9,0
14178,1288,10,0
14179,1289,0,0
14180,1289,1,0
14181,1289,2,0
14182,1289,3,0
14183,1289,4,0
14184,1289,5,0
14185,1289,6,0
14186,1289,7,0
14187,1289,8,0
14188,1289,9,0
14189,1289,10,0
14190,1290,0,0
14191,1290,1,1
14192,1290,2,0
14193,1290,3,1
14194,1290,4,2
14195,1290,5,1
14196,1290,6,1
14197,1290,7,0
14198,1290,8,1
14199,1290,9,2
14200,1290,10,2
14201,1291,0,0
14202,1291,1,0
14203,1291,2,0
14204,1291,3,1
14205,1291,4,1
14206,1291,5,0
14207,1291,6,0
14208,1291,7,0
14209,1291,8,0
14210,1291,9,0
14211,1291,10,0
14212,1292,0,0
14213,1292,1,1
14214,1292,2,0
14215,1292,3,0
14216,1292,4,0
14217,1292,5,1
14218,1292,6,0
14219,1292,7,0
14220,1292,8,0
14221,1292,9,0
14222,1292,10,1
14223,1293,0,0
14224,1293,1,1
14225,1293,2,0
14226,1293,3,1
14227,1293,4,0
14228,1293,5,1
14229,1293,6,1
14230,1293,7,1
14231,1293,8,0
14232,1293,9,1
14233,1293,10,0
14234,1294,0,0
14235,1294,1,0
14236,1294,2,0
14237,1294,3,0
14238,1294,4,0
14239,1294,5,0
14240,1294,6,0
14241,1294,7,0
14242,1294,8,0
14243,1294,9,0
14244,1294,10,0
14245,1295,0,0
14246,1295,1,0
14247,1295,2,0
14248,1295,3,0
14249,1295,4,0
14250,1295,5,0
14251,1295,6,0
14252,1295,7,0
14253,1295,8,0
14254,1295,9,0
14255,1295,10,0
14256,1296,0,0
14257,1296,1,1
14258,1296,2,1
14259,1296,3,0
14260,1296,4,1
14261,1296,5,2
14262,1296,6,1
14263,1296,7,0
14264,1296,8,1
14265,1296,9,1
14266,1296,10,1
14267,1297,0,0
14268,1297,1,1
14269,1297,2,1
14270,1297,3,1
14271,1297,4,0
14272,1297,5,1
14273,1297,6,0
14274,1297,7,0
14275,1297,8,0
14276,1297,9,0
14277,1297,10,1
14278,1298,0,0
14279,1298,1,0
14280,1298,2,0
14281,1298,3,0
14282,1298,4,0
14283,1298,5,0
14284,1298,6,0
14285,1298,7,0
14286,1298,8,0
14287,1298,9,0
14288,1298,10,0
14289,1299,0,0
14290,1299,1,0
14291,1299,2,0
14292,1299,3,0
14293,1299,4,0
14294,1299,5,0
14295,1299,6,0
14296,1299,7,0
14297,1299,8,0
14298,1299,9,0
14299,1299,10,0
14300,1300,0,0
14301,1300,1,0
14302,1300,2,1
14303,1300,3,0
14304,1300,4,1
14305,1300,5,0
14306,1300,6,1
14307,1300,7,1
14308,1300,8,0
14309,1300,9,1
14310,1300,10,1
14311,1301,0,0
14312,1301,1,0
14313,1301,2,0
14314,1301,3,0
14315,1301,4,0
14316,1301,5,0
14317,1301,6,0
14318,1301,7,0
14319,1301,8,0
14320,1301,9,0
14321,1301,10,0
14322,1302,0,0
14323,1302,1,1
14324,1302,2,1
14325,1302,3,1
14326,1302,4,0
14327,1302,5,0
14328,1302,6,1
14329,1302,7,1
14330,1302,8,1
14331,1302,9,0
14332,1302,10,1
14333,1303,0,0
14334,1303,1,0
14335,1303,2,1
14336,1303,3,0
14337,1303,4,0
14338,1303,5,0
14339,1303,6,0
14340,1303,7,0
14341,1303,8,0
14342,1303,9,0
14343,1303,10,0
14344,1304,0,0
14345,1304,1,1
14346,1304,2,2
14347,1304,3,1
14348,1304,4,2
14349,1304,5,1
14350,1304,6,2
14351,1304,7,1
14352,1304,8,2
14353,1304,9,1
14354,1304,10,2
14355,1305,0,0
14356,1305,1,0
14357,1305,2,0
14358,1305,3,0
14359,1305,4,0
14360,1305,5,0
14361,1305,6,0
14362,1305,7,0
14363,1305,8,0
14364,1305,9,0
14365,1305,10,0
14366,1306,0,0
14367,1306,1,0
14368,1306,2,0
14369,1306,3,0
14370,1306,4,0
14371,1306,5,0
14372,1306,6,0
14373,1306,7,0
14374,1306,8,0
14375,1306,9,0
14376,1306,10,0
14377,1307,0,0
14378,1307,1,1
14379,1307,2,0
14380,1307,3,0
14381,1307,4,0
14382,1307,5,1
14383,1307,6,0
14384,1307,7,0
14385,1307,8,1
14386,1307,9,0
14387,1307,10,1
14388,1308,0,0
14389,1308,1,0
14390,1308,2,0
14391,1308,3,0
14392,1308,4,0
14393,1308,5,0
14394,1308,6,0
14395,1308,7,0
14396,1308,8,0
14397,1308,9,0
14398,1308,10,0
14399,1309,0,0
14400,1309,1,0
14401,1309,2,0
14402,1309,3,0
14403,1309,4,0
14404,1309,5,0
14405,1309,6,0
14406,1309,7,0
14407,1309,8,0
14408,1309,9,0
14409,1309,10,0
14410,1310,0,0
14411,1310,1,0
14412,1310,2,0
14413,1310,3,0
14414,1310,4,0
14415,1310,5,0
14416,1310,6,0
14417,1310,7,0
14418,1310,8,0
14419,1310,9,0
14420,1310,10,0
14421,1311,0,0
14422,1311,1,0
14423,1311,2,0
14424,1311,3,0
14425,1311,4,0
14426,1311,5,0
14427,1311,6,0
14428,1311,7,0
14429,1311,8,0
14430,1311,9,0
14431,1311,10,0
14432,1312,0,0
14433,1312,1,0
14434,1312,2,0
14435,1312,3,0
14436,1312,4,0
14437,1312,5,0
14438,1312,6,0
14439,1312,7,0
14440,1312,8,0
14441,1312,9,1
14442,1312,10,0
14443,1313,0,0
14444,1313,1,0
14445,1313,2,0
14446,1313,3,0
14447,1313,4,0
14448,1313,5,0
14449,1313,6,0
14450,1313,7,0
14451,1313,8,0
14452,1313,9,0
14453,1313,10,0
14454,1314,0,0
14455,1314,1,0
14456,1314,2,0
14457,1314,3,0
14458,1314,4,0
14459,1314,5,0
14460,1314,6,0
14461,1314,7,0
14462,1314,8,0
14463,1314,9,0
14464,1314,10,0
14465,1315,0,0
14466,1315,1,0
14467,1315,2,0
14468,1315,3,0
14469,1315,4,0
14470,1315,5,0
14471,1315,6,0
14472,1315,7,0
14473,1315,8,1
14474,1315,9,1
14475,1315,10,1
14476,1316,0,0
14477,1316,1,0
14478,1316,2,0
14479,1316,3,0
14480,1316,4,0
14481,1316,5,0
14482,1316,6,0
14483,1316,7,0
14484,1316,8,0
14485,1316,9,0
14486,1316,10,0
14487,1317,0,0
14488,1317,1,0
14489,1317,2,0
14490,1317,3,0
14491,1317,4,0
14492,1317,5,0
14493,1317,6,0
14494,1317,7,0
14495,1317,8,0
14496,1317,9,0
14497,1317,10,0
14498,1318,0,0
14499,1318,1,0
14500,1318,2,0
14501,1318,3,0
14502,1318,4,0
14503,1318,5,0
14504,1318,6,0
14505,1318,7,0
14506,1318,8,0
14507,1318,9,0
14508,1318,10,0
14509,1319,0,0
14510,1319,1,1
14511,1319,2,0
14512,1319,3,1
14513,1319,4,0
14514,1319,5,1
14515,1319,6,0
14516,1319,7,0
14517,1319,8,1
14518,1319,9,0
14519,1319,10,1
14520,1320,0,0
14521,1320,1,0
14522,1320,2,0
14523,1320,3,0
14524,1320,4,0
14525,1320,5,0
14526,1320,6,0
14527,1320,7,0
14528,1320,8,0
14529,1320,9,0
14530,1320,10,0
14531,1321,0,0
14532,1321,1,1
14533,1321,2,2
14534,1321,3,3
14535,1321,4,2
14536,1321,5,1
14537,1321,6,0
14538,1321,7,1
14539,1321,8,0
14540,1321,9,1
14541,1321,10,0
14542,1322,0,0
14543,1322,1,0
14544,1322,2,0
14545,1322,3,0
14546,1322,4,0
14547,1322,5,0
14548,1322,6,0
14549,1322,7,0
14550,1322,8,0
14551,1322,9,0
14552,1322,10,0
14553,1323,0,0
14554,1323,1,0
14555,1323,2,0
14556,1323,3,0
14557,1323,4,0
14558,1323,5,0
14559,1323,6,0
14560,1323,7,0
14561,1323,8,0
14562,1323,9,0
14563,1323,10,0
14564,1324,0,0
14565,1324,1,0
14566,1324,2,0
14567,1324,3,0
14568,1324,4,1
14569,1324,5,0
14570,1324,6,0
14571,1324,7,0
14572,1324,8,1
14573,1324,9,0
14574,1324,10,1
14575,1325,0,0
14576,1325,1,0
14577,1325,2,0
14578,1325,3,0
14579,1325,4,0
14580,1325,5,0
14581,1325,6,0
14582,1325,7,0
14583,1325,8,0
14584,1325,9,0
14585,1325,10,0
14586,1326,0,0
14587,1326,1,0
14588,1326,2,0
14589,1326,3,0
14590,1326,4,0
14591,1326,5,0
14592,1326,6,0
14593,1326,7,0
14594,1326,8,0
14595,1326,9,0
14596,1326,10,0
14597,1327,0,0
14598,1327,1,0
14599,1327,2,0
14600,1327,3,0
14601,1327,4,0
14602,1327,5,0
14603,1327,6,0
14604,1327,7,0
14605,1327,8,0
14606,1327,9,0
14607,1327,10,0
14608,1328,0,0
14609,1328,1,0
14610,1328,2,0
14611,1328,3,0
14612,1328,4,0
14613,1328,5,0
14614,1328,6,0
14615,1328,7,0
14616,1328,8,0
14617,1328,9,1
14618,1328,10,0
14619,1329,0,0
14620,1329,1,0
14621,1329,2,0
14622,1329,3,0
14623,1329,4,0
14624,1329,5,0
14625,1329,6,0
14626,1329,7,0
14627,1329,8,0
14628,1329,9,0
14629,1329,10,0
14630,1330,0,0
14631,1330,1,0
14632,1330,2,0
14633,1330,3,1
14634,1330,4,0
14635,1330,5,1
14636,1330,6,0
14637,1330,7,0
14638,1330,8,0
14639,1330,9,0
14640,1330,10,0
14641,1331,0,0
14642,1331,1,0
14643,1331,2,0
14644,1331,3,0
14645,1331,4,0
14646,1331,5,0
14647,1331,6,0
14648,1331,7,0
14649,1331,8,0
14650,1331,9,0
14651,1331,10,0
14652,1332,0,0
14653,1332,1,0
14654,1332,2,0
14655,1332,3,0
14656,1332,4,0
14657,1332,5,0
14658,1332,6,0
14659,1332,7,0
14660,1332,8,0
14661,1332,9,0
14662,1332,10,0
14663,1333,0,0
14664,1333,1,1
14665,1333,2,0
14666,1333,3,1
14667,1333,4,0
14668,1333,5,1
14669,1333,6,0
14670,1333,7,1
14671,1333,8,0
14672,1333,9,1
14673,1333,10,0
14674,1334,0,0
14675,1334,1,0
14676,1334,2,0
14677,1334,3,0
14678,1334,4,0
14679,1334,5,0
14680,1334,6,0
14681,1334,7,0
14682,1334,8,0
14683,1334,9,0
14684,1334,10,0
14685,1335,0,0
14686,1335,1,0
14687,1335,2,0
14688,1335,3,0
14689,1335,4,0
14690,1335,5,0
14691,1335,6,0
14692,1335,7,0
14693,1335,8,0
14694,1335,9,0
14695,1335,10,0
14696,1336,0,0
14697,1336,1,0
14698,1336,2,0
14699,1336,3,0
14700,1336,4,0
14701,1336,5,1
14702,1336,6,1
14703,1336,7,1
14704,1336,8,1
14705,1336,9,1
14706,1336,10,1
14707,1337,0,0
14708,1337,1,0
14709,1337,2,0
14710,1337,3,1
14711,1337,4,0
14712,1337,5,0
14713,1337,6,0
14714,1337,7,1
14715,1337,8,0
14716,1337,9,1
14717,1337,10,0
14718,1338,0,0
14719,1338,1,0
14720,1338,2,0
14721,1338,3,0
14722,1338,4,0
14723,1338,5,0
14724,1338,6,0
14725,1338,7,0
14726,1338,8,1
14727,1338,9,0
14728,1338,10,0
14729,1339,0,0
14730,1339,1,0
14731,1339,2,0
14732,1339,3,0
14733,1339,4,0
14734,1339,5,0
14735,1339,6,0
14736,1339,7,0
14737,1339,8,0
14738,1339,9,0
14739,1339,10,0
14740,1340,0,0
14741,1340,1,0
14742,1340,2,0
14743,1340,3,1
14744,1340,4,1
14745,1340,5,1
14746,1340,6,1
14747,1340,7,0
14748,1340,8,0
14749,1340,9,0
14750,1340,10,0
14751,1341,0,0
14752,1341,1,0
14753,1341,2,0
14754,1341,3,0
14755,1341,4,0
14756,1341,5,0
14757,1341,6,0
14758,1341,7,0
14759,1341,8,0
14760,1341,9,1
14761,1341,10,0
14762,1342,0,0
14763,1342,1,0
14764,1342,2,0
14765,1342,3,0
14766,1342,4,0
14767,1342,5,0
14768,1342,6,0
14769,1342,7,0
14770,1342,8,0
14771,1342,9,0
14772,1342,10,0
14773,1343,0,0
14774,1343,1,0
14775,1343,2,0
14776,1343,3,0
14777,1343,4,0
14778,1343,5,0
14779,1343,6,0
14780,1343,7,0
14781,1343,8,0
14782,1343,9,0
14783,1343,10,0
14784,1344,0,0
14785,1344,1,0
14786,1344,2,0
14787,1344,3,0
14788,1344,4,0
14789,1344,5,0
14790,1344,6,0
14791,1344,7,0
14792,1344,8,0
14793,1344,9,0
14794,1344,10,0
14795,1345,0,0
14796,1345,1,0
14797,1345,2,0
14798,1345,3,0
14799,1345,4,0
14800,1345,5,0
14801,1345,6,0
14802,1345,7,0
14803,1345,8,0
14804,1345,9,0
14805,1345,10,0
14806,1346,0,0
14807,1346,1,0
14808,1346,2,0
14809,1346,3,0
14810,1346,4,0
14811,1346,5,0
14812,1346,6,0
14813,1346,7,0
14814,1346,8,0
14815,1346,9,0
14816,1346,10,0
14817,1347,0,0
14818,1347,1,1
14819,1347,2,2
14820,1347,3,1
14821,1347,4,2
14822,1347,5,1
14823,1347,6,1
14824,1347,7,2
14825,1347,8,1
14826,1347,9,2
14827,1347,10,1
14828,1348,0,0
14829,1348,1,0
14830,1348,2,0
14831,1348,3,0
14832,1348,4,0
14833,1348,5,0
14834,1348,6,0
14835,1348,7,0
14836,1348,8,0
14837,1348,9,0
14838,1348,10,0
14839,1349,0,0
14840,1349,1,0
14841,1349,2,0
14842,1349,3,1
14843,1349,4,0
14844,1349,5,1
14845,1349,6,1
14846,1349,7,0
14847,1349,8,0
14848,1349,9,1
14849,1349,10,1
14850,1350,0,0
14851,1350,1,0
14852,1350,2,0
14853,1350,3,0
14854,1350,4,0
14855,1350,5,0
14856,1350,6,0
14857,1350,7,0
14858,1350,8,0
14859,1350,9,0
14860,1350,10,0
14861,1351,0,0
14862,1351,1,1
14863,1351,2,1
14864,1351,3,1
14865,1351,4,1
14866,1351,5,1
14867,1351,6,1
14868,1351,7,1
14869,1351,8,1
14870,1351,9,1
14871,1351,10,1
14872,1352,0,0
14873,1352,1,1
14874,1352,2,1
14875,1352,3,1
14876,1352,4,0
14877,1352,5,1
14878,1352,6,1
14879,1352,7,1
14880,1352,8,1
14881,1352,9,1
14882,1352,10,0
14883,1353,0,0
14884,1353,1,1
14885,1353,2,0
14886,1353,3,1
14887,1353,4,0
14888,1353,5,0
14889,1353,6,1
14890,1353,7,0
14891,1353,8,1
14892,1353,9,0
14893,1353,10,1
14894,1354,0,0
14895,1354,1,0
14896,1354,2,0
14897,1354,3,0
14898,1354,4,0
14899,1354,5,0
14900,1354,6,0
14901,1354,7,0
14902,1354,8,0
14903,1354,9,0
14904,1354,10,0
14905,1355,0,0
14906,1355,1,0
14907,1355,2,0
14908,1355,3,0
14909,1355,4,0
14910,1355,5,0
14911,1355,6,0
14912,1355,7,0
14913,1355,8,0
14914,1355,9,0
14915,1355,10,0
14916,1356,0,0
14917,1356,1,0
14918,1356,2,0
14919,1356,3,0
14920,1356,4,0
14921,1356,5,0
14922,1356,6,0
14923,1356,7,0
14924,1356,8,0
14925,1356,9,0
14926,1356,10,0
14927,1357,0,0
14928,1357,1,0
14929,1357,2,0
14930,1357,3,0
14931,1357,4,0
14932,1357,5,0
14933,1357,6,0
14934,1357,7,0
14935,1357,8,0
14936,1357,9,0
14937,1357,10,0
14938,1358,0,0
14939,1358,1,0
14940,1358,2,1
14941,1358,3,0
14942,1358,4,0
14943,1358,5,1
14944,1358,6,0
14945,1358,7,1
14946,1358,8,0
14947,1358,9,1
14948,1358,10,0
14949,1359,0,0
14950,1359,1,0
14951,1359,2,0
14952,1359,3,0
14953,1359,4,0
14954,1359,5,0
14955,1359,6,0
14956,1359,7,0
14957,1359,8,0
14958,1359,9,0
14959,1359,10,0
14960,1360,0,0
14961,1360,1,0
14962,1360,2,0
14963,1360,3,0
14964,1360,4,0
14965,1360,5,0
14966,1360,6,0
14967,1360,7,0
14968,1360,8,0
14969,1360,9,0
14970,1360,10,0
14971,1361,0,0
14972,1361,1,0
14973,1361,2,0
14974,1361,3,0
14975,1361,4,0
14976,1361,5,0
14977,1361,6,0
14978,1361,7,0
14979,1361,8,0
14980,1361,9,0
14981,1361,10,1
14982,1362,0,0
14983,1362,1,1
14984,1362,2,2
14985,1362,3,1
14986,1362,4,0
14987,1362,5,1
14988,1362,6,0
14989,1362,7,1
14990,1362,8,0
14991,1362,9,1
14992,1362,10,0
14993,1363,0,0
14994,1363,1,1
14995,1363,2,0
14996,1363,3,0
14997,1363,4,1
14998,1363,5,0
14999,1363,6,1
15000,1363,7,0
15001,1363,8,0
15002,1363,9,1
15003,1363,10,0
15004,1364,0,0
15005,1364,1,0
15006,1364,2,0
15007,1364,3,0
15008,1364,4,0
15009,1364,5,0
15010,1364,6,0
15011,1364,7,0
15012,1364,8,0
15013,1364,9,0
15014,1364,10,0
15015,1365,0,0
15016,1365,1,0
15017,1365,2,0
15018,1365,3,0
15019,1365,4,0
15020,1365,5,0
15021,1365,6,0
15022,1365,7,0
15023,1365,8,0
15024,1365,9,0
15025,1365,10,0
15026,1366,0,0
15027,1366,1,0
15028,1366,2,0
15029,1366,3,0
15030,1366,4,0
15031,1366,5,0
15032,1366,6,0
15033,1366,7,0
15034,1366,8,0
15035,1366,9,0
15036,1366,10,0
15037,1367,0,0
15038,1367,1,0
15039,1367,2,0
15040,1367,3,0
15041,1367,4,0
15042,1367,5,0
15043,1367,6,0
15044,1367,7,0
15045,1367,8,0
15046,1367,9,0
15047,1367,10,0
15048,1368,0,0
15049,1368,1,1
15050,1368,2,2
15051,1368,3,1
15052,1368,4,2
15053,1368,5,1
15054,1368,6,2
15055,1368,7,1
15056,1368,8,2
15057,1368,9,1
15058,1368,10,2
15059,1369,0,0
15060,1369,1,0
15061,1369,2,0
15062,1369,3,0
15063,1369,4,0
15064,1369,5,0
15065,1369,6,0
15066,1369,7,0
15067,1369,8,0
15068,1369,9,0
15069,1369,10,0
15070,1370,0,0
15071,1370,1,1
15072,1370,2,0
15073,1370,3,1
15074,1370,4,0
15075,1370,5,1
15076,1370,6,0
15077,1370,7,1
15078,1370,8,0
15079,1370,9,1
15080,1370,10,0
15081,1371,0,0
15082,1371,1,0
15083,1371,2,0
15084,1371,3,0
15085,1371,4,0
15086,1371,5,0
15087,1371,6,0
15088,1371,7,0
15089,1371,8,0
15090,1371,9,0
15091,1371,10,0
15092,1372,0,0
15093,1372,1,0
15094,1372,2,0
15095,1372,3,0
15096,1372,4,0
15097,1372,5,0
15098,1372,6,0
15099,1372,7,0
15100,1372,8,0
15101,1372,9,0
15102,1372,10,0
15103,1373,0,0
15104,1373,1,0
15105,1373,2,0
15106,1373,3,0
15107,1373,4,0
15108,1373,5,0
15109,1373,6,0
15110,1373,7,0
15111,1373,8,0
15112,1373,9,0
15113,1373,10,0
15114,1374,0,0
15115,1374,1,1
15116,1374,2,0
15117,1374,3,1
15118,1374,4,0
15119,1374,5,1
15120,1374,6,0
15121,1374,7,1
15122,1374,8,0
15123,1374,9,1
15124,1374,10,0
15125,1375,0,0
15126,1375,1,0
15127,1375,2,0
15128,1375,3,0
15129,1375,4,0
15130,1375,5,0
15131,1375,6,0
15132,1375,7,0
15133,1375,8,0
15134,1375,9,0
15135,1375,10,0
15136,1376,0,0
15137,1376,1,0
15138,1376,2,0
15139,1376,3,0
15140,1376,4,0
15141,1376,5,0
15142,1376,6,0
15143,1376,7,0
15144,1376,8,0
15145,1376,9,0
15146,1376,10,0
15147,1377,0,0
15148,1377,1,1
15149,1377,2,1
15150,1377,3,1
15151,1377,4,1
15152,1377,5,1
15153,1377,6,1
15154,1377,7,1
15155,1377,8,1
15156,1377,9,2
15157,1377,10,1
15158,1378,0,0
15159,1378,1,1
15160,1378,2,0
15161,1378,3,1
15162,1378,4,0
15163,1378,5,1
15164,1378,6,0
15165,1378,7,1
15166,1378,8,0
15167,1378,9,1
15168,1378,10,0
15169,1379,0,0
15170,1379,1,1
15171,1379,2,0
15172,1379,3,0
15173,1379,4,0
15174,1379,5,0
15175,1379,6,0
15176,1379,7,0
15177,1379,8,1
15178,1379,9,0
15179,1379,10,1
15180,1380,0,0
15181,1380,1,0
15182,1380,2,0
15183,1380,3,0
15184,1380,4,0
15185,1380,5,0
15186,1380,6,0
15187,1380,7,0
15188,1380,8,0
15189,1380,9,0
15190,1380,10,0
15191,1381,0,0
15192,1381,1,0
15193,1381,2,0
15194,1381,3,0
15195,1381,4,0
15196,1381,5,0
15197,1381,6,0
15198,1381,7,0
15199,1381,8,0
15200,1381,9,0
15201,1381,10,0
15202,1382,0,0
15203,1382,1,0
15204,1382,2,0
15205,1382,3,0
15206,1382,4,0
15207,1382,5,0
15208,1382,6,0
15209,1382,7,0
15210,1382,8,0
15211,1382,9,0
15212,1382,10,0
15213,1383,0,0
15214,1383,1,0
15215,1383,2,0
15216,1383,3,0
15217,1383,4,0
15218,1383,5,1
15219,1383,6,0
15220,1383,7,0
15221,1383,8,0
15222,1383,9,0
15223,1383,10,0
15224,1384,0,0
15225,1384,1,0
15226,1384,2,0
15227,1384,3,0
15228,1384,4,0
15229,1384,5,0
15230,1384,6,0
15231,1384,7,0
15232,1384,8,0
15233,1384,9,0
15234,1384,10,0
15235,1385,0,0
15236,1385,1,0
15237,1385,2,0
15238,1385,3,0
15239,1385,4,0
15240,1385,5,0
15241,1385,6,0
15242,1385,7,0
15243,1385,8,0
15244,1385,9,0
15245,1385,10,0
15246,1386,0,0
15247,1386,1,0
15248,1386,2,0
15249,1386,3,0
15250,1386,4,0
15251,1386,5,0
15252,1386,6,0
15253,1386,7,0
15254,1386,8,0
15255,1386,9,0
15256,1386,10,0
15257,1387,0,0
15258,1387,1,0
15259,1387,2,0
15260,1387,3,0
15261,1387,4,0
15262,1387,5,0
15263,1387,6,0
15264,1387,7,0
15265,1387,8,0
15266,1387,9,0
15267,1387,10,0
15268,1388,0,0
15269,1388,1,0
15270,1388,2,0
15271,1388,3,0
15272,1388,4,0
15273,1388,5,0
15274,1388,6,0
15275,1388,7,0
15276,1388,8,0
15277,1388,9,0
15278,1388,10,0
15279,1389,0,0
15280,1389,1,0
15281,1389,2,0
15282,1389,3,0
15283,1389,4,0
15284,1389,5,0
15285,1389,6,0
15286,1389,7,0
15287,1389,8,0
15288,1389,9,0
15289,1389,10,0
15290,1390,0,0
15291,1390,1,0
15292,1390,2,0
15293,1390,3,0
15294,1390,4,0
15295,1390,5,0
15296,1390,6,0
15297,1390,7,0
15298,1390,8,0
15299,1390,9,0
15300,1390,10,0
15301,1391,0,0
15302,1391,1,0
15303,1391,2,1
15304,1391,3,0
15305,1391,4,1
15306,1391,5,0
15307,1391,6,1
15308,1391,7,0
15309,1391,8,1
15310,1391,9,0
15311,1391,10,1
15312,1392,0,0
15313,1392,1,0
15314,1392,2,0
15315,1392,3,0
15316,1392,4,0
15317,1392,5,0
15318,1392,6,0
15319,1392,7,0
15320,1392,8,0
15321,1392,9,0
15322,1392,10,0
15323,1393,0,0
15324,1393,1,0
15325,1393,2,0
15326,1393,3,0
15327,1393,4,1
15328,1393,5,0
15329,1393,6,1
15330,1393,7,0
15331,1393,8,0
15332,1393,9,0
15333,1393,10,1
15334,1394,0,0
15335,1394,1,0
15336,1394,2,0
15337,1394,3,0
15338,1394,4,0
15339,1394,5,0
15340,1394,6,0
15341,1394,7,0
15342,1394,8,0
15343,1394,9,0
15344,1394,10,0
15345,1395,0,0
15346,1395,1,0
15347,1395,2,0
15348,1395,3,0
15349,1395,4,0
15350,1395,5,0
15351,1395,6,0
15352,1395,7,0
15353,1395,8,0
15354,1395,9,0
15355,1395,10,0
15356,1396,0,0
15357,1396,1,0
15358,1396,2,1
15359,1396,3,1
15360,1396,4,0
15361,1396,5,1
15362,1396,6,1
15363,1396,7,0
15364,1396,8,0
15365,1396,9,0
15366,1396,10,1
15367,1397,0,0
15368,1397,1,0
15369,1397,2,0
15370,1397,3,0
15371,1397,4,0
15372,1397,5,0
15373,1397,6,0
15374,1397,7,0
15375,1397,8,0
15376,1397,9,0
15377,1397,10,0
15378,1398,0,0
15379,1398,1,0
15380,1398,2,0
15381,1398,3,0
15382,1398,4,0
15383,1398,5,0
15384,1398,6,1
15385,1398,7,0
15386,1398,8,1
15387,1398,9,0
15388,1398,10,1
15389,1399,0,0
15390,1399,1,0
15391,1399,2,0
15392,1399,3,0
15393,1399,4,0
15394,1399,5,0
15395,1399,6,0
15396,1399,7,0
15397,1399,8,0
15398,1399,9,0
15399,1399,10,0
15400,1400,0,0
15401,1400,1,1
15402,1400,2,2
15403,1400,3,1
15404,1400,4,2
15405,1400,5,1
15406,1400,6,2
15407,1400,7,1
15408,1400,8,2
15409,1400,9,1
15410,1400,10,0
15411,1401,0,0
15412,1401,1,1
15413,1401,2,1
15414,1401,3,0
15415,1401,4,0
15416,1401,5,1
15417,1401,6,1
15418,1401,7,0
15419,1401,8,0
15420,1401,9,1
15421,1401,10,0
15422,1402,0,0
15423,1402,1,0
15424,1402,2,0
15425,1402,3,0
15426,1402,4,0
15427,1402,5,0
15428,1402,6,0
15429,1402,7,0
15430,1402,8,0
15431,1402,9,0
15432,1402,10,0
15433,1403,0,0
15434,1403,1,0
15435,1403,2,0
15436,1403,3,0
15437,1403,4,0
15438,1403,5,0
15439,1403,6,0
15440,1403,7,0
15441,1403,8,0
15442,1403,9,0
15443,1403,10,0
15444,1404,0,0
15445,1404,1,0
15446,1404,2,0
15447,1404,3,0
15448,1404,4,0
15449,1404,5,0
15450,1404,6,0
15451,1404,7,0
15452,1404,8,0
15453,1404,9,0
15454,1404,10,0
15455,1405,0,0
15456,1405,1,0
15457,1405,2,0
15458,1405,3,0
15459,1405,4,0
15460,1405,5,0
15461,1405,6,0
15462,1405,7,0
15463,1405,8,0
15464,1405,9,0
15465,1405,10,0
15466,1406,0,0
15467,1406,1,0
15468,1406,2,1
15469,1406,3,0
15470,1406,4,1
15471,1406,5,0
15472,1406,6,1
15473,1406,7,0
15474,1406,8,1
15475,1406,9,0
15476,1406,10,1
15477,1407,0,0
15478,1407,1,0
15479,1407,2,0
15480,1407,3,0
15481,1407,4,0
15482,1407,5,0
15483,1407,6,0
15484,1407,7,0
15485,1407,8,0
15486,1407,9,0
15487,1407,10,1
15488,1408,0,0
15489,1408,1,1
15490,1408,2,1
15491,1408,3,0
15492,1408,4,1
15493,1408,5,0
15494,1408,6,1
15495,1408,7,0
15496,1408,8,1
15497,1408,9,0
15498,1408,10,1
15499,1409,0,0
15500,1409,1,0
15501,1409,2,0
15502,1409,3,0
15503,1409,4,0
15504,1409,5,0
15505,1409,6,0
15506,1409,7,0
15507,1409,8,0
15508,1409,9,0
15509,1409,10,0
15510,1410,0,0
15511,1410,1,0
15512,1410,2,0
15513,1410,3,0
15514,1410,4,0
15515,1410,5,0
15516,1410,6,0
15517,1410,7,0
15518,1410,8,0
15519,1410,9,0
15520,1410,10,0
15521,1411,0,0
15522,1411,1,1
15523,1411,2,0
15524,1411,3,0
15525,1411,4,0
15526,1411,5,0
15527,1411,6,0
15528,1411,7,0
15529,1411,8,0
15530,1411,9,0
15531,1411,10,0
15532,1412,0,0
15533,1412,1,1
15534,1412,2,0
15535,1412,3,1
15536,1412,4,0
15537,1412,5,1
15538,1412,6,0
15539,1412,7,1
15540,1412,8,0
15541,1412,9,1
15542,1412,10,0
15543,1413,0,0
15544,1413,1,0
15545,1413,2,0
15546,1413,3,0
15547,1413,4,1
15548,1413,5,1
15549,1413,6,1
15550,1413,7,1
15551,1413,8,1
15552,1413,9,1
15553,1413,10,1
15554,1414,0,0
15555,1414,1,1
15556,1414,2,1
15557,1414,3,0
15558,1414,4,1
15559,1414,5,1
15560,1414,6,1
15561,1414,7,1
15562,1414,8,0
15563,1414,9,0
15564,1414,10,1
15565,1415,0,0
15566,1415,1,1
15567,1415,2,2
15568,1415,3,1
15569,1415,4,2
15570,1415,5,1
15571,1415,6,2
15572,1415,7,1
15573,1415,8,2
15574,1415,9,1
15575,1415,10,2
15576,1416,0,0
15577,1416,1,1
15578,1416,2,2
15579,1416,3,3
15580,1416,4,2
15581,1416,5,1
15582,1416,6,2
15583,1416,7,1
15584,1416,8,2
15585,1416,9,1
15586,1416,10,0
15587,1417,0,0
15588,1417,1,0
15589,1417,2,0
15590,1417,3,0
15591,1417,4,0
15592,1417,5,0
15593,1417,6,0
15594,1417,7,0
15595,1417,8,0
15596,1417,9,0
15597,1417,10,0
15598,1418,0,0
15599,1418,1,0
15600,1418,2,1
15601,1418,3,1
15602,1418,4,0
15603,1418,5,0
15604,1418,6,0
15605,1418,7,0
15606,1418,8,0
15607,1418,9,0
15608,1418,10,0
15609,1419,0,0
15610,1419,1,1
15611,1419,2,2
15612,1419,3,1
15613,1419,4,0
15614,1419,5,1
15615,1419,6,2
15616,1419,7,1
15617,1419,8,2
15618,1419,9,1
15619,1419,10,2
15620,1420,0,0
15621,1420,1,1
15622,1420,2,1
15623,1420,3,0
15624,1420,4,1
15625,1420,5,2
15626,1420,6,1
15627,1420,7,0
15628,1420,8,1
15629,1420,9,2
15630,1420,10,1
15631,1421,0,0
15632,1421,1,0
15633,1421,2,0
15634,1421,3,0
15635,1421,4,0
15636,1421,5,0
15637,1421,6,0
15638,1421,7,0
15639,1421,8,0
15640,1421,9,0
15641,1421,10,0
15642,1422,0,0
15643,1422,1,1
15644,1422,2,0
15645,1422,3,1
15646,1422,4,1
15647,1422,5,1
15648,1422,6,1
15649,1422,7,1
15650,1422,8,2
15651,1422,9,1
15652,1422,10,2
15653,1423,0,0
15654,1423,1,0
15655,1423,2,0
15656,1423,3,0
15657,1423,4,0
15658,1423,5,0
15659,1423,6,0
15660,1423,7,0
15661,1423,8,0
15662,1423,9,0
15663,1423,10,0
15664,1424,0,0
15665,1424,1,1
15666,1424,2,2
15667,1424,3,1
15668,1424,4,2
15669,1424,5,1
15670,1424,6,2
15671,1424,7,1
15672,1424,8,2
15673,1424,9,1
15674,1424,10,2
15675,1425,0,0
15676,1425,1,0
15677,1425,2,0
15678,1425,3,0
15679,1425,4,0
15680,1425,5,0
15681,1425,6,0
15682,1425,7,0
15683,1425,8,0
15684,1425,9,0
15685,1425,10,0
15686,1426,0,0
15687,1426,1,0
15688,1426,2,0
15689,1426,3,0
15690,1426,4,0
15691,1426,5,0
15692,1426,6,0
15693,1426,7,0
15694,1426,8,0
15695,1426,9,0
15696,1426,10,0
15697,1427,0,0
15698,1427,1,0
15699,1427,2,0
15700,1427,3,0
15701,1427,4,0
15702,1427,5,0
15703,1427,6,0
15704,1427,7,0
15705,1427,8,0
15706,1427,9,0
15707,1427,10,0
15708,1428,0,0
15709,1428,1,1
15710,1428,2,2
15711,1428,3,1
15712,1428,4,0
15713,1428,5,1
15714,1428,6,0
15715,1428,7,1
15716,1428,8,0
15717,1428,9,1
15718,1428,10,0
15719,1429,0,0
15720,1429,1,1
15721,1429,2,1
15722,1429,3,1
15723,1429,4,1
15724,1429,5,1
15725,1429,6,1
15726,1429,7,1
15727,1429,8,1
15728,1429,9,1
15729,1429,10,1
15730,1430,0,0
15731,1430,1,1
15732,1430,2,0
15733,1430,3,1
15734,1430,4,0
15735,1430,5,1
15736,1430,6,0
15737,1430,7,1
15738,1430,8,0
15739,1430,9,1
15740,1430,10,0
15741,1431,0,0
15742,1431,1,0
15743,1431,2,0
15744,1431,3,0
15745,1431,4,0
15746,1431,5,0
15747,1431,6,0
15748,1431,7,0
15749,1431,8,0
15750,1431,9,0
15751,1431,10,0
15752,1432,0,0
15753,1432,1,0
15754,1432,2,1
15755,1432,3,1
15756,1432,4,0
15757,1432,5,0
15758,1432,6,1
15759,1432,7,1
15760,1432,8,1
15761,1432,9,1
15762,1432,10,0
15763,1433,0,0
15764,1433,1,0
15765,1433,2,0
15766,1433,3,0
15767,1433,4,0
15768,1433,5,0
15769,1433,6,0
15770,1433,7,0
15771,1433,8,0
15772,1433,9,0
15773,1433,10,0
15774,1434,0,0
15775,1434,1,0
15776,1434,2,1
15777,1434,3,1
15778,1434,4,0
15779,1434,5,0
15780,1434,6,0
15781,1434,7,0
15782,1434,8,0
15783,1434,9,0
15784,1434,10,0
15785,1435,0,0
15786,1435,1,0
15787,1435,2,0
15788,1435,3,0
15789,1435,4,0
15790,1435,5,0
15791,1435,6,0
15792,1435,7,0
15793,1435,8,0
15794,1435,9,0
15795,1435,10,0
15796,1436,0,0
15797,1436,1,0
15798,1436,2,0
15799,1436,3,0
15800,1436,4,0
15801,1436,5,0
15802,1436,6,0
15803,1436,7,0
15804,1436,8,0
15805,1436,9,0
15806,1436,10,0
15807,1437,0,0
15808,1437,1,1
15809,1437,2,0
15810,1437,3,1
15811,1437,4,0
15812,1437,5,1
15813,1437,6,1
15814,1437,7,0
15815,1437,8,0
15816,1437,9,1
15817,1437,10,0
15818,1438,0,0
15819,1438,1,0
15820,1438,2,0
15821,1438,3,0
15822,1438,4,0
15823,1438,5,0
15824,1438,6,0
15825,1438,7,1
15826,1438,8,1
15827,1438,9,1
15828,1438,10,0
15829,1439,0,0
15830,1439,1,0
15831,1439,2,0
15832,1439,3,0
15833,1439,4,0
15834,1439,5,0
15835,1439,6,0
15836,1439,7,0
15837,1439,8,0
15838,1439,9,0
15839,1439,10,0
15840,1440,0,0
15841,1440,1,0
15842,1440,2,0
15843,1440,3,0
15844,1440,4,0
15845,1440,5,0
15846,1440,6,0
15847,1440,7,0
15848,1440,8,0
15849,1440,9,0
15850,1440,10,0
15851,1441,0,0
15852,1441,1,0
15853,1441,2,1
15854,1441,3,2
15855,1441,4,1
15856,1441,5,2
15857,1441,6,1
15858,1441,7,2
15859,1441,8,1
15860,1441,9,2
15861,1441,10,1
15862,1442,0,0
15863,1442,1,0
15864,1442,2,0
15865,1442,3,0
15866,1442,4,0
15867,1442,5,0
15868,1442,6,0
15869,1442,7,0
15870,1442,8,0
15871,1442,9,0
15872,1442,10,0
15873,1443,0,0
15874,1443,1,0
15875,1443,2,0
15876,1443,3,0
15877,1443,4,0
15878,1443,5,0
15879,1443,6,0
15880,1443,7,0
15881,1443,8,0
15882,1443,9,0
15883,1443,10,0
15884,1444,0,0
15885,1444,1,0
15886,1444,2,0
15887,1444,3,0
15888,1444,4,0
15889,1444,5,0
15890,1444,6,0
15891,1444,7,0
15892,1444,8,0
15893,1444,9,0
15894,1444,10,0
15895,1445,0,0
15896,1445,1,0
15897,1445,2,0
15898,1445,3,0
15899,1445,4,0
15900,1445,5,0
15901,1445,6,0
15902,1445,7,0
15903,1445,8,0
15904,1445,9,0
15905,1445,10,0
15906,1446,0,0
15907,1446,1,0
15908,1446,2,0
15909,1446,3,0
15910,1446,4,0
15911,1446,5,0
15912,1446,6,0
15913,1446,7,0
15914,1446,8,0
15915,1446,9,0
15916,1446,10,0
15917,1447,0,0
15918,1447,1,0
15919,1447,2,0
15920,1447,3,0
15921,1447,4,0
15922,1447,5,0
15923,1447,6,0
15924,1447,7,0
15925,1447,8,0
15926,1447,9,0
15927,1447,10,0
15928,1448,0,0
15929,1448,1,0
15930,1448,2,0
15931,1448,3,0
15932,1448,4,0
15933,1448,5,0
15934,1448,6,0
15935,1448,7,0
15936,1448,8,0
15937,1448,9,0
15938,1448,10,1
15939,1449,0,0
15940,1449,1,0
15941,1449,2,0
15942,1449,3,0
15943,1449,4,0
15944,1449,5,0
15945,1449,6,0
15946,1449,7,0
15947,1449,8,0
15948,1449,9,0
15949,1449,10,0
15950,1450,0,0
15951,1450,1,0
15952,1450,2,0
15953,1450,3,0
15954,1450,4,0
15955,1450,5,0
15956,1450,6,0
15957,1450,7,0
15958,1450,8,0
15959,1450,9,0
15960,1450,10,0
15961,1451,0,0
15962,1451,1,1
15963,1451,2,1
15964,1451,3,1
15965,1451,4,1
15966,1451,5,1
15967,1451,6,1
15968,1451,7,0
15969,1451,8,1
15970,1451,9,1
15971,1451,10,0
15972,1452,0,0
15973,1452,1,1
15974,1452,2,2
15975,1452,3,1
15976,1452,4,0
15977,1452,5,1
15978,1452,6,0
15979,1452,7,1
15980,1452,8,0
15981,1452,9,1
15982,1452,10,0
15983,1453,0,0
15984,1453,1,0
15985,1453,2,0
15986,1453,3,0
15987,1453,4,0
15988,1453,5,0
15989,1453,6,1
15990,1453,7,1
15991,1453,8,1
15992,1453,9,1
15993,1453,10,1
15994,1454,0,0
15995,1454,1,0
15996,1454,2,0
15997,1454,3,0
15998,1454,4,0
15999,1454,5,0
16000,1454,6,0
16001,1454,7,0
16002,1454,8,0
16003,1454,9,0
16004,1454,10,0
16005,1455,0,0
16006,1455,1,1
16007,1455,2,1
16008,1455,3,0
16009,1455,4,0
16010,1455,5,0
16011,1455,6,0
16012,1455,7,0
16013,1455,8,0
16014,1455,9,0
16015,1455,10,0
16016,1456,0,0
16017,1456,1,0
16018,1456,2,0
16019,1456,3,0
16020,1456,4,0
16021,1456,5,0
16022,1456,6,0
16023,1456,7,0
16024,1456,8,0
16025,1456,9,0
16026,1456,10,0
16027,1457,0,0
16028,1457,1,0
16029,1457,2,0
16030,1457,3,0
16031,1457,4,0
16032,1457,5,0
16033,1457,6,0
16034,1457,7,0
16035,1457,8,0
16036,1457,9,0
16037,1457,10,0
16038,1458,0,0
16039,1458,1,0
16040,1458,2,0
16041,1458,3,0
16042,1458,4,1
16043,1458,5,0
16044,1458,6,0
16045,1458,7,0
16046,1458,8,0
16047,1458,9,0
16048,1458,10,0
16049,1459,0,0
16050,1459,1,1
16051,1459,2,0
16052,1459,3,1
16053,1459,4,0
16054,1459,5,1
16055,1459,6,0
16056,1459,7,1
16057,1459,8,0
16058,1459,9,1
16059,1459,10,0
16060,1460,0,0
16061,1460,1,0
16062,1460,2,0
16063,1460,3,0
16064,1460,4,0
16065,1460,5,0
16066,1460,6,0
16067,1460,7,0
16068,1460,8,0
16069,1460,9,0
16070,1460,10,0
16071,1461,0,0
16072,1461,1,0
16073,1461,2,0
16074,1461,3,0
16075,1461,4,0
16076,1461,5,0
16077,1461,6,0
16078,1461,7,0
16079,1461,8,0
16080,1461,9,0
16081,1461,10,0
16082,1462,0,0
16083,1462,1,0
16084,1462,2,0
16085,1462,3,0
16086,1462,4,0
16087,1462,5,0
16088,1462,6,0
16089,1462,7,0
16090,1462,8,0
16091,1462,9,0
16092,1462,10,0
16093,1463,0,0
16094,1463,1,1
16095,1463,2,0
16096,1463,3,1
16097,1463,4,0
16098,1463,5,1
16099,1463,6,0
16100,1463,7,0
16101,1463,8,1
16102,1463,9,0
16103,1463,10,1
16104,1464,0,0
16105,1464,1,0
16106,1464,2,0
16107,1464,3,0
16108,1464,4,0
16109,1464,5,0
16110,1464,6,0
16111,1464,7,0
16112,1464,8,0
16113,1464,9,0
16114,1464,10,0
16115,1465,0,0
16116,1465,1,1
16117,1465,2,2
16118,1465,3,1
16119,1465,4,2
16120,1465,5,1
16121,1465,6,2
16122,1465,7,1
16123,1465,8,0
16124,1465,9,1
16125,1465,10,2
16126,1466,0,0
16127,1466,1,0
16128,1466,2,0
16129,1466,3,0
16130,1466,4,0
16131,1466,5,0
16132,1466,6,0
16133,1466,7,0
16134,1466,8,0
16135,1466,9,0
16136,1466,10,0
16137,1467,0,0
16138,1467,1,0
16139,1467,2,0
16140,1467,3,0
16141,1467,4,0
16142,1467,5,0
16143,1467,6,0
16144,1467,7,0
16145,1467,8,0
16146,1467,9,0
16147,1467,10,0
16148,1468,0,0
16149,1468,1,1
16150,1468,2,0
16151,1468,3,1
16152,1468,4,0
16153,1468,5,1
16154,1468,6,2
16155,1468,7,1
16156,1468,8,2
16157,1468,9,1
16158,1468,10,2
16159,1469,0,0
16160,1469,1,0
16161,1469,2,0
16162,1469,3,0
16163,1469,4,0
16164,1469,5,0
16165,1469,6,0
16166,1469,7,0
16167,1469,8,0
16168,1469,9,0
16169,1469,10,0
16170,1470,0,0
16171,1470,1,0
16172,1470,2,0
16173,1470,3,0
16174,1470,4,0
16175,1470,5,0
16176,1470,6,0
16177,1470,7,0
16178,1470,8,0
16179,1470,9,0
16180,1470,10,0
16181,1471,0,0
16182,1471,1,0
16183,1471,2,0
16184,1471,3,0
16185,1471,4,0
16186,1471,5,0
16187,1471,6,0
16188,1471,7,0
16189,1471,8,0
16190,1471,9,0
16191,1471,10,0
16192,1472,0,0
16193,1472,1,1
16194,1472,2,0
16195,1472,3,0
16196,1472,4,0
16197,1472,5,0
16198,1472,6,0
16199,1472,7,0
16200,1472,8,0
16201,1472,9,0
16202,1472,10,0
16203,1473,0,0
16204,1473,1,1
16205,1473,2,0
16206,1473,3,1
16207,1473,4,1
16208,1473,5,1
16209,1473,6,0
16210,1473,7,0
16211,1473,8,1
16212,1473,9,0
16213,1473,10,1
16214,1474,0,0
16215,1474,1,0
16216,1474,2,0
16217,1474,3,0
16218,1474,4,0
16219,1474,5,0
16220,1474,6,0
16221,1474,7,0
16222,1474,8,0
16223,1474,9,0
16224,1474,10,0
16225,1475,0,0
16226,1475,1,0
16227,1475,2,0
16228,1475,3,0
16229,1475,4,0
16230,1475,5,0
16231,1475,6,0
16232,1475,7,0
16233,1475,8,0
16234,1475,9,0
16235,1475,10,0
16236,1476,0,0
16237,1476,1,0
16238,1476,2,0
16239,1476,3,0
16240,1476,4,0
16241,1476,5,0
16242,1476,6,0
16243,1476,7,0
16244,1476,8,0
16245,1476,9,0
16246,1476,10,0
16247,1477,0,0
16248,1477,1,0
16249,1477,2,0
16250,1477,3,0
16251,1477,4,0
16252,1477,5,0
16253,1477,6,0
16254,1477,7,0
16255,1477,8,0
16256,1477,9,0
16257,1477,10,0
16258,1478,0,0
16259,1478,1,0
16260,1478,2,0
16261,1478,3,0
16262,1478,4,0
16263,1478,5,1
16264,1478,6,0
16265,1478,7,0
16266,1478,8,0
16267,1478,9,0
16268,1478,10,0
16269,1479,0,0
16270,1479,1,0
16271,1479,2,0
16272,1479,3,0
16273,1479,4,0
16274,1479,5,0
16275,1479,6,0
16276,1479,7,0
16277,1479,8,0
16278,1479,9,0
16279,1479,10,0
16280,1480,0,0
16281,1480,1,1
16282,1480,2,0
16283,1480,3,1
16284,1480,4,0
16285,1480,5,1
16286,1480,6,2
16287,1480,7,3
16288,1480,8,2
16289,1480,9,1
16290,1480,10,2
16291,1481,0,0
16292,1481,1,1
16293,1481,2,0
16294,1481,3,1
16295,1481,4,0
16296,1481,5,1
16297,1481,6,1
16298,1481,7,1
16299,1481,8,0
16300,1481,9,1
16301,1481,10,0
16302,1482,0,0
16303,1482,1,0
16304,1482,2,0
16305,1482,3,0
16306,1482,4,0
16307,1482,5,0
16308,1482,6,0
16309,1482,7,0
16310,1482,8,0
16311,1482,9,0
16312,1482,10,0
16313,1483,0,0
16314,1483,1,0
16315,1483,2,0
16316,1483,3,0
16317,1483,4,0
16318,1483,5,0
16319,1483,6,0
16320,1483,7,0
16321,1483,8,0
16322,1483,9,0
16323,1483,10,0
16324,1484,0,0
16325,1484,1,1
16326,1484,2,0
16327,1484,3,0
16328,1484,4,0
16329,1484,5,1
16330,1484,6,0
16331,1484,7,0
16332,1484,8,1
16333,1484,9,0
16334,1484,10,0
16335,1485,0,0
16336,1485,1,1
16337,1485,2,1
16338,1485,3,0
16339,1485,4,1
16340,1485,5,1
16341,1485,6,1
16342,1485,7,1
16343,1485,8,0
16344,1485,9,0
16345,1485,10,1
16346,1486,0,0
16347,1486,1,0
16348,1486,2,1
16349,1486,3,0
16350,1486,4,0
16351,1486,5,0
16352,1486,6,0
16353,1486,7,0
16354,1486,8,0
16355,1486,9,0
16356,1486,10,0
16357,1487,0,0
16358,1487,1,0
16359,1487,2,0
16360,1487,3,0
16361,1487,4,0
16362,1487,5,0
16363,1487,6,0
16364,1487,7,0
16365,1487,8,1
16366,1487,9,0
16367,1487,10,0
16368,1488,0,0
16369,1488,1,1
16370,1488,2,0
16371,1488,3,1
16372,1488,4,0
16373,1488,5,1
16374,1488,6,0
16375,1488,7,1
16376,1488,8,0
16377,1488,9,1
16378,1488,10,1
16379,1489,0,0
16380,1489,1,1
16381,1489,2,1
16382,1489,3,0
16383,1489,4,1
16384,1489,5,0
16385,1489,6,1
16386,1489,7,0
16387,1489,8,0
16388,1489,9,1
16389,1489,10,0
16390,1490,0,0
16391,1490,1,1
16392,1490,2,1
16393,1490,3,0
16394,1490,4,1
16395,1490,5,0
16396,1490,6,0
16397,1490,7,1
16398,1490,8,1
16399,1490,9,0
16400,1490,10,1
16401,1491,0,0
16402,1491,1,0
16403,1491,2,0
16404,1491,3,0
16405,1491,4,0
16406,1491,5,0
16407,1491,6,0
16408,1491,7,0
16409,1491,8,0
16410,1491,9,0
16411,1491,10,0
16412,1492,0,0
16413,1492,1,1
16414,1492,2,1
16415,1492,3,1
16416,1492,4,1
16417,1492,5,1
16418,1492,6,0
16419,1492,7,1
16420,1492,8,0
16421,1492,9,1
16422,1492,10,0
16423,1493,0,0
16424,1493,1,0
16425,1493,2,0
16426,1493,3,0
16427,1493,4,0
16428,1493,5,0
16429,1493,6,0
16430,1493,7,0
16431,1493,8,0
16432,1493,9,0
16433,1493,10,0
16434,1494,0,0
16435,1494,1,0
16436,1494,2,0
16437,1494,3,0
16438,1494,4,0
16439,1494,5,0
16440,1494,6,0
16441,1494,7,0
16442,1494,8,0
16443,1494,9,0
16444,1494,10,0
16445,1495,0,0
16446,1495,1,1
16447,1495,2,1
16448,1495,3,0
16449,1495,4,1
16450,1495,5,1
16451,1495,6,1
16452,1495,7,1
16453,1495,8,1
16454,1495,9,1
16455,1495,10,0
16456,1496,0,0
16457,1496,1,0
16458,1496,2,0
16459,1496,3,0
16460,1496,4,0
16461,1496,5,0
16462,1496,6,0
16463,1496,7,0
16464,1496,8,0
16465,1496,9,0
16466,1496,10,0
16467,1497,0,0
16468,1497,1,0
16469,1497,2,0
16470,1497,3,0
16471,1497,4,0
16472,1497,5,0
16473,1497,6,0
16474,1497,7,0
16475,1497,8,0
16476,1497,9,0
16477,1497,10,0
16478,1498,0,0
16479,1498,1,0
16480,1498,2,0
16481,1498,3,0
16482,1498,4,0
16483,1498,5,0
16484,1498,6,0
16485,1498,7,0
16486,1498,8,0
16487,1498,9,0
16488,1498,10,0
16489,1499,0,0
16490,1499,1,0
16491,1499,2,0
16492,1499,3,0
16493,1499,4,0
16494,1499,5,0
16495,1499,6,0
16496,1499,7,0
16497,1499,8,0
16498,1499,9,0
16499,1499,10,0
16500,1500,0,0
16501,1500,1,1
16502,1500,2,0
16503,1500,3,1
16504,1500,4,0
16505,1500,5,0
16506,1500,6,1
16507,1500,7,0
16508,1500,8,1
16509,1500,9,2
16510,1500,10,1
16511,1501,0,0
16512,1501,1,0
16513,1501,2,0
16514,1501,3,0
16515,1501,4,0
16516,1501,5,0
16517,1501,6,0
16518,1501,7,0
16519,1501,8,0
16520,1501,9,0
16521,1501,10,0
16522,1502,0,0
16523,1502,1,0
16524,1502,2,0
16525,1502,3,0
16526,1502,4,0
16527,1502,5,0
16528,1502,6,0
16529,1502,7,0
16530,1502,8,0
16531,1502,9,0
16532,1502,10,0
16533,1503,0,0
16534,1503,1,1
16535,1503,2,1
16536,1503,3,1
16537,1503,4,0
16538,1503,5,1
16539,1503,6,0
16540,1503,7,1
16541,1503,8,0
16542,1503,9,1
16543,1503,10,0
16544,1504,0,0
16545,1504,1,0
16546,1504,2,0
16547,1504,3,0
16548,1504,4,0
16549,1504,5,0
16550,1504,6,0
16551,1504,7,0
16552,1504,8,0
16553,1504,9,0
16554,1504,10,0
16555,1505,0,0
16556,1505,1,0
16557,1505,2,0
16558,1505,3,0
16559,1505,4,0
16560,1505,5,0
16561,1505,6,0
16562,1505,7,0
16563,1505,8,0
16564,1505,9,0
16565,1505,10,0
16566,1506,0,0
16567,1506,1,0
16568,1506,2,0
16569,1506,3,0
16570,1506,4,0
16571,1506,5,0
16572,1506,6,0
16573,1506,7,0
16574,1506,8,0
16575,1506,9,0
16576,1506,10,0
16577,1507,0,0
16578,1507,1,1
16579,1507,2,1
16580,1507,3,2
16581,1507,4,1
16582,1507,5,2
16583,1507,6,1
16584,1507,7,2
16585,1507,8,1
16586,1507,9,0
16587,1507,10,0
16588,1508,0,0
16589,1508,1,0
16590,1508,2,0
16591,1508,3,0
16592,1508,4,0
16593,1508,5,0
16594,1508,6,0
16595,1508,7,0
16596,1508,8,0
16597,1508,9,0
16598,1508,10,0
16599,1509,0,0
16600,1509,1,0
16601,1509,2,0
16602,1509,3,0
16603,1509,4,0
16604,1509,5,0
16605,1509,6,0
16606,1509,7,0
16607,1509,8,0
16608,1509,9,0
16609,1509,10,0
16610,1510,0,0
16611,1510,1,1
16612,1510,2,0
16613,1510,3,1
16614,1510,4,2
16615,1510,5,1
16616,1510,6,0
16617,1510,7,1
16618,1510,8,2
16619,1510,9,1
16620,1510,10,0
16621,1511,0,0
16622,1511,1,1
16623,1511,2,0
16624,1511,3,1
16625,1511,4,0
16626,1511,5,1
16627,1511,6,0
16628,1511,7,1
16629,1511,8,0
16630,1511,9,1
16631,1511,10,0
16632,1512,0,0
16633,1512,1,0
16634,1512,2,0
16635,1512,3,0
16636,1512,4,0
16637,1512,5,0
16638,1512,6,0
16639,1512,7,0
16640,1512,8,0
16641,1512,9,0
16642,1512,10,0
16643,1513,0,0
16644,1513,1,0
16645,1513,2,0
16646,1513,3,0
16647,1513,4,0
16648,1513,5,0
16649,1513,6,0
16650,1513,7,0
16651,1513,8,0
16652,1513,9,0
16653,1513,10,0
16654,1514,0,0
16655,1514,1,0
16656,1514,2,0
16657,1514,3,0
16658,1514,4,0
16659,1514,5,0
16660,1514,6,0
16661,1514,7,0
16662,1514,8,0
16663,1514,9,0
16664,1514,10,0
16665,1515,0,0
16666,1515,1,0
16667,1515,2,0
16668,1515,3,0
16669,1515,4,0
16670,1515,5,0
16671,1515,6,0
16672,1515,7,0
16673,1515,8,0
16674,1515,9,0
16675,1515,10,0
16676,1516,0,0
16677,1516,1,1
16678,1516,2,0
16679,1516,3,1
16680,1516,4,2
16681,1516,5,1
16682,1516,6,0
16683,1516,7,1
16684,1516,8,2
16685,1516,9,1
16686,1516,10,0
16687,1517,0,0
16688,1517,1,1
16689,1517,2,0
16690,1517,3,1
16691,1517,4,1
16692,1517,5,0
16693,1517,6,0
16694,1517,7,0
16695,1517,8,0
16696,1517,9,1
16697,1517,10,0
16698,1518,0,0
16699,1518,1,0
16700,1518,2,0
16701,1518,3,0
16702,1518,4,0
16703,1518,5,0
16704,1518,6,0
16705,1518,7,0
16706,1518,8,0
16707,1518,9,0
16708,1518,10,0
16709,1519,0,0
16710,1519,1,1
16711,1519,2,0
16712,1519,3,0
16713,1519,4,1
16714,1519,5,0
16715,1519,6,1
16716,1519,7,0
16717,1519,8,0
16718,1519,9,0
16719,1519,10,0
16720,1520,0,0
16721,1520,1,0
16722,1520,2,0
16723,1520,3,0
16724,1520,4,0
16725,1520,5,0
16726,1520,6,0
16727,1520,7,0
16728,1520,8,0
16729,1520,9,0
16730,1520,10,0
16731,1521,0,0
16732,1521,1,0
16733,1521,2,0
16734,1521,3,0
16735,1521,4,0
16736,1521,5,0
16737,1521,6,0
16738,1521,7,0
16739,1521,8,0
16740,1521,9,0
16741,1521,10,0
16742,1522,0,0
16743,1522,1,0
16744,1522,2,0
16745,1522,3,0
16746,1522,4,0
16747,1522,5,0
16748,1522,6,0
16749,1522,7,0
16750,1522,8,0
16751,1522,9,0
16752,1522,10,0
16753,1523,0,0
16754,1523,1,0
16755,1523,2,0
16756,1523,3,0
16757,1523,4,0
16758,1523,5,0
16759,1523,6,0
16760,1523,7,0
16761,1523,8,0
16762,1523,9,0
16763,1523,10,0
16764,1524,0,0
16765,1524,1,0
16766,1524,2,0
16767,1524,3,1
16768,1524,4,1
16769,1524,5,1
16770,1524,6,1
16771,1524,7,1
16772,1524,8,1
16773,1524,9,1
16774,1524,10,1
16775,1525,0,0
16776,1525,1,0
16777,1525,2,0
16778,1525,3,0
16779,1525,4,0
16780,1525,5,0
16781,1525,6,0
16782,1525,7,0
16783,1525,8,0
16784,1525,9,0
16785,1525,10,0
16786,1526,0,0
16787,1526,1,1
16788,1526,2,0
16789,1526,3,1
16790,1526,4,0
16791,1526,5,1
16792,1526,6,0
16793,1526,7,1
16794,1526,8,0
16795,1526,9,1
16796,1526,10,0
16797,1527,0,0
16798,1527,1,0
16799,1527,2,0
16800,1527,3,0
16801,1527,4,0
16802,1527,5,0
16803,1527,6,0
16804,1527,7,0
16805,1527,8,0
16806,1527,9,0
16807,1527,10,0
16808,1528,0,0
16809,1528,1,1
16810,1528,2,0
16811,1528,3,1
16812,1528,4,0
16813,1528,5,1
16814,1528,6,0
16815,1528,7,1
16816,1528,8,0
16817,1528,9,0
16818,1528,10,1
16819,1529,0,0
16820,1529,1,0
16821,1529,2,0
16822,1529,3,0
16823,1529,4,0
16824,1529,5,0
16825,1529,6,0
16826,1529,7,0
16827,1529,8,0
16828,1529,9,0
16829,1529,10,0
16830,1530,0,0
16831,1530,1,0
16832,1530,2,0
16833,1530,3,0
16834,1530,4,0
16835,1530,5,0
16836,1530,6,0
16837,1530,7,0
16838,1530,8,0
16839,1530,9,0
16840,1530,10,0
16841,1531,0,0
16842,1531,1,0
16843,1531,2,0
16844,1531,3,0
16845,1531,4,0
16846,1531,5,0
16847,1531,6,0
16848,1531,7,0
16849,1531,8,1
16850,1531,9,1
16851,1531,10,1
16852,1532,0,0
16853,1532,1,1
16854,1532,2,2
16855,1532,3,1
16856,1532,4,0
16857,1532,5,1
16858,1532,6,2
16859,1532,7,1
16860,1532,8,0
16861,1532,9,1
16862,1532,10,2
16863,1533,0,0
16864,1533,1,1
16865,1533,2,1
16866,1533,3,0
16867,1533,4,1
16868,1533,5,0
16869,1533,6,1
16870,1533,7,1
16871,1533,8,0
16872,1533,9,0
16873,1533,10,1
16874,1534,0,0
16875,1534,1,0
16876,1534,2,0
16877,1534,3,0
16878,1534,4,0
16879,1534,5,0
16880,1534,6,0
16881,1534,7,0
16882,1534,8,0
16883,1534,9,0
16884,1534,10,0
16885,1535,0,0
16886,1535,1,0
16887,1535,2,0
16888,1535,3,0
16889,1535,4,0
16890,1535,5,0
16891,1535,6,0
16892,1535,7,0
16893,1535,8,0
16894,1535,9,0
16895,1535,10,0
16896,1536,0,0
16897,1536,1,0
16898,1536,2,1
16899,1536,3,0
16900,1536,4,0
16901,1536,5,0
16902,1536,6,1
16903,1536,7,0
16904,1536,8,0
16905,1536,9,1
16906,1536,10,1
16907,1537,0,0
16908,1537,1,0
16909,1537,2,0
16910,1537,3,0
16911,1537,4,0
16912,1537,5,0
16913,1537,6,0
16914,1537,7,0
16915,1537,8,0
16916,1537,9,0
16917,1537,10,0
16918,1538,0,0
16919,1538,1,0
16920,1538,2,0
16921,1538,3,0
16922,1538,4,0
16923,1538,5,0
16924,1538,6,0
16925,1538,7,0
16926,1538,8,1
16927,1538,9,0
16928,1538,10,0
16929,1539,0,0
16930,1539,1,0
16931,1539,2,1
16932,1539,3,0
16933,1539,4,0
16934,1539,5,1
16935,1539,6,0
16936,1539,7,0
16937,1539,8,0
16938,1539,9,0
16939,1539,10,1
16940,1540,0,0
16941,1540,1,0
16942,1540,2,0
16943,1540,3,0
16944,1540,4,0
16945,1540,5,0
16946,1540,6,0
16947,1540,7,0
16948,1540,8,0
16949,1540,9,0
16950,1540,10,0
16951,1541,0,0
16952,1541,1,0
16953,1541,2,0
16954,1541,3,0
16955,1541,4,0
16956,1541,5,0
16957,1541,6,0
16958,1541,7,0
16959,1541,8,0
16960,1541,9,0
16961,1541,10,0
16962,1542,0,0
16963,1542,1,0
16964,1542,2,0
16965,1542,3,1
16966,1542,4,1
16967,1542,5,1
16968,1542,6,1
16969,1542,7,1
16970,1542,8,0
16971,1542,9,0
16972,1542,10,1
16973,1543,0,0
16974,1543,1,1
16975,1543,2,0
16976,1543,3,1
16977,1543,4,0
16978,1543,5,0
16979,1543,6,0
16980,1543,7,0
16981,1543,8,1
16982,1543,9,0
16983,1543,10,0
16984,1544,0,0
16985,1544,1,0
16986,1544,2,0
16987,1544,3,0
16988,1544,4,0
16989,1544,5,0
16990,1544,6,0
16991,1544,7,0
16992,1544,8,0
16993,1544,9,0
16994,1544,10,0
16995,1545,0,0
16996,1545,1,1
16997,1545,2,1
16998,1545,3,0
16999,1545,4,1
17000,1545,5,0
17001,1545,6,1
17002,1545,7,0
17003,1545,8,0
17004,1545,9,0
17005,1545,10,1
17006,1546,0,0
17007,1546,1,1
17008,1546,2,0
17009,1546,3,1
17010,1546,4,0
17011,1546,5,1
17012,1546,6,0
17013,1546,7,1
17014,1546,8,0
17015,1546,9,0
17016,1546,10,1
17017,1547,0,0
17018,1547,1,0
17019,1547,2,0
17020,1547,3,0
17021,1547,4,0
17022,1547,5,0
17023,1547,6,0
17024,1547,7,0
17025,1547,8,0
17026,1547,9,0
17027,1547,10,0
17028,1548,0,0
17029,1548,1,0
17030,1548,2,1
17031,1548,3,0
17032,1548,4,0
17033,1548,5,0
17034,1548,6,0
17035,1548,7,0
17036,1548,8,0
17037,1548,9,0
17038,1548,10,0
17039,1549,0,0
17040,1549,1,0
17041,1549,2,0
17042,1549,3,0
17043,1549,4,0
17044,1549,5,0
17045,1549,6,0
17046,1549,7,0
17047,1549,8,0
17048,1549,9,0
17049,1549,10,0
17050,1550,0,0
17051,1550,1,0
17052,1550,2,0
17053,1550,3,0
17054,1550,4,0
17055,1550,5,0
17056,1550,6,0
17057,1550,7,0
17058,1550,8,0
17059,1550,9,0
17060,1550,10,0
17061,1551,0,0
17062,1551,1,0
17063,1551,2,1
17064,1551,3,1
17065,1551,4,1
17066,1551,5,1
17067,1551,6,1
17068,1551,7,1
17069,1551,8,1
17070,1551,9,1
17071,1551,10,1
17072,1552,0,0
17073,1552,1,0
17074,1552,2,0
17075,1552,3,0
17076,1552,4,0
17077,1552,5,0
17078,1552,6,0
17079,1552,7,0
17080,1552,8,0
17081,1552,9,0
17082,1552,10,0
17083,1553,0,0
17084,1553,1,0
17085,1553,2,0
17086,1553,3,0
17087,1553,4,0
17088,1553,5,0
17089,1553,6,0
17090,1553,7,0
17091,1553,8,0
17092,1553,9,0
17093,1553,10,0
17094,1554,0,0
17095,1554,1,0
17096,1554,2,0
17097,1554,3,0
17098,1554,4,0
17099,1554,5,1
17100,1554,6,0
17101,1554,7,0
17102,1554,8,0
17103,1554,9,0
17104,1554,10,0
17105,1555,0,0
17106,1555,1,1
17107,1555,2,0
17108,1555,3,1
17109,1555,4,0
17110,1555,5,0
17111,1555,6,0
17112,1555,7,0
17113,1555,8,0
17114,1555,9,0
17115,1555,10,0
17116,1556,0,0
17117,1556,1,0
17118,1556,2,0
17119,1556,3,0
17120,1556,4,0
17121,1556,5,0
17122,1556,6,0
17123,1556,7,0
17124,1556,8,0
17125,1556,9,0
17126,1556,10,0
17127,1557,0,0
17128,1557,1,1
17129,1557,2,0
17130,1557,3,1
17131,1557,4,0
17132,1557,5,1
17133,1557,6,0
17134,1557,7,1
17135,1557,8,0
17136,1557,9,1
17137,1557,10,2
17138,1558,0,0
17139,1558,1,1
17140,1558,2,0
17141,1558,3,1
17142,1558,4,0
17143,1558,5,1
17144,1558,6,0
17145,1558,7,1
17146,1558,8,0
17147,1558,9,1
17148,1558,10,0
17149,1559,0,0
17150,1559,1,0
17151,1559,2,0
17152,1559,3,0
17153,1559,4,0
17154,1559,5,0
17155,1559,6,0
17156,1559,7,0
17157,1559,8,0
17158,1559,9,0
17159,1559,10,0
17160,1560,0,0
17161,1560,1,0
17162,1560,2,0
17163,1560,3,0
17164,1560,4,0
17165,1560,5,0
17166,1560,6,0
17167,1560,7,0
17168,1560,8,0
17169,1560,9,0
17170,1560,10,0
17171,1561,0,0
17172,1561,1,0
17173,1561,2,0
17174,1561,3,0
17175,1561,4,0
17176,1561,5,0
17177,1561,6,0
17178,1561,7,0
17179,1561,8,0
17180,1561,9,0
17181,1561,10,0
17182,1562,0,0
17183,1562,1,1
17184,1562,2,0
17185,1562,3,0
17186,1562,4,1
17187,1562,5,0
17188,1562,6,0
17189,1562,7,0
17190,1562,8,1
17191,1562,9,0
17192,1562,10,1
17193,1563,0,0
17194,1563,1,1
17195,1563,2,0
17196,1563,3,1
17197,1563,4,0
17198,1563,5,1
17199,1563,6,0
17200,1563,7,1
17201,1563,8,0
17202,1563,9,1
17203,1563,10,0
17204,1564,0,0
17205,1564,1,1
17206,1564,2,2
17207,1564,3,1
17208,1564,4,2
17209,1564,5,1
17210,1564,6,2
17211,1564,7,1
17212,1564,8,2
17213,1564,9,1
17214,1564,10,0
17215,1565,0,0
17216,1565,1,0
17217,1565,2,0
17218,1565,3,0
17219,1565,4,0
17220,1565,5,0
17221,1565,6,0
17222,1565,7,0
17223,1565,8,0
17224,1565,9,0
17225,1565,10,0
17226,1566,0,0
17227,1566,1,0
17228,1566,2,0
17229,1566,3,0
17230,1566,4,0
17231,1566,5,0
17232,1566,6,0
17233,1566,7,0
17234,1566,8,0
17235,1566,9,0
17236,1566,10,0
17237,1567,0,0
17238,1567,1,0
17239,1567,2,1
17240,1567,3,0
17241,1567,4,0
17242,1567,5,0
17243,1567,6,0
17244,1567,7,0
17245,1567,8,0
17246,1567,9,0
17247,1567,10,0
17248,1568,0,0
17249,1568,1,1
17250,1568,2,1
17251,1568,3,1
17252,1568,4,1
17253,1568,5,1
17254,1568,6,1
17255,1568,7,1
17256,1568,8,1
17257,1568,9,0
17258,1568,10,0
17259,1569,0,0
17260,1569,1,0
17261,1569,2,0
17262,1569,3,0
17263,1569,4,0
17264,1569,5,0
17265,1569,6,0
17266,1569,7,0
17267,1569,8,0
17268,1569,9,0
17269,1569,10,0
17270,1570,0,0
17271,1570,1,0
17272,1570,2,0
17273,1570,3,0
17274,1570,4,0
17275,1570,5,0
17276,1570,6,0
17277,1570,7,0
17278,1570,8,0
17279,1570,9,0
17280,1570,10,0
17281,1571,0,0
17282,1571,1,0
17283,1571,2,1
17284,1571,3,1
17285,1571,4,1
17286,1571,5,2
17287,1571,6,1
17288,1571,7,0
17289,1571,8,0
17290,1571,9,0
17291,1571,10,0
17292,1572,0,0
17293,1572,1,0
17294,1572,2,0
17295,1572,3,0
17296,1572,4,0
17297,1572,5,1
17298,1572,6,0
17299,1572,7,0
17300,1572,8,0
17301,1572,9,0
17302,1572,10,1
17303,1573,0,0
17304,1573,1,0
17305,1573,2,0
17306,1573,3,0
17307,1573,4,0
17308,1573,5,0
17309,1573,6,0
17310,1573,7,0
17311,1573,8,0
17312,1573,9,0
17313,1573,10,0
17314,1574,0,0
17315,1574,1,1
17316,1574,2,1
17317,1574,3,1
17318,1574,4,1
17319,1574,5,1
17320,1574,6,0
17321,1574,7,1
17322,1574,8,0
17323,1574,9,0
17324,1574,10,1
17325,1575,0,0
17326,1575,1,0
17327,1575,2,0
17328,1575,3,0
17329,1575,4,0
17330,1575,5,0
17331,1575,6,0
17332,1575,7,0
17333,1575,8,0
17334,1575,9,0
17335,1575,10,0
17336,1576,0,0
17337,1576,1,0
17338,1576,2,0
17339,1576,3,0
17340,1576,4,1
17341,1576,5,1
17342,1576,6,0
17343,1576,7,0
17344,1576,8,0
17345,1576,9,0
17346,1576,10,0
17347,1577,0,0
17348,1577,1,0
17349,1577,2,0
17350,1577,3,0
17351,1577,4,0
17352,1577,5,0
17353,1577,6,0
17354,1577,7,0
17355,1577,8,0
17356,1577,9,0
17357,1577,10,0
17358,1578,0,0
17359,1578,1,0
17360,1578,2,0
17361,1578,3,0
17362,1578,4,0
17363,1578,5,0
17364,1578,6,0
17365,1578,7,0
17366,1578,8,0
17367,1578,9,0
17368,1578,10,0
17369,1579,0,0
17370,1579,1,1
17371,1579,2,2
17372,1579,3,1
17373,1579,4,2
17374,1579,5,1
17375,1579,6,0
17376,1579,7,1
17377,1579,8,0
17378,1579,9,1
17379,1579,10,2
17380,1580,0,0
17381,1580,1,1
17382,1580,2,0
17383,1580,3,1
17384,1580,4,0
17385,1580,5,1
17386,1580,6,0
17387,1580,7,1
17388,1580,8,0
17389,1580,9,1
17390,1580,10,0
17391,1581,0,0
17392,1581,1,0
17393,1581,2,0
17394,1581,3,0
17395,1581,4,0
17396,1581,5,1
17397,1581,6,1
17398,1581,7,1
17399,1581,8,0
17400,1581,9,1
17401,1581,10,0
17402,1582,0,0
17403,1582,1,0
17404,1582,2,0
17405,1582,3,0
17406,1582,4,0
17407,1582,5,0
17408,1582,6,0
17409,1582,7,0
17410,1582,8,0
17411,1582,9,0
17412,1582,10,0
17413,1583,0,0
17414,1583,1,0
17415,1583,2,0
17416,1583,3,0
17417,1583,4,0
17418,1583,5,0
17419,1583,6,0
17420,1583,7,0
17421,1583,8,0
17422,1583,9,0
17423,1583,10,0
17424,1584,0,0
17425,1584,1,0
17426,1584,2,0
17427,1584,3,0
17428,1584,4,0
17429,1584,5,0
17430,1584,6,1
17431,1584,7,0
17432,1584,8,0
17433,1584,9,0
17434,1584,10,0
17435,1585,0,0
17436,1585,1,0
17437,1585,2,0
17438,1585,3,0
17439,1585,4,1
17440,1585,5,0
17441,1585,6,0
17442,1585,7,0
17443,1585,8,0
17444,1585,9,0
17445,1585,10,0
17446,1586,0,0
17447,1586,1,0
17448,1586,2,0
17449,1586,3,0
17450,1586,4,0
17451,1586,5,0
17452,1586,6,0
17453,1586,7,0
17454,1586,8,0
17455,1586,9,0
17456,1586,10,0
17457,1587,0,0
17458,1587,1,1
17459,1587,2,1
17460,1587,3,1
17461,1587,4,1
17462,1587,5,1
17463,1587,6,1
17464,1587,7,0
17465,1587,8,0
17466,1587,9,1
17467,1587,10,0
17468,1588,0,0
17469,1588,1,1
17470,1588,2,1
17471,1588,3,1
17472,1588,4,1
17473,1588,5,1
17474,1588,6,1
17475,1588,7,1
17476,1588,8,0
17477,1588,9,1
17478,1588,10,1
17479,1589,0,0
17480,1589,1,0
17481,1589,2,0
17482,1589,3,0
17483,1589,4,0
17484,1589,5,0
17485,1589,6,0
17486,1589,7,0
17487,1589,8,0
17488,1589,9,0
17489,1589,10,0
17490,1590,0,0
17491,1590,1,0
17492,1590,2,0
17493,1590,3,0
17494,1590,4,1
17495,1590,5,0
17496,1590,6,0
17497,1590,7,0
17498,1590,8,0
17499,1590,9,0
17500,1590,10,0
17501,1591,0,0
17502,1591,1,0
17503,1591,2,0
17504,1591,3,0
17505,1591,4,0
17506,1591,5,0
17507,1591,6,0
17508,1591,7,0
17509,1591,8,0
17510,1591,9,0
17511,1591,10,0
17512,1592,0,0
17513,1592,1,0
17514,1592,2,0
17515,1592,3,0
17516,1592,4,0
17517,1592,5,0
17518,1592,6,0
17519,1592,7,0
17520,1592,8,0
17521,1592,9,1
17522,1592,10,0
17523,1593,0,0
17524,1593,1,1
17525,1593,2,0
17526,1593,3,1
17527,1593,4,0
17528,1593,5,1
17529,1593,6,0
17530,1593,7,1
17531,1593,8,0
17532,1593,9,1
17533,1593,10,0
17534,1594,0,0
17535,1594,1,1
17536,1594,2,1
17537,1594,3,1
17538,1594,4,1
17539,1594,5,1
17540,1594,6,1
17541,1594,7,1
17542,1594,8,1
17543,1594,9,1
17544,1594,10,1
17545,1595,0,0
17546,1595,1,1
17547,1595,2,0
17548,1595,3,1
17549,1595,4,0
17550,1595,5,1
17551,1595,6,0
17552,1595,7,1
17553,1595,8,0
17554,1595,9,1
17555,1595,10,0
17556,1596,0,0
17557,1596,1,1
17558,1596,2,0
17559,1596,3,0
17560,1596,4,0
17561,1596,5,0
17562,1596,6,1
17563,1596,7,0
17564,1596,8,0
17565,1596,9,0
17566,1596,10,0
17567,1597,0,0
17568,1597,1,0
17569,1597,2,0
17570,1597,3,0
17571,1597,4,0
17572,1597,5,0
17573,1597,6,0
17574,1597,7,0
17575,1597,8,0
17576,1597,9,0
17577,1597,10,0
17578,1598,0,0
17579,1598,1,0
17580,1598,2,0
17581,1598,3,0
17582,1598,4,0
17583,1598,5,0
17584,1598,6,0
17585,1598,7,0
17586,1598,8,0
17587,1598,9,0
17588,1598,10,0
17589,1599,0,0
17590,1599,1,0
17591,1599,2,0
17592,1599,3,0
17593,1599,4,1
17594,1599,5,0
17595,1599,6,1
17596,1599,7,0
17597,1599,8,0
17598,1599,9,0
17599,1599,10,0
17600,1600,0,0
17601,1600,1,0
17602,1600,2,0
17603,1600,3,0
17604,1600,4,0
17605,1600,5,0
17606,1600,6,0
17607,1600,7,0
17608,1600,8,0
17609,1600,9,0
17610,1600,10,0
17611,1601,0,0
17612,1601,1,0
17613,1601,2,0
17614,1601,3,1
17615,1601,4,1
17616,1601,5,0
17617,1601,6,1
17618,1601,7,0
17619,1601,8,0
17620,1601,9,0
17621,1601,10,0
17622,1602,0,0
17623,1602,1,0
17624,1602,2,0
17625,1602,3,0
17626,1602,4,0
17627,1602,5,0
17628,1602,6,0
17629,1602,7,0
17630,1602,8,0
17631,1602,9,0
17632,1602,10,0
17633,1603,0,0
17634,1603,1,0
17635,1603,2,0
17636,1603,3,0
17637,1603,4,0
17638,1603,5,0
17639,1603,6,0
17640,1603,7,0
17641,1603,8,0
17642,1603,9,0
17643,1603,10,0
17644,1604,0,0
17645,1604,1,0
17646,1604,2,0
17647,1604,3,0
17648,1604,4,0
17649,1604,5,0
17650,1604,6,0
17651,1604,7,0
17652,1604,8,0
17653,1604,9,0
17654,1604,10,0
17655,1605,0,0
17656,1605,1,0
17657,1605,2,0
17658,1605,3,0
17659,1605,4,0
17660,1605,5,0
17661,1605,6,0
17662,1605,7,0
17663,1605,8,0
17664,1605,9,0
17665,1605,10,0
17666,1606,0,0
17667,1606,1,0
17668,1606,2,0
17669,1606,3,0
17670,1606,4,0
17671,1606,5,0
17672,1606,6,0
17673,1606,7,0
17674,1606,8,0
17675,1606,9,0
17676,1606,10,0
17677,1607,0,0
17678,1607,1,0
17679,1607,2,0
17680,1607,3,0
17681,1607,4,0
17682,1607,5,0
17683,1607,6,0
17684,1607,7,0
17685,1607,8,0
17686,1607,9,0
17687,1607,10,0
17688,1608,0,0
17689,1608,1,1
17690,1608,2,0
17691,1608,3,0
17692,1608,4,1
17693,1608,5,0
17694,1608,6,1
17695,1608,7,0
17696,1608,8,1
17697,1608,9,0
17698,1608,10,0
17699,1609,0,0
17700,1609,1,0
17701,1609,2,0
17702,1609,3,0
17703,1609,4,0
17704,1609,5,0
17705,1609,6,0
17706,1609,7,0
17707,1609,8,0
17708,1609,9,0
17709,1609,10,0
17710,1610,0,0
17711,1610,1,1
17712,1610,2,0
17713,1610,3,1
17714,1610,4,1
17715,1610,5,0
17716,1610,6,1
17717,1610,7,1
17718,1610,8,1
17719,1610,9,1
17720,1610,10,1
17721,1611,0,0
17722,1611,1,0
17723,1611,2,0
17724,1611,3,0
17725,1611,4,0
17726,1611,5,0
17727,1611,6,0
17728,1611,7,0
17729,1611,8,0
17730,1611,9,0
17731,1611,10,0
17732,1612,0,0
17733,1612,1,0
17734,1612,2,0
17735,1612,3,1
17736,1612,4,0
17737,1612,5,1
17738,1612,6,0
17739,1612,7,0
17740,1612,8,0
17741,1612,9,1
17742,1612,10,0
17743,1613,0,0
17744,1613,1,0
17745,1613,2,0
17746,1613,3,0
17747,1613,4,0
17748,1613,5,0
17749,1613,6,0
17750,1613,7,0
17751,1613,8,1
17752,1613,9,0
17753,1613,10,0
17754,1614,0,0
17755,1614,1,0
17756,1614,2,0
17757,1614,3,0
17758,1614,4,0
17759,1614,5,0
17760,1614,6,0
17761,1614,7,0
17762,1614,8,0
17763,1614,9,0
17764,1614,10,0
17765,1615,0,0
17766,1615,1,0
17767,1615,2,0
17768,1615,3,0
17769,1615,4,0
17770,1615,5,0
17771,1615,6,0
17772,1615,7,0
17773,1615,8,0
17774,1615,9,0
17775,1615,10,0
17776,1616,0,0
17777,1616,1,0
17778,1616,2,0
17779,1616,3,0
17780,1616,4,0
17781,1616,5,0
17782,1616,6,0
17783,1616,7,0
17784,1616,8,0
17785,1616,9,0
17786,1616,10,0
17787,1617,0,0
17788,1617,1,1
17789,1617,2,1
17790,1617,3,0
17791,1617,4,1
17792,1617,5,0
17793,1617,6,1
17794,1617,7,0
17795,1617,8,1
17796,1617,9,0
17797,1617,10,1
17798,1618,0,0
17799,1618,1,0
17800,1618,2,0
17801,1618,3,0
17802,1618,4,0
17803,1618,5,0
17804,1618,6,0
17805,1618,7,0
17806,1618,8,0
17807,1618,9,0
17808,1618,10,0
17809,1619,0,0
17810,1619,1,1
17811,1619,2,0
17812,1619,3,0
17813,1619,4,1
17814,1619,5,2
17815,1619,6,1
17816,1619,7,0
17817,1619,8,1
17818,1619,9,2
17819,1619,10,1
17820,1620,0,0
17821,1620,1,0
17822,1620,2,0
17823,1620,3,0
17824,1620,4,0
17825,1620,5,0
17826,1620,6,0
17827,1620,7,0
17828,1620,8,0
17829,1620,9,0
17830,1620,10,0
17831,1621,0,0
17832,1621,1,0
17833,1621,2,0
17834,1621,3,0
17835,1621,4,0
17836,1621,5,0
17837,1621,6,0
17838,1621,7,0
17839,1621,8,0
17840,1621,9,0
17841,1621,10,0
17842,1622,0,0
17843,1622,1,1
17844,1622,2,0
17845,1622,3,1
17846,1622,4,1
17847,1622,5,1
17848,1622,6,1
17849,1622,7,1
17850,1622,8,0
17851,1622,9,1
17852,1622,10,1
17853,1623,0,0
17854,1623,1,0
17855,1623,2,0
17856,1623,3,0
17857,1623,4,0
17858,1623,5,0
17859,1623,6,0
17860,1623,7,0
17861,1623,8,0
17862,1623,9,0
17863,1623,10,0
17864,1624,0,0
17865,1624,1,0
17866,1624,2,0
17867,1624,3,0
17868,1624,4,0
17869,1624,5,0
17870,1624,6,0
17871,1624,7,0
17872,1624,8,0
17873,1624,9,0
17874,1624,10,0
17875,1625,0,0
17876,1625,1,0
17877,1625,2,0
17878,1625,3,0
17879,1625,4,0
17880,1625,5,0
17881,1625,6,0
17882,1625,7,0
17883,1625,8,0
17884,1625,9,0
17885,1625,10,0
17886,1626,0,0
17887,1626,1,0
17888,1626,2,0
17889,1626,3,0
17890,1626,4,0
17891,1626,5,0
17892,1626,6,0
17893,1626,7,0
17894,1626,8,0
17895,1626,9,0
17896,1626,10,0
17897,1627,0,0
17898,1627,1,0
17899,1627,2,1
17900,1627,3,0
17901,1627,4,1
17902,1627,5,0
17903,1627,6,0
17904,1627,7,0
17905,1627,8,0
17906,1627,9,0
17907,1627,10,0
17908,1628,0,0
17909,1628,1,0
17910,1628,2,0
17911,1628,3,0
17912,1628,4,0
17913,1628,5,0
17914,1628,6,0
17915,1628,7,0
17916,1628,8,0
17917,1628,9,0
17918,1628,10,0
17919,1629,0,0
17920,1629,1,1
17921,1629,2,0
17922,1629,3,1
17923,1629,4,1
17924,1629,5,0
17925,1629,6,1
17926,1629,7,2
17927,1629,8,1
17928,1629,9,2
17929,1629,10,1
17930,1630,0,0
17931,1630,1,0
17932,1630,2,1
17933,1630,3,0
17934,1630,4,0
17935,1630,5,0
17936,1630,6,1
17937,1630,7,0
17938,1630,8,1
17939,1630,9,1
17940,1630,10,1
17941,1631,0,0
17942,1631,1,0
17943,1631,2,0
17944,1631,3,0
17945,1631,4,0
17946,1631,5,0
17947,1631,6,0
17948,1631,7,0
17949,1631,8,0
17950,1631,9,0
17951,1631,10,1
17952,1632,0,0
17953,1632,1,0
17954,1632,2,0
17955,1632,3,0
17956,1632,4,0
17957,1632,5,0
17958,1632,6,0
17959,1632,7,0
17960,1632,8,0
17961,1632,9,0
17962,1632,10,0
17963,1633,0,0
17964,1633,1,0
17965,1633,2,0
17966,1633,3,0
17967,1633,4,0
17968,1633,5,0
17969,1633,6,0
17970,1633,7,0
17971,1633,8,0
17972,1633,9,0
17973,1633,10,0
17974,1634,0,0
17975,1634,1,0
17976,1634,2,1
17977,1634,3,0
17978,1634,4,0
17979,1634,5,0
17980,1634,6,0
17981,1634,7,1
17982,1634,8,0
17983,1634,9,0
17984,1634,10,0
17985,1635,0,0
17986,1635,1,0
17987,1635,2,0
17988,1635,3,0
17989,1635,4,0
17990,1635,5,0
17991,1635,6,0
17992,1635,7,0
17993,1635,8,0
17994,1635,9,0
17995,1635,10,0
17996,1636,0,0
17997,1636,1,1
17998,1636,2,0
17999,1636,3,1
18000,1636,4,0
18001,1636,5,0
18002,1636,6,1
18003,1636,7,0
18004,1636,8,1
18005,1636,9,0
18006,1636,10,0
18007,1637,0,0
18008,1637,1,0
18009,1637,2,0
18010,1637,3,0
18011,1637,4,0
18012,1637,5,0
18013,1637,6,1
18014,1637,7,1
18015,1637,8,0
18016,1637,9,0
18017,1637,10,0
18018,1638,0,0
18019,1638,1,0
18020,1638,2,0
18021,1638,3,0
18022,1638,4,0
18023,1638,5,0
18024,1638,6,0
18025,1638,7,0
18026,1638,8,0
18027,1638,9,0
18028,1638,10,0
18029,1639,0,0
18030,1639,1,0
18031,1639,2,0
18032,1639,3,0
18033,1639,4,0
18034,1639,5,0
18035,1639,6,0
18036,1639,7,0
18037,1639,8,0
18038,1639,9,0
18039,1639,10,0
18040,1640,0,0
18041,1640,1,0
18042,1640,2,0
18043,1640,3,0
18044,1640,4,0
18045,1640,5,0
18046,1640,6,0
18047,1640,7,0
18048,1640,8,0
18049,1640,9,0
18050,1640,10,0
18051,1641,0,0
18052,1641,1,1
18053,1641,2,1
18054,1641,3,1
18055,1641,4,1
18056,1641,5,1
18057,1641,6,1
18058,1641,7,0
18059,1641,8,1
18060,1641,9,1
18061,1641,10,1
18062,1642,0,0
18063,1642,1,0
18064,1642,2,0
18065,1642,3,0
18066,1642,4,0
18067,1642,5,0
18068,1642,6,0
18069,1642,7,0
18070,1642,8,0
18071,1642,9,0
18072,1642,10,0
18073,1643,0,0
18074,1643,1,0
18075,1643,2,0
18076,1643,3,0
18077,1643,4,0
18078,1643,5,0
18079,1643,6,0
18080,1643,7,0
18081,1643,8,0
18082,1643,9,0
18083,1643,10,0
18084,1644,0,0
18085,1644,1,0
18086,1644,2,0
18087,1644,3,0
18088,1644,4,0
18089,1644,5,0
18090,1644,6,0
18091,1644,7,0
18092,1644,8,0
18093,1644,9,0
18094,1644,10,0
18095,1645,0,0
18096,1645,1,1
18097,1645,2,1
18098,1645,3,1
18099,1645,4,0
18100,1645,5,0
18101,1645,6,0
18102,1645,7,0
18103,1645,8,0
18104,1645,9,0
18105,1645,10,0
18106,1646,0,0
18107,1646,1,0
18108,1646,2,0
18109,1646,3,0
18110,1646,4,0
18111,1646,5,0
18112,1646,6,0
18113,1646,7,0
18114,1646,8,0
18115,1646,9,0
18116,1646,10,1
18117,1647,0,0
18118,1647,1,0
18119,1647,2,0
18120,1647,3,0
18121,1647,4,0
18122,1647,5,0
18123,1647,6,0
18124,1647,7,0
18125,1647,8,0
18126,1647,9,0
18127,1647,10,0
18128,1648,0,0
18129,1648,1,0
18130,1648,2,0
18131,1648,3,0
18132,1648,4,0
18133,1648,5,0
18134,1648,6,0
18135,1648,7,0
18136,1648,8,0
18137,1648,9,0
18138,1648,10,0
18139,1649,0,0
18140,1649,1,0
18141,1649,2,0
18142,1649,3,0
18143,1649,4,0
18144,1649,5,0
18145,1649,6,0
18146,1649,7,0
18147,1649,8,0
18148,1649,9,0
18149,1649,10,0
18150,1650,0,0
18151,1650,1,0
18152,1650,2,0
18153,1650,3,0
18154,1650,4,0
18155,1650,5,0
18156,1650,6,0
18157,1650,7,0
18158,1650,8,0
18159,1650,9,0
18160,1650,10,0
18161,1651,0,0
18162,1651,1,1
18163,1651,2,0
18164,1651,3,1
18165,1651,4,0
18166,1651,5,1
18167,1651,6,0
18168,1651,7,1
18169,1651,8,0
18170,1651,9,1
18171,1651,10,0
18172,1652,0,0
18173,1652,1,0
18174,1652,2,0
18175,1652,3,0
18176,1652,4,0
18177,1652,5,0
18178,1652,6,0
18179,1652,7,0
18180,1652,8,0
18181,1652,9,0
18182,1652,10,0
18183,1653,0,0
18184,1653,1,1
18185,1653,2,0
18186,1653,3,0
18187,1653,4,0
18188,1653,5,0
18189,1653,6,0
18190,1653,7,0
18191,1653,8,0
18192,1653,9,0
18193,1653,10,0
18194,1654,0,0
18195,1654,1,0
18196,1654,2,0
18197,1654,3,0
18198,1654,4,0
18199,1654,5,0
18200,1654,6,0
18201,1654,7,0
18202,1654,8,0
18203,1654,9,0
18204,1654,10,0
18205,1655,0,0
18206,1655,1,0
18207,1655,2,0
18208,1655,3,0
18209,1655,4,0
18210,1655,5,0
18211,1655,6,0
18212,1655,7,0
18213,1655,8,0
18214,1655,9,0
18215,1655,10,0
18216,1656,0,0
18217,1656,1,0
18218,1656,2,0
18219,1656,3,0
18220,1656,4,0
18221,1656,5,1
18222,1656,6,1
18223,1656,7,1
18224,1656,8,0
18225,1656,9,0
18226,1656,10,0
18227,1657,0,0
18228,1657,1,0
18229,1657,2,0
18230,1657,3,0
18231,1657,4,0
18232,1657,5,0
18233,1657,6,0
18234,1657,7,0
18235,1657,8,0
18236,1657,9,0
18237,1657,10,0
18238,1658,0,0
18239,1658,1,0
18240,1658,2,0
18241,1658,3,0
18242,1658,4,0
18243,1658,5,0
18244,1658,6,0
18245,1658,7,0
18246,1658,8,0
18247,1658,9,0
18248,1658,10,0
18249,1659,0,0
18250,1659,1,0
18251,1659,2,0
18252,1659,3,0
18253,1659,4,0
18254,1659,5,0
18255,1659,6,0
18256,1659,7,0
18257,1659,8,0
18258,1659,9,0
18259,1659,10,0
18260,1660,0,0
18261,1660,1,0
18262,1660,2,0
18263,1660,3,0
18264,1660,4,0
18265,1660,5,0
18266,1660,6,0
18267,1660,7,0
18268,1660,8,0
18269,1660,9,0
18270,1660,10,0
18271,1661,0,0
18272,1661,1,0
18273,1661,2,0
18274,1661,3,0
18275,1661,4,0
18276,1661,5,0
18277,1661,6,0
18278,1661,7,0
18279,1661,8,0
18280,1661,9,0
18281,1661,10,0
18282,1662,0,0
18283,1662,1,0
18284,1662,2,0
18285,1662,3,0
18286,1662,4,0
18287,1662,5,0
18288,1662,6,0
18289,1662,7,0
18290,1662,8,0
18291,1662,9,0
18292,1662,10,0
18293,1663,0,0
18294,1663,1,0
18295,1663,2,0
18296,1663,3,0
18297,1663,4,0
18298,1663,5,0
18299,1663,6,0
18300,1663,7,0
18301,1663,8,0
18302,1663,9,0
18303,1663,10,0
18304,1664,0,0
18305,1664,1,0
18306,1664,2,0
18307,1664,3,1
18308,1664,4,1
18309,1664,5,1
18310,1664,6,1
18311,1664,7,1
18312,1664,8,1
18313,1664,9,1
18314,1664,10,1
18315,1665,0,0
18316,1665,1,0
18317,1665,2,0
18318,1665,3,0
18319,1665,4,0
18320,1665,5,0
18321,1665,6,0
18322,1665,7,0
18323,1665,8,0
18324,1665,9,0
18325,1665,10,0
18326,1666,0,0
18327,1666,1,0
18328,1666,2,1
18329,1666,3,0
18330,1666,4,0
18331,1666,5,0
18332,1666,6,0
18333,1666,7,0
18334,1666,8,0
18335,1666,9,0
18336,1666,10,0
18337,1667,0,0
18338,1667,1,0
18339,1667,2,0
18340,1667,3,0
18341,1667,4,0
18342,1667,5,0
18343,1667,6,0
18344,1667,7,0
18345,1667,8,0
18346,1667,9,0
18347,1667,10,0
18348,1668,0,0
18349,1668,1,0
18350,1668,2,0
18351,1668,3,0
18352,1668,4,0
18353,1668,5,0
18354,1668,6,0
18355,1668,7,0
18356,1668,8,0
18357,1668,9,0
18358,1668,10,0
18359,1669,0,0
18360,1669,1,0
18361,1669,2,0
18362,1669,3,0
18363,1669,4,0
18364,1669,5,0
18365,1669,6,0
18366,1669,7,0
18367,1669,8,0
18368,1669,9,0
18369,1669,10,0
18370,1670,0,0
18371,1670,1,1
18372,1670,2,0
18373,1670,3,1
18374,1670,4,1
18375,1670,5,1
18376,1670,6,0
18377,1670,7,1
18378,1670,8,1
18379,1670,9,1
18380,1670,10,1
18381,1671,0,0
18382,1671,1,0
18383,1671,2,0
18384,1671,3,0
18385,1671,4,0
18386,1671,5,0
18387,1671,6,0
18388,1671,7,0
18389,1671,8,0
18390,1671,9,0
18391,1671,10,0
18392,1672,0,0
18393,1672,1,0
18394,1672,2,0
18395,1672,3,0
18396,1672,4,0
18397,1672,5,0
18398,1672,6,0
18399,1672,7,0
18400,1672,8,0
18401,1672,9,0
18402,1672,10,0
18403,1673,0,0
18404,1673,1,0
18405,1673,2,0
18406,1673,3,0
18407,1673,4,0
18408,1673,5,0
18409,1673,6,0
18410,1673,7,0
18411,1673,8,0
18412,1673,9,0
18413,1673,10,0
18414,1674,0,0
18415,1674,1,0
18416,1674,2,0
18417,1674,3,0
18418,1674,4,0
18419,1674,5,0
18420,1674,6,1
18421,1674,7,0
18422,1674,8,1
18423,1674,9,0
18424,1674,10,0
18425,1675,0,0
18426,1675,1,0
18427,1675,2,0
18428,1675,3,0
18429,1675,4,0
18430,1675,5,0
18431,1675,6,0
18432,1675,7,0
18433,1675,8,0
18434,1675,9,0
18435,1675,10,0
18436,1676,0,0
18437,1676,1,1
18438,1676,2,0
18439,1676,3,1
18440,1676,4,0
18441,1676,5,1
18442,1676,6,2
18443,1676,7,1
18444,1676,8,0
18445,1676,9,1
18446,1676,10,0
18447,1677,0,0
18448,1677,1,0
18449,1677,2,0
18450,1677,3,0
18451,1677,4,0
18452,1677,5,0
18453,1677,6,0
18454,1677,7,0
18455,1677,8,0
18456,1677,9,0
18457,1677,10,0
18458,1678,0,0
18459,1678,1,1
18460,1678,2,1
18461,1678,3,1
18462,1678,4,0
18463,1678,5,1
18464,1678,6,0
18465,1678,7,1
18466,1678,8,1
18467,1678,9,0
18468,1678,10,1
18469,1679,0,0
18470,1679,1,0
18471,1679,2,0
18472,1679,3,0
18473,1679,4,0
18474,1679,5,0
18475,1679,6,0
18476,1679,7,0
18477,1679,8,0
18478,1679,9,0
18479,1679,10,0
18480,1680,0,0
18481,1680,1,0
18482,1680,2,0
18483,1680,3,0
18484,1680,4,0
18485,1680,5,0
18486,1680,6,0
18487,1680,7,0
18488,1680,8,0
18489,1680,9,0
18490,1680,10,0
18491,1681,0,0
18492,1681,1,0
18493,1681,2,1
18494,1681,3,0
18495,1681,4,1
18496,1681,5,0
18497,1681,6,1
18498,1681,7,0
18499,1681,8,1
18500,1681,9,0
18501,1681,10,1
18502,1682,0,0
18503,1682,1,0
18504,1682,2,0
18505,1682,3,0
18506,1682,4,0
18507,1682,5,0
18508,1682,6,0
18509,1682,7,0
18510,1682,8,0
18511,1682,9,0
18512,1682,10,0
18513,1683,0,0
18514,1683,1,0
18515,1683,2,0
18516,1683,3,0
18517,1683,4,0
18518,1683,5,0
18519,1683,6,0
18520,1683,7,0
18521,1683,8,0
18522,1683,9,0
18523,1683,10,0
18524,1684,0,0
18525,1684,1,1
18526,1684,2,0
18527,1684,3,1
18528,1684,4,1
18529,1684,5,1
18530,1684,6,1
18531,1684,7,1
18532,1684,8,0
18533,1684,9,1
18534,1684,10,0
18535,1685,0,0
18536,1685,1,0
18537,1685,2,0
18538,1685,3,0
18539,1685,4,0
18540,1685,5,0
18541,1685,6,0
18542,1685,7,0
18543,1685,8,0
18544,1685,9,0
18545,1685,10,0
18546,1686,0,0
18547,1686,1,0
18548,1686,2,0
18549,1686,3,0
18550,1686,4,0
18551,1686,5,1
18552,1686,6,2
18553,1686,7,1
18554,1686,8,2
18555,1686,9,1
18556,1686,10,2
18557,1687,0,0
18558,1687,1,1
18559,1687,2,2
18560,1687,3,1
18561,1687,4,2
18562,1687,5,1
18563,1687,6,2
18564,1687,7,1
18565,1687,8,2
18566,1687,9,1
18567,1687,10,2
18568,1688,0,0
18569,1688,1,0
18570,1688,2,0
18571,1688,3,0
18572,1688,4,0
18573,1688,5,0
18574,1688,6,0
18575,1688,7,0
18576,1688,8,0
18577,1688,9,0
18578,1688,10,0
18579,1689,0,0
18580,1689,1,0
18581,1689,2,0
18582,1689,3,0
18583,1689,4,0
18584,1689,5,0
18585,1689,6,0
18586,1689,7,0
18587,1689,8,1
18588,1689,9,0
18589,1689,10,0
18590,1690,0,0
18591,1690,1,1
18592,1690,2,0
18593,1690,3,0
18594,1690,4,0
18595,1690,5,0
18596,1690,6,1
18597,1690,7,0
18598,1690,8,1
18599,1690,9,0
18600,1690,10,0
18601,1691,0,0
18602,1691,1,0
18603,1691,2,0
18604,1691,3,0
18605,1691,4,1
18606,1691,5,1
18607,1691,6,1
18608,1691,7,1
18609,1691,8,1
18610,1691,9,1
18611,1691,10,1
18612,1692,0,0
18613,1692,1,0
18614,1692,2,0
18615,1692,3,0
18616,1692,4,0
18617,1692,5,0
18618,1692,6,0
18619,1692,7,1
18620,1692,8,0
18621,1692,9,0
18622,1692,10,0
18623,1693,0,0
18624,1693,1,0
18625,1693,2,0
18626,1693,3,0
18627,1693,4,0
18628,1693,5,0
18629,1693,6,0
18630,1693,7,0
18631,1693,8,0
18632,1693,9,0
18633,1693,10,0
18634,1694,0,0
18635,1694,1,0
18636,1694,2,0
18637,1694,3,0
18638,1694,4,0
18639,1694,5,0
18640,1694,6,0
18641,1694,7,0
18642,1694,8,0
18643,1694,9,0
18644,1694,10,0
18645,1695,0,0
18646,1695,1,0
18647,1695,2,0
18648,1695,3,0
18649,1695,4,0
18650,1695,5,0
18651,1695,6,0
18652,1695,7,0
18653,1695,8,0
18654,1695,9,0
18655,1695,10,0
18656,1696,0,0
18657,1696,1,1
18658,1696,2,2
18659,1696,3,1
18660,1696,4,2
18661,1696,5,1
18662,1696,6,2
18663,1696,7,1
18664,1696,8,2
18665,1696,9,1
18666,1696,10,2
18667,1697,0,0
18668,1697,1,0
18669,1697,2,0
18670,1697,3,0
18671,1697,4,0
18672,1697,5,0
18673,1697,6,0
18674,1697,7,0
18675,1697,8,0
18676,1697,9,0
18677,1697,10,0
18678,1698,0,0
18679,1698,1,0
18680,1698,2,0
18681,1698,3,0
18682,1698,4,0
18683,1698,5,0
18684,1698,6,0
18685,1698,7,0
18686,1698,8,0
18687,1698,9,0
18688,1698,10,0
18689,1699,0,0
18690,1699,1,1
18691,1699,2,1
18692,1699,3,1
18693,1699,4,0
18694,1699,5,1
18695,1699,6,1
18696,1699,7,0
18697,1699,8,1
18698,1699,9,1
18699,1699,10,0
18700,1700,0,0
18701,1700,1,0
18702,1700,2,0
18703,1700,3,0
18704,1700,4,1
18705,1700,5,1
18706,1700,6,0
18707,1700,7,1
18708,1700,8,1
18709,1700,9,1
18710,1700,10,1
18711,1701,0,0
18712,1701,1,0
18713,1701,2,0
18714,1701,3,0
18715,1701,4,0
18716,1701,5,0
18717,1701,6,0
18718,1701,7,0
18719,1701,8,0
18720,1701,9,0
18721,1701,10,0
18722,1702,0,0
18723,1702,1,1
18724,1702,2,1
18725,1702,3,1
18726,1702,4,1
18727,1702,5,1
18728,1702,6,0
18729,1702,7,1
18730,1702,8,0
18731,1702,9,0
18732,1702,10,0
18733,1703,0,0
18734,1703,1,0
18735,1703,2,0
18736,1703,3,0
18737,1703,4,0
18738,1703,5,0
18739,1703,6,0
18740,1703,7,0
18741,1703,8,0
18742,1703,9,0
18743,1703,10,0
18744,1704,0,0
18745,1704,1,0
18746,1704,2,0
18747,1704,3,1
18748,1704,4,0
18749,1704,5,0
18750,1704,6,0
18751,1704,7,0
18752,1704,8,0
18753,1704,9,0
18754,1704,10,0
18755,1705,0,0
18756,1705,1,1
18757,1705,2,1
18758,1705,3,0
18759,1705,4,1
18760,1705,5,0
18761,1705,6,1
18762,1705,7,2
18763,1705,8,1
18764,1705,9,0
18765,1705,10,1
18766,1706,0,0
18767,1706,1,1
18768,1706,2,0
18769,1706,3,1
18770,1706,4,0
18771,1706,5,0
18772,1706,6,1
18773,1706,7,0
18774,1706,8,1
18775,1706,9,2
18776,1706,10,1
18777,1707,0,0
18778,1707,1,0
18779,1707,2,0
18780,1707,3,1
18781,1707,4,1
18782,1707,5,1
18783,1707,6,1
18784,1707,7,1
18785,1707,8,1
18786,1707,9,1
18787,1707,10,1
18788,1708,0,0
18789,1708,1,0
18790,1708,2,0
18791,1708,3,0
18792,1708,4,0
18793,1708,5,0
18794,1708,6,0
18795,1708,7,0
18796,1708,8,0
18797,1708,9,0
18798,1708,10,0
18799,1709,0,0
18800,1709,1,0
18801,1709,2,0
18802,1709,3,0
18803,1709,4,0
18804,1709,5,0
18805,1709,6,0
18806,1709,7,0
18807,1709,8,0
18808,1709,9,0
18809,1709,10,0
18810,1710,0,0
18811,1710,1,1
18812,1710,2,1
18813,1710,3,1
18814,1710,4,0
18815,1710,5,1
18816,1710,6,0
18817,1710,7,1
18818,1710,8,1
18819,1710,9,0
18820,1710,10,1
18821,1711,0,0
18822,1711,1,0
18823,1711,2,0
18824,1711,3,0
18825,1711,4,0
18826,1711,5,0
18827,1711,6,0
18828,1711,7,0
18829,1711,8,0
18830,1711,9,0
18831,1711,10,0
18832,1712,0,0
18833,1712,1,0
18834,1712,2,0
18835,1712,3,0
18836,1712,4,0
18837,1712,5,0
18838,1712,6,0
18839,1712,7,0
18840,1712,8,0
18841,1712,9,0
18842,1712,10,0
18843,1713,0,0
18844,1713,1,0
18845,1713,2,0
18846,1713,3,0
18847,1713,4,0
18848,1713,5,0
18849,1713,6,0
18850,1713,7,0
18851,1713,8,0
18852,1713,9,0
18853,1713,10,0
18854,1714,0,0
18855,1714,1,0
18856,1714,2,0
18857,1714,3,0
18858,1714,4,0
18859,1714,5,0
18860,1714,6,0
18861,1714,7,0
18862,1714,8,0
18863,1714,9,0
18864,1714,10,0
18865,1715,0,0
18866,1715,1,0
18867,1715,2,0
18868,1715,3,0
18869,1715,4,0
18870,1715,5,0
18871,1715,6,0
18872,1715,7,0
18873,1715,8,0
18874,1715,9,0
18875,1715,10,0
18876,1716,0,0
18877,1716,1,0
18878,1716,2,0
18879,1716,3,0
18880,1716,4,0
18881,1716,5,0
18882,1716,6,0
18883,1716,7,0
18884,1716,8,0
18885,1716,9,0
18886,1716,10,0
18887,1717,0,0
18888,1717,1,0
18889,1717,2,0
18890,1717,3,0
18891,1717,4,0
18892,1717,5,0
18893,1717,6,0
18894,1717,7,0
18895,1717,8,0
18896,1717,9,0
18897,1717,10,0
18898,1718,0,0
18899,1718,1,0
18900,1718,2,0
18901,1718,3,0
18902,1718,4,0
18903,1718,5,0
18904,1718,6,0
18905,1718,7,0
18906,1718,8,0
18907,1718,9,0
18908,1718,10,0
18909,1719,0,0
18910,1719,1,0
18911,1719,2,0
18912,1719,3,0
18913,1719,4,0
18914,1719,5,0
18915,1719,6,0
18916,1719,7,0
18917,1719,8,0
18918,1719,9,0
18919,1719,10,0
18920,1720,0,0
18921,1720,1,0
18922,1720,2,0
18923,1720,3,1
18924,1720,4,0
18925,1720,5,0
18926,1720,6,0
18927,1720,7,0
18928,1720,8,0
18929,1720,9,0
18930,1720,10,0
18931,1721,0,0
18932,1721,1,0
18933,1721,2,0
18934,1721,3,0
18935,1721,4,0
18936,1721,5,1
18937,1721,6,1
18938,1721,7,0
18939,1721,8,0
18940,1721,9,0
18941,1721,10,0
18942,1722,0,0
18943,1722,1,1
18944,1722,2,0
18945,1722,3,1
18946,1722,4,0
18947,1722,5,1
18948,1722,6,0
18949,1722,7,1
18950,1722,8,0
18951,1722,9,1
18952,1722,10,0
18953,1723,0,0
18954,1723,1,0
18955,1723,2,0
18956,1723,3,0
18957,1723,4,0
18958,1723,5,0
18959,1723,6,0
18960,1723,7,0
18961,1723,8,0
18962,1723,9,0
18963,1723,10,0
18964,1724,0,0
18965,1724,1,0
18966,1724,2,0
18967,1724,3,0
18968,1724,4,0
18969,1724,5,0
18970,1724,6,0
18971,1724,7,0
18972,1724,8,0
18973,1724,9,0
18974,1724,10,0
18975,1725,0,0
18976,1725,1,0
18977,1725,2,0
18978,1725,3,0
18979,1725,4,0
18980,1725,5,0
18981,1725,6,0
18982,1725,7,0
18983,1725,8,0
18984,1725,9,0
18985,1725,10,0
18986,1726,0,0
18987,1726,1,0
18988,1726,2,0
18989,1726,3,0
18990,1726,4,0
18991,1726,5,0
18992,1726,6,0
18993,1726,7,0
18994,1726,8,0
18995,1726,9,0
18996,1726,10,0
18997,1727,0,0
18998,1727,1,0
18999,1727,2,0
19000,1727,3,0
19001,1727,4,0
19002,1727,5,0
19003,1727,6,0
19004,1727,7,0
19005,1727,8,0
19006,1727,9,0
19007,1727,10,0
19008,1728,0,0
19009,1728,1,0
19010,1728,2,0
19011,1728,3,0
19012,1728,4,0
19013,1728,5,0
19014,1728,6,0
19015,1728,7,0
19016,1728,8,0
19017,1728,9,0
19018,1728,10,0
19019,1729,0,0
19020,1729,1,0
19021,1729,2,0
19022,1729,3,0
19023,1729,4,0
19024,1729,5,0
19025,1729,6,0
19026,1729,7,0
19027,1729,8,0
19028,1729,9,0
19029,1729,10,0
19030,1730,0,0
19031,1730,1,0
19032,1730,2,0
19033,1730,3,0
19034,1730,4,0
19035,1730,5,0
19036,1730,6,0
19037,1730,7,0
19038,1730,8,1
19039,1730,9,2
19040,1730,10,1
19041,1731,0,0
19042,1731,1,0
19043,1731,2,0
19044,1731,3,0
19045,1731,4,0
19046,1731,5,0
19047,1731,6,0
19048,1731,7,0
19049,1731,8,0
19050,1731,9,0
19051,1731,10,0
19052,1732,0,0
19053,1732,1,1
19054,1732,2,1
19055,1732,3,1
19056,1732,4,1
19057,1732,5,1
19058,1732,6,1
19059,1732,7,1
19060,1732,8,1
19061,1732,9,1
19062,1732,10,1
19063,1733,0,0
19064,1733,1,0
19065,1733,2,0
19066,1733,3,0
19067,1733,4,0
19068,1733,5,0
19069,1733,6,0
19070,1733,7,0
19071,1733,8,0
19072,1733,9,0
19073,1733,10,0
19074,1734,0,0
19075,1734,1,0
19076,1734,2,0
19077,1734,3,0
19078,1734,4,0
19079,1734,5,0
19080,1734,6,0
19081,1734,7,0
19082,1734,8,0
19083,1734,9,0
19084,1734,10,0
19085,1735,0,0
19086,1735,1,0
19087,1735,2,0
19088,1735,3,0
19089,1735,4,0
19090,1735,5,0
19091,1735,6,0
19092,1735,7,0
19093,1735,8,1
19094,1735,9,1
19095,1735,10,0
19096,1736,0,0
19097,1736,1,1
19098,1736,2,0
19099,1736,3,1
19100,1736,4,0
19101,1736,5,1
19102,1736,6,1
19103,1736,7,0
19104,1736,8,1
19105,1736,9,0
19106,1736,10,1
19107,1737,0,0
19108,1737,1,0
19109,1737,2,0
19110,1737,3,0
19111,1737,4,0
19112,1737,5,0
19113,1737,6,0
19114,1737,7,0
19115,1737,8,0
19116,1737,9,0
19117,1737,10,0
19118,1738,0,0
19119,1738,1,0
19120,1738,2,0
19121,1738,3,0
19122,1738,4,0
19123,1738,5,0
19124,1738,6,0
19125,1738,7,0
19126,1738,8,0
19127,1738,9,0
19128,1738,10,0
19129,1739,0,0
19130,1739,1,1
19131,1739,2,1
19132,1739,3,1
19133,1739,4,1
19134,1739,5,0
19135,1739,6,1
19136,1739,7,1
19137,1739,8,1
19138,1739,9,1
19139,1739,10,1
19140,1740,0,0
19141,1740,1,1
19142,1740,2,2
19143,1740,3,1
19144,1740,4,2
19145,1740,5,1
19146,1740,6,0
19147,1740,7,1
19148,1740,8,2
19149,1740,9,1
19150,1740,10,0
19151,1741,0,0
19152,1741,1,0
19153,1741,2,0
19154,1741,3,0
19155,1741,4,0
19156,1741,5,0
19157,1741,6,0
19158,1741,7,0
19159,1741,8,0
19160,1741,9,1
19161,1741,10,0
19162,1742,0,0
19163,1742,1,0
19164,1742,2,0
19165,1742,3,0
19166,1742,4,0
19167,1742,5,0
19168,1742,6,0
19169,1742,7,0
19170,1742,8,0
19171,1742,9,0
19172,1742,10,0
19173,1743,0,0
19174,1743,1,0
19175,1743,2,0
19176,1743,3,0
19177,1743,4,0
19178,1743,5,0
19179,1743,6,0
19180,1743,7,1
19181,1743,8,1
19182,1743,9,1
19183,1743,10,0
19184,1744,0,0
19185,1744,1,0
19186,1744,2,0
19187,1744,3,0
19188,1744,4,0
19189,1744,5,0
19190,1744,6,0
19191,1744,7,0
19192,1744,8,0
19193,1744,9,0
19194,1744,10,0
19195,1745,0,0
19196,1745,1,0
19197,1745,2,0
19198,1745,3,0
19199,1745,4,0
19200,1745,5,0
19201,1745,6,0
19202,1745,7,0
19203,1745,8,0
19204,1745,9,0
19205,1745,10,0
19206,1746,0,0
19207,1746,1,0
19208,1746,2,0
19209,1746,3,0
19210,1746,4,0
19211,1746,5,0
19212,1746,6,0
19213,1746,7,0
19214,1746,8,0
19215,1746,9,0
19216,1746,10,0
19217,1747,0,0
19218,1747,1,0
19219,1747,2,0
19220,1747,3,0
19221,1747,4,0
19222,1747,5,0
19223,1747,6,0
19224,1747,7,0
19225,1747,8,0
19226,1747,9,0
19227,1747,10,0
19228,1748,0,0
19229,1748,1,0
19230,1748,2,0
19231,1748,3,0
19232,1748,4,1
19233,1748,5,1
19234,1748,6,0
19235,1748,7,0
19236,1748,8,0
19237,1748,9,0
19238,1748,10,0
19239,1749,0,0
19240,1749,1,1
19241,1749,2,2
19242,1749,3,1
19243,1749,4,2
19244,1749,5,1
19245,1749,6,2
19246,1749,7,1
19247,1749,8,0
19248,1749,9,0
19249,1749,10,0
19250,1750,0,0
19251,1750,1,0
19252,1750,2,0
19253,1750,3,0
19254,1750,4,0
19255,1750,5,0
19256,1750,6,0
19257,1750,7,0
19258,1750,8,0
19259,1750,9,0
19260,1750,10,0
19261,1751,0,0
19262,1751,1,1
19263,1751,2,0
19264,1751,3,1
19265,1751,4,0
19266,1751,5,1
19267,1751,6,0
19268,1751,7,1
19269,1751,8,0
19270,1751,9,1
19271,1751,10,0
19272,1752,0,0
19273,1752,1,0
19274,1752,2,1
19275,1752,3,1
19276,1752,4,0
19277,1752,5,1
19278,1752,6,0
19279,1752,7,0
19280,1752,8,0
19281,1752,9,0
19282,1752,10,0
19283,1753,0,0
19284,1753,1,0
19285,1753,2,0
19286,1753,3,1
19287,1753,4,0
19288,1753,5,0
19289,1753,6,0
19290,1753,7,0
19291,1753,8,1
19292,1753,9,0
19293,1753,10,0
19294,1754,0,0
19295,1754,1,0
19296,1754,2,0
19297,1754,3,0
19298,1754,4,1
19299,1754,5,0
19300,1754,6,0
19301,1754,7,0
19302,1754,8,0
19303,1754,9,0
19304,1754,10,0
19305,1755,0,0
19306,1755,1,0
19307,1755,2,0
19308,1755,3,0
19309,1755,4,0
19310,1755,5,0
19311,1755,6,0
19312,1755,7,0
19313,1755,8,0
19314,1755,9,0
19315,1755,10,0
19316,1756,0,0
19317,1756,1,0
19318,1756,2,0
19319,1756,3,0
19320,1756,4,0
19321,1756,5,0
19322,1756,6,0
19323,1756,7,0
19324,1756,8,0
19325,1756,9,0
19326,1756,10,0
19327,1757,0,0
19328,1757,1,0
19329,1757,2,0
19330,1757,3,0
19331,1757,4,0
19332,1757,5,0
19333,1757,6,0
19334,1757,7,0
19335,1757,8,0
19336,1757,9,0
19337,1757,10,0
19338,1758,0,0
19339,1758,1,0
19340,1758,2,0
19341,1758,3,1
19342,1758,4,0
19343,1758,5,0
19344,1758,6,0
19345,1758,7,0
19346,1758,8,0
19347,1758,9,0
19348,1758,10,0
19349,1759,0,0
19350,1759,1,0
19351,1759,2,0
19352,1759,3,0
19353,1759,4,0
19354,1759,5,0
19355,1759,6,0
19356,1759,7,0
19357,1759,8,0
19358,1759,9,0
19359,1759,10,0
19360,1760,0,0
19361,1760,1,0
19362,1760,2,0
19363,1760,3,0
19364,1760,4,0
19365,1760,5,0
19366,1760,6,0
19367,1760,7,0
19368,1760,8,0
19369,1760,9,0
19370,1760,10,0
19371,1761,0,0
19372,1761,1,0
19373,1761,2,0
19374,1761,3,0
19375,1761,4,0
19376,1761,5,0
19377,1761,6,0
19378,1761,7,0
19379,1761,8,0
19380,1761,9,0
19381,1761,10,0
19382,1762,0,0
19383,1762,1,0
19384,1762,2,0
19385,1762,3,0
19386,1762,4,0
19387,1762,5,0
19388,1762,6,0
19389,1762,7,0
19390,1762,8,0
19391,1762,9,0
19392,1762,10,0
19393,1763,0,0
19394,1763,1,0
19395,1763,2,0
19396,1763,3,0
19397,1763,4,1
19398,1763,5,0
19399,1763,6,1
19400,1763,7,0
19401,1763,8,0
19402,1763,9,0
19403,1763,10,0
19404,1764,0,0
19405,1764,1,0
19406,1764,2,0
19407,1764,3,1
19408,1764,4,1
19409,1764,5,1
19410,1764,6,1
19411,1764,7,0
19412,1764,8,0
19413,1764,9,0
19414,1764,10,0
19415,1765,0,0
19416,1765,1,1
19417,1765,2,0
19418,1765,3,1
19419,1765,4,0
19420,1765,5,0
19421,1765,6,1
19422,1765,7,0
19423,1765,8,1
19424,1765,9,0
19425,1765,10,0
19426,1766,0,0
19427,1766,1,1
19428,1766,2,2
19429,1766,3,1
19430,1766,4,2
19431,1766,5,1
19432,1766,6,2
19433,1766,7,1
19434,1766,8,2
19435,1766,9,1
19436,1766,10,2
19437,1767,0,0
19438,1767,1,0
19439,1767,2,0
19440,1767,3,0
19441,1767,4,0
19442,1767,5,0
19443,1767,6,0
19444,1767,7,0
19445,1767,8,0
19446,1767,9,0
19447,1767,10,0
19448,1768,0,0
19449,1768,1,0
19450,1768,2,0
19451,1768,3,0
19452,1768,4,0
19453,1768,5,0
19454,1768,6,0
19455,1768,7,0
19456,1768,8,0
19457,1768,9,0
19458,1768,10,0
19459,1769,0,0
19460,1769,1,1
19461,1769,2,0
19462,1769,3,1
19463,1769,4,0
19464,1769,5,1
19465,1769,6,0
19466,1769,7,1
19467,1769,8,1
19468,1769,9,0
19469,1769,10,1
19470,1770,0,0
19471,1770,1,0
19472,1770,2,0
19473,1770,3,0
19474,1770,4,0
19475,1770,5,0
19476,1770,6,0
19477,1770,7,0
19478,1770,8,0
19479,1770,9,0
19480,1770,10,0
19481,1771,0,0
19482,1771,1,1
19483,1771,2,0
19484,1771,3,0
19485,1771,4,1
19486,1771,5,0
19487,1771,6,1
19488,1771,7,0
19489,1771,8,0
19490,1771,9,1
19491,1771,10,0
19492,1772,0,0
19493,1772,1,0
19494,1772,2,0
19495,1772,3,0
19496,1772,4,0
19497,1772,5,0
19498,1772,6,0
19499,1772,7,0
19500,1772,8,0
19501,1772,9,0
19502,1772,10,0
19503,1773,0,0
19504,1773,1,0
19505,1773,2,0
19506,1773,3,0
19507,1773,4,0
19508,1773,5,1
19509,1773,6,1
19510,1773,7,1
19511,1773,8,0
19512,1773,9,0
19513,1773,10,0
19514,1774,0,0
19515,1774,1,1
19516,1774,2,2
19517,1774,3,1
19518,1774,4,0
19519,1774,5,1
19520,1774,6,2
19521,1774,7,1
19522,1774,8,0
19523,1774,9,1
19524,1774,10,2
19525,1775,0,0
19526,1775,1,0
19527,1775,2,0
19528,1775,3,0
19529,1775,4,0
19530,1775,5,0
19531,1775,6,0
19532,1775,7,0
19533,1775,8,0
19534,1775,9,0
19535,1775,10,0
19536,1776,0,0
19537,1776,1,1
19538,1776,2,1
19539,1776,3,0
19540,1776,4,1
19541,1776,5,0
19542,1776,6,1
19543,1776,7,1
19544,1776,8,0
19545,1776,9,1
19546,1776,10,0
19547,1777,0,0
19548,1777,1,0
19549,1777,2,0
19550,1777,3,0
19551,1777,4,0
19552,1777,5,0
19553,1777,6,0
19554,1777,7,0
19555,1777,8,0
19556,1777,9,0
19557,1777,10,0
19558,1778,0,0
19559,1778,1,0
19560,1778,2,0
19561,1778,3,0
19562,1778,4,0
19563,1778,5,0
19564,1778,6,0
19565,1778,7,0
19566,1778,8,0
19567,1778,9,0
19568,1778,10,1
19569,1779,0,0
19570,1779,1,0
19571,1779,2,0
19572,1779,3,0
19573,1779,4,0
19574,1779,5,0
19575,1779,6,0
19576,1779,7,0
19577,1779,8,0
19578,1779,9,0
19579,1779,10,0
19580,1780,0,0
19581,1780,1,0
19582,1780,2,0
19583,1780,3,0
19584,1780,4,1
19585,1780,5,1
19586,1780,6,0
19587,1780,7,0
19588,1780,8,0
19589,1780,9,0
19590,1780,10,0
19591,1781,0,0
19592,1781,1,1
19593,1781,2,0
19594,1781,3,0
19595,1781,4,1
19596,1781,5,0
19597,1781,6,0
19598,1781,7,1
19599,1781,8,0
19600,1781,9,1
19601,1781,10,0
19602,1782,0,0
19603,1782,1,0
19604,1782,2,0
19605,1782,3,0
19606,1782,4,0
19607,1782,5,0
19608,1782,6,0
19609,1782,7,1
19610,1782,8,1
19611,1782,9,1
19612,1782,10,1
19613,1783,0,0
19614,1783,1,1
19615,1783,2,1
19616,1783,3,1
19617,1783,4,1
19618,1783,5,1
19619,1783,6,1
19620,1783,7,1
19621,1783,8,1
19622,1783,9,1
19623,1783,10,1
19624,1784,0,0
19625,1784,1,0
19626,1784,2,0
19627,1784,3,0
19628,1784,4,0
19629,1784,5,0
19630,1784,6,0
19631,1784,7,0
19632,1784,8,0
19633,1784,9,0
19634,1784,10,0
19635,1785,0,0
19636,1785,1,0
19637,1785,2,0
19638,1785,3,0
19639,1785,4,0
19640,1785,5,0
19641,1785,6,0
19642,1785,7,0
19643,1785,8,0
19644,1785,9,0
19645,1785,10,0
19646,1786,0,0
19647,1786,1,0
19648,1786,2,0
19649,1786,3,0
19650,1786,4,0
19651,1786,5,0
19652,1786,6,0
19653,1786,7,0
19654,1786,8,0
19655,1786,9,0
19656,1786,10,0
19657,1787,0,0
19658,1787,1,1
19659,1787,2,2
19660,1787,3,1
19661,1787,4,2
19662,1787,5,1
19663,1787,6,2
19664,1787,7,3
19665,1787,8,2
19666,1787,9,3
19667,1787,10,2
19668,1788,0,0
19669,1788,1,0
19670,1788,2,1
19671,1788,3,0
19672,1788,4,1
19673,1788,5,0
19674,1788,6,0
19675,1788,7,1
19676,1788,8,0
19677,1788,9,0
19678,1788,10,0
19679,1789,0,0
19680,1789,1,0
19681,1789,2,0
19682,1789,3,0
19683,1789,4,0
19684,1789,5,1
19685,1789,6,1
19686,1789,7,1
19687,1789,8,1
19688,1789,9,1
19689,1789,10,1
19690,1790,0,0
19691,1790,1,0
19692,1790,2,0
19693,1790,3,1
19694,1790,4,0
19695,1790,5,0
19696,1790,6,1
19697,1790,7,0
19698,1790,8,0
19699,1790,9,1
19700,1790,10,0
19701,1791,0,0
19702,1791,1,0
19703,1791,2,0
19704,1791,3,0
19705,1791,4,0
19706,1791,5,0
19707,1791,6,0
19708,1791,7,0
19709,1791,8,0
19710,1791,9,0
19711,1791,10,0
19712,1792,0,0
19713,1792,1,0
19714,1792,2,0
19715,1792,3,0
19716,1792,4,0
19717,1792,5,0
19718,1792,6,0
19719,1792,7,0
19720,1792,8,0
19721,1792,9,0
19722,1792,10,0
19723,1793,0,0
19724,1793,1,0
19725,1793,2,1
19726,1793,3,0
19727,1793,4,1
19728,1793,5,0
19729,1793,6,1
19730,1793,7,0
19731,1793,8,0
19732,1793,9,1
19733,1793,10,0
19734,1794,0,0
19735,1794,1,0
19736,1794,2,0
19737,1794,3,0
19738,1794,4,0
19739,1794,5,0
19740,1794,6,0
19741,1794,7,0
19742,1794,8,0
19743,1794,9,0
19744,1794,10,0
19745,1795,0,0
19746,1795,1,0
19747,1795,2,0
19748,1795,3,0
19749,1795,4,0
19750,1795,5,0
19751,1795,6,0
19752,1795,7,0
19753,1795,8,0
19754,1795,9,0
19755,1795,10,0
19756,1796,0,0
19757,1796,1,0
19758,1796,2,0
19759,1796,3,0
19760,1796,4,0
19761,1796,5,0
19762,1796,6,0
19763,1796,7,0
19764,1796,8,0
19765,1796,9,0
19766,1796,10,0
19767,1797,0,0
19768,1797,1,0
19769,1797,2,0
19770,1797,3,0
19771,1797,4,0
19772,1797,5,0
19773,1797,6,0
19774,1797,7,0
19775,1797,8,0
19776,1797,9,0
19777,1797,10,0
19778,1798,0,0
19779,1798,1,1
19780,1798,2,1
19781,1798,3,1
19782,1798,4,1
19783,1798,5,1
19784,1798,6,1
19785,1798,7,0
19786,1798,8,1
19787,1798,9,0
19788,1798,10,1
19789,1799,0,0
19790,1799,1,0
19791,1799,2,0
19792,1799,3,0
19793,1799,4,0
19794,1799,5,0
19795,1799,6,0
19796,1799,7,0
19797,1799,8,0
19798,1799,9,0
19799,1799,10,0
19800,1800,0,0
19801,1800,1,0
19802,1800,2,0
19803,1800,3,0
19804,1800,4,0
19805,1800,5,0
19806,1800,6,1
19807,1800,7,1
19808,1800,8,1
19809,1800,9,1
19810,1800,10,0
19811,1801,0,0
19812,1801,1,1
19813,1801,2,0
19814,1801,3,0
19815,1801,4,0
19816,1801,5,1
19817,1801,6,0
19818,1801,7,0
19819,1801,8,0
19820,1801,9,0
19821,1801,10,1
19822,1802,0,0
19823,1802,1,0
19824,1802,2,0
19825,1802,3,0
19826,1802,4,0
19827,1802,5,0
19828,1802,6,0
19829,1802,7,0
19830,1802,8,0
19831,1802,9,0
19832,1802,10,0
19833,1803,0,0
19834,1803,1,0
19835,1803,2,0
19836,1803,3,0
19837,1803,4,0
19838,1803,5,0
19839,1803,6,0
19840,1803,7,0
19841,1803,8,0
19842,1803,9,0
19843,1803,10,0
19844,1804,0,0
19845,1804,1,0
19846,1804,2,0
19847,1804,3,0
19848,1804,4,0
19849,1804,5,0
19850,1804,6,0
19851,1804,7,0
19852,1804,8,0
19853,1804,9,0
19854,1804,10,0
19855,1805,0,0
19856,1805,1,0
19857,1805,2,0
19858,1805,3,0
19859,1805,4,0
19860,1805,5,0
19861,1805,6,0
19862,1805,7,1
19863,1805,8,0
19864,1805,9,0
19865,1805,10,0
19866,1806,0,0
19867,1806,1,0
19868,1806,2,0
19869,1806,3,0
19870,1806,4,0
19871,1806,5,0
19872,1806,6,0
19873,1806,7,0
19874,1806,8,0
19875,1806,9,0
19876,1806,10,0
19877,1807,0,0
19878,1807,1,0
19879,1807,2,0
19880,1807,3,0
19881,1807,4,0
19882,1807,5,0
19883,1807,6,0
19884,1807,7,0
19885,1807,8,0
19886,1807,9,0
19887,1807,10,0
19888,1808,0,0
19889,1808,1,0
19890,1808,2,0
19891,1808,3,1
19892,1808,4,0
19893,1808,5,0
19894,1808,6,0
19895,1808,7,0
19896,1808,8,0
19897,1808,9,0
19898,1808,10,0
19899,1809,0,0
19900,1809,1,0
19901,1809,2,0
19902,1809,3,0
19903,1809,4,0
19904,1809,5,0
19905,1809,6,0
19906,1809,7,0
19907,1809,8,0
19908,1809,9,0
19909,1809,10,0
19910,1810,0,0
19911,1810,1,1
19912,1810,2,0
19913,1810,3,1
19914,1810,4,1
19915,1810,5,0
19916,1810,6,1
19917,1810,7,0
19918,1810,8,1
19919,1810,9,1
19920,1810,10,1
19921,1811,0,0
19922,1811,1,0
19923,1811,2,0
19924,1811,3,0
19925,1811,4,0
19926,1811,5,0
19927,1811,6,0
19928,1811,7,0
19929,1811,8,0
19930,1811,9,0
19931,1811,10,0
19932,1812,0,0
19933,1812,1,0
19934,1812,2,1
19935,1812,3,0
19936,1812,4,0
19937,1812,5,1
19938,1812,6,0
19939,1812,7,0
19940,1812,8,0
19941,1812,9,1
19942,1812,10,0
19943,1813,0,0
19944,1813,1,1
19945,1813,2,0
19946,1813,3,1
19947,1813,4,2
19948,1813,5,3
19949,1813,6,2
19950,1813,7,3
19951,1813,8,2
19952,1813,9,1
19953,1813,10,0
19954,1814,0,0
19955,1814,1,0
19956,1814,2,0
19957,1814,3,0
19958,1814,4,0
19959,1814,5,0
19960,1814,6,0
19961,1814,7,0
19962,1814,8,0
19963,1814,9,0
19964,1814,10,0
19965,1815,0,0
19966,1815,1,0
19967,1815,2,0
19968,1815,3,1
19969,1815,4,0
19970,1815,5,0
19971,1815,6,0
19972,1815,7,1
19973,1815,8,1
19974,1815,9,1
19975,1815,10,1
19976,1816,0,0
19977,1816,1,0
19978,1816,2,0
19979,1816,3,0
19980,1816,4,0
19981,1816,5,0
19982,1816,6,0
19983,1816,7,0
19984,1816,8,0
19985,1816,9,0
19986,1816,10,0
19987,1817,0,0
19988,1817,1,0
19989,1817,2,0
19990,1817,3,0
19991,1817,4,0
19992,1817,5,0
19993,1817,6,0
19994,1817,7,0
19995,1817,8,0
19996,1817,9,0
19997,1817,10,0
19998,1818,0,0
19999,1818,1,1
20000,1818,2,0
20001,1818,3,1
20002,1818,4,0
20003,1818,5,1
20004,1818,6,0
20005,1818,7,1
20006,1818,8,0
20007,1818,9,0
20008,1818,10,1
20009,1819,0,0
20010,1819,1,1
20011,1819,2,2
20012,1819,3,1
20013,1819,4,2
20014,1819,5,1
20015,1819,6,2
20016,1819,7,1
20017,1819,8,2
20018,1819,9,1
20019,1819,10,2
20020,1820,0,0
20021,1820,1,1
20022,1820,2,2
20023,1820,3,1
20024,1820,4,2
20025,1820,5,1
20026,1820,6,2
20027,1820,7,1
20028,1820,8,2
20029,1820,9,1
20030,1820,10,2
20031,1821,0,0
20032,1821,1,1
20033,1821,2,0
20034,1821,3,1
20035,1821,4,0
20036,1821,5,0
20037,1821,6,0
20038,1821,7,1
20039,1821,8,0
20040,1821,9,1
20041,1821,10,0
20042,1822,0,0
20043,1822,1,0
20044,1822,2,0
20045,1822,3,0
20046,1822,4,0
20047,1822,5,0
20048,1822,6,0
20049,1822,7,0
20050,1822,8,0
20051,1822,9,0
20052,1822,10,0
20053,1823,0,0
20054,1823,1,1
20055,1823,2,0
20056,1823,3,1
20057,1823,4,0
20058,1823,5,1
20059,1823,6,1
20060,1823,7,0
20061,1823,8,1
20062,1823,9,1
20063,1823,10,1
20064,1824,0,0
20065,1824,1,1
20066,1824,2,1
20067,1824,3,0
20068,1824,4,0
20069,1824,5,1
20070,1824,6,0
20071,1824,7,0
20072,1824,8,0
20073,1824,9,0
20074,1824,10,0
20075,1825,0,0
20076,1825,1,0
20077,1825,2,0
20078,1825,3,0
20079,1825,4,0
20080,1825,5,0
20081,1825,6,0
20082,1825,7,0
20083,1825,8,0
20084,1825,9,0
20085,1825,10,0
20086,1826,0,0
20087,1826,1,1
20088,1826,2,0
20089,1826,3,1
20090,1826,4,1
20091,1826,5,1
20092,1826,6,0
20093,1826,7,1
20094,1826,8,1
20095,1826,9,2
20096,1826,10,1
20097,1827,0,0
20098,1827,1,0
20099,1827,2,0
20100,1827,3,0
20101,1827,4,0
20102,1827,5,0
20103,1827,6,0
20104,1827,7,0
20105,1827,8,0
20106,1827,9,0
20107,1827,10,0
20108,1828,0,0
20109,1828,1,1
20110,1828,2,1
20111,1828,3,1
20112,1828,4,1
20113,1828,5,1
20114,1828,6,1
20115,1828,7,1
20116,1828,8,1
20117,1828,9,1
20118,1828,10,1
20119,1829,0,0
20120,1829,1,1
20121,1829,2,0
20122,1829,3,0
20123,1829,4,1
20124,1829,5,0
20125,1829,6,0
20126,1829,7,0
20127,1829,8,0
20128,1829,9,0
20129,1829,10,0
20130,1830,0,0
20131,1830,1,0
20132,1830,2,0
20133,1830,3,0
20134,1830,4,0
20135,1830,5,0
20136,1830,6,0
20137,1830,7,0
20138,1830,8,0
20139,1830,9,0
20140,1830,10,0
20141,1831,0,0
20142,1831,1,0
20143,1831,2,0
20144,1831,3,0
20145,1831,4,0
20146,1831,5,0
20147,1831,6,0
20148,1831,7,0
20149,1831,8,0
20150,1831,9,0
20151,1831,10,0
20152,1832,0,0
20153,1832,1,0
20154,1832,2,0
20155,1832,3,0
20156,1832,4,0
20157,1832,5,0
20158,1832,6,0
20159,1832,7,0
20160,1832,8,0
20161,1832,9,0
20162,1832,10,0
20163,1833,0,0
20164,1833,1,0
20165,1833,2,0
20166,1833,3,0
20167,1833,4,0
20168,1833,5,0
20169,1833,6,0
20170,1833,7,0
20171,1833,8,0
20172,1833,9,0
20173,1833,10,0
20174,1834,0,0
20175,1834,1,0
20176,1834,2,0
20177,1834,3,0
20178,1834,4,0
20179,1834,5,0
20180,1834,6,0
20181,1834,7,0
20182,1834,8,0
20183,1834,9,0
20184,1834,10,0
20185,1835,0,0
20186,1835,1,0
20187,1835,2,0
20188,1835,3,0
20189,1835,4,0
20190,1835,5,0
20191,1835,6,0
20192,1835,7,0
20193,1835,8,0
20194,1835,9,0
20195,1835,10,0
20196,1836,0,0
20197,1836,1,0
20198,1836,2,0
20199,1836,3,0
20200,1836,4,0
20201,1836,5,0
20202,1836,6,1
20203,1836,7,0
20204,1836,8,0
20205,1836,9,1
20206,1836,10,0
20207,1837,0,0
20208,1837,1,0
20209,1837,2,0
20210,1837,3,0
20211,1837,4,1
20212,1837,5,1
20213,1837,6,1
20214,1837,7,1
20215,1837,8,1
20216,1837,9,1
20217,1837,10,0
20218,1838,0,0
20219,1838,1,0
20220,1838,2,0
20221,1838,3,0
20222,1838,4,0
20223,1838,5,0
20224,1838,6,0
20225,1838,7,0
20226,1838,8,0
20227,1838,9,0
20228,1838,10,0
20229,1839,0,0
20230,1839,1,0
20231,1839,2,0
20232,1839,3,0
20233,1839,4,1
20234,1839,5,0
20235,1839,6,1
20236,1839,7,1
20237,1839,8,0
20238,1839,9,0
20239,1839,10,0
20240,1840,0,0
20241,1840,1,0
20242,1840,2,0
20243,1840,3,1
20244,1840,4,1
20245,1840,5,1
20246,1840,6,1
20247,1840,7,1
20248,1840,8,1
20249,1840,9,1
20250,1840,10,1
20251,1841,0,0
20252,1841,1,0
20253,1841,2,0
20254,1841,3,0
20255,1841,4,0
20256,1841,5,0
20257,1841,6,0
20258,1841,7,0
20259,1841,8,0
20260,1841,9,0
20261,1841,10,0
20262,1842,0,0
20263,1842,1,0
20264,1842,2,0
20265,1842,3,0
20266,1842,4,0
20267,1842,5,0
20268,1842,6,0
20269,1842,7,0
20270,1842,8,0
20271,1842,9,0
20272,1842,10,0
20273,1843,0,0
20274,1843,1,0
20275,1843,2,0
20276,1843,3,0
20277,1843,4,0
20278,1843,5,0
20279,1843,6,0
20280,1843,7,0
20281,1843,8,0
20282,1843,9,0
20283,1843,10,0
20284,1844,0,0
20285,1844,1,0
20286,1844,2,0
20287,1844,3,0
20288,1844,4,0
20289,1844,5,0
20290,1844,6,0
20291,1844,7,0
20292,1844,8,0
20293,1844,9,0
20294,1844,10,0
20295,1845,0,0
20296,1845,1,0
20297,1845,2,0
20298,1845,3,0
20299,1845,4,0
20300,1845,5,0
20301,1845,6,0
20302,1845,7,1
20303,1845,8,0
20304,1845,9,0
20305,1845,10,0
20306,1846,0,0
20307,1846,1,0
20308,1846,2,0
20309,1846,3,0
20310,1846,4,0
20311,1846,5,0
20312,1846,6,0
20313,1846,7,0
20314,1846,8,0
20315,1846,9,0
20316,1846,10,0
20317,1847,0,0
20318,1847,1,0
20319,1847,2,0
20320,1847,3,0
20321,1847,4,0
20322,1847,5,0
20323,1847,6,0
20324,1847,7,0
20325,1847,8,0
20326,1847,9,0
20327,1847,10,0
20328,1848,0,0
20329,1848,1,0
20330,1848,2,0
20331,1848,3,1
20332,1848,4,2
20333,1848,5,1
20334,1848,6,0
20335,1848,7,0
20336,1848,8,1
20337,1848,9,0
20338,1848,10,1
20339,1849,0,0
20340,1849,1,0
20341,1849,2,1
20342,1849,3,2
20343,1849,4,1
20344,1849,5,2
20345,1849,6,1
20346,1849,7,1
20347,1849,8,2
20348,1849,9,1
20349,1849,10,1
20350,1850,0,0
20351,1850,1,1
20352,1850,2,1
20353,1850,3,0
20354,1850,4,1
20355,1850,5,1
20356,1850,6,0
20357,1850,7,0
20358,1850,8,0
20359,1850,9,1
20360,1850,10,0
20361,1851,0,0
20362,1851,1,0
20363,1851,2,0
20364,1851,3,0
20365,1851,4,0
20366,1851,5,1
20367,1851,6,1
20368,1851,7,1
20369,1851,8,1
20370,1851,9,1
20371,1851,10,1
20372,1852,0,0
20373,1852,1,0
20374,1852,2,0
20375,1852,3,0
20376,1852,4,0
20377,1852,5,0
20378,1852,6,0
20379,1852,7,0
20380,1852,8,0
20381,1852,9,1
20382,1852,10,0
20383,1853,0,0
20384,1853,1,1
20385,1853,2,0
20386,1853,3,1
20387,1853,4,0
20388,1853,5,1
20389,1853,6,0
20390,1853,7,1
20391,1853,8,0
20392,1853,9,1
20393,1853,10,0
20394,1854,0,0
20395,1854,1,0
20396,1854,2,0
20397,1854,3,0
20398,1854,4,0
20399,1854,5,0
20400,1854,6,0
20401,1854,7,0
20402,1854,8,0
20403,1854,9,0
20404,1854,10,0
20405,1855,0,0
20406,1855,1,0
20407,1855,2,0
20408,1855,3,0
20409,1855,4,0
20410,1855,5,0
20411,1855,6,0
20412,1855,7,0
20413,1855,8,0
20414,1855,9,0
20415,1855,10,0
20416,1856,0,0
20417,1856,1,0
20418,1856,2,0
20419,1856,3,0
20420,1856,4,0
20421,1856,5,1
20422,1856,6,0
20423,1856,7,0
20424,1856,8,0
20425,1856,9,0
20426,1856,10,0
20427,1857,0,0
20428,1857,1,0
20429,1857,2,0
20430,1857,3,0
20431,1857,4,0
20432,1857,5,0
20433,1857,6,0
20434,1857,7,1
20435,1857,8,0
20436,1857,9,0
20437,1857,10,0
20438,1858,0,0
20439,1858,1,0
20440,1858,2,0
20441,1858,3,0
20442,1858,4,0
20443,1858,5,0
20444,1858,6,0
20445,1858,7,0
20446,1858,8,0
20447,1858,9,0
20448,1858,10,0
20449,1859,0,0
20450,1859,1,0
20451,1859,2,1
20452,1859,3,2
20453,1859,4,1
20454,1859,5,2
20455,1859,6,1
20456,1859,7,2
20457,1859,8,1
20458,1859,9,2
20459,1859,10,1
20460,1860,0,0
20461,1860,1,0
20462,1860,2,0
20463,1860,3,0
20464,1860,4,0
20465,1860,5,0
20466,1860,6,0
20467,1860,7,0
20468,1860,8,0
20469,1860,9,0
20470,1860,10,0
20471,1861,0,0
20472,1861,1,0
20473,1861,2,0
20474,1861,3,0
20475,1861,4,0
20476,1861,5,1
20477,1861,6,0
20478,1861,7,0
20479,1861,8,1
20480,1861,9,0
20481,1861,10,0
20482,1862,0,0
20483,1862,1,0
20484,1862,2,0
20485,1862,3,0
20486,1862,4,0
20487,1862,5,0
20488,1862,6,0
20489,1862,7,0
20490,1862,8,0
20491,1862,9,0
20492,1862,10,0
20493,1863,0,0
20494,1863,1,1
20495,1863,2,1
20496,1863,3,1
20497,1863,4,1
20498,1863,5,1
20499,1863,6,0
20500,1863,7,1
20501,1863,8,0
20502,1863,9,1
20503,1863,10,0
20504,1864,0,0
20505,1864,1,0
20506,1864,2,0
20507,1864,3,0
20508,1864,4,0
20509,1864,5,0
20510,1864,6,0
20511,1864,7,0
20512,1864,8,0
20513,1864,9,0
20514,1864,10,0
20515,1865,0,0
20516,1865,1,0
20517,1865,2,0
20518,1865,3,0
20519,1865,4,0
20520,1865,5,0
20521,1865,6,0
20522,1865,7,0
20523,1865,8,0
20524,1865,9,0
20525,1865,10,0
20526,1866,0,0
20527,1866,1,1
20528,1866,2,0
20529,1866,3,1
20530,1866,4,0
20531,1866,5,1
20532,1866,6,0
20533,1866,7,1
20534,1866,8,0
20535,1866,9,1
20536,1866,10,2
20537,1867,0,0
20538,1867,1,0
20539,1867,2,0
20540,1867,3,0
20541,1867,4,0
20542,1867,5,0
20543,1867,6,0
20544,1867,7,0
20545,1867,8,0
20546,1867,9,0
20547,1867,10,0
20548,1868,0,0
20549,1868,1,0
20550,1868,2,0
20551,1868,3,0
20552,1868,4,0
20553,1868,5,0
20554,1868,6,0
20555,1868,7,0
20556,1868,8,0
20557,1868,9,0
20558,1868,10,0
20559,1869,0,0
20560,1869,1,0
20561,1869,2,0
20562,1869,3,0
20563,1869,4,0
20564,1869,5,0
20565,1869,6,0
20566,1869,7,0
20567,1869,8,0
20568,1869,9,0
20569,1869,10,0
20570,1870,0,0
20571,1870,1,0
20572,1870,2,0
20573,1870,3,0
20574,1870,4,0
20575,1870,5,0
20576,1870,6,0
20577,1870,7,0
20578,1870,8,0
20579,1870,9,0
20580,1870,10,0
20581,1871,0,0
20582,1871,1,0
20583,1871,2,0
20584,1871,3,0
20585,1871,4,0
20586,1871,5,0
20587,1871,6,0
20588,1871,7,0
20589,1871,8,0
20590,1871,9,0
20591,1871,10,0
20592,1872,0,0
20593,1872,1,1
20594,1872,2,1
20595,1872,3,2
20596,1872,4,1
20597,1872,5,1
20598,1872,6,1
20599,1872,7,0
20600,1872,8,0
20601,1872,9,1
20602,1872,10,2
20603,1873,0,0
20604,1873,1,0
20605,1873,2,0
20606,1873,3,0
20607,1873,4,0
20608,1873,5,0
20609,1873,6,0
20610,1873,7,0
20611,1873,8,0
20612,1873,9,0
20613,1873,10,0
20614,1874,0,0
20615,1874,1,0
20616,1874,2,0
20617,1874,3,0
20618,1874,4,0
20619,1874,5,0
20620,1874,6,0
20621,1874,7,0
20622,1874,8,0
20623,1874,9,0
20624,1874,10,0
20625,1875,0,0
20626,1875,1,0
20627,1875,2,0
20628,1875,3,0
20629,1875,4,0
20630,1875,5,0
20631,1875,6,0
20632,1875,7,0
20633,1875,8,0
20634,1875,9,0
20635,1875,10,0
20636,1876,0,0
20637,1876,1,0
20638,1876,2,0
20639,1876,3,0
20640,1876,4,0
20641,1876,5,0
20642,1876,6,0
20643,1876,7,0
20644,1876,8,0
20645,1876,9,0
20646,1876,10,0
20647,1877,0,0
20648,1877,1,1
20649,1877,2,0
20650,1877,3,1
20651,1877,4,0
20652,1877,5,0
20653,1877,6,1
20654,1877,7,0
20655,1877,8,1
20656,1877,9,0
20657,1877,10,1
20658,1878,0,0
20659,1878,1,0
20660,1878,2,0
20661,1878,3,0
20662,1878,4,0
20663,1878,5,0
20664,1878,6,0
20665,1878,7,0
20666,1878,8,0
20667,1878,9,0
20668,1878,10,0
20669,1879,0,0
20670,1879,1,1
20671,1879,2,1
20672,1879,3,1
20673,1879,4,1
20674,1879,5,1
20675,1879,6,1
20676,1879,7,1
20677,1879,8,1
20678,1879,9,1
20679,1879,10,1
20680,1880,0,0
20681,1880,1,1
20682,1880,2,1
20683,1880,3,0
20684,1880,4,1
20685,1880,5,1
20686,1880,6,0
20687,1880,7,0
20688,1880,8,1
20689,1880,9,0
20690,1880,10,0
20691,1881,0,0
20692,1881,1,1
20693,1881,2,0
20694,1881,3,1
20695,1881,4,0
20696,1881,5,1
20697,1881,6,0
20698,1881,7,1
20699,1881,8,0
20700,1881,9,1
20701,1881,10,0
20702,1882,0,0
20703,1882,1,0
20704,1882,2,0
20705,1882,3,0
20706,1882,4,0
20707,1882,5,0
20708,1882,6,0
20709,1882,7,0
20710,1882,8,0
20711,1882,9,0
20712,1882,10,0
20713,1883,0,0
20714,1883,1,0
20715,1883,2,0
20716,1883,3,0
20717,1883,4,0
20718,1883,5,0
20719,1883,6,0
20720,1883,7,0
20721,1883,8,0
20722,1883,9,0
20723,1883,10,0
20724,1884,0,0
20725,1884,1,0
20726,1884,2,0
20727,1884,3,0
20728,1884,4,0
20729,1884,5,0
20730,1884,6,0
20731,1884,7,0
20732,1884,8,0
20733,1884,9,0
20734,1884,10,0
20735,1885,0,0
20736,1885,1,0
20737,1885,2,0
20738,1885,3,0
20739,1885,4,1
20740,1885,5,1
20741,1885,6,0
20742,1885,7,0
20743,1885,8,0
20744,1885,9,1
20745,1885,10,0
20746,1886,0,0
20747,1886,1,1
20748,1886,2,1
20749,1886,3,0
20750,1886,4,0
20751,1886,5,0
20752,1886,6,1
20753,1886,7,1
20754,1886,8,1
20755,1886,9,1
20756,1886,10,1
20757,1887,0,0
20758,1887,1,0
20759,1887,2,0
20760,1887,3,0
20761,1887,4,0
20762,1887,5,0
20763,1887,6,0
20764,1887,7,0
20765,1887,8,0
20766,1887,9,0
20767,1887,10,0
20768,1888,0,0
20769,1888,1,0
20770,1888,2,0
20771,1888,3,0
20772,1888,4,0
20773,1888,5,0
20774,1888,6,0
20775,1888,7,0
20776,1888,8,0
20777,1888,9,0
20778,1888,10,0
20779,1889,0,0
20780,1889,1,0
20781,1889,2,0
20782,1889,3,0
20783,1889,4,0
20784,1889,5,0
20785,1889,6,0
20786,1889,7,0
20787,1889,8,0
20788,1889,9,0
20789,1889,10,0
20790,1890,0,0
20791,1890,1,0
20792,1890,2,0
20793,1890,3,0
20794,1890,4,0
20795,1890,5,0
20796,1890,6,0
20797,1890,7,0
20798,1890,8,0
20799,1890,9,0
20800,1890,10,0
20801,1891,0,0
20802,1891,1,0
20803,1891,2,0
20804,1891,3,0
20805,1891,4,0
20806,1891,5,0
20807,1891,6,0
20808,1891,7,0
20809,1891,8,0
20810,1891,9,0
20811,1891,10,0
20812,1892,0,0
20813,1892,1,0
20814,1892,2,0
20815,1892,3,0
20816,1892,4,1
20817,1892,5,2
20818,1892,6,1
20819,1892,7,1
20820,1892,8,2
20821,1892,9,1
20822,1892,10,2
20823,1893,0,0
20824,1893,1,0
20825,1893,2,0
20826,1893,3,0
20827,1893,4,0
20828,1893,5,0
20829,1893,6,0
20830,1893,7,0
20831,1893,8,0
20832,1893,9,0
20833,1893,10,0
20834,1894,0,0
20835,1894,1,0
20836,1894,2,0
20837,1894,3,0
20838,1894,4,0
20839,1894,5,0
20840,1894,6,0
20841,1894,7,0
20842,1894,8,0
20843,1894,9,0
20844,1894,10,0
20845,1895,0,0
20846,1895,1,1
20847,1895,2,0
20848,1895,3,0
20849,1895,4,0
20850,1895,5,1
20851,1895,6,0
20852,1895,7,1
20853,1895,8,0
20854,1895,9,1
20855,1895,10,0
20856,1896,0,0
20857,1896,1,0
20858,1896,2,0
20859,1896,3,0
20860,1896,4,0
20861,1896,5,0
20862,1896,6,0
20863,1896,7,0
20864,1896,8,0
20865,1896,9,0
20866,1896,10,1
20867,1897,0,0
20868,1897,1,1
20869,1897,2,0
20870,1897,3,1
20871,1897,4,0
20872,1897,5,1
20873,1897,6,0
20874,1897,7,1
20875,1897,8,0
20876,1897,9,1
20877,1897,10,0
20878,1898,0,0
20879,1898,1,1
20880,1898,2,1
20881,1898,3,2
20882,1898,4,1
20883,1898,5,0
20884,1898,6,0
20885,1898,7,0
20886,1898,8,0
20887,1898,9,0
20888,1898,10,0
20889,1899,0,0
20890,1899,1,0
20891,1899,2,0
20892,1899,3,0
20893,1899,4,0
20894,1899,5,0
20895,1899,6,0
20896,1899,7,0
20897,1899,8,0
20898,1899,9,0
20899,1899,10,0
20900,1900,0,0
20901,1900,1,0
20902,1900,2,0
20903,1900,3,0
20904,1900,4,0
20905,1900,5,0
20906,1900,6,0
20907,1900,7,0
20908,1900,8,0
20909,1900,9,0
20910,1900,10,0
20911,1901,0,0
20912,1901,1,0
20913,1901,2,0
20914,1901,3,0
20915,1901,4,0
20916,1901,5,0
20917,1901,6,0
20918,1901,7,0
20919,1901,8,0
20920,1901,9,0
20921,1901,10,0
20922,1902,0,0
20923,1902,1,0
20924,1902,2,1
20925,1902,3,1
20926,1902,4,1
20927,1902,5,1
20928,1902,6,1
20929,1902,7,1
20930,1902,8,0
20931,1902,9,1
20932,1902,10,1
20933,1903,0,0
20934,1903,1,1
20935,1903,2,1
20936,1903,3,1
20937,1903,4,1
20938,1903,5,0
20939,1903,6,1
20940,1903,7,0
20941,1903,8,1
20942,1903,9,0
20943,1903,10,0
20944,1904,0,0
20945,1904,1,0
20946,1904,2,0
20947,1904,3,0
20948,1904,4,0
20949,1904,5,0
20950,1904,6,0
20951,1904,7,0
20952,1904,8,0
20953,1904,9,0
20954,1904,10,0
20955,1905,0,0
20956,1905,1,1
20957,1905,2,1
20958,1905,3,0
20959,1905,4,1
20960,1905,5,1
20961,1905,6,0
20962,1905,7,1
20963,1905,8,0
20964,1905,9,1
20965,1905,10,0
20966,1906,0,0
20967,1906,1,0
20968,1906,2,0
20969,1906,3,0
20970,1906,4,0
20971,1906,5,0
20972,1906,6,0
20973,1906,7,0
20974,1906,8,0
20975,1906,9,0
20976,1906,10,0
20977,1907,0,0
20978,1907,1,0
20979,1907,2,0
20980,1907,3,0
20981,1907,4,0
20982,1907,5,0
20983,1907,6,0
20984,1907,7,0
20985,1907,8,0
20986,1907,9,0
20987,1907,10,0
20988,1908,0,0
20989,1908,1,0
20990,1908,2,0
20991,1908,3,0
20992,1908,4,0
20993,1908,5,0
20994,1908,6,0
20995,1908,7,0
20996,1908,8,0
20997,1908,9,0
20998,1908,10,0
20999,1909,0,0
21000,1909,1,0
21001,1909,2,1
21002,1909,3,0
21003,1909,4,0
21004,1909,5,1
21005,1909,6,0
21006,1909,7,1
21007,1909,8,0
21008,1909,9,1
21009,1909,10,0
21010,1910,0,0
21011,1910,1,0
21012,1910,2,0
21013,1910,3,0
21014,1910,4,0
21015,1910,5,0
21016,1910,6,0
21017,1910,7,0
21018,1910,8,0
21019,1910,9,0
21020,1910,10,0
21021,1911,0,0
21022,1911,1,0
21023,1911,2,0
21024,1911,3,1
21025,1911,4,1
21026,1911,5,1
21027,1911,6,1
21028,1911,7,0
21029,1911,8,1
21030,1911,9,0
21031,1911,10,1
21032,1912,0,0
21033,1912,1,0
21034,1912,2,0
21035,1912,3,0
21036,1912,4,0
21037,1912,5,0
21038,1912,6,0
21039,1912,7,0
21040,1912,8,0
21041,1912,9,0
21042,1912,10,0
21043,1913,0,0
21044,1913,1,0
21045,1913,2,0
21046,1913,3,0
21047,1913,4,0
21048,1913,5,0
21049,1913,6,0
21050,1913,7,0
21051,1913,8,0
21052,1913,9,0
21053,1913,10,0
21054,1914,0,0
21055,1914,1,0
21056,1914,2,0
21057,1914,3,0
21058,1914,4,0
21059,1914,5,0
21060,1914,6,1
21061,1914,7,0
21062,1914,8,0
21063,1914,9,0
21064,1914,10,0
21065,1915,0,0
21066,1915,1,0
21067,1915,2,0
21068,1915,3,0
21069,1915,4,0
21070,1915,5,0
21071,1915,6,0
21072,1915,7,0
21073,1915,8,0
21074,1915,9,0
21075,1915,10,0
21076,1916,0,0
21077,1916,1,0
21078,1916,2,0
21079,1916,3,0
21080,1916,4,0
21081,1916,5,0
21082,1916,6,0
21083,1916,7,0
21084,1916,8,0
21085,1916,9,0
21086,1916,10,0
21087,1917,0,0
21088,1917,1,0
21089,1917,2,0
21090,1917,3,0
21091,1917,4,0
21092,1917,5,0
21093,1917,6,0
21094,1917,7,0
21095,1917,8,0
21096,1917,9,0
21097,1917,10,0
21098,1918,0,0
21099,1918,1,1
21100,1918,2,0
21101,1918,3,1
21102,1918,4,0
21103,1918,5,1
21104,1918,6,0
21105,1918,7,1
21106,1918,8,1
21107,1918,9,0
21108,1918,10,1
21109,1919,0,0
21110,1919,1,1
21111,1919,2,0
21112,1919,3,1
21113,1919,4,0
21114,1919,5,1
21115,1919,6,1
21116,1919,7,0
21117,1919,8,1
21118,1919,9,0
21119,1919,10,1
21120,1920,0,0
21121,1920,1,1
21122,1920,2,1
21123,1920,3,0
21124,1920,4,1
21125,1920,5,0
21126,1920,6,1
21127,1920,7,0
21128,1920,8,1
21129,1920,9,1
21130,1920,10,0
21131,1921,0,0
21132,1921,1,0
21133,1921,2,0
21134,1921,3,0
21135,1921,4,0
21136,1921,5,0
21137,1921,6,0
21138,1921,7,0
21139,1921,8,0
21140,1921,9,0
21141,1921,10,0
21142,1922,0,0
21143,1922,1,0
21144,1922,2,0
21145,1922,3,0
21146,1922,4,0
21147,1922,5,0
21148,1922,6,0
21149,1922,7,0
21150,1922,8,0
21151,1922,9,0
21152,1922,10,1
21153,1923,0,0
21154,1923,1,1
21155,1923,2,0
21156,1923,3,1
21157,1923,4,0
21158,1923,5,1
21159,1923,6,0
21160,1923,7,1
21161,1923,8,0
21162,1923,9,1
21163,1923,10,0
21164,1924,0,0
21165,1924,1,0
21166,1924,2,0
21167,1924,3,0
21168,1924,4,0
21169,1924,5,0
21170,1924,6,0
21171,1924,7,0
21172,1924,8,0
21173,1924,9,0
21174,1924,10,0
21175,1925,0,0
21176,1925,1,0
21177,1925,2,0
21178,1925,3,0
21179,1925,4,0
21180,1925,5,0
21181,1925,6,0
21182,1925,7,0
21183,1925,8,0
21184,1925,9,0
21185,1925,10,0
21186,1926,0,0
21187,1926,1,0
21188,1926,2,0
21189,1926,3,0
21190,1926,4,0
21191,1926,5,0
21192,1926,6,0
21193,1926,7,0
21194,1926,8,0
21195,1926,9,0
21196,1926,10,0
21197,1927,0,0
21198,1927,1,1
21199,1927,2,1
21200,1927,3,1
21201,1927,4,1
21202,1927,5,1
21203,1927,6,1
21204,1927,7,1
21205,1927,8,1
21206,1927,9,1
21207,1927,10,1
21208,1928,0,0
21209,1928,1,0
21210,1928,2,0
21211,1928,3,0
21212,1928,4,0
21213,1928,5,0
21214,1928,6,1
21215,1928,7,1
21216,1928,8,0
21217,1928,9,0
21218,1928,10,0
21219,1929,0,0
21220,1929,1,1
21221,1929,2,0
21222,1929,3,1
21223,1929,4,0
21224,1929,5,1
21225,1929,6,1
21226,1929,7,1
21227,1929,8,1
21228,1929,9,1
21229,1929,10,0
21230,1930,0,0
21231,1930,1,0
21232,1930,2,0
21233,1930,3,0
21234,1930,4,0
21235,1930,5,0
21236,1930,6,0
21237,1930,7,0
21238,1930,8,0
21239,1930,9,0
21240,1930,10,0
21241,1931,0,0
21242,1931,1,0
21243,1931,2,0
21244,1931,3,0
21245,1931,4,0
21246,1931,5,0
21247,1931,6,0
21248,1931,7,0
21249,1931,8,0
21250,1931,9,0
21251,1931,10,0
21252,1932,0,0
21253,1932,1,0
21254,1932,2,0
21255,1932,3,0
21256,1932,4,0
21257,1932,5,0
21258,1932,6,0
21259,1932,7,0
21260,1932,8,0
21261,1932,9,0
21262,1932,10,0
21263,1933,0,0
21264,1933,1,0
21265,1933,2,0
21266,1933,3,0
21267,1933,4,0
21268,1933,5,0
21269,1933,6,0
21270,1933,7,0
21271,1933,8,0
21272,1933,9,0
21273,1933,10,0
21274,1934,0,0
21275,1934,1,0
21276,1934,2,0
21277,1934,3,1
21278,1934,4,1
21279,1934,5,1
21280,1934,6,1
21281,1934,7,0
21282,1934,8,1
21283,1934,9,1
21284,1934,10,1
21285,1935,0,0
21286,1935,1,0
21287,1935,2,0
21288,1935,3,0
21289,1935,4,0
21290,1935,5,0
21291,1935,6,0
21292,1935,7,0
21293,1935,8,0
21294,1935,9,0
21295,1935,10,0
21296,1936,0,0
21297,1936,1,1
21298,1936,2,0
21299,1936,3,0
21300,1936,4,0
21301,1936,5,1
21302,1936,6,0
21303,1936,7,0
21304,1936,8,0
21305,1936,9,0
21306,1936,10,1
21307,1937,0,0
21308,1937,1,0
21309,1937,2,0
21310,1937,3,0
21311,1937,4,0
21312,1937,5,0
21313,1937,6,0
21314,1937,7,0
21315,1937,8,0
21316,1937,9,0
21317,1937,10,0
21318,1938,0,0
21319,1938,1,0
21320,1938,2,1
21321,1938,3,1
21322,1938,4,0
21323,1938,5,0
21324,1938,6,0
21325,1938,7,0
21326,1938,8,0
21327,1938,9,0
21328,1938,10,0
21329,1939,0,0
21330,1939,1,1
21331,1939,2,2
21332,1939,3,1
21333,1939,4,2
21334,1939,5,1
21335,1939,6,2
21336,1939,7,1
21337,1939,8,2
21338,1939,9,1
21339,1939,10,2
21340,1940,0,0
21341,1940,1,0
21342,1940,2,0
21343,1940,3,0
21344,1940,4,0
21345,1940,5,0
21346,1940,6,0
21347,1940,7,0
21348,1940,8,0
21349,1940,9,0
21350,1940,10,0
21351,1941,0,0
21352,1941,1,0
21353,1941,2,1
21354,1941,3,1
21355,1941,4,1
21356,1941,5,1
21357,1941,6,1
21358,1941,7,0
21359,1941,8,1
21360,1941,9,0
21361,1941,10,1
21362,1942,0,0
21363,1942,1,0
21364,1942,2,0
21365,1942,3,1
21366,1942,4,2
21367,1942,5,1
21368,1942,6,2
21369,1942,7,1
21370,1942,8,2
21371,1942,9,1
21372,1942,10,1
21373,1943,0,0
21374,1943,1,0
21375,1943,2,0
21376,1943,3,0
21377,1943,4,0
21378,1943,5,0
21379,1943,6,0
21380,1943,7,0
21381,1943,8,0
21382,1943,9,0
21383,1943,10,0
21384,1944,0,0
21385,1944,1,0
21386,1944,2,0
21387,1944,3,0
21388,1944,4,0
21389,1944,5,1
21390,1944,6,0
21391,1944,7,0
21392,1944,8,0
21393,1944,9,0
21394,1944,10,0
21395,1945,0,0
21396,1945,1,0
21397,1945,2,0
21398,1945,3,0
21399,1945,4,0
21400,1945,5,0
21401,1945,6,0
21402,1945,7,0
21403,1945,8,0
21404,1945,9,0
21405,1945,10,0
21406,1946,0,0
21407,1946,1,0
21408,1946,2,0
21409,1946,3,0
21410,1946,4,0
21411,1946,5,0
21412,1946,6,0
21413,1946,7,0
21414,1946,8,0
21415,1946,9,0
21416,1946,10,0
21417,1947,0,0
21418,1947,1,1
21419,1947,2,0
21420,1947,3,1
21421,1947,4,1
21422,1947,5,0
21423,1947,6,1
21424,1947,7,0
21425,1947,8,1
21426,1947,9,0
21427,1947,10,1
21428,1948,0,0
21429,1948,1,1
21430,1948,2,0
21431,1948,3,1
21432,1948,4,1
21433,1948,5,1
21434,1948,6,0
21435,1948,7,0
21436,1948,8,1
21437,1948,9,0
21438,1948,10,0
21439,1949,0,0
21440,1949,1,1
21441,1949,2,0
21442,1949,3,1
21443,1949,4,0
21444,1949,5,1
21445,1949,6,0
21446,1949,7,1
21447,1949,8,1
21448,1949,9,0
21449,1949,10,1
21450,1950,0,0
21451,1950,1,0
21452,1950,2,0
21453,1950,3,0
21454,1950,4,0
21455,1950,5,0
21456,1950,6,0
21457,1950,7,0
21458,1950,8,0
21459,1950,9,0
21460,1950,10,0
21461,1951,0,0
21462,1951,1,0
21463,1951,2,0
21464,1951,3,0
21465,1951,4,0
21466,1951,5,0
21467,1951,6,0
21468,1951,7,0
21469,1951,8,0
21470,1951,9,0
21471,1951,10,0
21472,1952,0,0
21473,1952,1,0
21474,1952,2,0
21475,1952,3,0
21476,1952,4,0
21477,1952,5,0
21478,1952,6,0
21479,1952,7,0
21480,1952,8,0
21481,1952,9,0
21482,1952,10,0
21483,1953,0,0
21484,1953,1,0
21485,1953,2,0
21486,1953,3,0
21487,1953,4,0
21488,1953,5,0
21489,1953,6,0
21490,1953,7,0
21491,1953,8,0
21492,1953,9,0
21493,1953,10,0
21494,1954,0,0
21495,1954,1,1
21496,1954,2,0
21497,1954,3,1
21498,1954,4,0
21499,1954,5,1
21500,1954,6,0
21501,1954,7,1
21502,1954,8,2
21503,1954,9,1
21504,1954,10,0
21505,1955,0,0
21506,1955,1,0
21507,1955,2,0
21508,1955,3,0
21509,1955,4,0
21510,1955,5,0
21511,1955,6,0
21512,1955,7,0
21513,1955,8,0
21514,1955,9,0
21515,1955,10,0
21516,1956,0,0
21517,1956,1,0
21518,1956,2,0
21519,1956,3,0
21520,1956,4,0
21521,1956,5,0
21522,1956,6,0
21523,1956,7,0
21524,1956,8,0
21525,1956,9,0
21526,1956,10,0
21527,1957,0,0
21528,1957,1,0
21529,1957,2,0
21530,1957,3,0
21531,1957,4,0
21532,1957,5,0
21533,1957,6,0
21534,1957,7,0
21535,1957,8,0
21536,1957,9,0
21537,1957,10,0
21538,1958,0,0
21539,1958,1,0
21540,1958,2,0
21541,1958,3,0
21542,1958,4,0
21543,1958,5,0
21544,1958,6,0
21545,1958,7,0
21546,1958,8,0
21547,1958,9,0
21548,1958,10,0
21549,1959,0,0
21550,1959,1,0
21551,1959,2,0
21552,1959,3,0
21553,1959,4,0
21554,1959,5,0
21555,1959,6,0
21556,1959,7,0
21557,1959,8,0
21558,1959,9,0
21559,1959,10,0
21560,1960,0,0
21561,1960,1,0
21562,1960,2,0
21563,1960,3,0
21564,1960,4,0
21565,1960,5,0
21566,1960,6,0
21567,1960,7,0
21568,1960,8,0
21569,1960,9,1
21570,1960,10,1
21571,1961,0,0
21572,1961,1,1
21573,1961,2,2
21574,1961,3,1
21575,1961,4,2
21576,1961,5,1
21577,1961,6,2
21578,1961,7,1
21579,1961,8,2
21580,1961,9,1
21581,1961,10,2
21582,1962,0,0
21583,1962,1,0
21584,1962,2,0
21585,1962,3,0
21586,1962,4,0
21587,1962,5,1
21588,1962,6,0
21589,1962,7,0
21590,1962,8,1
21591,1962,9,0
21592,1962,10,0
21593,1963,0,0
21594,1963,1,1
21595,1963,2,0
21596,1963,3,1
21597,1963,4,0
21598,1963,5,0
21599,1963,6,0
21600,1963,7,0
21601,1963,8,0
21602,1963,9,0
21603,1963,10,0
21604,1964,0,0
21605,1964,1,0
21606,1964,2,0
21607,1964,3,1
21608,1964,4,0
21609,1964,5,0
21610,1964,6,1
21611,1964,7,2
21612,1964,8,1
21613,1964,9,0
21614,1964,10,0
21615,1965,0,0
21616,1965,1,0
21617,1965,2,0
21618,1965,3,0
21619,1965,4,0
21620,1965,5,0
21621,1965,6,0
21622,1965,7,0
21623,1965,8,0
21624,1965,9,0
21625,1965,10,0
21626,1966,0,0
21627,1966,1,1
21628,1966,2,2
21629,1966,3,1
21630,1966,4,2
21631,1966,5,1
21632,1966,6,2
21633,1966,7,1
21634,1966,8,0
21635,1966,9,1
21636,1966,10,0
21637,1967,0,0
21638,1967,1,1
21639,1967,2,0
21640,1967,3,1
21641,1967,4,0
21642,1967,5,1
21643,1967,6,0
21644,1967,7,1
21645,1967,8,0
21646,1967,9,1
21647,1967,10,0
21648,1968,0,0
21649,1968,1,1
21650,1968,2,1
21651,1968,3,1
21652,1968,4,0
21653,1968,5,1
21654,1968,6,1
21655,1968,7,1
21656,1968,8,1
21657,1968,9,1
21658,1968,10,0
21659,1969,0,0
21660,1969,1,0
21661,1969,2,0
21662,1969,3,0
21663,1969,4,0
21664,1969,5,0
21665,1969,6,0
21666,1969,7,0
21667,1969,8,1
21668,1969,9,1
21669,1969,10,1
21670,1970,0,0
21671,1970,1,0
21672,1970,2,0
21673,1970,3,0
21674,1970,4,0
21675,1970,5,0
21676,1970,6,0
21677,1970,7,0
21678,1970,8,0
21679,1970,9,0
21680,1970,10,0
21681,1971,0,0
21682,1971,1,0
21683,1971,2,0
21684,1971,3,0
21685,1971,4,0
21686,1971,5,0
21687,1971,6,0
21688,1971,7,0
21689,1971,8,0
21690,1971,9,0
21691,1971,10,0
21692,1972,0,0
21693,1972,1,0
21694,1972,2,0
21695,1972,3,0
21696,1972,4,0
21697,1972,5,0
21698,1972,6,0
21699,1972,7,0
21700,1972,8,0
21701,1972,9,0
21702,1972,10,0
21703,1973,0,0
21704,1973,1,0
21705,1973,2,0
21706,1973,3,0
21707,1973,4,0
21708,1973,5,0
21709,1973,6,0
21710,1973,7,0
21711,1973,8,0
21712,1973,9,0
21713,1973,10,0
21714,1974,0,0
21715,1974,1,0
21716,1974,2,0
21717,1974,3,0
21718,1974,4,0
21719,1974,5,0
21720,1974,6,0
21721,1974,7,0
21722,1974,8,0
21723,1974,9,0
21724,1974,10,0
21725,1975,0,0
21726,1975,1,0
21727,1975,2,0
21728,1975,3,0
21729,1975,4,0
21730,1975,5,0
21731,1975,6,0
21732,1975,7,0
21733,1975,8,0
21734,1975,9,1
21735,1975,10,1
21736,1976,0,0
21737,1976,1,0
21738,1976,2,1
21739,1976,3,0
21740,1976,4,0
21741,1976,5,0
21742,1976,6,0
21743,1976,7,0
21744,1976,8,0
21745,1976,9,0
21746,1976,10,0
21747,1977,0,0
21748,1977,1,0
21749,1977,2,0
21750,1977,3,0
21751,1977,4,0
21752,1977,5,0
21753,1977,6,0
21754,1977,7,0
21755,1977,8,0
21756,1977,9,0
21757,1977,10,0
21758,1978,0,0
21759,1978,1,1
21760,1978,2,0
21761,1978,3,1
21762,1978,4,0
21763,1978,5,1
21764,1978,6,0
21765,1978,7,1
21766,1978,8,0
21767,1978,9,1
21768,1978,10,0
21769,1979,0,0
21770,1979,1,1
21771,1979,2,1
21772,1979,3,2
21773,1979,4,1
21774,1979,5,0
21775,1979,6,1
21776,1979,7,1
21777,1979,8,0
21778,1979,9,1
21779,1979,10,0
21780,1980,0,0
21781,1980,1,1
21782,1980,2,1
21783,1980,3,1
21784,1980,4,1
21785,1980,5,2
21786,1980,6,1
21787,1980,7,1
21788,1980,8,0
21789,1980,9,1
21790,1980,10,0
21791,1981,0,0
21792,1981,1,0
21793,1981,2,0
21794,1981,3,0
21795,1981,4,0
21796,1981,5,0
21797,1981,6,0
21798,1981,7,0
21799,1981,8,0
21800,1981,9,0
21801,1981,10,0
21802,1982,0,0
21803,1982,1,0
21804,1982,2,0
21805,1982,3,0
21806,1982,4,0
21807,1982,5,0
21808,1982,6,0
21809,1982,7,0
21810,1982,8,0
21811,1982,9,0
21812,1982,10,0
21813,1983,0,0
21814,1983,1,0
21815,1983,2,0
21816,1983,3,0
21817,1983,4,0
21818,1983,5,0
21819,1983,6,0
21820,1983,7,0
21821,1983,8,0
21822,1983,9,0
21823,1983,10,0
21824,1984,0,0
21825,1984,1,0
21826,1984,2,0
21827,1984,3,0
21828,1984,4,0
21829,1984,5,0
21830,1984,6,0
21831,1984,7,0
21832,1984,8,0
21833,1984,9,0
21834,1984,10,0
21835,1985,0,0
21836,1985,1,0
21837,1985,2,0
21838,1985,3,0
21839,1985,4,0
21840,1985,5,0
21841,1985,6,0
21842,1985,7,0
21843,1985,8,0
21844,1985,9,0
21845,1985,10,0
21846,1986,0,0
21847,1986,1,1
21848,1986,2,0
21849,1986,3,0
21850,1986,4,0
21851,1986,5,1
21852,1986,6,0
21853,1986,7,0
21854,1986,8,0
21855,1986,9,1
21856,1986,10,0
21857,1987,0,0
21858,1987,1,0
21859,1987,2,0
21860,1987,3,0
21861,1987,4,0
21862,1987,5,0
21863,1987,6,0
21864,1987,7,0
21865,1987,8,0
21866,1987,9,0
21867,1987,10,0
21868,1988,0,0
21869,1988,1,0
21870,1988,2,1
21871,1988,3,0
21872,1988,4,1
21873,1988,5,0
21874,1988,6,1
21875,1988,7,0
21876,1988,8,1
21877,1988,9,0
21878,1988,10,0
21879,1989,0,0
21880,1989,1,0
21881,1989,2,0
21882,1989,3,0
21883,1989,4,0
21884,1989,5,0
21885,1989,6,0
21886,1989,7,0
21887,1989,8,0
21888,1989,9,0
21889,1989,10,0
21890,1990,0,0
21891,1990,1,0
21892,1990,2,0
21893,1990,3,0
21894,1990,4,0
21895,1990,5,0
21896,1990,6,0
21897,1990,7,0
21898,1990,8,0
21899,1990,9,0
21900,1990,10,0
21901,1991,0,0
21902,1991,1,1
21903,1991,2,0
21904,1991,3,1
21905,1991,4,0
21906,1991,5,1
21907,1991,6,0
21908,1991,7,1
21909,1991,8,1
21910,1991,9,0
21911,1991,10,1
21912,1992,0,0
21913,1992,1,1
21914,1992,2,0
21915,1992,3,1
21916,1992,4,1
21917,1992,5,1
21918,1992,6,0
21919,1992,7,0
21920,1992,8,0
21921,1992,9,0
21922,1992,10,1
21923,1993,0,0
21924,1993,1,0
21925,1993,2,0
21926,1993,3,0
21927,1993,4,0
21928,1993,5,0
21929,1993,6,0
21930,1993,7,0
21931,1993,8,0
21932,1993,9,0
21933,1993,10,0
21934,1994,0,0
21935,1994,1,0
21936,1994,2,0
21937,1994,3,0
21938,1994,4,0
21939,1994,5,0
21940,1994,6,0
21941,1994,7,0
21942,1994,8,0
21943,1994,9,0
21944,1994,10,0
21945,1995,0,0
21946,1995,1,1
21947,1995,2,0
21948,1995,3,1
21949,1995,4,0
21950,1995,5,0
21951,1995,6,1
21952,1995,7,0
21953,1995,8,1
21954,1995,9,0
21955,1995,10,1
21956,1996,0,0
21957,1996,1,0
21958,1996,2,0
21959,1996,3,0
21960,1996,4,0
21961,1996,5,0
21962,1996,6,0
21963,1996,7,0
21964,1996,8,0
21965,1996,9,0
21966,1996,10,0
21967,1997,0,0
21968,1997,1,0
21969,1997,2,0
21970,1997,3,0
21971,1997,4,0
21972,1997,5,0
21973,1997,6,0
21974,1997,7,0
21975,1997,8,0
21976,1997,9,0
21977,1997,10,0
21978,1998,0,0
21979,1998,1,0
21980,1998,2,0
21981,1998,3,0
21982,1998,4,0
21983,1998,5,0
21984,1998,6,0
21985,1998,7,0
21986,1998,8,0
21987,1998,9,0
21988,1998,10,0
21989,1999,0,0
21990,1999,1,0
21991,1999,2,0
21992,1999,3,0
21993,1999,4,1
21994,1999,5,1
21995,1999,6,0
21996,1999,7,0
21997,1999,8,0
21998,1999,9,1
21999,1999,10,1
