"date","geography","geography code","Ethnic Group: All categories: Ethnic group; Religion: All categories: Religion; measures: Value","Ethnic Group: All categories: Ethnic group; Religion: Christian; measures: Value","Ethnic Group: All categories: Ethnic group; Religion: Buddhist; measures: Value","Ethnic Group: All categories: Ethnic group; Religion: Hindu; measures: Value","Ethnic Group: All categories: Ethnic group; Religion: Jewish; measures: Value","Ethnic Group: All categories: Ethnic group; Religion: Muslim; measures: Value","Ethnic Group: All categories: Ethnic group; Religion: Sikh; measures: Value","Ethnic Group: All categories: Ethnic group; Religion: Other religion; measures: Value","Ethnic Group: All categories: Ethnic group; Religion: No religion; measures: Value","Ethnic Group: All categories: Ethnic group; Religion: Religion not stated; measures: Value","Ethnic Group: White: Total; Religion: All categories: Religion; measures: Value","Ethnic Group: White: Total; Religion: Christian; measures: Value","Ethnic Group: White: Total; Religion: Buddhist; measures: Value","Ethnic Group: White: Total; Religion: Hindu; measures: Value","Ethnic Group: White: Total; Religion: Jewish; measures: Value","Ethnic Group: White: Total; Religion: Muslim; measures: Value","Ethnic Group: White: Total; Religion: Sikh; measures: Value","Ethnic Group: White: Total; Religion: Other religion; measures: Value","Ethnic Group: White: Total; Religion: No religion; measures: Value","Ethnic Group: White: Total; Religion: Religion not stated; measures: Value","Ethnic Group: White: English/Welsh/Scottish/Northern Irish/British; Religion: All categories: Religion; measures: Value","Ethnic Group: White: English/Welsh/Scottish/Northern Irish/British; Religion: Christian; measures: Value","Ethnic Group: White: English/Welsh/Scottish/Northern Irish/British; Religion: Buddhist; measures: Value","Ethnic Group: White: English/Welsh/Scottish/Northern Irish/British; Religion: Hindu; measures: Value","Ethnic Group: White: English/Welsh/Scottish/Northern Irish/British; Religion: Jewish; measures: Value","Ethnic Group: White: English/Welsh/Scottish/Northern Irish/British; Religion: Muslim; measures: Value","Ethnic Group: White: English/Welsh/Scottish/Northern Irish/British; Religion: Sikh; measures: Value","Ethnic Group: White: English/Welsh/Scottish/Northern Irish/British; Religion: Other religion; measures: Value","Ethnic Group: White: English/Welsh/Scottish/Northern Irish/British; Religion: No religion; measures: Value","Ethnic Group: White: English/Welsh/Scottish/Northern Irish/British; Religion: Religion not stated; measures: Value","Ethnic Group: White: Irish; Religion: All categories: Religion; measures: Value","Ethnic Group: White: Irish; Religion: Christian; measures: Value","Ethnic Group: White: Irish; Religion: Buddhist; measures: Value","Ethnic Group: White: Irish; Religion: Hindu; measures: Value","Ethnic Group: White: Irish; Religion: Jewish; measures: Value","Ethnic Group: White: Irish; Religion: Muslim; measures: Value","Ethnic Group: White: Irish; Religion: Sikh; measures: Value","Ethnic Group: White: Irish; Religion: Other religion; measures: Value","Ethnic Group: White: Irish; Religion: No religion; measures: Value","Ethnic Group: White: Irish; Religion: Religion not stated; measures: Value","Ethnic Group: White: Other White; Religion: All categories: Religion; measures: Value","Ethnic Group: White: Other White; Religion: Christian; measures: Value","Ethnic Group: White: Other White; Religion: Buddhist; measures: Value","Ethnic Group: White: Other White; Religion: Hindu; measures: Value","Ethnic Group: White: Other White; Religion: Jewish; measures: Value","Ethnic Group: White: Other White; Religion: Muslim; measures: Value","Ethnic Group: White: Other White; Religion: Sikh; measures: Value","Ethnic Group: White: Other White; Religion: Other religion; measures: Value","Ethnic Group: White: Other White; Religion: No religion; measures: Value","Ethnic Group: White: Other White; Religion: Religion not stated; measures: Value","Ethnic Group: Mixed/multiple ethnic group; Religion: All categories: Religion; measures: Value","Ethnic Group: Mixed/multiple ethnic group; Religion: Christian; measures: Value","Ethnic Group: Mixed/multiple ethnic group; Religion: Buddhist; measures: Value","Ethnic Group: Mixed/multiple ethnic group; Religion: Hindu; measures: Value","Ethnic Group: Mixed/multiple ethnic group; Religion: Jewish; measures: Value","Ethnic Group: Mixed/multiple ethnic group; Religion: Muslim; measures: Value","Ethnic Group: Mixed/multiple ethnic group; Religion: Sikh; measures: Value","Ethnic Group: Mixed/multiple ethnic group; Religion: Other religion; measures: Value","Ethnic Group: Mixed/multiple ethnic group; Religion: No religion; measures: Value","Ethnic Group: Mixed/multiple ethnic group; Religion: Religion not stated; measures: Value","Ethnic Group: Asian/Asian British; Religion: All categories: Religion; measures: Value","Ethnic Group: Asian/Asian British; Religion: Christian; measures: Value","Ethnic Group: Asian/Asian British; Religion: Buddhist; measures: Value","Ethnic Group: Asian/Asian British; Religion: Hindu; measures: Value","Ethnic Group: Asian/Asian British; Religion: Jewish; measures: Value","Ethnic Group: Asian/Asian British; Religion: Muslim; measures: Value","Ethnic Group: Asian/Asian British; Religion: Sikh; measures: Value","Ethnic Group: Asian/Asian British; Religion: Other religion; measures: Value","Ethnic Group: Asian/Asian British; Religion: No religion; measures: Value","Ethnic Group: Asian/Asian British; Religion: Religion not stated; measures: Value","Ethnic Group: Black/African/Caribbean/Black British; Religion: All categories: Religion; measures: Value","Ethnic Group: Black/African/Caribbean/Black British; Religion: Christian; measures: Value","Ethnic Group: Black/African/Caribbean/Black British; Religion: Buddhist; measures: Value","Ethnic Group: Black/African/Caribbean/Black British; Religion: Hindu; measures: Value","Ethnic Group: Black/African/Caribbean/Black British; Religion: Jewish; measures: Value","Ethnic Group: Black/African/Caribbean/Black British; Religion: Muslim; measures: Value","Ethnic Group: Black/African/Caribbean/Black British; Religion: Sikh; measures: Value","Ethnic Group: Black/African/Caribbean/Black British; Religion: Other religion; measures: Value","Ethnic Group: Black/African/Caribbean/Black British; Religion: No religion; measures: Value","Ethnic Group: Black/African/Caribbean/Black British; Religion: Religion not stated; measures: Value","Ethnic Group: Other ethnic group; Religion: All categories: Religion; measures: Value","Ethnic Group: Other ethnic group; Religion: Christian; measures: Value","Ethnic Group: Other ethnic group; Religion: Buddhist; measures: Value","Ethnic Group: Other ethnic group; Religion: Hindu; measures: Value","Ethnic Group: Other ethnic group; Religion: Jewish; measures: Value","Ethnic Group: Other ethnic group; Religion: Muslim; measures: Value","Ethnic Group: Other ethnic group; Religion: Sikh; measures: Value","Ethnic Group: Other ethnic group; Religion: Other religion; measures: Value","Ethnic Group: Other ethnic group; Religion: No religion; measures: Value","Ethnic Group: Other ethnic group; Religion: Religion not stated; measures: Value"
"2011","Darlington","E06000005",105564,71122,307,317,45,971,361,310,25415,6716,101595,69884,123,6,41,113,10,296,24665,6457,98898,67727,115,5,32,70,9,287,24346,6307,328,263,1,0,0,0,1,0,43,20,2369,1894,7,1,9,43,0,9,276,130,1146,589,6,5,1,49,3,7,386,100,2205,329,172,304,2,655,315,4,296,128,357,281,1,1,0,20,0,0,37,17,261,39,5,1,1,134,33,3,31,14
"2011","County Durham","E06000047",513242,369715,1001,607,208,1934,609,1525,107281,30362,503769,366623,521,31,195,290,29,1463,104913,29704,495664,360950,493,29,162,162,21,1418,103340,29089,1229,965,2,0,0,1,1,5,182,73,6876,4708,26,2,33,127,7,40,1391,542,3094,1581,39,7,4,184,14,18,981,266,4856,858,436,565,2,889,510,44,1250,302,701,539,1,2,1,64,0,0,52,42,822,114,4,2,6,507,56,0,85,48
"2011","Hartlepool","E06000001",92028,64349,152,168,9,689,97,178,20507,5879,89899,63653,75,5,9,57,3,167,20180,5750,88924,62902,72,5,7,29,2,155,20056,5696,193,169,0,0,0,0,1,3,8,12,782,582,3,0,2,28,0,9,116,42,550,294,5,6,0,41,3,1,154,46,1304,267,72,153,0,515,88,9,142,58,170,111,0,1,0,20,0,1,18,19,105,24,0,3,0,56,3,0,13,6
"2011","Middlesbrough","E06000002",138412,87511,370,591,45,9757,564,246,30797,8531,122055,84460,101,18,27,476,20,202,29107,7644,119106,82380,90,16,26,282,20,196,28647,7449,574,456,1,0,0,4,0,2,62,49,2375,1624,10,2,1,190,0,4,398,146,2362,990,22,9,2,372,10,8,783,166,10768,745,243,560,13,7409,511,20,729,538,1731,1176,1,2,3,340,0,10,100,99,1496,140,3,2,0,1160,23,6,78,84
"2011","Northumberland","E06000057",316028,216673,578,335,169,1018,494,980,75620,20161,311066,214904,414,17,162,140,25,947,74612,19845,307097,212071,385,17,154,90,24,922,73921,19513,833,661,9,0,0,2,1,4,86,70,3136,2172,20,0,8,48,0,21,605,262,1692,805,32,12,3,80,6,13,607,134,2658,659,128,306,1,661,421,14,322,146,338,237,4,0,0,33,3,5,41,15,274,68,0,0,3,104,39,1,38,21
"2011","Redcar and Cleveland","E06000003",135177,95111,187,64,33,598,43,362,30054,8725,133203,94439,111,6,28,95,9,351,29584,8580,131928,93529,111,5,27,62,9,347,29352,8486,415,348,0,0,0,0,0,1,40,26,860,562,0,1,1,33,0,3,192,68,853,410,9,1,0,55,3,3,292,80,869,129,65,56,1,386,24,7,150,51,122,86,0,0,0,12,0,1,15,8,130,47,2,1,4,50,7,0,13,6
"2011","Stockton-on-Tees","E06000004",191610,130723,388,675,94,4143,625,382,42910,11670,181299,127966,152,12,93,206,20,360,41470,11020,178965,126279,145,9,81,156,15,347,41102,10831,536,455,2,0,0,3,0,1,36,39,1798,1232,5,3,12,47,5,12,332,150,1997,960,13,2,0,220,3,5,625,169,6632,823,214,660,1,3316,564,12,660,382,1133,898,5,1,0,73,2,2,93,59,549,76,4,0,0,328,36,3,62,40
"2011","Gateshead","E08000037",200214,134075,423,497,3004,2096,356,529,47758,11476,192742,131523,207,23,2804,274,11,507,46346,11047,188355,128743,199,10,2285,123,10,495,45721,10769,592,469,4,0,1,2,0,2,74,40,3795,2311,4,13,518,149,1,10,551,238,1558,816,10,1,2,105,7,12,459,146,3738,705,192,462,6,1091,306,7,793,176,1081,883,3,1,0,112,0,0,33,49,1095,148,11,10,192,514,32,3,127,58
"2011","Newcastle upon Tyne","E08000021",280177,158138,1701,3144,671,17561,1223,755,79345,17639,239533,148926,387,51,639,799,46,654,72726,15305,229520,142405,348,40,563,396,40,612,70610,14506,1826,1396,2,1,4,7,0,4,318,94,8187,5125,37,10,72,396,6,38,1798,705,4279,1827,32,37,6,550,13,26,1451,337,27107,3150,1259,3011,3,12452,1093,52,4644,1443,5160,3815,7,16,3,789,0,10,212,308,4098,420,16,29,20,2971,71,13,312,246
"2011","North Tyneside","E08000022",200801,128185,436,513,92,1493,354,528,56408,12792,194025,125455,282,16,89,139,25,494,55136,12389,190936,123373,268,14,78,70,19,474,54484,12156,596,460,3,0,0,0,1,1,90,41,2493,1622,11,2,11,69,5,19,562,192,1815,837,20,16,1,82,16,13,668,162,3815,1147,134,480,1,1056,306,16,497,178,734,608,0,0,0,50,0,1,50,25,412,138,0,1,1,166,7,4,57,38
"2011","South Tyneside","E08000023",148127,104090,223,254,57,2854,424,362,31247,8616,142099,102587,119,9,48,160,11,353,30500,8312,140821,101664,112,8,41,121,8,344,30295,8228,305,259,1,0,0,0,0,2,31,12,973,664,6,1,7,39,3,7,174,72,1325,702,6,7,0,70,6,3,447,84,3311,328,96,237,4,2031,293,5,187,130,420,333,0,0,0,49,1,0,23,14,972,140,2,1,5,544,113,1,90,76
"2011","Sunderland","E08000024",275506,193642,550,607,76,3650,814,511,60358,15298,264282,189978,181,3,74,217,16,495,58580,14738,261209,187651,169,3,68,134,11,479,58154,14540,608,519,0,0,0,1,0,0,61,27,2465,1808,12,0,6,82,5,16,365,171,1778,865,20,2,0,177,11,2,546,155,7336,1557,333,574,1,2763,722,10,1080,296,1273,1021,2,9,0,111,7,0,60,63,837,221,14,19,1,382,58,4,92,46
"2011","Blackburn with Darwen","E06000008",147489,77599,306,574,54,39817,161,295,20374,8309,102009,75438,120,9,37,470,10,246,19454,6225,98144,72272,113,6,34,294,8,233,19186,5998,794,666,1,0,0,5,0,6,60,56,3071,2500,6,3,3,171,2,7,208,171,1823,651,7,4,2,638,4,3,351,163,41494,773,172,538,14,37532,132,29,467,1837,933,645,4,5,0,187,5,1,48,38,1230,92,3,18,1,990,10,16,54,46
"2011","Blackpool","E06000009",142065,95426,450,337,252,1061,61,571,34815,9092,137339,93531,193,11,244,157,5,550,33824,8824,133042,90139,175,10,233,89,5,527,33292,8572,1029,867,4,0,3,1,0,2,82,70,3268,2525,14,1,8,67,0,21,450,182,1753,916,20,9,5,78,1,10,586,128,2282,681,233,315,0,543,48,6,354,102,346,236,0,1,0,56,0,4,31,18,345,62,4,1,3,227,7,1,20,20
"2011","Cheshire East","E06000049",370127,254940,882,1328,581,2438,279,1065,83973,24641,357940,250375,431,27,570,306,16,978,81454,23783,346264,241421,408,23,517,171,15,917,79863,22929,2241,1857,11,0,4,3,0,8,214,144,9435,7097,12,4,49,132,1,53,1377,710,3873,1988,28,17,8,177,7,27,1292,329,6060,1355,410,1271,1,1459,236,45,929,354,1402,1054,3,5,0,69,0,5,176,90,852,168,10,8,2,427,20,10,122,85
"2011","Cheshire West and Chester","E06000050",329608,231126,776,653,250,1686,195,854,72649,21419,321025,227783,372,17,247,300,14,803,70678,20811,312013,220925,347,12,214,146,13,772,69443,20141,2337,1986,3,0,2,2,0,6,187,151,6675,4872,22,5,31,152,1,25,1048,519,3050,1548,37,17,1,139,5,15,1033,255,4097,950,349,613,0,949,152,26,789,269,908,708,6,4,0,47,0,5,91,47,528,137,12,2,2,251,24,5,58,37
"2011","Halton","E06000006",125746,94314,216,194,44,267,55,303,23543,6810,123041,93094,90,14,41,63,7,292,22836,6604,121210,91634,85,10,36,43,6,287,22607,6502,654,568,2,1,0,0,1,0,42,40,1177,892,3,3,5,20,0,5,187,62,1356,726,7,10,3,21,0,3,460,126,943,222,118,170,0,116,48,4,198,67,260,209,0,0,0,1,0,4,37,9,146,63,1,0,0,66,0,0,12,4
"2011","Warrington","E06000007",202228,144405,457,1118,147,2097,361,513,41293,11837,193992,141727,216,14,140,223,8,483,39850,11331,187968,137106,207,8,126,134,6,469,38946,10966,1357,1139,1,0,2,4,2,2,129,78,4667,3482,8,6,12,85,0,12,775,287,2144,1102,14,9,2,139,9,8,693,168,4911,962,223,1092,0,1394,326,12,632,270,694,521,0,1,0,61,0,7,74,30,487,93,4,2,5,280,18,3,44,38
"2011","Allerdale","E07000026",96422,72716,183,39,19,192,9,228,16677,6359,95385,72275,114,2,17,34,5,219,16450,6269,94085,71382,107,2,13,24,5,216,16196,6140,241,177,2,0,0,0,0,1,34,27,1059,716,5,0,4,10,0,2,220,102,426,244,3,0,0,19,2,1,115,42,477,123,65,35,0,127,2,6,85,34,73,55,1,0,0,3,0,1,9,4,61,19,0,2,2,9,0,1,18,10
"2011","Barrow-in-Furness","E07000027",69087,48830,150,101,15,172,7,167,15252,4393,67940,48354,81,2,13,30,1,158,14979,4322,67073,47700,76,2,11,23,0,154,14848,4259,222,191,1,0,0,0,0,0,13,17,645,463,4,0,2,7,1,4,118,46,360,209,5,1,0,13,1,2,101,28,633,193,62,97,0,90,5,5,152,29,70,56,0,1,0,2,0,0,7,4,84,18,2,0,2,37,0,2,13,10
"2011","Carlisle","E07000028",107524,74296,277,241,17,455,27,279,24626,7306,105480,73678,159,12,17,71,5,259,24138,7141,102189,71164,140,6,16,34,5,239,23678,6907,405,313,1,0,0,1,0,5,59,26,2886,2201,18,6,1,36,0,15,401,208,535,257,8,6,0,18,0,5,183,58,1248,231,106,212,0,301,22,11,280,85,147,107,0,4,0,11,0,2,14,9,114,23,4,7,0,54,0,2,11,13
"2011","Copeland","E07000029",70603,55687,148,81,17,227,8,146,10147,4142,69491,55240,78,3,17,20,1,140,9937,4055,68679,54657,74,1,14,17,1,136,9797,3982,190,148,0,0,0,0,0,1,19,22,622,435,4,2,3,3,0,3,121,51,339,189,7,4,0,11,0,1,83,44,629,176,63,74,0,165,7,5,112,27,84,63,0,0,0,6,0,0,7,8,60,19,0,0,0,25,0,0,8,8
"2011","Eden","E07000030",52564,37165,130,42,31,115,6,156,10882,4037,51999,36970,95,8,29,21,1,155,10727,3993,51009,36240,92,5,25,14,1,151,10569,3912,139,96,1,0,0,0,0,0,29,13,851,634,2,3,4,7,0,4,129,68,211,86,2,0,1,11,0,0,81,30,292,85,31,34,0,63,5,1,64,9,22,14,0,0,0,0,0,0,6,2,40,10,2,0,1,20,0,0,4,3
"2011","South Lakeland","E07000031",103658,70541,465,55,104,175,7,388,23912,8011,101962,69728,388,9,95,21,1,375,23454,7891,99089,67855,355,7,81,11,1,348,22806,7625,355,268,1,0,0,1,0,3,63,19,2518,1605,32,2,14,9,0,24,585,247,633,310,10,1,1,20,0,10,235,46,787,334,62,45,0,89,6,2,195,54,183,149,1,0,0,9,0,1,16,7,93,20,4,0,8,36,0,0,12,13
"2011","Bolton","E08000001",276786,173608,574,5988,174,32385,118,721,47567,15651,226645,166660,230,35,147,852,14,617,44920,13170,219794,161391,205,23,122,421,14,595,44224,12799,1694,1447,5,3,1,8,0,5,113,112,5157,3822,20,9,24,423,0,17,583,259,4892,2393,21,56,10,839,8,26,1178,361,38749,1515,317,5874,14,27992,93,50,1131,1763,4652,2780,2,5,0,1385,1,14,232,233,1848,260,4,18,3,1317,2,14,106,124
"2011","Bury","E08000002",185060,116036,453,817,10302,11279,301,422,34381,11069,165032,111982,204,21,9866,352,3,390,32286,9928,157897,106961,189,15,9042,224,2,366,31610,9488,2357,1946,6,2,103,3,0,8,140,149,4778,3075,9,4,721,125,1,16,536,291,3365,1608,14,5,84,418,11,12,931,282,13407,773,229,761,29,9762,256,11,929,657,1893,1490,2,3,4,122,0,4,140,128,1363,183,4,27,319,625,31,5,95,74
"2011","Manchester","E08000003",503127,245247,3879,5452,2613,79496,2292,1889,127485,34774,335109,198164,990,115,2354,3247,111,1252,104936,23940,298237,173327,830,72,2014,1458,101,1110,98276,21049,11843,9482,31,7,25,92,1,41,1256,908,25029,15355,129,36,315,1697,9,101,5404,1983,23161,10308,164,77,65,2784,50,123,7480,2110,85986,7031,2595,5154,48,53238,1977,289,10792,4862,43484,28022,54,43,28,8999,9,159,3141,3029,15387,1722,76,63,118,11228,145,66,1136,833
"2011","Oldham","E08000004",224897,134167,371,1233,108,39879,70,406,36169,12494,174326,128980,158,11,92,440,2,363,34123,10157,169955,125596,148,8,86,265,2,353,33634,9863,1484,1265,3,0,0,6,0,1,107,102,2887,2119,7,3,6,169,0,9,382,192,4057,2033,12,8,1,611,4,8,1096,284,43165,958,198,1210,11,38122,62,19,732,1853,2797,2091,1,2,1,342,0,14,175,171,552,105,2,2,3,364,2,2,43,29
"2011","Rochdale","E08000005",211699,128186,403,642,216,29426,71,430,40014,12311,172874,123328,184,15,181,433,4,391,38045,10293,166481,118065,165,9,166,291,4,371,37468,9942,2131,1870,4,0,2,6,0,4,112,133,4262,3393,15,6,13,136,0,16,465,218,3569,1593,14,3,8,615,2,13,1004,317,31630,941,199,607,23,27555,62,22,740,1481,2770,2165,3,5,1,291,0,3,139,163,856,159,3,12,3,532,3,1,86,57
"2011","Salford","E08000006",233933,150111,1040,1504,7687,6030,324,691,52105,14441,210862,140478,341,37,7229,539,9,593,48495,13141,197445,131321,295,19,5922,230,7,557,46723,12371,2882,2405,2,3,48,7,0,5,217,195,10535,6752,44,15,1259,302,2,31,1555,575,4616,2409,30,25,62,377,7,23,1304,379,9429,1700,643,1434,43,2921,272,44,1898,474,6541,5224,11,3,11,699,0,18,263,312,2485,300,15,5,342,1494,36,13,145,135
"2011","Stockport","E08000007",283275,179055,853,1666,1340,9431,330,964,71126,18510,260819,173542,340,23,1258,529,14,659,67446,17008,252044,166958,320,15,1133,289,14,614,66293,16408,3938,3412,3,0,6,6,0,7,268,236,4837,3172,17,8,119,234,0,38,885,364,5104,2314,33,17,15,451,9,24,1782,459,13762,1447,467,1616,16,7429,278,244,1473,792,1958,1518,5,2,4,88,0,6,205,130,1632,234,8,8,47,934,29,31,220,121
"2011","Tameside","E08000008",219324,140322,511,3223,89,9705,102,651,51674,13047,199429,136583,216,37,82,288,17,596,49594,12016,194115,132297,200,27,73,180,16,573,49064,11685,1613,1378,1,0,0,5,0,7,107,115,3701,2908,15,10,9,103,1,16,423,216,3159,1539,20,27,1,238,4,13,1085,232,14553,728,264,3141,5,8818,81,30,822,664,1784,1374,2,16,0,149,0,2,131,110,399,98,9,2,1,212,0,10,42,25
"2011","Trafford","E08000009",226578,143639,768,2271,2413,12994,1652,566,47968,14307,193834,134327,293,27,2314,749,46,423,43462,12193,182200,125701,253,15,2133,400,41,398,41857,11402,5098,4409,9,1,19,17,0,8,335,300,6536,4217,31,11,162,332,5,17,1270,491,6031,2941,37,55,14,494,34,23,1843,590,17973,1492,423,2182,19,9691,1422,62,1828,854,6540,4627,10,5,4,603,8,39,681,563,2200,252,5,2,62,1457,142,19,154,107
"2011","Wigan","E08000010",317849,247223,703,682,71,2162,62,689,48640,17617,309193,243402,265,30,68,354,14,669,47364,17027,303519,239020,249,25,59,215,12,649,46655,16635,1459,1244,1,0,0,4,0,4,105,101,4215,3138,15,5,9,135,2,16,604,291,2756,1615,28,12,0,259,4,10,617,211,3519,679,398,637,0,966,39,7,539,254,1678,1376,1,3,1,142,0,3,80,72,703,151,11,0,2,441,5,0,40,53
"2011","Burnley","E07000117",87059,55399,192,175,14,8580,33,236,17178,5252,76054,54231,85,4,12,178,6,228,16606,4704,74464,52975,81,4,11,109,6,219,16452,4607,527,472,1,0,0,0,0,3,20,31,1063,784,3,0,1,69,0,6,134,66,976,395,9,0,0,188,0,5,285,94,9578,544,94,164,2,8079,23,2,254,416,211,149,1,0,0,22,0,1,16,22,240,80,3,7,0,113,4,0,17,16
"2011","Chorley","E07000118",107155,80732,275,196,45,1130,18,337,18418,6004,103833,79542,159,3,42,71,4,313,17909,5790,101892,78067,155,3,39,46,3,295,17642,5642,567,477,0,0,0,3,0,5,42,40,1374,998,4,0,3,22,1,13,225,108,1016,596,6,5,2,59,0,10,259,79,1710,257,109,187,0,865,14,10,181,87,401,306,1,0,0,15,0,4,48,27,195,31,0,1,1,120,0,0,21,21
"2011","Fylde","E07000119",75757,55843,196,175,322,350,39,228,13870,4734,73844,55099,104,5,314,36,1,215,13477,4593,72021,53730,101,2,297,23,1,208,13217,4442,488,423,0,0,1,1,0,3,34,26,1335,946,3,3,16,12,0,4,226,125,742,402,3,6,3,40,2,4,192,90,845,177,84,164,0,187,36,3,160,34,163,118,1,0,1,21,0,0,18,4,163,47,4,0,4,66,0,6,23,13
"2011","Hyndburn","E07000120",80734,53602,162,70,7,8336,38,249,13700,4570,70778,53033,70,3,7,126,0,236,13282,4021,68834,51412,62,3,6,94,0,226,13134,3897,436,365,0,0,0,0,0,2,30,39,1508,1256,8,0,1,32,0,8,118,85,696,278,2,3,0,159,0,4,190,60,9007,189,89,62,0,7931,38,8,215,475,106,81,0,0,0,7,0,1,10,7,147,21,1,2,0,113,0,0,3,7
"2011","Lancaster","E07000121",138375,91124,540,446,119,1767,100,658,33833,9788,132342,89484,337,14,113,184,6,624,32237,9343,126624,85477,308,10,87,87,5,578,31186,8886,840,644,2,2,0,0,1,6,106,79,4878,3363,27,2,26,97,0,40,945,378,1356,655,12,2,2,58,2,17,453,155,3732,415,182,428,1,1297,88,14,1077,230,628,509,5,0,0,44,0,0,37,33,317,61,4,2,3,184,4,3,29,27
"2011","Pendle","E07000122",89452,48043,224,91,36,15579,9,334,19573,5563,71437,47095,105,9,25,228,3,324,18997,4651,69074,45217,97,9,22,158,3,318,18725,4525,462,382,1,0,0,1,0,0,38,40,1901,1496,7,0,3,69,0,6,234,86,946,304,8,1,0,270,0,5,275,83,16807,530,111,81,11,14992,6,3,269,804,126,82,0,0,0,17,0,1,14,12,136,32,0,0,0,72,0,1,18,13
"2011","Preston","E07000123",140202,85518,385,3338,60,15769,930,428,25754,8020,112415,81296,181,29,52,333,29,373,23520,6602,106242,76426,169,23,41,200,26,356,22781,6220,1178,1011,0,0,1,4,0,1,90,71,4995,3859,12,6,10,129,3,16,649,311,3326,1656,12,26,3,338,3,15,990,283,21732,1167,184,3273,4,14295,801,27,1055,926,1676,1302,3,2,1,115,1,8,121,123,1053,97,5,8,0,688,96,5,68,86
"2011","Ribble Valley","E07000124",57132,44627,88,99,10,425,41,139,8299,3404,55904,44235,48,5,9,23,3,134,8114,3333,54757,43325,45,4,7,15,2,131,7973,3255,332,282,0,0,0,0,0,0,23,27,815,628,3,1,2,8,1,3,118,51,360,207,5,2,0,11,0,3,103,29,729,88,34,92,0,373,33,2,77,30,92,86,0,0,0,2,0,0,1,3,47,11,1,0,1,16,5,0,4,9
"2011","Rossendale","E07000125",67982,43392,163,96,67,2613,9,231,17095,4316,63778,42698,72,6,66,68,2,225,16577,4064,62516,41749,66,6,56,61,2,220,16386,3970,541,460,2,0,0,0,0,0,45,34,721,489,4,0,10,7,0,5,146,60,602,263,7,4,0,67,0,4,210,47,3396,318,79,86,1,2430,7,2,278,195,123,89,0,0,0,9,0,0,20,5,83,24,5,0,0,39,0,0,10,5
"2011","South Ribble","E07000126",109057,82547,206,556,48,592,75,284,18487,6262,105847,81392,96,11,43,75,5,270,17882,6073,103890,79849,90,10,37,60,5,257,17646,5936,680,592,1,0,0,2,0,1,39,45,1277,951,5,1,6,13,0,12,197,92,1174,654,8,4,0,63,0,3,355,87,1612,252,100,535,0,363,66,5,213,78,268,208,0,5,0,7,0,5,27,16,156,41,2,1,5,84,4,1,10,8
"2011","West Lancashire","E07000127",110685,84337,141,229,62,276,87,216,19029,6308,108603,83404,76,8,59,38,4,211,18640,6163,105775,81339,72,8,58,25,3,195,18114,5961,584,480,2,0,0,0,0,3,54,45,2244,1585,2,0,1,13,1,13,472,157,866,519,8,4,1,26,2,3,228,75,913,228,57,216,1,134,81,2,139,55,174,148,0,0,0,9,0,0,10,7,129,38,0,1,1,69,0,0,12,8
"2011","Wyre","E07000128",107749,80346,220,161,69,305,25,342,19210,7071,105852,79666,118,5,68,54,2,334,18855,6750,104251,78490,112,4,65,22,2,327,18666,6563,490,425,1,0,0,1,0,0,29,34,1111,751,5,1,3,31,0,7,160,153,664,371,11,4,0,22,1,4,192,59,993,186,87,151,1,157,22,3,149,237,130,95,1,0,0,14,0,0,6,14,110,28,3,1,0,58,0,1,8,11
"2011","Knowsley","E08000011",145893,117991,165,266,58,435,37,167,18439,8335,141858,115571,93,13,58,100,4,160,17723,8136,140135,114232,90,10,52,57,4,157,17526,8007,747,642,0,1,0,3,0,1,51,49,976,697,3,2,6,40,0,2,146,80,1913,1356,8,7,0,48,0,3,390,101,1403,561,64,241,0,141,33,3,286,74,505,451,0,0,0,15,0,1,26,12,214,52,0,5,0,131,0,0,14,12
"2011","Liverpool","E08000012",466415,331217,2017,2437,2157,15209,531,1122,82701,29024,414671,311614,667,46,2038,1059,44,972,72325,25906,395485,298261,583,27,1903,463,31,880,68763,24574,6729,5336,31,4,18,27,1,30,893,389,12457,8017,53,15,117,569,12,62,2669,943,11756,6623,79,45,38,806,18,45,3207,895,19403,4205,1213,2294,11,4288,456,44,5819,1073,12308,8020,36,15,3,2569,3,32,869,761,8277,755,22,37,67,6487,10,29,481,389
"2011","Sefton","E08000014",273790,210184,504,525,486,1189,105,568,43196,17033,266741,206963,296,20,466,252,12,551,41622,16559,259629,201331,280,16,445,160,12,530,40751,16104,2312,1997,2,0,3,5,0,1,151,153,4800,3635,14,4,18,87,0,20,720,302,2820,1703,20,8,1,122,2,5,756,203,2719,680,186,492,1,446,65,5,674,170,796,658,2,2,0,19,0,4,72,39,714,180,0,3,18,350,26,3,72,62
"2011","St. Helens","E08000013",175308,138172,317,416,48,605,46,403,25653,9648,171877,136758,127,9,46,93,7,387,25021,9429,169346,134752,116,6,44,70,7,379,24693,9279,887,773,2,0,0,0,0,2,63,47,1644,1233,9,3,2,23,0,6,265,103,1179,763,4,12,0,49,1,7,263,80,1764,398,184,393,0,300,37,6,335,111,248,208,1,1,0,9,0,0,15,14,240,45,1,1,2,154,1,3,19,14
"2011","Wirral","E08000015",319783,225147,905,742,265,1809,236,830,68209,21640,310156,221381,484,25,253,211,20,793,65972,21017,303682,216577,466,17,229,132,18,768,64959,20516,2667,2188,8,4,0,4,0,13,268,182,3807,2616,10,4,24,75,2,12,745,319,3286,1813,38,7,6,148,12,12,956,294,5116,1281,374,704,2,1146,197,21,1154,237,695,532,4,2,3,55,0,2,59,38,530,140,5,4,1,249,7,2,68,54
"2011","East Riding of Yorkshire","E06000011",334179,227343,702,607,337,1309,174,863,78296,24548,327789,225020,414,12,330,252,13,821,76850,24077,321309,220253,389,10,305,174,9,789,75801,23579,908,733,2,0,0,1,1,2,114,55,5572,4034,23,2,25,77,3,30,935,443,2301,1151,25,6,2,95,7,19,777,219,2961,640,255,584,2,594,146,21,561,158,598,426,3,5,2,66,3,1,45,47,530,106,5,0,1,302,5,1,63,47
"2011","Kingston upon Hull, City of","E06000010",256406,140753,771,439,172,5447,289,794,89336,18405,241321,135622,312,22,162,754,27,741,86280,17401,229920,127307,288,14,140,341,23,697,84646,16464,550,408,3,0,1,4,1,4,87,42,10851,7907,21,8,21,409,3,40,1547,895,3454,1364,34,6,5,452,3,16,1272,302,6471,1302,410,409,1,2242,239,24,1427,417,2996,2227,4,0,1,434,2,9,174,145,2164,238,11,2,3,1565,18,4,183,140
"2011","North East Lincolnshire","E06000012",159616,96836,347,386,64,1332,158,533,48476,11484,155421,95635,166,15,63,233,12,515,47540,11242,152240,93373,157,12,55,161,11,499,46982,10990,414,322,0,0,0,3,0,3,57,29,2767,1940,9,3,8,69,1,13,501,223,1186,515,16,5,0,117,3,1,434,95,2129,326,160,366,0,620,133,6,434,84,411,311,1,0,0,40,0,4,24,31,469,49,4,0,1,322,10,7,44,32
"2011","North Lincolnshire","E06000013",167446,110554,381,445,48,3024,538,417,40176,11863,160748,109076,157,19,47,195,16,396,39359,11483,154526,104021,144,17,37,106,14,383,38784,11020,727,601,1,0,0,1,0,3,52,69,5495,4454,12,2,10,88,2,10,523,394,1244,614,15,7,0,94,13,4,381,116,4549,461,204,415,0,2363,477,14,395,220,494,321,1,1,0,133,0,2,17,19,411,82,4,3,1,239,32,1,24,25
"2011","York","E06000014",198051,117856,1016,983,202,2072,133,747,59646,15396,186731,114381,370,40,183,347,14,695,56179,14522,178613,109490,321,24,137,139,12,640,54019,13831,1103,779,7,0,1,4,0,5,211,96,7015,4112,42,16,45,204,2,50,1949,595,2413,1019,27,14,5,136,7,18,946,241,6740,1422,606,905,3,942,107,28,2224,503,1194,841,1,12,1,140,0,3,121,75,973,193,12,12,10,507,5,3,176,55
"2011","Craven","E07000163",55409,37301,134,65,16,506,34,187,12935,4231,53964,36827,102,1,14,19,2,183,12699,4117,52842,36049,94,0,11,12,2,176,12475,4023,215,158,4,0,0,1,0,1,34,17,907,620,4,1,3,6,0,6,190,77,375,173,2,2,0,25,0,2,145,26,970,235,30,61,2,444,32,2,84,80,61,52,0,1,0,2,0,0,2,4,39,14,0,0,0,16,0,0,5,4
"2011","Hambleton","E07000164",89140,64692,135,93,45,234,5,223,17652,6061,87635,63937,84,3,45,43,2,218,17348,5955,85867,62633,77,2,38,31,2,209,17047,5828,306,248,2,0,0,0,0,1,43,12,1462,1056,5,1,7,12,0,8,258,115,593,330,4,0,0,30,0,2,177,50,600,230,44,90,0,105,3,1,97,30,188,147,1,0,0,10,0,2,15,13,124,48,2,0,0,46,0,0,15,13
"2011","Harrogate","E07000165",157869,108289,414,236,334,573,82,533,36227,11181,152075,105314,198,13,326,146,8,474,34825,10771,144717,100029,181,7,269,54,8,419,33555,10195,771,625,0,0,1,0,0,4,107,34,6587,4660,17,6,56,92,0,51,1163,542,1776,960,21,9,4,63,1,17,543,158,2409,900,189,205,2,208,62,14,674,155,1147,861,2,5,0,64,0,16,126,73,462,254,4,4,2,92,11,12,59,24
"2011","Richmondshire","E07000166",51965,36057,373,513,26,130,7,158,11120,3581,49556,35114,69,32,25,17,1,154,10817,3327,48516,34401,57,5,22,2,1,147,10641,3240,200,151,0,0,1,0,0,2,29,17,840,562,12,27,2,15,0,5,147,70,502,266,5,17,0,7,0,2,160,45,1247,180,292,442,1,55,6,0,111,160,496,411,1,0,0,32,0,2,19,31,164,86,6,22,0,19,0,0,13,18
"2011","Ryedale","E07000167",51751,37172,125,20,15,57,5,180,10354,3823,51064,36839,73,1,15,16,2,170,10195,3753,49802,35881,68,1,15,14,2,159,9996,3666,262,224,1,0,0,0,0,0,26,11,1000,734,4,0,0,2,0,11,173,76,302,149,7,0,0,11,1,5,93,36,273,109,44,18,0,16,2,5,50,29,80,60,0,1,0,6,0,0,10,3,32,15,1,0,0,8,0,0,6,2
"2011","Scarborough","E07000168",108793,72544,295,167,67,551,8,402,26665,8094,106104,71410,171,10,64,96,1,392,26071,7889,103625,69624,155,8,54,55,1,374,25642,7712,301,233,3,0,0,2,0,3,36,24,2178,1553,13,2,10,39,0,15,393,153,869,396,17,4,1,51,0,1,322,77,1364,521,104,153,0,255,7,8,216,100,240,165,3,0,0,31,0,0,24,17,216,52,0,0,2,118,0,1,32,11
"2011","Selby","E07000169",83449,59182,133,87,60,95,51,206,18070,5565,82077,58557,65,4,59,43,6,193,17708,5442,79686,56705,52,4,55,27,5,182,17390,5266,326,265,2,0,0,0,0,0,35,24,2065,1587,11,0,4,16,1,11,283,152,626,317,10,2,0,11,3,6,208,69,493,122,58,80,0,17,42,6,132,36,212,176,0,1,0,10,0,0,15,10,41,10,0,0,1,14,0,1,7,8
"2011","Barnsley","E08000016",231221,158287,344,232,49,945,197,623,55536,15008,226285,156124,164,4,48,218,5,602,54514,14606,222164,152976,151,3,40,93,5,590,53980,14326,567,474,0,0,0,0,0,2,48,43,3554,2674,13,1,8,125,0,10,486,237,1630,799,8,3,0,98,3,9,558,152,1661,306,170,220,0,318,169,8,326,144,1221,950,0,3,0,105,0,2,86,75,424,108,2,2,1,206,20,2,52,31
"2011","Doncaster","E08000017",302402,199320,683,881,79,4990,1140,932,73656,20721,288066,194933,230,17,74,702,35,880,71556,19639,277740,186750,212,14,62,306,31,850,70553,18962,1183,1005,2,0,0,2,0,2,91,81,9143,7178,16,3,12,394,4,28,912,596,3321,1582,24,15,1,322,4,24,1054,295,7614,796,418,825,0,3199,1058,16,761,541,2337,1781,2,3,1,205,1,7,178,159,1064,228,9,21,3,562,42,5,107,87
"2011","Rotherham","E08000018",257280,171068,401,433,63,9614,293,595,57783,17030,240758,167331,156,10,55,318,12,566,56324,15986,236438,164034,139,8,33,212,12,549,55752,15699,776,673,2,0,1,0,0,0,54,46,3544,2624,15,2,21,106,0,17,518,241,2551,1192,22,8,4,370,6,9,724,216,10551,687,214,395,2,7845,265,12,499,632,2112,1633,2,12,1,231,4,1,124,104,1308,225,7,8,1,850,6,7,112,92
"2011","Sheffield","E08000019",552698,290299,2282,3566,747,42801,942,1961,172516,37584,462544,268331,867,79,642,2585,76,1627,156799,31538,446837,258882,788,54,542,1481,66,1508,153199,30317,2891,2104,15,1,1,11,0,22,550,187,12816,7345,64,24,99,1093,10,97,3050,1034,13289,4819,58,69,15,1761,29,65,5262,1211,44385,3801,1275,3270,26,25370,788,156,7023,2676,20082,11442,42,71,14,5014,8,76,2025,1390,12398,1906,40,77,50,8071,41,37,1407,769
"2011","Bradford","E08000032",522452,239843,1000,4882,299,129041,5125,1686,108027,32549,352317,223917,460,59,244,1772,56,1283,100917,23609,333628,209473,425,43,211,1165,39,1204,98747,22321,2541,2066,9,0,0,10,4,12,273,167,16148,12378,26,16,33,597,13,67,1897,1121,12979,4792,41,32,4,2785,41,44,4101,1139,140149,2875,481,4701,36,118822,4183,299,2051,6701,9267,6834,8,27,6,1042,19,50,617,664,7740,1425,10,63,9,4620,826,10,341,436
"2011","Calderdale","E08000033",203826,114667,593,616,153,14802,355,808,57193,14639,182787,112300,402,15,134,230,16,774,55514,13402,176732,107716,382,12,106,164,15,715,54666,12956,1795,1436,7,0,1,3,0,10,214,124,4260,3148,13,3,27,63,1,49,634,322,2797,1047,43,2,7,296,11,14,1089,288,16875,549,141,593,7,13994,288,13,429,861,899,652,5,3,0,85,0,5,101,48,468,119,2,3,5,197,40,2,60,40
"2011","Kirklees","E08000034",422458,225751,845,1544,189,61280,3330,1300,100829,27390,334270,214222,417,30,171,1108,67,1145,94681,22429,323890,206662,385,25,144,636,53,1079,93241,21665,2635,2145,10,0,3,10,0,14,280,173,7745,5415,22,5,24,462,14,52,1160,591,9790,3913,46,18,4,1233,28,27,3707,814,67782,1461,360,1478,12,56729,2860,84,1472,3326,7905,5882,7,12,0,423,3,25,859,694,2711,273,15,6,2,1787,372,19,110,127
"2011","Leeds","E08000035",751485,419790,2772,7048,6847,40772,8914,2396,212229,50717,639487,387536,1049,80,6517,1693,151,1964,196997,43500,609714,366649,943,65,6065,855,127,1844,191825,41341,7031,5773,18,2,31,24,5,22,730,426,22742,15114,88,13,421,814,19,98,4442,1733,19632,8327,99,85,89,1563,101,107,7477,1784,58243,4191,1553,6839,18,29409,7550,190,5321,3172,25893,18954,30,15,17,2981,20,94,1941,1841,8230,782,41,29,206,5126,1092,41,493,420
"2011","Wakefield","E08000036",325837,216215,573,831,117,6475,399,973,79497,20757,310957,211787,265,25,95,318,18,939,77596,19914,302331,204855,250,20,86,208,18,901,76623,19370,908,773,0,0,1,1,0,6,74,53,7718,6159,15,5,8,109,0,32,899,491,2928,1328,14,11,0,297,3,16,996,263,8498,985,275,783,1,5019,326,11,710,388,2512,1890,6,7,3,343,0,6,112,145,942,225,13,5,18,498,52,1,83,47
"2011","Derby","E06000015",248752,131129,822,2198,110,19006,8891,985,68668,16943,199751,120302,259,21,99,766,77,804,63400,14023,187386,111094,238,14,87,308,66,751,61685,13143,2319,1948,7,2,0,5,1,6,172,178,10046,7260,14,5,12,453,10,47,1543,702,7232,2968,40,25,4,572,77,38,2892,616,31095,1770,502,2124,0,15597,7911,112,1519,1560,7320,5425,9,18,3,542,15,26,690,592,3354,664,12,10,4,1529,811,5,167,152
"2011","Leicester","E06000016",329839,106872,1224,50087,295,61440,14457,1839,75280,18345,166636,86166,305,255,252,1721,149,879,65681,11228,148629,73123,279,118,199,648,76,821,63248,10117,2524,2008,6,5,4,22,4,14,289,172,15483,11035,20,132,49,1051,69,44,2144,939,11580,3940,44,315,7,1763,135,62,4332,982,122470,4832,847,49206,14,46112,12104,801,4011,4543,20585,11138,9,104,4,7095,24,83,931,1197,8568,796,19,207,18,4749,2045,14,325,395
"2011","Nottingham","E06000018",305680,135216,2051,4498,1069,26919,4312,1483,106954,23178,218698,108754,513,57,948,1166,69,1035,89408,16748,199990,95718,464,38,824,508,54,944,86192,15248,2819,2134,6,1,7,10,1,18,412,230,15889,10902,43,18,117,648,14,73,2804,1270,20265,7265,109,67,38,1297,68,131,9210,2080,40039,3256,1373,4340,26,19668,3914,187,5186,2089,22185,15308,23,13,19,1890,17,117,2773,2025,4493,633,33,21,38,2898,244,13,377,236
"2011","Rutland","E06000017",37369,25481,100,75,54,131,31,149,8728,2620,36301,25032,66,2,49,21,5,134,8460,2532,35241,24310,59,2,43,16,5,125,8245,2436,217,164,0,0,0,0,0,3,27,23,843,558,7,0,6,5,0,6,188,73,389,204,4,8,0,18,3,4,118,30,365,69,30,65,0,42,19,9,110,21,251,144,0,0,3,43,0,1,31,29,63,32,0,0,2,7,4,1,9,8
"2011","Amber Valley","E07000032",122309,74834,253,155,79,188,172,583,37085,8960,120023,73936,178,6,77,66,6,572,36434,8748,117988,72466,166,5,61,28,6,552,36087,8617,428,336,3,0,1,0,0,2,69,17,1607,1134,9,1,15,38,0,18,278,114,980,411,6,3,2,13,7,10,426,102,929,247,63,145,0,85,155,0,158,76,253,186,2,1,0,4,0,1,41,18,124,54,4,0,0,20,4,0,26,16
"2011","Bolsover","E07000033",75866,49447,115,81,29,146,104,261,20507,5176,74452,48814,59,3,29,46,2,256,20175,5068,73058,47722,55,3,27,25,2,253,20004,4967,199,165,1,0,0,0,0,0,18,15,1195,927,3,0,2,21,0,3,153,86,518,239,8,5,0,14,0,4,186,62,612,160,48,73,0,81,102,0,118,30,267,229,0,0,0,2,0,1,21,14,17,5,0,0,0,3,0,0,7,2
"2011","Chesterfield","E07000034",103788,66175,213,257,31,699,158,375,28238,7642,100172,64743,102,10,31,92,4,366,27432,7392,98456,63497,94,9,28,52,4,356,27160,7256,386,315,2,0,0,0,0,5,42,22,1330,931,6,1,3,40,0,5,230,114,1094,551,6,3,0,48,3,1,404,78,1592,245,101,238,0,473,143,4,288,100,782,596,3,5,0,17,1,1,99,60,148,40,1,1,0,69,7,3,15,12
"2011","Derbyshire Dales","E07000035",71116,48869,164,39,56,142,34,241,16477,5094,70117,48470,119,8,50,21,6,234,16203,5006,68835,47596,111,8,39,13,6,226,15927,4909,321,238,3,0,1,1,0,1,57,20,961,636,5,0,10,7,0,7,219,77,466,216,9,2,3,18,0,5,167,46,398,101,35,29,0,91,22,0,89,31,87,59,0,0,0,5,0,1,15,7,48,23,1,0,3,7,6,1,3,4
"2011","Erewash","E07000036",112081,64784,213,412,42,258,284,412,37995,7681,108765,63613,109,7,42,56,14,395,37113,7416,106673,62059,106,5,36,35,14,388,36759,7271,574,461,1,0,0,1,0,2,67,42,1518,1093,2,2,6,20,0,5,287,103,1269,549,15,4,0,21,2,5,559,114,1383,172,89,398,0,131,244,6,255,88,536,405,0,1,0,10,0,4,63,53,128,45,0,2,0,40,24,2,5,10
"2011","High Peak","E07000037",90892,58264,296,77,35,178,33,389,25057,6563,88954,57434,198,6,35,37,7,372,24468,6397,87131,56141,189,4,30,27,7,359,24106,6268,596,471,0,0,0,0,0,3,89,33,1227,822,9,2,5,10,0,10,273,96,944,467,12,1,0,22,0,11,333,98,711,197,84,70,0,85,22,4,197,52,184,134,0,0,0,3,0,0,37,10,99,32,2,0,0,31,4,2,22,6
"2011","North East Derbyshire","E07000038",99023,66773,115,92,48,268,131,309,24465,6822,97084,65957,76,4,47,53,7,292,23952,6696,95968,65154,72,3,42,34,7,279,23768,6609,264,218,2,0,1,1,0,0,28,14,852,585,2,1,4,18,0,13,156,73,786,383,5,8,0,39,3,1,272,75,795,222,34,80,0,116,108,10,188,37,236,184,0,0,0,11,1,0,32,8,122,27,0,0,1,49,12,6,21,6
"2011","South Derbyshire","E07000039",94611,60522,161,264,43,331,1400,335,25334,6221,90527,59432,109,9,42,37,10,306,24609,5973,88925,58263,104,6,39,25,10,290,24309,5879,386,317,0,0,1,1,0,6,43,18,1216,852,5,3,2,11,0,10,257,76,1062,479,6,6,0,52,15,2,398,104,2375,227,44,247,0,181,1295,26,258,97,425,332,0,2,0,6,0,0,44,41,222,52,2,0,1,55,80,1,25,6
"2011","Blaby","E07000129",93915,54594,177,2550,61,728,1849,337,27367,6252,85451,52851,83,12,57,110,22,277,26265,5774,83161,51148,74,8,52,43,14,265,25944,5613,545,447,1,1,0,1,0,2,55,38,1745,1256,8,3,5,66,8,10,266,123,1505,638,8,24,1,56,17,6,605,150,5718,345,84,2509,1,413,1666,49,397,254,900,723,2,2,1,38,4,2,76,52,341,37,0,3,1,111,140,3,24,22
"2011","Charnwood","E07000130",166100,92233,559,8344,125,3925,1241,620,48525,10528,145114,88889,181,41,107,256,12,496,45688,9444,139978,85224,168,32,95,140,8,483,44765,9063,989,795,2,0,0,6,1,2,121,62,4147,2870,11,9,12,110,3,11,802,319,2577,1048,22,65,5,174,15,14,976,258,16138,1081,350,8226,5,2898,1098,103,1684,693,1327,1072,2,5,0,84,0,1,86,77,944,143,4,7,8,513,116,6,91,56
"2011","Harborough","E07000131",85382,55899,171,1088,112,423,630,199,20995,5865,81316,54974,114,10,107,55,6,180,20298,5572,79242,53485,105,6,91,29,5,173,19933,5415,486,405,2,0,0,0,0,1,54,24,1588,1084,7,4,16,26,1,6,311,133,971,440,1,18,1,23,10,3,348,127,2563,247,52,1058,0,271,533,10,270,122,327,199,0,0,0,35,1,3,58,31,205,39,4,2,4,39,80,3,21,13
"2011","Hinckley and Bosworth","E07000132",105078,67559,215,871,46,517,427,381,28247,6815,101369,66618,105,9,44,64,19,335,27584,6591,99440,65239,100,8,40,33,16,326,27225,6453,451,369,0,0,2,2,0,3,52,23,1478,1010,5,1,2,29,3,6,307,115,1027,469,12,10,0,37,7,4,392,96,2246,223,96,848,0,318,378,38,233,112,262,211,0,3,0,19,0,1,19,9,174,38,2,1,2,79,23,3,19,7
"2011","Melton","E07000133",50376,34239,110,211,11,41,46,171,12269,3278,49319,33831,45,3,11,15,6,168,12031,3209,47861,32653,44,3,8,9,6,164,11872,3102,264,222,0,0,0,0,0,0,20,22,1194,956,1,0,3,6,0,4,139,85,414,204,2,3,0,4,4,1,156,40,518,118,63,204,0,15,28,2,63,25,95,74,0,1,0,2,0,0,15,3,30,12,0,0,0,5,8,0,4,1
"2011","North West Leicestershire","E07000134",93468,60641,182,332,37,206,121,395,25713,5841,91187,59762,84,4,35,40,10,379,25207,5666,89116,58105,79,4,31,31,9,366,24932,5559,406,332,1,0,0,0,0,3,47,23,1665,1325,4,0,4,9,1,10,228,84,881,407,7,4,1,38,2,8,326,88,1074,271,90,321,0,75,97,7,151,62,205,164,0,1,0,6,0,0,15,19,121,37,1,2,1,47,12,1,14,6
"2011","Oadby and Wigston","E07000135",56170,27198,132,5112,136,3256,3664,278,13007,3387,41011,25755,51,13,119,73,33,145,12055,2767,39634,24753,48,9,97,39,20,135,11856,2677,387,330,0,1,0,1,0,2,30,23,990,672,3,3,22,33,13,8,169,67,1176,439,4,33,6,119,29,6,431,109,12520,433,77,5051,5,2796,3146,124,443,445,671,521,0,7,2,39,6,3,54,39,792,50,0,8,4,229,450,0,24,27
"2011","Boston","E07000136",64637,45941,126,191,30,434,47,197,13143,4528,62592,44954,61,3,25,88,4,188,12854,4415,54221,38144,57,2,23,39,2,167,11962,3825,208,171,0,0,0,0,1,1,21,14,8163,6639,4,1,2,49,1,20,871,576,664,401,11,6,5,22,1,2,152,64,928,291,53,177,0,235,33,4,98,37,278,227,1,1,0,11,0,1,29,8,175,68,0,4,0,78,9,2,10,4
"2011","East Lindsey","E07000137",136401,93691,226,126,84,366,49,565,31196,10098,134314,92799,159,16,79,90,11,556,30676,9928,131717,90852,147,10,71,56,11,541,30279,9750,490,387,3,0,0,1,0,3,50,46,2107,1560,9,6,8,33,0,12,347,132,937,474,10,3,1,29,8,6,315,91,789,202,53,106,0,188,29,2,160,49,264,191,1,0,2,12,0,0,38,20,97,25,3,1,2,47,1,1,7,10
"2011","Lincoln","E07000138",93541,54265,303,335,63,902,73,478,30456,6666,89379,52615,180,21,58,133,11,447,29534,6380,83653,48188,161,15,47,69,9,419,28766,5979,719,576,1,0,1,0,0,4,87,50,5007,3851,18,6,10,64,2,24,681,351,1230,557,14,3,1,74,10,16,450,105,1794,424,107,302,0,407,49,11,390,104,778,605,1,8,1,60,0,3,43,57,360,64,1,1,3,228,3,1,39,20
"2011","North Kesteven","E07000139",107766,75495,153,168,61,250,53,368,23583,7635,105835,74645,75,8,59,59,5,361,23137,7486,103343,72760,64,8,53,41,3,349,22791,7274,512,415,1,0,1,0,1,2,45,47,1980,1470,10,0,5,18,1,10,301,165,791,428,16,5,0,23,5,1,230,83,750,179,57,152,0,114,38,3,163,44,251,193,3,3,0,11,0,1,30,10,139,50,2,0,2,43,5,2,23,12
"2011","South Holland","E07000140",88270,63861,119,100,69,258,69,260,17146,6388,86370,62932,64,6,60,56,4,254,16755,6239,79569,57334,60,5,55,25,4,243,16078,5765,282,228,1,0,0,0,0,1,29,23,6519,5370,3,1,5,31,0,10,648,451,796,468,6,2,7,28,7,0,208,70,747,233,49,89,0,138,58,2,137,41,257,174,0,3,0,18,0,2,27,33,100,54,0,0,2,18,0,2,19,5
"2011","South Kesteven","E07000141",133788,93192,277,394,101,358,74,434,29665,9293,130394,91649,152,8,96,69,9,418,28929,9064,125261,87680,144,5,81,23,8,395,28221,8704,656,560,2,0,4,0,1,2,56,31,4477,3409,6,3,11,46,0,21,652,329,1142,625,7,13,1,24,2,4,355,111,1580,439,117,367,1,189,62,7,328,70,509,427,1,1,1,19,0,2,26,32,163,52,0,5,2,57,1,3,27,16
"2011","West Lindsey","E07000142",89250,62739,141,172,31,212,88,303,19439,6125,87600,61956,108,4,30,59,5,291,19124,6023,85977,60806,103,4,26,30,5,278,18833,5892,411,344,0,0,0,0,0,4,41,22,1212,806,5,0,4,29,0,9,250,109,630,342,5,2,0,27,5,3,191,55,728,226,27,164,1,89,77,6,101,37,224,194,0,2,0,2,0,2,18,6,68,21,1,0,0,35,1,1,5,4
"2011","Corby","E07000150",61255,36111,126,190,44,382,125,150,20376,3751,58519,34612,62,6,40,104,8,132,19935,3620,52069,29427,52,4,32,25,8,126,19135,3260,855,721,2,2,1,0,0,2,60,67,5595,4464,8,0,7,79,0,4,740,293,836,442,7,3,0,31,0,5,291,57,782,124,56,181,0,190,101,12,92,26,1008,890,1,0,2,26,0,1,44,44,110,43,0,0,2,31,16,0,14,4
"2011","Daventry","E07000151",77843,50346,291,293,71,439,153,271,20701,5278,75123,49297,160,17,70,80,5,256,20170,5068,72448,47293,145,14,63,51,5,243,19743,4891,509,408,1,0,0,2,0,2,59,37,2166,1596,14,3,7,27,0,11,368,140,971,489,9,8,0,37,4,4,319,101,1183,220,119,268,0,245,140,4,122,65,481,313,2,0,0,55,0,3,76,32,85,27,1,0,1,22,4,4,14,12
"2011","East Northamptonshire","E07000152",86765,53187,186,277,83,232,114,361,26354,5971,83842,51758,104,13,80,53,6,343,25709,5776,81083,49676,97,12,73,18,6,329,25286,5586,583,474,1,0,1,1,0,1,68,37,2176,1608,6,1,6,34,0,13,355,153,1052,557,7,5,2,20,6,2,375,78,1096,298,75,254,0,106,98,13,174,78,630,527,0,1,0,15,0,2,50,35,145,47,0,4,1,38,4,1,46,4
"2011","Kettering","E07000153",93475,55196,263,759,66,723,977,417,28768,6306,87740,53106,122,15,66,103,27,375,27944,5982,83450,49805,109,8,57,51,23,358,27302,5737,641,521,2,0,0,0,0,4,75,39,3649,2780,11,7,9,52,4,13,567,206,1313,599,15,14,0,69,13,8,472,123,3023,650,120,726,0,291,836,22,254,124,991,753,1,0,0,111,0,6,65,55,408,88,5,4,0,149,101,6,33,22
"2011","Northampton","E07000154",212069,119937,924,3393,273,8806,1063,1037,62404,14232,179238,107413,309,38,240,559,26,712,57635,12306,162353,94068,270,27,219,257,19,665,55663,11165,2911,2415,6,1,1,5,0,8,254,221,13974,10930,33,10,20,297,7,39,1718,920,6849,3291,40,52,14,374,13,46,2474,545,13751,1558,547,3269,8,5196,855,228,1445,645,10741,7335,14,17,3,2003,2,31,684,652,1490,340,14,17,8,674,167,20,166,84
"2011","South Northamptonshire","E07000155",85189,56017,183,357,100,290,175,245,21758,6064,82572,55039,108,3,84,53,6,231,21182,5866,80123,53339,96,1,71,27,5,218,20680,5686,591,489,3,1,0,1,1,0,62,34,1858,1211,9,1,13,25,0,13,440,146,1003,493,3,11,5,24,2,4,378,83,1129,159,68,342,0,163,159,9,151,78,376,295,0,1,0,20,3,0,29,28,109,31,4,0,11,30,5,1,18,9
"2011","Wellingborough","E07000156",75356,43471,221,2745,42,1232,158,401,22018,5068,65788,40228,81,20,37,139,4,269,20586,4424,61229,36550,76,12,34,58,4,255,20054,4186,614,516,0,1,0,2,0,4,54,37,3945,3162,5,7,3,79,0,10,478,201,2158,965,21,33,1,52,9,14,859,204,4463,237,112,2672,1,847,130,81,199,184,2696,1976,6,4,0,101,1,36,340,232,251,65,1,16,3,93,14,1,34,24
"2011","Ashfield","E07000170",119497,69496,211,218,16,375,178,430,40414,8159,116733,68359,112,10,15,82,7,417,39755,7976,114744,66865,106,7,13,47,7,402,39436,7861,348,280,2,1,0,1,0,3,40,21,1641,1214,4,2,2,34,0,12,279,94,1059,487,6,3,1,28,2,4,426,102,1099,254,92,201,0,203,126,7,168,48,472,371,1,4,0,15,0,1,55,25,134,25,0,0,0,47,43,1,10,8
"2011","Bassetlaw","E07000171",112863,79935,189,248,48,701,119,361,23558,7704,109892,78728,90,8,45,112,21,352,23032,7504,106663,76115,86,5,40,55,20,340,22744,7258,381,311,0,0,0,1,0,3,31,35,2848,2302,4,3,5,56,1,9,257,211,996,530,5,5,1,58,6,4,312,75,1255,261,87,229,0,399,76,1,142,60,520,362,2,0,1,49,5,3,54,44,200,54,5,6,1,83,11,1,18,21
"2011","Broxtowe","E07000172",109487,61975,413,842,143,1636,921,416,35217,7924,101538,60047,145,21,140,130,18,378,33335,7324,98001,57746,136,11,121,56,12,357,32506,7056,615,482,1,0,0,0,0,3,94,35,2922,1819,8,10,19,74,6,18,735,233,1827,731,19,14,1,83,2,5,771,201,4503,399,241,804,1,966,845,29,959,259,933,704,1,1,0,46,0,3,98,80,686,94,7,2,1,411,56,1,54,60
"2011","Gedling","E07000173",113543,64830,308,531,92,1535,724,381,37123,8019,105656,62134,163,9,83,121,15,342,35327,7462,102551,59828,148,8,67,63,8,329,34855,7245,891,721,3,0,0,3,0,4,104,56,2214,1585,12,1,16,55,7,9,368,161,2619,1063,19,6,3,114,14,9,1157,234,3343,296,124,514,1,1186,635,20,369,198,1653,1256,0,2,1,37,2,5,238,112,272,81,2,0,4,77,58,5,32,13
"2011","Mansfield","E07000174",104466,64399,193,271,34,563,165,333,31472,7036,101522,63352,92,12,26,99,6,324,30762,6849,97408,60086,88,7,21,47,6,312,30235,6606,447,380,0,4,0,2,0,2,27,32,3667,2886,4,1,5,50,0,10,500,211,1106,467,15,2,0,45,5,1,487,84,1289,220,85,257,6,343,145,3,157,73,398,307,1,0,1,18,0,4,45,22,151,53,0,0,1,58,9,1,21,8
"2011","Newark and Sherwood","E07000175",114817,75869,226,194,62,456,123,369,29435,8083,111958,74707,125,12,61,87,8,351,28753,7854,108208,71802,120,9,54,58,7,339,28206,7613,641,530,0,0,0,0,0,2,62,47,3109,2375,5,3,7,29,1,10,485,194,1160,564,12,4,0,47,3,9,408,113,1036,188,85,175,1,238,100,4,179,66,499,347,2,2,0,42,0,4,66,36,164,63,2,1,0,42,12,1,29,14
"2011","Rushcliffe","E07000176",111129,65490,320,1176,322,1697,902,399,32919,7904,103504,63779,178,13,313,139,13,340,31329,7400,100363,61743,167,13,270,82,12,324,30594,7158,810,627,2,0,0,0,0,2,131,48,2331,1409,9,0,43,57,1,14,604,194,1949,770,18,12,3,99,13,17,831,186,4614,434,123,1142,2,1247,807,31,576,252,627,437,1,2,0,43,0,7,102,35,435,70,0,7,4,169,69,4,81,31
"2011","Herefordshire, County of","E06000019",183477,124403,562,228,131,364,80,893,41766,15050,180169,122925,353,22,117,89,7,867,41018,14771,171922,116963,316,17,105,42,6,798,39682,13993,709,522,6,0,0,0,0,13,118,50,7538,5440,31,5,12,47,1,56,1218,728,1270,607,19,3,6,24,4,10,444,153,1439,556,184,199,2,122,59,12,229,76,331,227,0,2,4,18,1,3,49,27,268,88,6,2,2,111,9,1,26,23
"2011","Shropshire","E06000051",306129,210268,792,378,127,989,256,1113,69725,22481,299874,207850,468,31,121,190,22,1082,68071,22039,292047,202297,439,28,96,113,19,1040,66636,21379,1410,1122,7,1,0,1,0,5,193,81,6417,4431,22,2,25,76,3,37,1242,579,2168,1065,19,9,1,65,5,11,786,207,3089,808,303,338,0,471,219,12,761,177,580,437,0,0,1,58,0,3,53,28,418,108,2,0,4,205,10,5,54,30
"2011","Stoke-on-Trent","E06000021",249008,151624,760,1384,66,14993,579,923,62737,15942,220712,144614,203,29,55,545,18,863,59944,14441,215222,140518,193,16,45,289,14,835,59240,14072,636,516,1,0,0,2,0,5,69,43,4854,3580,9,13,10,254,4,23,635,326,4491,1947,21,15,0,707,9,19,1463,310,18442,1973,508,1325,9,12290,501,29,925,882,3741,2747,2,8,0,452,11,8,289,224,1622,343,26,7,2,999,40,4,116,85
"2011","Telford and Wrekin","E06000020",166641,102892,398,872,78,3019,2118,692,45599,10973,154415,99593,171,21,66,174,45,538,43588,10219,149096,95351,160,9,54,116,32,521,42952,9901,729,602,5,0,0,1,1,4,73,43,4590,3640,6,12,12,57,12,13,563,275,2983,1299,15,5,6,170,41,13,1170,264,6991,524,210,845,1,2477,1813,136,657,328,1779,1389,0,1,3,84,1,4,158,139,473,87,2,0,2,114,218,1,26,23
"2011","Cannock Chase","E07000192",97462,67392,166,128,9,219,274,283,23066,5925,95256,66586,70,4,8,33,6,278,22520,5751,94042,65622,66,4,8,16,6,271,22378,5671,350,309,0,0,0,0,0,1,19,21,864,655,4,0,0,17,0,6,123,59,867,440,12,2,0,23,0,2,300,88,982,121,82,122,0,137,246,2,205,67,280,221,1,0,0,4,0,1,39,14,77,24,1,0,1,22,22,0,2,5
"2011","East Staffordshire","E07000193",113583,72890,284,318,42,6815,336,368,25037,7493,102704,70905,149,8,40,253,8,337,24089,6915,97854,67202,142,3,35,140,4,326,23428,6574,542,461,1,0,0,2,0,2,49,27,4308,3242,6,5,5,111,4,9,612,314,1619,697,6,0,0,233,2,11,515,155,7864,535,127,308,2,5983,299,9,290,311,1023,692,0,2,0,113,1,9,121,85,373,61,2,0,0,233,26,2,22,27
"2011","Lichfield","E07000194",100654,69276,196,303,69,448,540,307,23113,6402,97399,68233,87,8,64,59,16,286,22446,6200,95263,66597,80,7,61,25,14,279,22133,6067,598,497,2,0,1,0,0,4,55,39,1538,1139,5,1,2,34,2,3,258,94,1034,511,8,6,1,38,9,9,359,93,1623,143,97,286,0,280,498,8,239,72,481,349,1,1,2,37,0,2,53,36,117,40,3,2,2,34,17,2,16,1
"2011","Newcastle-under-Lyme","E07000195",123871,81353,455,519,71,1393,215,410,31124,8331,117662,79362,127,14,67,128,9,365,29720,7870,115510,77846,119,9,42,51,9,357,29348,7729,364,306,4,0,1,0,0,0,34,19,1788,1210,4,5,24,77,0,8,338,122,1490,713,15,8,2,92,0,14,518,128,3512,541,308,487,1,931,192,25,791,236,828,651,4,1,0,48,1,5,64,54,379,86,1,9,1,194,13,1,31,43
"2011","South Staffordshire","E07000196",108131,79301,182,416,15,364,1027,297,19896,6633,103700,77858,70,10,13,41,17,240,19127,6324,102339,76798,65,5,13,32,16,234,18931,6245,469,402,3,0,0,0,0,1,37,26,892,658,2,5,0,9,1,5,159,53,1495,798,7,10,0,44,19,10,471,136,2122,190,105,394,1,204,870,42,192,124,578,416,0,0,1,29,1,5,87,39,236,39,0,2,0,46,120,0,19,10
"2011","Stafford","E07000197",130869,88799,457,850,64,1151,495,531,29868,8654,124308,86559,171,23,60,100,7,495,28710,8183,121160,84133,155,12,54,50,4,480,28283,7989,770,662,3,0,0,0,0,2,61,42,2378,1764,13,11,6,50,3,13,366,152,1694,854,13,10,1,80,4,9,566,157,3288,513,265,807,2,669,446,11,381,194,1107,765,1,2,0,67,0,16,166,90,472,108,7,8,1,235,38,0,45,30
"2011","Staffordshire Moorlands","E07000198",97106,70709,149,72,20,192,47,324,19018,6575,95825,70147,81,6,18,34,4,321,18723,6491,94657,69264,77,2,18,23,4,319,18546,6404,256,210,0,0,0,2,0,0,24,20,912,673,4,4,0,9,0,2,153,67,602,323,7,1,1,19,1,2,200,48,502,138,60,65,0,111,40,0,73,15,120,82,0,0,0,12,0,0,13,13,57,19,1,0,1,16,2,1,9,8
"2011","Tamworth","E07000199",76813,48632,128,167,9,235,152,263,22540,4687,74761,47825,48,3,8,41,4,247,22036,4549,72984,46386,47,3,7,28,4,243,21844,4422,504,433,0,0,0,0,0,0,32,39,1273,1006,1,0,1,13,0,4,160,88,803,378,7,5,0,18,1,9,310,75,763,101,73,157,0,113,144,6,135,34,393,308,0,1,1,9,0,0,50,24,93,20,0,1,0,54,3,1,9,5
"2011","North Warwickshire","E07000218",62014,43591,93,151,12,110,239,230,13589,3999,60709,43135,59,6,9,33,14,221,13320,3912,59499,42169,55,5,8,17,13,216,13189,3827,458,382,1,0,0,1,0,1,43,30,752,584,3,1,1,15,1,4,88,55,506,252,3,7,2,4,5,7,180,46,580,57,30,130,0,62,213,0,62,26,172,131,0,3,0,4,0,2,21,11,47,16,1,5,1,7,7,0,6,4
"2011","Nuneaton and Bedworth","E07000219",125252,79627,425,1374,12,2895,2739,476,30123,7581,114392,77611,107,21,12,113,26,355,29216,6931,111379,75190,99,16,10,72,18,343,28883,6748,697,591,0,0,0,1,0,2,59,44,2316,1830,8,5,2,40,8,10,274,139,1396,649,13,15,0,101,10,6,503,99,7880,491,299,1327,0,2517,2390,101,308,447,1047,839,0,3,0,41,10,7,79,68,537,37,6,8,0,123,303,7,17,36
"2011","Rugby","E07000220",100075,63791,369,2291,63,1236,840,351,24281,6853,90565,60756,118,9,63,107,17,309,22966,6220,84210,55815,99,6,53,49,14,281,22082,5811,1025,875,1,1,0,0,2,3,75,68,5330,4066,18,2,10,58,1,25,809,341,1986,933,14,25,0,81,7,9,710,207,5225,445,228,2244,0,825,776,24,411,272,1987,1558,6,8,0,93,2,7,170,143,312,99,3,5,0,130,38,2,24,11
"2011","Stratford-on-Avon","E07000221",120485,84697,325,250,150,280,243,420,25556,8564,117307,83483,180,19,148,71,8,388,24799,8211,112780,80095,170,18,123,35,6,370,24093,7870,890,754,1,0,2,1,0,2,73,57,3637,2634,9,1,23,35,2,16,633,284,1258,664,15,3,0,30,6,13,382,145,1466,291,127,225,0,107,221,18,309,168,264,204,0,0,0,3,0,0,36,21,190,55,3,3,2,69,8,1,30,19
"2011","Warwick","E07000222",137648,80185,521,1633,268,1299,5373,531,37859,9979,122715,77193,198,30,241,209,78,425,35373,8968,114739,71760,169,28,198,70,62,399,33675,8378,2146,1815,5,1,1,0,2,5,195,122,5830,3618,24,1,42,139,14,21,1503,468,2803,1188,18,32,11,102,51,22,1035,344,9945,907,296,1558,5,691,4627,72,1263,526,973,754,2,2,0,49,2,4,90,70,1212,143,7,11,11,248,615,8,98,71
"2011","Birmingham","E08000025",1073045,494358,4780,22362,2205,234411,32376,5646,206821,70086,621636,400834,1071,223,1937,4401,405,2195,169191,41379,570217,362073,918,133,1685,2221,257,1988,163118,37824,22021,18937,30,10,14,58,5,48,1408,1511,29398,19824,123,80,238,2122,143,159,4665,2044,47605,20775,155,294,78,5999,294,251,15429,4330,285640,11853,3382,21579,88,190862,28572,2569,12245,14490,96360,58644,92,129,47,19126,116,541,8875,8790,21804,2252,80,137,55,14023,2989,90,1081,1097
"2011","Coventry","E08000026",316960,170090,1067,11152,210,23665,15912,1641,72896,20327,234029,150209,277,100,184,1161,162,933,65307,15696,211188,132489,247,50,149,423,113,845,62722,14150,7305,6380,5,3,0,12,1,21,413,470,15536,11340,25,47,35,726,48,67,2172,1076,8230,3593,32,69,5,811,107,30,2849,734,51598,3727,720,10902,13,15700,13883,603,3593,2457,17764,12165,11,26,3,3410,21,50,911,1167,5339,396,27,55,5,2583,1739,25,236,273
"2011","Dudley","E08000027",312925,204320,657,1908,77,12902,3694,1032,68835,19500,281607,197056,255,22,71,369,38,884,65251,17661,277050,193699,241,18,60,216,27,854,64599,17336,1170,986,2,0,1,3,1,7,98,72,3387,2371,12,4,10,150,10,23,554,253,5758,2734,21,25,2,267,38,20,2139,512,18942,840,367,1852,3,10637,3438,108,881,816,4671,3534,7,3,1,216,1,17,483,409,1947,156,7,6,0,1413,179,3,81,102
"2011","Sandwell","E08000028",308063,170075,654,6810,73,25251,26934,1816,57716,18734,215471,148801,190,66,54,811,259,592,51042,13656,202822,138584,175,30,46,401,150,568,49988,12880,2045,1744,3,4,2,4,1,5,161,121,10604,8473,12,32,6,406,108,19,893,655,10199,5091,22,58,4,551,158,45,3380,890,59258,2374,422,6644,7,21306,23612,1099,1353,2441,18357,13523,13,19,6,1229,48,75,1828,1616,4778,286,7,23,2,1354,2857,5,113,131
"2011","Solihull","E08000029",206674,135572,430,3684,353,5247,3504,569,44187,13128,184244,130090,150,26,344,227,29,427,41172,11779,177248,124378,138,22,321,145,24,413,40484,11323,3935,3499,2,0,4,4,0,4,198,224,3061,2213,10,4,19,78,5,10,490,232,4404,2109,25,35,1,207,17,20,1635,355,13561,776,248,3604,2,4299,2991,92,898,651,3239,2416,2,12,1,103,2,20,407,276,1226,181,5,7,5,411,465,10,75,67
"2011","Walsall","E08000030",269323,158971,516,4560,54,22146,11606,1420,53876,16174,212469,148765,148,26,41,285,80,643,49367,13114,207238,144569,128,16,37,193,43,628,48851,12773,1181,1011,4,2,1,3,1,3,76,80,4050,3185,16,8,3,89,36,12,440,261,7224,3215,30,49,0,521,82,36,2698,593,41022,1789,334,4446,13,20627,10058,702,1162,1891,6369,4951,2,22,0,286,9,30,571,498,2239,251,2,17,0,427,1377,9,78,78
"2011","Wolverhampton","E08000031",249470,138394,1015,9292,88,9062,22689,3057,49821,16052,169682,116173,186,63,62,467,181,629,40930,10991,160945,109478,172,37,51,216,113,590,39847,10441,1526,1301,0,0,0,3,2,6,110,104,7211,5394,14,26,11,248,66,33,973,446,12784,6001,24,89,2,443,164,68,4836,1157,44960,2781,783,9076,11,6336,19678,2227,1961,2107,17309,12983,7,20,13,556,58,101,1956,1615,4735,456,15,44,0,1260,2608,32,138,182
"2011","Bromsgrove","E07000234",93637,64508,191,323,91,502,609,282,20645,6486,89696,63185,98,6,88,91,7,257,19769,6195,87640,61612,95,4,85,42,6,250,19498,6048,904,790,1,0,0,1,0,2,57,53,1152,783,2,2,3,48,1,5,214,94,1396,707,10,3,1,47,15,7,476,130,1925,239,81,312,1,281,562,11,314,124,444,330,2,1,0,16,0,3,63,29,176,47,0,1,1,67,25,4,23,8
"2011","Malvern Hills","E07000235",74631,50399,189,111,59,197,75,381,17805,5415,72841,49693,126,22,57,39,2,367,17267,5268,71019,48415,117,20,44,25,2,354,16907,5135,366,283,1,0,0,0,0,0,55,27,1456,995,8,2,13,14,0,13,305,106,639,318,9,2,1,10,2,10,217,70,902,242,53,87,0,96,70,3,291,60,151,104,0,0,0,20,0,0,19,8,98,42,1,0,1,32,1,1,11,9
"2011","Redditch","E07000236",84214,53434,154,206,52,2870,228,284,21712,5274,77497,51372,85,2,46,61,5,262,20780,4884,73591,48101,75,2,39,47,5,255,20429,4638,629,549,0,0,0,0,0,0,40,40,3277,2722,10,0,7,14,0,7,311,206,1655,854,6,4,4,55,11,7,583,131,4029,492,63,194,1,2686,201,6,209,177,862,658,0,5,0,15,0,5,113,66,171,58,0,1,1,53,11,4,27,16
"2011","Worcester","E07000237",98768,62911,307,249,32,2847,139,345,25419,6519,92294,61005,163,12,30,140,6,328,24491,6119,88016,57766,157,10,26,84,4,305,23840,5824,583,461,0,1,0,2,0,3,69,47,3695,2778,6,1,4,54,2,20,582,248,1395,682,5,1,0,104,5,5,462,131,4366,796,135,235,0,2471,124,10,370,225,473,367,1,1,0,18,0,1,58,27,240,61,3,0,2,114,4,1,38,17
"2011","Wychavon","E07000238",116944,83728,230,145,83,369,226,428,23678,8057,114457,82719,130,4,75,83,6,401,23167,7872,109834,78975,118,4,67,58,6,381,22633,7592,539,470,0,0,0,0,0,5,33,31,4084,3274,12,0,8,25,0,15,501,249,962,527,8,6,3,27,4,13,274,100,1129,276,90,134,0,184,206,11,176,52,228,156,0,0,0,16,0,2,39,15,168,50,2,1,5,59,10,1,22,18
"2011","Wyre Forest","E07000239",97975,67260,197,111,38,681,136,341,22602,6609,95273,66233,101,10,38,33,7,323,22095,6433,92822,64418,97,9,36,25,7,307,21661,6262,459,379,0,1,0,1,0,1,41,36,1992,1436,4,0,2,7,0,15,393,135,998,545,8,4,0,26,4,6,323,82,1390,277,87,97,0,588,125,7,142,67,214,158,1,0,0,13,0,2,24,16,100,47,0,0,0,21,0,3,18,11
"2011","Bedford","E06000055",157479,93346,509,2420,171,8610,3336,1506,37229,10352,126846,83647,187,30,157,360,38,449,33646,8332,112588,72045,164,16,142,160,26,404,32156,7475,1683,1377,6,1,0,9,0,2,153,135,12575,10225,17,13,15,191,12,43,1337,722,5386,2658,28,37,6,227,32,30,1866,502,17932,1966,284,2337,1,7224,2978,1000,1120,1022,6202,4844,3,9,1,357,4,22,522,440,1113,231,7,7,6,442,284,5,75,56
"2011","Central Bedfordshire","E06000056",254381,158236,779,1668,499,1931,746,882,72355,17285,238722,151461,279,29,467,328,14,791,69108,16245,228053,143481,251,25,423,176,11,749,67431,15506,3149,2666,3,1,1,9,0,9,249,211,7520,5314,25,3,43,143,3,33,1428,528,4789,2363,55,30,16,166,16,25,1722,396,6402,1233,426,1585,3,968,661,49,1086,391,3614,2937,7,12,8,144,1,12,309,184,854,242,12,12,5,325,54,5,130,69
"2011","Luton","E06000032",203201,96271,652,6749,326,49991,2347,898,33594,12373,111079,73207,155,70,287,1383,71,447,28141,7318,90530,56669,119,46,255,591,56,388,26326,6080,6126,5443,8,1,8,24,0,7,283,352,14423,11095,28,23,24,768,15,52,1532,886,8281,3918,19,56,7,1230,32,29,2260,730,60952,3130,451,6517,15,44279,2027,317,1497,2719,19909,15430,20,43,10,1412,9,81,1424,1480,2980,586,7,63,7,1687,208,24,272,126
"2011","Peterborough","E06000031",183631,104202,463,2320,144,17251,1184,591,45183,12293,151544,96988,184,23,131,659,21,512,42611,10415,130232,79929,157,15,116,318,16,478,40209,8994,1257,1041,5,0,3,5,0,4,131,68,20055,16018,22,8,12,336,5,30,2271,1353,4948,2311,15,25,8,730,19,24,1389,427,21492,1580,255,2254,3,14534,972,37,761,1096,4164,3064,4,10,1,430,3,12,346,294,1483,259,5,8,1,898,169,6,76,61
"2011","Southend-on-Sea","E06000033",173658,96755,801,1161,2150,3309,149,908,54880,13545,159023,90302,334,31,2104,517,12,841,52371,12511,151136,84625,309,23,2032,255,12,797,51115,11968,1496,1205,7,0,6,2,0,7,157,112,6391,4472,18,8,66,260,0,37,1099,431,3651,1711,40,25,9,172,2,27,1297,368,6440,1455,411,1089,2,2104,132,23,851,373,3647,2974,4,6,2,222,0,9,232,198,897,313,12,10,33,294,3,8,129,95
"2011","Thurrock","E06000034",157705,99891,615,1178,221,3164,1224,456,41061,9895,135429,86508,125,13,213,690,26,412,38978,8464,127587,80551,110,11,210,275,16,392,38039,7983,1108,941,1,0,0,5,0,5,82,74,6734,5016,14,2,3,410,10,15,857,407,3099,1733,24,2,2,173,23,7,855,280,5927,731,437,1127,2,1427,1120,24,618,441,12323,10599,10,12,1,596,5,7,459,634,927,320,19,24,3,278,50,6,151,76
"2011","Cambridge","E07000008",123867,55514,1573,2058,870,4897,213,703,46839,11200,102205,49701,541,32,785,531,8,536,40718,9353,81742,38961,390,27,428,220,4,438,34075,7199,1767,1145,12,0,1,3,0,6,441,159,18696,9595,139,5,356,308,4,92,6202,1995,3944,1388,49,14,24,254,6,44,1721,444,13618,2658,955,1958,9,2894,192,86,3829,1037,2097,1451,8,10,0,188,0,21,257,162,2003,316,20,44,52,1030,7,16,314,204
"2011","East Cambridgeshire","E07000009",83818,52243,285,149,122,369,117,337,23565,6631,80673,50863,108,6,112,55,6,317,22831,6375,75218,46998,87,4,75,20,3,295,21753,5983,527,400,3,0,0,1,0,3,83,37,4928,3465,18,2,37,34,3,19,995,355,1182,601,12,7,7,40,4,6,387,118,1215,290,161,127,0,199,92,10,249,87,506,392,3,7,0,24,0,2,45,33,242,97,1,2,3,51,15,2,53,18
"2011","Fenland","E07000010",95262,63242,182,193,108,395,113,345,23846,6838,92631,62035,96,9,101,87,9,335,23334,6625,86151,56932,81,5,92,37,8,319,22522,6155,390,323,0,0,0,1,0,1,41,24,6090,4780,15,4,9,49,1,15,771,446,901,497,9,6,2,42,1,4,266,74,1075,306,77,173,0,172,101,2,165,79,497,333,0,3,0,59,1,3,60,38,158,71,0,2,5,35,1,1,21,22
"2011","Huntingdonshire","E07000011",169508,103070,524,619,190,1865,266,683,50025,12266,160691,99258,256,27,183,186,20,634,48466,11661,151694,92582,221,19,159,97,16,595,47005,11000,1130,896,8,0,1,2,0,5,140,78,7867,5780,27,8,23,87,4,34,1321,583,2530,1276,18,23,2,109,8,12,876,206,4190,1061,245,564,2,1357,228,15,479,239,1642,1284,3,5,0,78,0,7,161,104,455,191,2,0,3,135,10,15,43,56
"2011","South Cambridgeshire","E07000012",148755,87463,700,1123,362,1464,186,568,44741,12148,138787,83495,262,19,339,197,13,501,42616,11345,129812,77993,233,11,264,68,5,462,40307,10469,1094,820,3,0,0,4,2,4,160,101,7881,4682,26,8,75,125,6,35,2149,775,2524,1145,23,12,3,107,6,14,914,300,5540,1623,411,1084,2,812,167,44,1005,392,1268,1039,1,4,1,53,0,5,109,56,636,161,3,4,17,295,0,4,97,55
"2011","Basildon","E07000066",174497,105158,526,1238,424,1622,148,583,52923,11875,161677,98039,196,26,413,298,4,538,51076,11087,156215,94137,177,16,375,150,3,521,50198,10638,1313,1134,6,1,0,6,0,1,84,81,4149,2768,13,9,38,142,1,16,794,368,2887,1470,23,10,5,73,1,5,1059,241,4766,1530,300,1159,2,836,135,20,506,278,4685,3976,6,24,2,207,1,16,221,232,482,143,1,19,2,208,7,4,61,37
"2011","Braintree","E07000067",147084,90114,355,445,199,685,93,583,44111,10499,142087,87806,166,11,192,162,6,557,43034,10153,137010,84021,147,11,176,66,6,530,42278,9775,1051,889,2,0,3,0,0,7,83,67,4026,2896,17,0,13,96,0,20,673,311,1837,906,18,18,3,49,2,5,675,161,1998,542,168,405,0,369,77,15,293,129,913,757,0,8,0,29,0,6,68,45,249,103,3,3,4,76,8,0,41,11
"2011","Brentwood","E07000068",73601,50502,300,776,272,649,111,219,15556,5216,68868,48469,110,19,257,85,3,186,14844,4895,65688,46096,103,10,240,42,2,179,14358,4658,921,787,1,1,1,1,0,1,82,47,2259,1586,6,8,16,42,1,6,404,190,1196,677,13,10,9,50,9,3,323,102,2350,549,172,705,2,369,97,27,278,151,896,740,3,13,0,31,1,2,69,37,291,67,2,29,4,114,1,1,42,31
"2011","Castle Point","E07000069",88011,56372,214,269,183,378,38,310,23967,6280,85273,55134,95,7,178,90,2,291,23351,6125,83943,54142,88,5,167,56,2,286,23168,6029,527,462,0,0,2,0,0,1,26,36,803,530,7,2,9,34,0,4,157,60,911,474,16,6,1,33,1,2,305,73,1012,201,100,250,1,171,35,14,192,48,661,518,3,6,1,18,0,0,88,27,154,45,0,0,2,66,0,3,31,7
"2011","Chelmsford","E07000070",168310,104256,550,1213,330,2012,160,571,47403,11815,157983,99859,191,24,314,245,12,516,45687,11135,151990,95573,184,19,291,112,9,500,44654,10648,1450,1231,1,0,0,1,0,4,130,83,4543,3055,6,5,23,132,3,12,903,404,2646,1280,30,20,5,123,6,16,906,260,4962,1247,325,1126,1,1214,135,25,624,265,2051,1711,1,2,2,108,0,9,118,100,668,159,3,41,8,322,7,5,68,55
"2011","Colchester","E07000071",173074,99879,982,1274,264,2762,182,789,54354,12588,159306,94653,306,29,253,362,19,712,51343,11629,151453,89374,275,24,219,159,18,664,49685,11035,1155,908,2,0,0,2,0,4,148,91,6698,4371,29,5,34,201,1,44,1510,503,3152,1378,41,24,4,145,11,16,1235,298,6355,1435,621,1168,2,1013,150,45,1481,440,2575,2157,3,8,2,147,1,5,140,112,1686,256,11,45,3,1095,1,11,155,109
"2011","Epping Forest","E07000072",124659,77053,416,1745,3972,2377,1253,432,28061,9350,112869,72834,154,15,3860,540,14,349,26478,8625,106233,68193,130,11,3660,190,13,317,25597,8122,1427,1225,2,0,4,3,1,2,100,90,5209,3416,22,4,196,347,0,30,781,413,2649,1383,21,15,43,132,17,19,795,224,5922,648,231,1706,13,1355,1095,51,521,302,2404,2025,5,1,3,60,0,0,176,134,815,163,5,8,53,290,127,13,91,65
"2011","Harlow","E07000073",81944,45365,333,635,237,1745,79,339,27789,5422,72999,40861,97,15,228,252,5,298,26346,4897,68715,37657,90,12,217,117,4,280,25706,4632,875,739,1,0,1,1,0,2,78,53,3409,2465,6,3,10,134,1,16,562,212,1752,820,24,2,1,82,5,10,665,143,3733,949,212,606,6,1070,63,18,588,221,3090,2658,0,3,1,138,0,9,145,136,370,77,0,9,1,203,6,4,45,25
"2011","Maldon","E07000074",61629,40046,152,60,99,171,28,199,16365,4509,60429,39533,100,3,98,32,3,195,16060,4405,59011,38512,94,2,91,16,3,190,15794,4309,358,299,2,0,0,0,0,0,39,18,1060,722,4,1,7,16,0,5,227,78,506,234,4,1,0,22,1,0,199,45,484,143,47,52,0,97,24,4,71,46,150,106,0,4,0,10,0,0,22,8,60,30,1,0,1,10,0,0,13,5
"2011","Rochford","E07000075",83287,52787,165,226,255,296,12,280,23228,6038,80937,51743,70,11,249,88,1,272,22635,5868,79628,50793,66,9,229,36,1,263,22448,5783,468,399,1,1,0,0,0,1,40,26,841,551,3,1,20,52,0,8,147,59,905,437,6,4,2,38,0,3,339,76,881,219,86,209,1,115,11,4,178,58,433,338,2,2,0,20,0,1,49,21,131,50,1,0,3,35,0,0,27,15
"2011","Tendring","E07000076",138048,88216,319,223,200,400,44,576,37477,10593,134667,86705,192,7,191,81,6,550,36572,10363,131666,84475,178,6,180,51,6,541,36084,10145,998,808,1,0,1,0,0,1,103,84,2003,1422,13,1,10,30,0,8,385,134,1467,702,14,2,5,44,5,11,563,121,1275,397,108,209,0,192,33,12,261,63,434,342,3,2,0,24,0,2,38,23,205,70,2,3,4,59,0,1,43,23
"2011","Uttlesford","E07000077",79443,51158,381,191,227,429,49,284,20813,5911,76761,50039,170,11,222,96,6,251,20262,5704,73325,47708,151,7,196,45,3,237,19552,5426,622,503,1,1,2,0,0,2,66,47,2814,1828,18,3,24,51,3,12,644,231,977,506,21,2,1,33,2,13,302,97,1122,240,180,178,3,243,40,12,162,64,417,313,0,0,0,7,0,6,65,26,166,60,10,0,1,50,1,2,22,20
"2011","Broxbourne","E07000095",93609,60856,277,710,316,2287,90,272,22293,6508,84530,55851,83,10,309,1218,6,200,20967,5886,75656,49307,74,8,288,337,5,181,20106,5350,1308,1141,0,0,1,2,1,4,79,80,7566,5403,9,2,20,879,0,15,782,456,2141,1137,10,24,3,141,2,11,634,179,2190,408,175,636,2,410,78,45,295,141,3957,3267,7,22,1,125,1,15,278,241,791,193,2,18,1,393,3,1,119,61
"2011","Dacorum","E07000096",144847,84228,622,1905,678,3116,174,572,42758,10794,131537,79223,310,44,641,260,5,480,40722,9852,124537,74345,262,29,570,146,5,454,39418,9308,1821,1518,5,1,1,5,0,5,151,135,5179,3360,43,14,70,109,0,21,1153,409,3075,1429,25,28,13,123,10,18,1137,292,6770,1059,280,1812,6,2396,149,45,625,398,2990,2391,4,12,5,154,0,18,207,199,475,126,3,9,13,183,10,11,67,53
"2011","East Hertfordshire","E07000242",137687,86393,435,616,454,989,161,440,38205,9994,131456,83878,212,9,440,211,4,395,36802,9505,124266,78767,188,8,411,106,4,356,35436,8990,1566,1283,2,0,1,1,0,4,170,105,5624,3828,22,1,28,104,0,35,1196,410,2214,1082,15,29,2,78,6,16,784,202,2681,559,205,571,2,538,148,22,467,169,984,770,2,4,0,27,1,0,103,77,352,104,1,3,10,135,2,7,49,41
"2011","Hertsmere","E07000098",100031,51724,591,3172,14293,2402,164,692,19176,7817,85063,45572,114,157,13920,577,6,233,17560,6924,75750,39360,96,103,12961,233,5,212,16573,6207,2130,1805,2,1,57,3,1,4,130,127,7183,4407,16,53,902,341,0,17,857,590,2619,1331,23,82,69,169,5,20,662,258,7393,1184,450,2900,54,1187,147,423,714,334,3927,3417,1,4,14,108,0,8,150,225,1029,220,3,29,236,361,6,8,90,76
"2011","North Hertfordshire","E07000099",127114,72415,617,1246,270,1453,2447,599,38661,9406,113755,68184,182,11,259,150,29,448,36079,8413,107889,64048,170,9,232,65,20,419,34918,8008,1398,1141,5,0,2,1,0,12,163,74,4468,2995,7,2,25,84,9,17,998,331,3376,1426,30,16,5,83,16,13,1454,333,6821,739,402,1205,1,1017,2179,121,761,396,2491,1935,2,3,0,42,0,12,292,205,671,131,1,11,5,161,223,5,75,59
"2011","St Albans","E07000240",140664,83988,615,1777,1664,5167,303,435,36278,10437,124380,78879,207,33,1614,333,3,320,33757,9234,114145,71715,157,17,1462,166,2,295,31871,8460,2514,2066,3,0,2,7,0,4,258,174,7721,5098,47,16,150,160,1,21,1628,600,3904,1822,40,60,17,234,12,26,1269,424,9011,1222,353,1628,6,3978,270,81,929,544,2388,1872,8,15,2,118,0,4,218,151,981,193,7,41,25,504,18,4,105,84
"2011","Stevenage","E07000243",83957,45705,442,996,147,1654,303,460,28606,5644,73598,40744,108,6,139,191,5,372,27000,5033,69781,37911,97,5,126,76,3,354,26441,4768,1002,848,3,0,2,3,1,1,78,66,2815,1985,8,1,11,112,1,17,481,199,2265,1031,33,9,3,103,1,12,887,186,4848,1400,293,974,1,1120,265,64,496,235,2836,2376,3,3,2,108,2,6,178,158,410,154,5,4,2,132,30,6,45,32
"2011","Three Rivers","E07000102",87317,52330,345,3963,1611,1947,464,590,19933,6134,75294,49167,78,42,1567,188,11,188,18614,5439,69550,44784,68,35,1451,88,9,174,17858,5083,1747,1529,1,0,3,7,1,1,114,91,3997,2854,9,7,113,93,1,13,642,265,2002,988,16,60,16,90,15,16,617,184,7993,739,245,3842,6,1454,394,369,550,394,1610,1319,1,12,0,70,1,5,106,96,418,117,5,7,22,145,43,12,46,21
"2011","Watford","E07000103",90301,48891,659,4348,1023,8905,566,489,19330,6090,64946,41137,99,66,986,478,9,261,17290,4620,55875,34241,82,37,911,185,6,221,16163,4029,2063,1737,3,5,3,5,0,8,162,140,7008,5159,14,24,72,288,3,32,965,451,3104,1544,20,63,9,256,4,21,893,294,16170,1946,528,4150,9,7294,481,183,785,794,5229,4082,3,32,4,488,1,16,283,320,852,182,9,37,15,389,71,8,79,62
"2011","Welwyn Hatfield","E07000241",110535,63599,899,2775,889,2810,376,523,30806,7858,92936,56402,147,44,857,388,13,346,27938,6801,84557,50174,121,23,794,155,9,301,26713,6267,1711,1440,6,4,3,4,0,7,142,105,6668,4788,20,17,60,229,4,38,1083,429,2797,1359,33,32,14,139,10,11,951,248,8704,1427,712,2656,6,1536,334,135,1449,449,4989,4133,0,17,3,246,0,16,285,289,1109,278,7,26,9,501,19,15,183,71
"2011","Breckland","E07000143",130491,83252,277,139,141,409,63,603,35977,9630,127116,81580,164,11,131,106,9,585,35180,9350,119033,75420,153,10,110,54,9,566,33943,8768,593,461,3,0,0,2,0,0,78,49,7490,5699,8,1,21,50,0,19,1159,533,1562,817,14,6,1,42,0,6,530,146,1040,363,99,121,2,195,39,7,156,58,596,396,0,0,1,47,0,3,87,62,177,96,0,1,6,19,15,2,24,14
"2011","Broadland","E07000144",124646,78938,342,252,117,377,72,508,34845,9195,121795,77732,176,9,115,79,5,482,34226,8971,119582,76198,170,8,97,43,5,473,33788,8800,406,325,1,0,2,1,0,0,46,31,1807,1209,5,1,16,35,0,9,392,140,1064,499,31,5,1,27,5,4,358,134,1265,396,135,237,0,155,56,20,212,54,331,261,0,0,0,23,0,2,26,19,191,50,0,1,1,93,6,0,23,17
"2011","Great Yarmouth","E07000145",97277,59383,237,255,108,518,6,328,29430,7012,94215,57907,99,30,91,126,2,320,28861,6779,90280,54950,93,27,83,63,2,310,28299,6453,390,309,0,0,0,0,0,3,45,33,3545,2648,6,3,8,63,0,7,517,293,1159,607,15,1,1,81,1,0,357,96,1204,479,119,215,2,168,2,2,148,69,439,328,3,1,0,35,0,2,43,27,260,62,1,8,14,108,1,4,21,41
"2011","King's Lynn and West Norfolk","E07000146",147451,97868,417,346,127,544,82,565,36533,10969,143409,95893,210,14,121,151,8,538,35745,10729,135955,90207,188,14,104,68,8,495,34748,10123,605,466,4,0,0,3,0,4,73,55,6849,5220,18,0,17,80,0,39,924,551,1372,753,14,10,2,46,3,6,438,100,1863,702,189,319,1,230,70,10,257,85,561,419,2,3,0,32,0,3,62,40,246,101,2,0,3,85,1,8,31,15
"2011","North Norfolk","E07000147",101499,66973,286,51,123,158,21,550,25586,7751,100127,66359,205,9,114,45,6,534,25217,7638,98001,64821,194,6,100,29,4,513,24863,7471,354,288,3,1,0,0,0,2,41,19,1772,1250,8,2,14,16,2,19,313,148,617,274,12,1,6,14,2,7,241,60,531,198,68,41,0,68,13,6,101,36,157,111,0,0,2,9,0,3,19,13,67,31,1,0,1,22,0,0,8,4
"2011","Norwich","E07000148",132512,59515,978,1017,241,2612,168,886,56268,10827,120375,55348,465,20,220,412,15,812,53094,9989,112237,50441,411,15,171,154,14,749,51072,9210,874,606,8,0,3,2,0,10,174,71,7264,4301,46,5,46,256,1,53,1848,708,3039,1066,36,8,11,220,3,33,1370,292,5844,1386,473,968,1,1014,146,32,1499,325,2147,1531,1,14,2,287,0,7,169,136,1107,184,3,7,7,679,4,2,136,85
"2011","South Norfolk","E07000149",124012,77234,364,235,126,403,49,493,35601,9507,120981,75921,215,6,120,77,6,471,34880,9285,117998,73964,194,6,97,29,6,445,34255,9002,455,328,3,0,1,4,0,3,72,44,2528,1629,18,0,22,44,0,23,553,239,1214,597,15,6,6,48,0,9,402,131,1270,357,129,223,0,176,43,11,273,58,378,308,0,0,0,23,0,0,27,20,169,51,5,0,0,79,0,2,19,13
"2011","Babergh","E07000200",87740,55465,214,85,116,196,11,311,24914,6428,85845,54523,142,6,112,61,1,296,24448,6256,83666,53067,139,5,99,17,1,282,23980,6076,486,374,0,0,0,1,0,4,66,41,1693,1082,3,1,13,43,0,10,402,139,827,403,11,2,2,11,1,7,293,97,666,262,60,76,1,87,9,2,128,41,264,213,0,1,0,6,0,0,29,15,138,64,1,0,1,31,0,6,16,19
"2011","Forest Heath","E07000201",59748,38228,190,157,81,364,40,274,15897,4517,54907,35300,65,8,71,75,7,252,14994,4135,46142,28977,45,3,39,38,7,205,13327,3501,583,476,1,3,0,0,0,5,57,41,8182,5847,19,2,32,37,0,42,1610,593,1744,1059,14,2,2,22,0,8,485,152,1263,537,100,146,1,224,28,7,145,75,1296,958,9,1,0,23,0,3,186,116,538,374,2,0,7,20,5,4,87,39
"2011","Ipswich","E07000202",133384,70797,495,1102,83,3577,343,651,46687,9649,118596,65252,226,14,75,454,15,563,43407,8590,110624,59502,212,12,61,186,11,526,42106,8008,610,448,3,0,0,2,1,2,96,58,7362,5302,11,2,14,266,3,35,1205,524,4816,2068,26,12,0,192,6,22,2111,379,5740,1101,237,1066,3,2149,286,32,589,277,3096,2185,5,5,3,88,0,23,483,304,1136,191,1,5,2,694,36,11,97,99
"2011","Mid Suffolk","E07000203",96731,61670,209,105,78,152,17,333,26652,7515,94667,60640,126,5,76,36,6,325,26121,7332,92747,59335,120,4,69,20,6,311,25717,7165,345,275,0,0,0,0,0,0,50,20,1575,1030,6,1,7,16,0,14,354,147,953,482,9,3,1,26,0,5,334,93,647,222,73,91,0,56,11,2,139,53,371,285,1,5,0,16,0,0,37,27,93,41,0,1,1,18,0,1,21,10
"2011","St Edmundsbury","E07000204",111008,69136,313,259,118,602,61,350,32111,8058,106615,66810,187,20,112,132,8,330,31256,7760,101239,62827,170,7,96,60,7,312,30375,7385,728,593,3,0,0,2,0,1,82,47,4648,3390,14,13,16,70,1,17,799,328,1404,753,6,9,1,53,1,7,456,118,1824,815,113,225,1,259,52,4,259,96,902,648,4,4,3,72,0,8,99,64,263,110,3,1,1,86,0,1,41,20
"2011","Suffolk Coastal","E07000205",124298,78400,367,437,138,539,121,500,34348,9448,119976,76641,196,13,126,71,16,480,33314,9119,116655,74405,191,9,111,39,16,456,32601,8827,585,453,0,0,0,0,0,4,84,44,2736,1783,5,4,15,32,0,20,629,248,1513,735,18,1,9,60,0,5,539,146,2032,554,150,421,0,276,100,10,392,129,556,387,1,0,2,43,0,4,76,43,221,83,2,2,1,89,5,1,27,11
"2011","Waveney","E07000206",115254,69936,306,129,63,388,33,515,35312,8572,112589,68907,181,7,62,92,5,496,34498,8341,110385,67385,169,5,55,39,5,480,34100,8147,407,314,2,0,0,0,0,1,56,34,1797,1208,10,2,7,53,0,15,342,160,1215,541,13,0,0,39,0,12,490,120,959,207,107,122,0,170,26,2,251,74,369,234,3,0,0,46,0,4,50,32,122,47,2,0,1,41,2,1,23,5
"2011","Camden","E09000007",220338,74821,2789,3141,9823,26643,465,1267,56113,45276,146055,57432,759,68,9225,3480,12,732,44694,29653,96937,36226,506,35,6564,1111,4,484,32816,19191,7053,4496,39,2,37,23,1,34,1026,1395,42065,16710,214,31,2624,2346,7,214,10852,9067,12322,3824,112,52,145,871,20,104,3600,3594,35446,4107,1809,2972,69,14067,411,307,5705,5999,18060,8165,45,15,40,5136,2,64,1077,3516,8455,1293,64,34,344,3089,20,60,1037,2514
"2011","City of London","E09000001",7375,3344,92,145,166,409,18,28,2522,651,5799,2923,16,4,159,21,0,14,2145,517,4243,2146,13,3,114,4,0,8,1605,350,180,115,0,0,0,0,0,0,45,20,1376,662,3,1,45,17,0,6,495,147,289,124,5,4,0,15,0,2,104,35,940,133,67,135,1,275,17,10,228,74,193,121,1,0,0,33,0,2,22,14,154,43,3,2,6,65,1,0,23,11
"2011","Hackney","E09000012",246270,95131,3075,1577,15477,34727,1872,1311,69454,23646,134617,43253,793,54,12578,8873,37,742,54432,13855,89030,27103,500,27,8601,1380,25,516,41420,9458,5216,3136,36,2,26,29,0,26,1468,493,40371,13014,257,25,3951,7464,12,200,11544,3904,15869,6345,161,28,197,1848,36,123,5396,1735,25867,2529,1950,1411,222,12354,1677,103,3636,1985,56858,40751,93,51,175,5873,28,293,4497,5097,13059,2253,78,33,2305,5779,94,50,1493,974
"2011","Hammersmith and Fulham","E09000013",182493,98808,2060,2097,1161,18242,442,857,43487,15339,124222,74733,564,71,1037,2491,29,517,34557,10223,81989,48830,354,44,632,953,11,347,24320,6498,6321,4901,15,0,10,50,0,15,805,525,35912,21002,195,27,395,1488,18,155,9432,3200,10044,4849,100,57,36,1040,15,62,2842,1043,16635,4301,1281,1912,18,4316,381,127,3120,1179,21505,12364,57,30,20,5314,4,97,1621,1998,10087,2561,58,27,50,5081,13,54,1347,896
"2011","Haringey","E09000014",254926,114659,2829,4539,7643,36130,808,1303,64202,22813,154343,68441,738,143,6595,13372,28,751,50120,14155,88424,34281,472,52,4903,2182,17,466,37547,8504,6997,4983,47,6,24,91,3,35,1226,582,58922,29177,219,85,1668,11099,8,250,11347,5069,16548,7077,162,121,254,2089,17,108,4905,1815,24150,4044,1770,3980,67,8111,714,213,3589,1662,47830,31792,77,155,103,7423,22,186,3817,4255,12055,3305,82,140,624,5135,27,45,1771,926
"2011","Islington","E09000019",206125,82879,2117,2108,1915,19521,569,967,61911,34138,140515,60937,650,49,1766,4481,26,649,51696,20261,98322,41282,436,24,1152,1017,18,420,40008,13965,8140,5677,29,1,11,40,2,37,1232,1111,34053,13978,185,24,603,3424,6,192,10456,5185,13339,4227,111,29,52,905,22,69,3947,3977,19034,2144,1295,1972,12,6074,513,135,3699,3190,26294,14217,32,37,12,4990,2,73,1732,5199,6943,1354,29,21,73,3071,6,41,837,1511
"2011","Kensington and Chelsea","E09000020",158649,86005,2447,1386,3320,15812,263,778,32669,15969,112017,68954,586,50,3037,2569,13,412,24982,11414,62271,38035,363,26,1511,832,5,228,15125,6146,3715,2797,15,2,16,17,3,15,502,348,46031,28122,208,22,1510,1720,5,169,9355,4920,8986,4221,191,45,100,926,20,66,2318,1099,15861,4679,1575,1248,47,3009,217,154,3509,1423,10333,5972,35,20,24,2434,3,56,829,960,11452,2179,60,23,112,6874,10,90,1031,1073
"2011","Lambeth","E09000022",303086,160944,2963,3119,1134,21500,440,1682,84803,26501,173025,88489,848,84,990,2182,26,921,65023,14462,118250,54497,570,44,640,701,17,633,51203,9945,7456,5236,29,3,8,29,1,31,1485,634,47319,28756,249,37,342,1452,8,257,12335,3883,23160,11520,203,79,47,1244,12,152,7388,2515,20938,3864,1683,2828,9,6574,392,153,3966,1469,78542,53484,182,88,44,9297,3,420,7539,7485,7421,3587,47,40,44,2203,7,36,887,570
"2011","Lewisham","E09000023",275885,145588,3664,6562,643,17759,531,1478,75155,24505,147686,73561,647,141,520,4274,32,857,54392,13262,114446,54981,447,55,354,1248,21,666,46410,10264,5206,3690,18,2,7,29,1,26,910,523,28034,14890,182,84,159,2997,10,165,7072,2475,20472,9850,161,137,40,1179,14,139,6897,2055,25534,5027,2578,5906,19,4455,442,119,5276,1712,74942,54854,126,145,34,5333,23,337,7254,6836,7251,2296,152,233,30,2518,20,26,1336,640
"2011","Newham","E09000025",307984,123119,2446,26962,342,98456,6421,1090,29373,19775,89216,58198,265,369,242,3354,68,373,19435,6912,51516,30176,150,113,178,1123,42,249,15184,4301,2172,1594,5,3,2,58,3,18,296,193,35528,26428,110,253,62,2173,23,106,3955,2418,13945,7268,80,298,15,2169,73,66,2662,1314,133895,12665,1958,25563,42,77301,5590,430,3882,6464,60256,41262,80,331,29,11109,71,191,2744,4439,10672,3726,63,401,14,4523,619,30,650,646
"2011","Southwark","E09000028",288283,151462,3884,3668,1006,24551,653,1350,77098,24611,156349,78958,834,97,843,3417,38,753,57754,13655,114534,55569,542,51,547,1137,29,530,46341,9788,6222,4397,31,1,6,42,1,24,1165,555,35593,18992,261,45,290,2238,8,199,10248,3312,17778,8617,167,86,37,1303,20,124,5567,1857,27192,5047,2614,3370,35,6560,565,180,6929,1892,77511,55102,161,69,33,9797,23,248,5557,6521,9453,3738,108,46,58,3474,7,45,1291,686
"2011","Tower Hamlets","E09000030",254096,68808,2726,4200,1283,87696,821,825,48648,39089,114819,52953,542,39,1174,1979,20,492,37946,19674,79231,36781,346,23,806,607,12,317,28065,12274,3863,2344,20,1,5,19,2,15,777,680,31725,13828,176,15,363,1353,6,160,9104,6720,10360,3648,81,31,31,1120,19,63,2886,2481,104501,2947,2034,4106,36,76619,762,171,6385,11441,18629,8594,36,11,12,5437,1,71,942,3525,5787,666,33,13,30,2541,19,28,489,1968
"2011","Wandsworth","E09000032",306995,162590,2574,6496,1617,24746,832,1283,82740,24117,219216,127445,742,137,1453,2096,38,797,69686,16822,163739,92032,498,76,1065,698,29,576,56294,12471,7664,5913,21,2,8,42,1,27,1084,566,47813,29500,223,59,380,1356,8,194,12308,3785,15241,7082,129,126,48,1082,24,91,5017,1642,33338,5681,1597,6037,14,13230,687,196,3799,2097,32756,20344,43,95,13,5756,10,136,3275,3084,6444,2038,63,101,89,2582,73,63,963,472
"2011","Westminster","E09000033",219396,97877,3194,4178,7237,40073,496,1280,44542,20519,135330,74475,644,104,6695,5647,19,612,33579,13555,77334,41503,391,47,4507,1931,10,370,20978,7597,4960,3673,18,2,29,56,1,29,716,436,53036,29299,235,55,2159,3660,8,213,11885,5522,11395,4971,119,48,108,2060,24,66,2720,1279,31862,5681,2338,3942,67,11019,420,362,5549,2484,16472,9781,34,40,40,4033,6,51,1034,1453,24337,2969,59,44,327,17314,27,189,1660,1748
"2011","Barking and Dagenham","E09000002",185911,104101,842,4464,425,25520,2952,533,35106,11968,108386,66353,156,64,352,2771,55,387,30599,7649,91949,54453,131,30,323,1034,35,336,29019,6588,1730,1460,1,0,1,19,0,5,108,136,14707,10440,24,34,28,1718,20,46,1472,925,7878,4118,49,57,15,888,33,26,2025,667,29594,3551,605,4221,12,16063,2591,76,1207,1268,37140,29332,16,45,20,4396,20,29,1081,2201,2913,747,16,77,26,1402,253,15,194,183
"2011","Barnet","E09000003",356386,146866,4521,21924,54084,36744,1269,3764,57297,29917,228553,108724,581,202,49361,5971,24,793,42099,20798,162117,69165,390,92,40657,1793,12,550,33601,15857,8685,7070,27,2,193,35,2,25,731,600,57751,32489,164,108,8511,4143,10,218,7767,4341,17169,7719,161,197,830,2188,26,144,3961,1943,65918,8894,3664,21237,547,15824,1129,2584,7893,4146,27431,18631,35,95,181,5292,4,73,1395,1725,17315,2898,80,193,3165,7469,86,170,1949,1305
"2011","Bexley","E09000004",231997,144093,1377,3547,234,5645,4156,724,55995,16226,189962,121732,246,54,196,1502,41,563,51761,13867,179250,114418,209,27,171,533,18,519,50251,13104,2596,2215,5,0,1,13,4,5,179,174,8116,5099,32,27,24,956,19,39,1331,589,5395,2840,59,37,25,300,30,27,1616,461,15243,2332,1043,3380,4,1975,3709,108,1862,830,19624,16847,17,36,5,1163,22,22,556,956,1773,342,12,40,4,705,354,4,200,112
"2011","Brent","E09000005",311215,129080,4300,55449,4357,58036,1709,3768,33054,21462,112880,72010,467,343,3963,3897,28,508,22620,9044,55887,29842,267,93,3227,1345,5,304,15800,5004,12320,10497,31,19,26,81,1,32,779,854,44673,31671,169,231,710,2471,22,172,6041,3186,15775,7976,116,366,109,2458,33,94,3024,1599,105986,10555,3567,54120,53,25407,1514,2724,3257,4789,58632,35996,72,243,49,13738,22,288,3336,4888,17942,2543,78,377,183,12536,112,154,817,1142
"2011","Bromley","E09000006",309392,187656,1580,4987,957,7841,736,1138,80303,24194,260870,163960,463,65,920,1946,12,835,72213,20456,239478,149821,394,38,773,763,12,748,68188,18741,4463,3628,8,1,6,9,0,15,455,341,16929,10511,61,26,141,1174,0,72,3570,1374,10897,5543,81,57,11,458,19,84,3566,1078,16067,3169,994,4786,7,2910,649,143,2428,981,18686,14281,21,33,3,1301,0,54,1600,1393,2872,703,21,46,16,1226,56,22,496,286
"2011","Croydon","E09000008",363378,205022,2381,21739,709,29513,1450,2153,72654,27757,200195,124178,430,217,565,2997,25,873,55537,15373,171740,104261,330,88,468,991,15,731,51589,13267,5369,4403,16,3,3,25,2,12,510,395,23086,15514,84,126,94,1981,8,130,3438,1711,23895,12842,117,251,27,1537,23,129,6641,2328,59627,10144,1686,20784,30,18118,1232,856,3581,3196,73256,56051,98,224,40,3989,8,252,6287,6307,6405,1807,50,263,47,2872,162,43,608,553
"2011","Ealing","E09000009",338449,148055,4228,28915,1131,53198,26778,1987,50848,23309,165818,107801,529,464,1020,3535,335,608,38960,12566,103035,60834,345,212,769,1325,161,437,30712,8240,10428,8700,32,14,12,52,5,21,873,719,52355,38267,152,238,239,2158,169,150,7375,3607,15066,7197,143,279,17,2042,270,118,3435,1565,100439,10013,3368,27631,39,24521,23314,1028,5367,5158,36860,19451,85,217,11,12055,142,112,1996,2791,20266,3593,103,324,44,11045,2717,121,1090,1229
"2011","Enfield","E09000010",312466,167417,1824,10927,4412,52141,1078,1950,48522,24195,190640,111590,282,169,4138,21002,40,620,37648,15151,126450,75731,227,50,3722,4311,20,486,31532,10371,6899,5887,10,5,11,43,2,14,493,434,57291,29972,45,114,405,16648,18,120,5623,4346,17183,8134,76,196,72,2911,38,79,3897,1780,34893,5369,1352,9967,31,11824,866,994,2509,1981,53687,38841,57,234,56,7488,12,142,2793,4064,16063,3483,57,361,115,8916,122,115,1675,1219
"2011","Greenwich","E09000011",254557,134632,4223,9087,492,17349,3490,1013,65034,19237,159002,87448,428,159,446,2942,86,717,53826,12950,133130,71350,310,48,323,975,71,602,48542,10909,4291,3247,10,8,2,46,0,18,617,343,21581,12851,108,103,121,1921,15,97,4667,1698,12274,5968,85,111,10,862,49,75,4041,1073,29894,3461,3586,8528,6,5231,2811,101,4263,1907,48655,36492,63,129,13,6411,107,107,2311,3022,4732,1263,61,160,17,1903,437,13,593,285
"2011","Harrow","E09000015",239056,89181,2700,60407,10538,29881,2752,5945,22871,14781,100991,63661,180,515,10053,2083,95,337,16169,7898,73826,43070,116,217,9198,782,84,259,13915,6185,7336,6462,13,26,39,33,1,11,326,425,19829,14129,51,272,816,1268,10,67,1928,1288,9499,4586,65,476,130,1233,26,83,1973,927,101808,7212,2360,58672,73,18336,2376,5399,3074,4306,19708,12538,45,371,46,4212,35,72,1180,1209,7050,1184,50,373,236,4017,220,54,475,441
"2011","Havering","E09000016",237232,155597,760,2963,1159,4829,1928,648,53549,15799,207949,140565,183,36,1127,961,27,515,50557,13978,197615,132791,174,19,1087,373,18,467,49347,13339,2989,2649,0,1,2,10,0,8,163,156,7345,5125,9,16,38,578,9,40,1047,483,4933,2781,35,34,18,220,13,17,1353,462,11545,2048,528,2816,1,2661,1700,97,1077,617,11481,9860,6,46,6,463,2,7,427,664,1324,343,8,31,7,524,186,12,135,78
"2011","Hillingdon","E09000017",273936,134813,2386,22033,1753,29065,18230,1669,46492,17495,166031,110573,270,358,1645,1757,219,509,39354,11346,142916,93408,208,144,1478,599,126,442,36699,9812,5949,5183,5,6,4,27,10,12,333,369,17166,11982,57,208,163,1131,83,55,2322,1165,10479,5173,95,285,31,1138,217,52,2524,964,69253,6346,1933,20823,29,16537,16112,1015,3030,3428,20082,11127,36,199,19,6257,97,61,1029,1257,8091,1594,52,368,29,3376,1585,32,555,500
"2011","Hounslow","E09000018",253957,106660,3617,26261,651,35666,22749,1540,40351,16462,130505,82542,407,240,598,2313,203,521,34036,9645,96264,57322,289,82,429,873,97,396,29539,7237,4775,3910,10,4,7,38,7,17,441,341,29466,21310,108,154,162,1402,99,108,4056,2067,10349,5007,105,195,17,1427,183,53,2287,1075,87257,8519,3007,25550,21,22083,20328,856,2780,4113,16813,9191,23,91,6,5589,30,55,699,1129,9033,1401,75,185,9,4254,2005,55,549,500
"2011","Kingston upon Thames","E09000021",160060,84684,1771,7502,775,9474,1236,802,41183,12633,119219,71756,332,95,718,991,24,435,35093,9775,101015,59502,278,47,604,400,15,362,31583,8224,2718,2147,3,4,1,10,0,8,329,216,15486,10107,51,44,113,581,9,65,3181,1335,6269,2831,71,118,12,531,21,41,1926,718,26152,6299,1335,7179,10,5101,1117,261,3346,1504,4021,2990,7,26,2,390,2,11,332,261,4399,808,26,84,33,2461,72,54,486,375
"2011","Merton","E09000024",199693,111993,1884,12203,791,16262,498,810,41231,14021,129606,82892,267,199,726,1309,15,481,34309,9408,96658,58805,172,84,556,435,8,374,28989,7235,4417,3649,13,4,2,5,2,12,435,295,28531,20438,82,111,168,869,5,95,4885,1878,9334,5014,70,122,17,682,10,53,2435,931,36143,6727,1478,11593,14,11183,431,184,2704,1829,20811,16222,24,96,10,1479,5,59,1362,1554,3799,1138,45,193,24,1609,37,33,421,299
"2011","Redbridge","E09000026",278970,102755,1840,31699,10213,64999,17377,1348,30691,18048,118646,71676,189,302,9682,3406,144,401,23319,9527,96253,56075,148,154,9159,1277,71,326,20956,8087,3900,3242,7,6,22,36,5,11,299,272,18493,12359,34,142,501,2093,68,64,2064,1168,11456,5377,111,305,161,1757,172,49,2393,1131,116503,6937,1478,30571,144,52853,15080,809,3268,5363,24845,17641,41,160,31,4004,85,64,1226,1593,7520,1124,21,361,195,2979,1896,25,485,434
"2011","Richmond upon Thames","E09000027",186990,103319,1577,3051,1409,6128,1581,890,53195,15840,160725,95546,549,47,1317,1003,30,574,48127,13532,133582,78324,440,31,996,367,22,481,41818,11103,4766,3759,16,2,5,12,4,10,644,314,22377,13463,93,14,316,624,4,83,5665,2115,6780,3119,75,62,23,405,42,44,2245,765,13607,1979,926,2929,15,3084,1403,224,2059,988,2816,1966,9,4,5,313,6,9,272,232,3062,709,18,9,49,1323,100,39,492,323
"2011","Sutton","E09000029",190146,111086,1368,8038,486,7726,325,796,46817,13504,149449,94501,264,99,450,855,20,546,41706,11008,134854,83876,220,59,399,274,17,478,39596,9935,3219,2688,5,1,1,10,1,9,305,199,11376,7937,39,39,50,571,2,59,1805,874,7134,3659,58,126,17,463,12,39,2194,566,22035,4858,1021,7639,3,4747,260,168,2115,1224,9120,7445,11,54,5,494,0,15,561,535,2408,623,14,120,11,1167,33,28,241,171
"2011","Waltham Forest","E09000031",258249,124939,1987,5917,1259,56541,1209,993,46462,18942,134799,79605,421,124,1048,6495,32,637,35968,10469,92999,52174,292,53,894,1900,17,470,29698,7501,3959,3065,13,2,5,45,3,21,529,276,37841,24366,116,69,149,4550,12,146,5741,2692,13766,6539,65,99,28,2247,29,68,3451,1240,54389,4785,1358,5349,25,36389,973,93,2448,2969,44791,31074,70,147,81,6270,14,165,3469,3501,10504,2936,73,198,77,5140,161,30,1126,763
"2011","Bracknell Forest","E06000036",113205,68524,825,1824,176,1276,455,490,32184,7451,102554,64023,178,30,156,173,8,413,30845,6728,96080,59392,153,15,124,94,6,379,29725,6192,984,810,2,0,0,3,0,5,104,60,5490,3821,23,15,32,76,2,29,1016,476,2303,1240,35,36,3,99,11,17,663,199,5664,1226,597,1725,10,735,433,50,515,373,2189,1893,4,7,3,60,1,8,100,113,495,142,11,26,4,209,2,2,61,38
"2011","Brighton and Hove","E06000043",273369,117276,2742,1792,2670,6095,342,2409,115954,24089,243512,107687,1684,95,2541,1046,49,2097,106782,21531,220018,96140,1470,65,2236,474,44,1834,98654,19101,3772,2277,27,1,17,21,0,33,1014,382,19722,9270,187,29,288,551,5,230,7114,2048,10408,3557,151,60,44,531,22,140,4780,1123,11278,1969,857,1600,16,2442,268,95,3194,837,4188,2673,20,19,10,505,1,26,634,300,3983,1390,30,18,59,1571,2,51,564,298
"2011","Isle of Wight","E06000046",138265,83671,459,312,124,524,45,905,40950,11275,134545,82038,345,21,118,148,15,867,40014,10979,131099,79743,311,16,104,81,15,834,39329,10666,747,566,8,0,1,1,0,6,99,66,2699,1729,26,5,13,66,0,27,586,247,1709,732,10,78,2,87,1,21,622,156,1514,634,101,213,0,198,27,6,234,101,303,194,2,0,0,31,1,9,45,21,194,73,1,0,4,60,1,2,35,18
"2011","Medway","E06000035",263925,152637,937,2756,208,5169,3846,1392,78995,17985,236579,141993,361,37,195,686,70,1034,75722,16481,225654,134140,320,26,173,244,47,984,74046,15674,1946,1625,8,0,1,4,3,9,179,117,8979,6228,33,11,21,438,20,41,1497,690,5176,2597,26,49,6,326,45,30,1693,404,13615,1900,529,2616,2,3086,3475,292,1040,675,6663,5572,3,27,2,343,10,19,362,325,1892,575,18,27,3,728,246,17,178,100
"2011","Milton Keynes","E06000042",248821,131352,1246,6918,427,11913,1372,1216,77939,16438,199094,111079,364,166,401,745,44,981,71689,13625,183934,100152,321,79,342,428,38,908,69019,12647,2498,1992,11,2,2,13,2,10,296,170,12662,8935,32,85,57,304,4,63,2374,808,8235,4139,85,82,8,517,43,33,2736,592,22782,3353,737,6555,7,7172,1157,150,2444,1207,17131,12423,45,58,8,2795,2,45,852,903,1579,358,15,57,3,684,126,7,218,111
"2011","Portsmouth","E06000044",205056,106999,1162,1282,235,7162,468,1050,71826,14872,181182,98876,380,55,220,769,38,947,66561,13336,172313,92883,353,43,185,420,38,893,64837,12661,1071,789,9,1,2,4,0,4,161,101,7798,5204,18,11,33,345,0,50,1563,574,5467,2210,76,57,6,475,17,15,2156,455,12474,2712,677,1152,3,4146,392,62,2619,711,3777,2800,9,6,1,459,0,14,249,239,2156,401,20,12,5,1313,21,12,241,131
"2011","Reading","E06000038",155698,77848,1876,5661,355,11007,947,701,45931,11372,116387,64706,269,47,318,759,45,529,40999,8715,101725,54684,220,21,259,286,34,471,38166,7584,2269,1831,5,1,0,3,1,8,251,169,12393,8191,44,25,59,470,10,50,2582,962,6180,2630,46,55,4,499,13,32,2297,604,21161,2467,1518,5490,14,7953,807,87,1609,1216,10470,7771,9,27,1,1055,1,42,835,729,1500,274,34,42,18,741,81,11,191,108
"2011","Slough","E06000039",140205,57726,743,8643,87,32655,14889,482,17024,7956,64053,44258,110,35,63,920,122,227,14198,4120,48401,31270,86,20,47,377,49,191,13140,3221,1607,1414,0,1,0,5,3,6,85,93,14045,11574,24,14,16,538,70,30,973,806,4758,2296,28,50,1,762,106,18,1072,425,55697,3330,577,8460,11,26492,12980,188,1177,2482,12115,7483,11,43,6,3201,40,37,502,792,3582,359,17,55,6,1280,1641,12,75,137
"2011","Southampton","E06000045",236882,122018,1331,2482,254,9903,3476,1329,79379,16710,203528,112516,464,39,227,627,88,1171,73567,14829,183980,98218,403,29,179,256,65,1089,70341,13400,1746,1335,8,0,0,2,0,14,236,151,17802,12963,53,10,48,369,23,68,2990,1278,5678,2537,56,47,7,401,57,32,2073,468,19892,3054,789,2368,3,6445,3052,101,3083,997,5067,3517,5,7,2,882,7,15,393,239,2717,394,17,21,15,1548,272,10,263,177
"2011","West Berkshire","E06000037",153822,97896,495,1106,212,1218,236,607,41042,11010,145854,94829,191,14,206,163,10,562,39448,10431,139044,90028,174,10,153,68,7,511,38145,9948,1284,1055,5,0,2,0,0,7,136,79,5526,3746,12,4,51,95,3,44,1167,404,2420,1166,23,25,2,100,14,12,830,248,3808,718,278,1061,0,749,188,13,600,201,1376,1078,0,6,1,66,0,5,124,96,364,105,3,0,3,140,24,15,40,34
"2011","Windsor and Maidenhead","E06000040",144560,90051,780,2660,475,5684,2941,513,31353,10103,124505,85237,247,26,457,358,32,374,29089,8685,112081,76295,211,9,363,161,26,319,26905,7792,2055,1708,3,0,2,5,0,6,188,143,10369,7234,33,17,92,192,6,49,1996,750,3315,1700,37,34,2,230,30,18,907,357,13848,1527,484,2578,7,4582,2657,93,1105,815,1725,1340,6,6,2,102,2,9,128,130,1167,247,6,16,7,412,220,19,124,116
"2011","Wokingham","E06000041",154380,91905,572,3183,508,4352,2043,454,40143,11220,136525,87333,147,17,470,301,18,359,37863,10017,129119,82294,131,16,364,122,12,330,36409,9441,1367,1145,4,0,3,2,0,1,141,71,6039,3894,12,1,103,177,6,28,1313,505,3182,1473,14,33,10,241,26,20,1028,337,11438,1305,404,3121,1,3133,1703,58,1050,663,2093,1641,0,3,2,159,3,8,140,137,1142,153,7,9,25,518,293,9,62,66
"2011","Aylesbury Vale","E07000004",174137,107432,657,1350,321,6783,238,588,44520,12248,156079,101310,249,22,316,316,7,507,42177,11175,148360,95702,223,16,278,206,6,477,40808,10644,1573,1299,1,0,0,3,0,5,166,99,6146,4309,25,6,38,107,1,25,1203,432,3864,1899,32,14,2,288,11,20,1249,349,10105,1384,355,1278,1,5684,211,37,709,446,3323,2606,12,17,1,150,2,13,299,223,766,233,9,19,1,345,7,11,86,55
"2011","Chiltern","E07000005",92635,58553,327,1206,507,2311,489,343,21818,7081,84749,56444,132,11,488,164,16,282,20701,6511,79579,52780,119,8,425,74,14,268,19786,6105,1118,938,1,0,0,8,0,4,109,58,4052,2726,12,3,63,82,2,10,806,348,2040,1030,22,32,7,126,17,9,592,205,5046,564,161,1160,3,1951,427,45,430,305,524,421,6,3,2,8,0,4,47,33,276,94,6,0,7,62,29,3,48,27
"2011","South Bucks","E07000006",66867,41637,310,1685,289,1665,3163,228,13270,4620,56365,39619,105,11,283,125,27,145,12167,3883,51541,36029,86,8,241,67,25,121,11448,3516,1133,984,4,0,0,2,1,1,86,55,3691,2606,15,3,42,56,1,23,633,312,1607,805,15,14,2,94,43,6,434,194,7533,554,185,1657,2,1225,2816,66,579,449,709,549,2,2,0,54,1,2,53,46,653,110,3,1,2,167,276,9,37,48
"2011","Wycombe","E07000007",171644,98182,913,2003,394,15022,767,644,41582,12137,139477,89742,284,26,377,340,16,526,38099,10067,130313,82947,256,20,338,187,14,484,36582,9485,1553,1287,3,1,1,3,2,6,139,111,7611,5508,25,5,38,150,0,36,1378,471,4849,2335,31,8,2,329,21,31,1684,408,20585,1426,581,1926,8,13828,707,44,978,1087,5934,4483,11,23,1,173,3,34,707,499,799,196,6,20,6,352,20,9,114,76
"2011","Eastbourne","E07000061",99412,59232,482,429,211,1458,53,586,28995,7966,93508,56805,222,32,203,394,10,538,27789,7515,86903,52204,192,30,181,196,9,499,26588,7004,978,768,2,0,4,1,1,3,121,78,5627,3833,28,2,18,197,0,36,1080,433,1791,837,26,10,4,151,4,21,578,160,2795,901,233,380,1,532,39,18,491,200,783,586,0,2,0,72,0,2,70,51,535,103,1,5,3,309,0,7,67,40
"2011","Hastings","E07000062",90254,46832,475,423,142,1159,38,668,33066,7451,84631,44579,271,25,135,226,6,643,31771,6975,80624,42107,246,13,115,103,4,602,30839,6595,702,507,3,5,1,2,0,7,116,61,3305,1965,22,7,19,121,2,34,816,319,1948,761,29,7,0,139,1,8,784,219,2126,633,171,377,1,467,30,9,299,139,1065,758,3,9,1,75,0,3,142,74,484,101,1,5,5,252,1,5,70,44
"2011","Lewes","E07000063",97502,55572,489,257,320,558,42,603,31641,8020,94159,54286,360,16,310,142,7,572,30722,7744,90218,52045,330,11,260,82,6,520,29583,7381,757,505,8,0,2,1,0,6,170,65,3184,1736,22,5,48,59,1,46,969,298,1275,507,9,9,4,48,3,13,559,123,1400,392,115,224,1,249,31,11,283,94,416,287,4,3,0,41,0,4,34,43,252,100,1,5,5,78,1,3,43,16
"2011","Rother","E07000064",90588,58706,290,171,170,460,12,525,22864,7390,87951,57467,187,7,159,113,2,512,22303,7201,85279,55732,174,6,132,50,2,468,21761,6954,596,485,0,0,1,2,0,5,63,40,2076,1250,13,1,26,61,0,39,479,207,1031,535,8,6,9,54,0,5,327,87,1103,424,94,152,1,183,10,7,175,57,305,228,0,3,0,22,0,1,29,22,198,52,1,3,1,88,0,0,30,23
"2011","Wealden","E07000065",148915,95317,454,221,231,566,33,1126,39157,11810,145173,93634,303,13,227,131,5,1083,38311,11466,139745,90325,273,9,193,63,5,859,37028,10990,933,708,6,0,0,1,0,9,132,77,4495,2601,24,4,34,67,0,215,1151,399,1428,686,13,8,2,34,0,19,473,193,1719,653,132,194,0,292,28,15,304,101,343,278,1,0,0,11,0,3,30,20,252,66,5,6,2,98,0,6,39,30
"2011","Basingstoke and Deane","E07000084",167799,100482,872,1994,172,1464,329,638,49770,12078,155888,96189,193,17,163,187,8,585,47470,11076,148078,90443,177,10,134,87,7,550,46170,10500,1324,1090,1,0,3,1,0,1,139,89,6486,4656,15,7,26,99,1,34,1161,487,2813,1316,26,7,3,91,11,16,1064,279,6715,1330,646,1925,0,929,286,32,1035,532,1909,1512,0,5,1,97,0,5,153,136,474,135,7,40,5,160,24,0,48,55
"2011","East Hampshire","E07000085",115608,74744,393,278,166,421,50,506,30380,8670,111635,72713,171,11,157,82,3,490,29661,8347,107568,69829,154,9,134,47,2,468,28863,8062,656,530,3,0,0,0,0,5,75,43,3411,2354,14,2,23,35,1,17,723,242,1305,656,17,10,4,36,3,10,427,142,1859,791,202,255,0,199,43,5,243,121,517,449,0,0,0,15,0,1,23,29,292,135,3,2,5,89,1,0,26,31
"2011","Eastleigh","E07000086",125199,77485,356,820,92,975,854,498,35639,8480,118537,75268,147,8,88,119,12,425,34422,8048,114873,72669,131,7,70,50,11,405,33740,7790,602,486,1,0,0,1,0,1,71,42,3062,2113,15,1,18,68,1,19,611,216,1740,859,18,7,2,64,17,6,592,175,3740,697,181,798,1,507,748,59,540,209,605,501,0,1,0,33,1,2,36,31,577,160,10,6,1,252,76,6,49,17
"2011","Fareham","E07000087",111581,71158,274,299,63,538,79,508,30578,8084,107959,69769,136,11,63,93,4,459,29587,7837,105663,68164,135,11,48,49,4,442,29123,7687,475,378,0,0,0,1,0,4,63,29,1821,1227,1,0,15,43,0,13,401,121,1359,622,12,21,0,35,1,26,531,111,1667,425,122,266,0,254,74,16,416,94,357,279,0,1,0,26,0,3,20,28,239,63,4,0,0,130,0,4,24,14
"2011","Gosport","E07000088",82622,48616,198,189,37,452,38,427,27114,5551,79685,47218,97,15,36,119,5,409,26414,5372,78001,46064,88,14,33,76,5,398,26071,5252,313,244,3,0,0,1,0,2,41,22,1371,910,6,1,3,42,0,9,302,98,1066,486,10,20,1,50,5,6,408,80,1073,362,86,147,0,166,27,7,234,44,592,463,2,5,0,24,1,3,43,51,206,87,3,2,0,93,0,2,15,4
"2011","Hart","E07000089",91033,58817,466,720,101,509,199,292,23504,6425,86355,57160,109,9,98,65,3,256,22626,6029,82534,54494,94,5,85,40,3,243,21856,5714,642,523,0,0,0,0,0,3,74,42,3179,2143,15,4,13,25,0,10,696,273,1457,715,18,19,1,54,5,8,462,175,2448,425,334,675,1,299,180,17,349,168,506,425,1,4,0,20,0,3,28,25,267,92,4,13,1,71,11,8,39,28
"2011","Havant","E07000090",120684,71475,267,233,81,570,60,563,38925,8510,117162,69887,164,12,79,134,8,549,38045,8284,114919,68268,157,10,72,87,7,533,37652,8133,532,440,2,0,0,0,0,1,60,29,1711,1179,5,2,7,47,1,15,333,122,1514,711,13,10,1,149,0,5,510,115,1427,488,86,210,0,215,44,7,304,73,388,319,2,0,0,12,0,1,36,18,193,70,2,1,1,60,8,1,30,20
"2011","New Forest","E07000091",176462,115021,429,217,220,485,79,911,45374,13726,172160,112833,246,18,208,100,18,873,44480,13384,167445,109567,229,15,190,70,17,834,43552,12971,829,658,1,0,1,0,0,2,89,78,3886,2608,16,3,17,30,1,37,839,335,1620,805,16,8,1,47,4,15,542,182,1665,678,166,167,1,230,55,8,262,98,612,509,0,2,0,31,0,3,35,32,405,196,1,22,10,77,2,12,55,30
"2011","Rushmoor","E07000092",93807,54206,3092,3222,65,1356,183,367,24773,6543,79520,49952,151,56,55,164,5,334,23489,5314,75511,47122,111,18,46,79,5,317,22788,5025,718,603,1,2,0,0,0,1,62,49,3291,2227,39,36,9,85,0,16,639,240,2057,1089,46,32,0,98,1,12,605,174,9755,1366,2837,3030,8,872,172,15,546,909,1868,1599,5,4,2,73,0,4,88,93,607,200,53,100,0,149,5,2,45,53
"2011","Test Valley","E07000093",116398,76446,333,496,114,671,395,496,29195,8252,111645,74583,153,11,108,93,19,478,28280,7920,107743,71832,143,7,86,45,13,453,27526,7638,537,435,0,0,1,0,0,2,62,37,3365,2316,10,4,21,48,6,23,692,245,1494,781,14,7,4,71,13,5,458,141,2368,558,162,470,0,334,327,13,370,134,487,387,0,2,0,14,0,0,54,30,404,137,4,6,2,159,36,0,33,27
"2011","Winchester","E07000094",116595,73729,566,460,175,558,123,488,31808,8688,111577,71866,216,16,172,62,5,460,30488,8292,107070,68912,200,11,138,39,4,438,29405,7923,733,555,1,0,1,1,0,3,108,64,3774,2399,15,5,33,22,1,19,975,305,1626,817,15,5,2,53,0,10,567,157,2639,599,323,424,0,337,114,18,637,187,457,345,0,6,0,32,0,0,49,25,296,102,12,9,1,74,4,0,67,27
"2011","Ashford","E07000105",117956,74253,803,1282,116,1019,95,432,30984,8972,110520,71405,182,30,112,224,3,392,29975,8197,105498,67992,140,11,95,101,3,372,29015,7769,753,608,3,0,2,3,0,2,80,55,4269,2805,39,19,15,120,0,18,880,373,1682,893,25,31,1,80,6,10,501,135,3991,750,579,1184,1,469,80,24,374,530,1375,1108,1,7,0,74,0,6,104,75,388,97,16,30,2,172,6,0,30,35
"2011","Canterbury","E07000106",151145,91122,880,1055,267,1838,245,760,43117,11861,140620,87191,368,36,237,352,18,691,40662,11065,132269,82085,316,26,190,133,12,622,38614,10271,1260,935,9,0,2,1,0,10,197,106,7091,4171,43,10,45,218,6,59,1851,688,2551,1190,25,28,15,112,5,24,908,244,5135,1032,471,951,3,840,211,32,1274,321,1937,1525,6,14,1,114,0,6,134,137,902,184,10,26,11,420,11,7,139,94
"2011","Dartford","E07000107",97365,59045,382,1547,86,1566,1543,319,26486,6391,85070,53523,93,19,76,271,23,279,25087,5699,80466,50264,80,7,65,86,16,264,24276,5408,767,669,1,0,0,2,0,3,52,40,3837,2590,12,12,11,183,7,12,759,251,2161,1100,9,23,2,95,25,11,694,202,5799,1163,271,1436,1,806,1322,19,525,256,3578,3069,7,27,3,144,0,9,127,192,757,190,2,42,4,250,173,1,53,42
"2011","Dover","E07000108",111674,71541,523,682,97,521,50,525,29047,8688,107966,70214,209,42,90,93,4,493,28471,8350,103848,67231,192,25,67,48,4,470,27790,8021,572,444,2,0,0,0,0,7,74,45,3546,2539,15,17,23,45,0,16,607,284,1029,533,13,11,1,57,1,6,313,94,2031,414,288,618,0,264,42,21,197,187,386,307,1,1,1,19,0,1,30,26,262,73,12,10,5,88,3,4,36,31
"2011","Gravesham","E07000109",101720,61891,333,942,54,1894,7743,606,21862,6395,84226,57210,97,9,51,229,58,340,20624,5608,78422,52751,91,8,44,96,37,315,19837,5243,791,653,1,0,2,1,2,5,66,61,5013,3806,5,1,5,132,19,20,721,304,2066,1085,13,8,0,136,73,11,564,176,10604,544,212,904,1,1126,6765,244,406,402,2885,2471,1,3,0,152,5,3,107,143,1939,581,10,18,2,251,842,8,161,66
"2011","Maidstone","E07000110",155143,97578,901,1492,163,1685,176,612,41493,11043,145996,94267,254,25,150,331,12,560,40113,10284,138235,88714,218,18,129,146,10,523,38726,9751,955,770,1,0,0,4,0,3,118,59,6806,4783,35,7,21,181,2,34,1269,474,2345,1202,23,21,7,135,7,19,727,204,4943,910,606,1429,0,966,153,19,450,410,1380,1051,2,7,0,57,0,11,154,98,479,148,16,10,6,196,4,3,49,47
"2011","Sevenoaks","E07000111",114893,75169,367,385,196,600,180,348,28939,8709,110029,72937,161,9,189,155,3,315,27929,8331,104538,69138,150,9,154,66,3,297,26811,7910,950,787,1,0,2,0,0,2,102,56,4541,3012,10,0,33,89,0,16,1016,365,1675,881,25,14,3,30,10,5,535,172,2085,516,179,362,0,305,167,21,396,139,853,753,1,0,0,24,0,4,37,34,251,82,1,0,4,86,0,3,42,33
"2011","Folkestone and Hythe","E07000112",107969,67296,962,1551,78,796,34,506,28575,8171,102215,65714,172,63,75,252,6,487,27879,7567,98029,62867,140,25,66,113,6,465,27128,7219,745,592,4,0,0,0,0,5,85,59,3441,2255,28,38,9,139,0,17,666,289,1267,652,20,36,2,46,1,7,390,113,3699,502,743,1398,1,394,23,9,235,394,458,349,1,2,0,26,0,0,42,38,330,79,26,52,0,78,4,3,29,59
"2011","Swale","E07000113",135835,85535,275,368,93,792,158,499,39087,9028,131155,83308,164,12,89,187,10,481,38181,8723,126130,79652,159,11,78,78,9,454,37316,8373,780,628,1,0,2,0,0,2,88,59,4245,3028,4,1,9,109,1,25,777,291,1575,784,13,17,1,70,0,6,544,140,1489,285,89,334,0,348,147,5,212,69,1395,1084,3,2,0,97,0,4,123,82,221,74,6,3,3,90,1,3,27,14
"2011","Thanet","E07000114",134186,82447,491,639,273,1230,94,690,38383,9939,128194,80024,265,36,265,393,8,642,37062,9499,121346,75202,239,13,242,168,8,586,36042,8846,1026,818,8,0,0,2,0,8,115,75,5822,4004,18,23,23,223,0,48,905,578,2186,1007,16,6,5,127,2,24,807,192,2504,603,202,588,1,479,82,18,371,160,910,692,3,3,0,56,0,1,95,60,392,121,5,6,2,175,2,5,48,28
"2011","Tonbridge and Malling","E07000115",120805,76920,441,539,122,750,169,412,32996,8456,115872,74990,168,9,119,127,9,382,31974,8094,111662,72036,152,8,87,53,9,351,31186,7780,760,643,0,0,1,1,0,3,69,43,3450,2311,16,1,31,73,0,28,719,271,1677,898,17,7,0,46,7,11,540,151,2431,551,237,503,1,442,137,10,379,171,421,333,2,2,0,14,4,3,48,15,404,148,17,18,2,121,12,6,55,25
"2011","Tunbridge Wells","E07000116",115049,72403,444,461,232,1241,58,436,30622,9152,109239,70034,201,13,219,229,5,405,29472,8661,103115,65917,179,9,185,108,3,377,28166,8171,880,660,3,0,1,0,1,3,135,77,5244,3457,19,4,33,121,1,25,1171,413,1893,918,19,7,2,89,5,8,628,217,2903,853,214,435,4,741,46,13,416,181,638,484,0,5,0,43,0,4,51,51,376,114,10,1,7,139,2,6,55,42
"2011","Cherwell","E07000177",141868,90564,563,575,164,3196,438,563,36066,9739,130761,86278,209,15,151,245,6,493,34384,8980,122491,80222,168,10,121,117,5,450,33006,8392,1104,917,4,2,1,0,0,6,107,67,7166,5139,37,3,29,128,1,37,1271,521,2560,1254,24,9,6,135,9,13,887,223,6039,1335,312,539,3,2527,398,31,558,336,1961,1518,7,6,1,108,0,10,169,142,547,179,11,6,3,181,25,16,68,58
"2011","Oxford","E07000178",151906,72924,1431,2044,1072,10320,434,796,50274,12611,117957,61302,468,35,980,856,17,611,43754,9934,96633,49542,359,17,577,335,10,485,37491,7817,2431,1724,12,1,7,7,0,11,471,198,18893,10036,97,17,396,514,7,115,5792,1919,6035,2482,52,26,18,498,11,52,2288,608,18827,3907,865,1952,15,6865,393,104,3392,1334,7028,4849,24,18,9,1004,0,14,579,531,2059,384,22,13,50,1097,13,15,261,204
"2011","South Oxfordshire","E07000179",134257,85292,467,472,281,710,106,505,36398,10026,128993,83087,216,11,272,119,9,459,35227,9593,122083,78471,187,10,224,75,8,420,33683,9005,1092,882,3,0,3,1,0,2,123,78,5818,3734,26,1,45,43,1,37,1421,510,1801,889,30,7,5,57,0,17,608,188,2405,671,210,440,0,380,89,23,412,180,768,573,4,3,0,48,0,4,87,49,290,72,7,11,4,106,8,2,64,16
"2011","Vale of White Horse","E07000180",120988,76589,462,566,196,1073,177,433,32505,8987,114824,74155,150,25,185,171,8,383,31250,8497,108599,70183,123,22,139,72,8,349,29778,7925,956,778,3,0,2,1,0,3,106,63,5269,3194,24,3,44,98,0,31,1366,509,1574,742,21,22,5,57,8,20,538,161,2962,595,280,503,0,584,146,19,604,231,1230,1000,4,7,0,98,1,4,54,62,398,97,7,9,6,163,14,7,59,36
"2011","West Oxfordshire","E07000181",104779,68537,334,221,180,435,37,419,27101,7515,101469,66988,179,12,173,90,11,392,26390,7234,96995,63905,167,8,140,48,11,371,25477,6868,708,556,1,0,0,0,0,2,102,47,3766,2527,11,4,33,42,0,19,811,319,1263,644,12,12,4,41,1,16,402,131,1424,484,136,196,0,221,25,8,246,108,437,357,1,0,1,18,0,1,41,18,186,64,6,1,2,65,0,2,22,24
"2011","Elmbridge","E07000207",130875,83973,685,1593,795,2406,523,444,30606,9850,118123,79463,187,16,764,351,8,304,28196,8834,104508,69529,159,12,587,148,7,260,25959,7847,2072,1742,2,0,8,1,0,5,197,117,11543,8192,26,4,169,202,1,39,2040,870,3411,1737,46,35,8,188,17,29,996,355,7075,1685,439,1514,4,1250,485,79,1160,459,1010,781,2,9,0,77,0,2,78,61,1256,307,11,19,19,540,13,30,176,141
"2011","Epsom and Ewell","E07000208",75102,46222,480,1913,239,2277,125,265,18254,5327,64502,42343,84,28,224,209,5,192,16754,4663,59049,38334,68,18,191,100,5,170,15911,4252,1142,965,3,0,4,2,0,8,95,65,4311,3044,13,10,29,107,0,14,748,346,1922,965,24,49,5,119,3,16,578,163,6484,1702,368,1749,3,1358,114,40,793,357,1128,912,0,17,1,63,0,1,54,80,1066,300,4,70,6,528,3,16,75,64
"2011","Guildford","E07000209",137183,82621,842,1301,322,2713,206,469,38108,10601,124707,78414,236,31,292,326,9,385,35376,9638,114510,71673,205,15,217,120,9,356,33189,8726,1193,907,1,0,1,1,0,4,175,104,9004,5834,30,16,74,205,0,25,2012,808,2501,1159,32,17,7,162,2,15,828,279,6616,1406,563,1225,2,1190,180,43,1591,416,1656,1276,2,8,2,115,0,8,144,101,1703,366,9,20,19,920,15,18,169,167
"2011","Mole Valley","E07000210",85375,54926,330,564,212,669,85,333,21514,6742,81168,53313,134,8,200,76,3,301,20750,6383,76907,50349,120,4,172,33,3,279,19927,6020,798,632,1,0,0,0,0,2,82,81,3463,2332,13,4,28,43,0,20,741,282,1257,646,10,7,6,46,3,10,362,167,2177,534,180,538,1,378,74,21,311,140,399,314,0,3,1,14,0,0,44,23,374,119,6,8,4,155,5,1,47,29
"2011","Reigate and Banstead","E07000211",137835,85325,618,1880,294,2637,205,480,36262,10134,124879,80018,189,30,284,249,9,403,34383,9314,117092,74307,166,20,260,122,6,369,33086,8756,1554,1304,5,0,0,1,1,3,144,96,6233,4407,18,10,24,126,2,31,1153,462,3037,1631,17,44,5,134,9,10,925,262,6992,1718,405,1747,2,1804,180,48,698,390,2166,1744,5,17,0,133,0,9,153,105,761,214,2,42,3,317,7,10,103,63
"2011","Runnymede","E07000212",80510,51037,505,1181,251,1556,551,321,19297,5811,71633,47979,130,17,236,199,6,258,17619,5189,64397,42774,117,9,166,84,6,234,16360,4647,1073,923,0,0,1,2,0,3,73,71,6163,4282,13,8,69,113,0,21,1186,471,1671,899,18,16,5,84,7,11,472,159,5561,1302,354,1122,1,873,510,40,1046,313,862,684,0,13,1,49,0,5,56,54,783,173,3,13,8,351,28,7,104,96
"2011","Spelthorne","E07000213",95598,60954,420,2332,206,1808,1325,347,21511,6695,83455,56727,90,24,193,251,13,254,20017,5886,77411,52267,83,17,165,91,10,222,19084,5472,1366,1162,0,1,2,4,1,2,104,90,4678,3298,7,6,26,156,2,30,829,324,2382,1300,19,32,2,119,11,9,664,226,7295,1405,302,2235,5,1094,1184,49,636,385,1545,1254,2,14,0,75,2,9,97,92,921,268,7,27,6,269,115,26,97,106
"2011","Surrey Heath","E07000214",86144,54646,736,1369,162,1607,483,352,20610,6179,77692,51912,111,26,158,139,16,278,19480,5572,73179,48727,95,16,122,71,11,254,18667,5216,828,708,1,0,0,2,0,3,58,56,3685,2477,15,10,36,66,5,21,755,300,1626,839,26,17,0,100,4,10,475,155,5389,1112,575,1262,3,1110,395,47,527,358,861,634,9,15,0,64,0,0,82,57,576,149,15,49,1,194,68,17,46,37
"2011","Tandridge","E07000215",82998,53841,295,612,132,596,60,263,20976,6223,77880,51459,107,10,128,130,6,238,19958,5844,74095,48743,100,8,113,48,6,216,19291,5570,865,713,1,0,1,0,0,4,94,52,2920,2003,6,2,14,82,0,18,573,222,1789,970,20,11,1,52,3,10,544,178,2164,589,157,573,0,310,51,10,346,128,882,722,3,6,1,19,0,3,84,44,283,101,8,12,2,85,0,2,44,29
"2011","Waverley","E07000216",121572,79220,432,321,228,786,69,525,30745,9246,116717,77272,217,16,221,145,5,467,29540,8834,110190,72818,198,12,192,39,4,429,28191,8307,1032,822,3,0,0,0,0,8,133,66,5495,3632,16,4,29,106,1,30,1216,461,1623,797,22,8,1,39,10,18,541,187,2283,605,182,288,1,461,47,25,528,146,538,395,3,5,0,31,0,2,65,37,411,151,8,4,5,110,7,13,71,42
"2011","Woking","E07000217",99198,58345,676,1952,214,7323,151,338,22931,7268,82926,54495,127,22,199,262,7,262,21278,6274,74335,48283,104,12,146,123,5,239,19754,5669,1089,888,3,0,1,0,1,3,116,77,7502,5324,20,10,52,139,1,20,1408,528,2335,1218,11,19,5,183,4,14,658,223,11462,1313,517,1882,1,6215,127,41,765,601,1383,1085,2,6,0,78,0,4,109,99,1092,234,19,23,9,585,13,17,121,71
"2011","Adur","E07000223",61182,35829,211,138,221,611,30,346,19162,4634,58663,34866,127,12,216,82,1,333,18566,4460,56843,33664,120,11,206,50,0,319,18173,4300,426,330,2,1,0,1,0,1,56,35,1394,872,5,0,10,31,1,13,337,125,886,398,9,2,3,45,2,3,342,82,1058,201,75,120,0,357,27,8,208,62,313,241,0,3,0,31,0,0,18,20,262,123,0,1,2,96,0,2,28,10
"2011","Arun","E07000224",149518,97618,425,306,243,806,45,689,37829,11557,145118,95636,228,30,241,140,7,667,36950,11219,137024,89267,216,18,223,77,6,629,35935,10653,889,726,1,0,0,0,0,4,95,63,7205,5643,11,12,18,63,1,34,920,503,1502,787,20,7,1,56,2,6,469,154,2116,710,173,266,1,480,35,12,310,129,538,387,3,3,0,43,0,3,63,36,244,98,1,0,0,87,1,1,37,19
"2011","Chichester","E07000225",113794,75248,492,276,163,419,31,516,27947,8702,110322,73656,309,14,154,52,10,484,27224,8419,105841,70502,284,10,136,22,8,452,26379,8048,743,595,2,0,1,0,0,3,90,52,3738,2559,23,4,17,30,2,29,755,319,1092,536,13,5,4,33,2,15,376,108,1617,561,169,256,0,198,19,12,287,115,518,408,0,1,0,45,0,3,25,36,245,87,1,0,5,91,0,2,35,24
"2011","Crawley","E07000226",106597,57782,401,4892,98,7681,729,448,27756,6810,85180,52262,111,59,69,404,13,354,26243,5665,76888,45909,97,25,56,197,9,325,25150,5120,967,826,1,1,0,3,0,6,69,61,7325,5527,13,33,13,204,4,23,1024,484,3098,1582,21,33,5,349,19,8,820,261,13825,1204,259,4754,12,5784,642,73,480,617,3469,2465,2,20,8,623,0,8,149,194,1025,269,8,26,4,521,55,5,64,73
"2011","Horsham","E07000227",131301,83316,420,355,199,673,92,532,35355,10359,126062,80912,215,11,193,118,8,497,34234,9874,121020,77507,195,10,172,63,6,464,33176,9427,904,719,3,1,0,0,0,5,112,64,4138,2686,17,0,21,55,2,28,946,383,1774,864,19,8,4,75,3,13,588,200,2585,970,184,329,0,362,71,13,444,212,651,515,1,3,0,40,0,1,41,50,229,55,1,4,2,78,10,8,48,23
"2011","Mid Sussex","E07000228",139860,87757,508,855,283,1130,88,924,37218,11097,133018,84686,243,25,270,247,9,865,36052,10621,126341,80343,217,16,224,101,8,701,34761,9970,1235,979,5,3,2,0,0,14,145,87,5442,3364,21,6,44,146,1,150,1146,564,1967,970,21,16,4,76,1,21,650,208,3761,1394,234,765,0,651,68,24,438,187,788,605,2,12,1,68,0,7,44,49,326,102,8,37,8,88,10,7,34,32
"2011","Worthing","E07000229",104640,60817,600,546,227,1348,122,666,31577,8737,98136,58220,266,24,223,203,6,626,30326,8242,93594,55058,243,20,203,96,6,591,29485,7892,815,654,3,0,1,1,0,3,90,63,3727,2508,20,4,19,106,0,32,751,287,1836,801,39,13,3,91,3,13,694,179,3372,1045,285,493,1,791,113,12,415,217,869,634,3,5,0,88,0,2,74,63,427,117,7,11,0,175,0,13,68,36
"2011","Bath and North East Somerset","E06000022",176016,99468,941,535,254,1179,140,935,57626,14938,166473,96036,500,35,236,201,10,829,54521,14105,158640,91245,437,29,179,88,9,773,52479,13401,1146,802,13,1,2,2,0,6,225,95,6687,3989,50,5,55,111,1,50,1817,609,2898,1151,39,7,5,77,4,45,1227,343,4577,1119,397,491,2,479,114,38,1619,318,1326,995,0,2,3,53,0,14,159,100,742,167,5,0,8,369,12,9,100,72
"2011","Bournemouth","E06000028",183491,104828,1215,1292,1343,3264,156,1216,55911,14266,168797,99247,496,35,1300,801,24,1109,52584,13201,153752,88985,423,28,1173,349,23,1023,49709,12039,1355,1020,9,1,14,4,0,6,194,107,13690,9242,64,6,113,448,1,80,2681,1055,4191,2063,45,5,12,314,8,35,1326,383,7066,1825,667,1239,7,1131,121,55,1572,449,1764,1271,3,6,0,162,0,6,208,108,1673,422,4,7,24,856,3,11,221,125
"2011","Bristol, City of","E06000023",428234,200254,2549,2712,777,22016,2133,2793,160218,34782,359592,179109,1276,81,697,936,69,2244,146237,28943,333432,163015,1126,64,536,400,56,2038,139596,26601,3851,2668,19,0,4,7,1,27,809,316,22309,13426,131,17,157,529,12,179,5832,2026,15438,5292,98,65,32,820,38,165,7209,1719,23655,4256,1099,2498,7,8849,1773,105,3545,1523,25734,10848,40,45,10,9447,20,238,2767,2319,3815,749,36,23,31,1964,233,41,460,278
"2011","Cornwall","E06000052",532273,318357,1726,556,389,855,105,3609,161320,45356,522848,314590,1292,65,373,186,24,3520,158339,44459,509628,306313,1207,57,305,111,24,3353,155071,43187,2046,1414,16,1,4,1,0,28,391,191,11174,6863,69,7,64,74,0,139,2877,1081,4400,1859,62,27,8,66,2,46,1830,500,3434,1048,359,448,1,399,79,20,849,231,762,544,5,1,0,36,0,5,128,43,829,316,8,15,7,168,0,18,174,123
"2011","Isles of Scilly","E06000053",2203,1218,9,1,4,3,0,12,742,214,2177,1210,7,1,4,2,0,11,733,209,2087,1170,7,1,3,1,0,11,697,197,10,8,0,0,0,0,0,0,1,1,80,32,0,0,1,1,0,0,35,11,18,4,2,0,0,0,0,1,7,4,2,1,0,0,0,0,0,0,0,1,2,2,0,0,0,0,0,0,0,0,4,1,0,0,0,1,0,0,2,0
"2011","North Somerset","E06000024",202566,123545,554,340,157,869,95,939,60867,15200,197076,121224,321,20,146,147,11,918,59503,14786,190553,116453,297,14,128,87,10,885,58384,14295,1113,863,3,1,1,1,0,7,157,80,5410,3908,21,5,17,59,1,26,962,411,2033,911,29,14,3,75,2,10,782,207,2436,809,198,292,2,444,71,6,458,156,632,479,0,2,0,37,0,2,83,29,389,122,6,12,6,166,11,3,41,22
"2011","Plymouth","E06000026",256384,148917,881,567,168,2078,89,1198,84295,18191,246509,145138,452,29,155,306,29,1134,81752,17514,238263,139522,400,24,129,160,28,1069,80058,16873,1105,805,6,0,1,1,0,14,191,87,7141,4811,46,5,25,145,1,51,1503,554,3287,1426,39,14,10,198,4,33,1266,297,3906,911,383,511,1,823,49,14,997,217,1678,1232,3,10,0,173,1,4,140,115,1004,210,4,3,2,578,6,13,140,48
"2011","Poole","E06000029",147645,89243,538,511,404,1035,79,717,43922,11196,141523,86702,248,10,379,181,13,681,42536,10773,135698,82634,233,9,353,73,10,647,41428,10311,756,594,1,0,1,2,1,3,85,69,5069,3474,14,1,25,106,2,31,1023,393,1916,926,22,1,10,104,3,13,643,194,3276,1094,263,485,3,567,63,18,615,168,520,395,0,6,2,19,0,2,70,26,410,126,5,9,10,164,0,3,58,35
"2011","South Gloucestershire","E06000025",262767,156504,708,1681,145,2176,623,888,80607,19435,249574,151652,292,18,139,295,16,833,77735,18594,241611,146010,273,14,100,145,15,792,76281,17981,1223,976,2,0,1,4,0,7,132,101,6740,4666,17,4,38,146,1,34,1322,512,3667,1684,24,14,2,150,8,15,1420,350,6440,1311,389,1628,1,1168,524,25,1075,319,2218,1679,2,4,3,147,0,8,251,124,868,178,1,17,0,416,75,7,126,48
"2011","Swindon","E06000030",209156,120287,1209,2597,151,3538,1228,1061,64780,14305,187898,110988,268,40,142,472,32,948,61974,13034,177028,102823,239,27,122,188,24,893,60409,12303,1852,1517,5,0,2,1,0,15,185,127,9018,6648,24,13,18,283,8,40,1380,604,4226,2043,41,25,3,197,53,30,1496,338,13365,4763,876,2486,2,2389,1047,65,1012,725,2861,2251,2,10,0,209,2,8,218,161,806,242,22,36,4,271,94,10,80,47
"2011","Torbay","E06000027",130959,82924,389,128,109,521,41,702,36035,10110,127699,81493,252,18,104,109,10,688,35214,9811,124162,78908,232,16,94,64,10,669,34596,9573,657,531,3,0,1,0,0,0,71,51,2880,2054,17,2,9,45,0,19,547,187,1420,628,21,4,3,81,4,8,510,161,1353,571,111,105,0,204,27,3,232,100,251,173,2,1,0,25,0,0,37,13,236,59,3,0,2,102,0,3,42,25
"2011","Wiltshire","E06000054",470981,301651,1621,1308,384,2074,303,2417,125045,36178,454971,294278,853,54,370,448,24,2326,121697,34921,439725,283543,773,37,316,256,21,2194,118965,33620,2381,1857,6,0,0,2,0,24,301,191,12865,8878,74,17,54,190,3,108,2431,1110,5568,2718,67,40,4,197,8,48,1951,535,6178,1681,683,1195,4,897,245,26,1014,433,3228,2573,4,10,2,141,1,13,279,205,1036,401,14,9,4,391,25,4,104,84
"2011","East Devon","E07000040",132457,86934,351,55,142,229,13,657,33280,10796,130347,85848,259,8,139,70,7,640,32744,10632,127442,83943,243,8,128,41,7,610,32096,10366,593,449,2,0,0,0,0,6,78,58,2312,1456,14,0,11,29,0,24,570,208,904,436,15,0,0,32,1,9,330,81,930,496,74,43,2,79,5,6,163,62,146,102,0,4,0,10,0,1,18,11,130,52,3,0,1,38,0,1,25,10
"2011","Exeter","E07000041",117773,63486,683,372,155,1855,160,671,40862,9529,109590,61151,316,13,141,240,19,626,38163,8921,104013,57629,283,10,115,119,18,593,36813,8433,629,416,3,0,0,5,1,7,144,53,4948,3106,30,3,26,116,0,26,1206,435,1938,692,27,4,7,165,2,24,810,207,4595,1049,334,351,1,719,126,15,1698,302,667,473,1,1,0,74,1,4,81,32,983,121,5,3,6,657,12,2,110,67
"2011","Mid Devon","E07000042",77750,48273,224,96,46,112,5,366,22122,6506,76696,47841,167,12,45,41,3,358,21811,6418,74554,46340,158,9,39,26,2,339,21402,6239,278,189,4,0,0,0,0,7,49,29,1864,1312,5,3,6,15,1,12,360,150,484,232,5,1,0,17,0,5,169,55,428,118,52,83,0,30,2,2,119,22,94,69,0,0,0,5,0,0,12,8,48,13,0,0,1,19,0,1,11,3
"2011","North Devon","E07000043",93667,57426,283,101,52,281,57,473,26983,8011,91742,56628,158,10,49,55,8,461,26519,7854,89832,55360,149,8,42,23,8,443,26149,7650,316,231,0,1,0,0,0,2,44,38,1594,1037,9,1,7,32,0,16,326,166,785,363,18,1,1,14,0,6,285,97,835,255,107,90,1,160,49,3,137,33,158,122,0,0,0,5,0,0,21,10,147,58,0,0,1,47,0,3,21,17
"2011","South Hams","E07000044",83140,51181,468,56,109,201,5,634,23068,7418,81784,50689,417,16,105,29,3,615,22656,7254,79681,49561,382,13,92,19,3,553,22032,7026,371,238,4,1,0,0,0,9,87,32,1732,890,31,2,13,10,0,53,537,196,653,225,13,3,2,10,0,14,271,115,458,163,38,37,0,79,2,3,112,24,121,81,0,0,0,15,0,1,10,14,124,23,0,0,2,68,0,1,19,11
"2011","Teignbridge","E07000045",124220,77289,414,74,95,231,11,727,34939,10440,122163,76457,325,12,91,63,5,697,34299,10214,119480,74721,305,11,80,48,5,665,33735,9910,499,362,5,0,0,0,0,7,68,57,2184,1374,15,1,11,15,0,25,496,247,925,403,12,0,3,32,0,15,366,94,893,309,76,62,0,90,6,6,233,111,117,83,0,0,0,10,0,2,15,7,122,37,1,0,1,36,0,7,26,14
"2011","Torridge","E07000046",63839,40110,151,30,37,92,5,420,17537,5457,63021,39805,114,12,37,24,1,409,17263,5356,61985,39151,108,7,32,14,1,390,17015,5267,211,144,0,4,1,1,0,3,43,15,825,510,6,1,4,9,0,16,205,74,429,189,4,3,0,10,1,6,161,55,271,64,32,14,0,22,3,3,94,39,51,35,0,1,0,0,0,0,11,4,67,17,1,0,0,36,0,2,8,3
"2011","West Devon","E07000047",53553,34079,152,34,49,90,7,313,14254,4575,52730,33703,126,9,49,24,2,307,14013,4497,51603,32969,120,8,44,17,2,289,13760,4394,233,161,2,1,0,0,0,3,36,30,894,573,4,0,5,7,0,15,217,73,402,189,3,0,0,3,0,3,150,54,300,133,21,25,0,24,4,1,78,14,59,33,1,0,0,10,1,2,7,5,62,21,1,0,0,29,0,0,6,5
"2011","Christchurch","E07000048",47752,32057,157,51,96,146,5,264,11291,3685,46591,31535,84,6,95,45,1,254,10985,3586,45414,30671,82,6,90,27,1,245,10787,3505,299,243,1,0,1,0,0,2,31,21,878,621,1,0,4,18,0,7,167,60,505,253,11,2,0,23,0,1,165,50,495,166,62,43,0,56,4,7,114,43,83,71,0,0,0,4,0,1,6,1,78,32,0,0,1,18,0,1,21,5
"2011","East Dorset","E07000049",87166,58251,156,103,148,352,12,359,21103,6682,85645,57628,115,4,145,43,3,340,20775,6592,83876,56423,111,4,132,25,3,325,20410,6443,371,310,0,0,0,0,0,2,39,20,1398,895,4,0,13,18,0,13,326,129,594,341,5,1,2,18,1,10,173,43,737,166,35,98,0,264,8,7,129,30,106,86,0,0,0,4,0,0,8,8,84,30,1,0,1,23,0,2,18,9
"2011","North Dorset","E07000050",68583,45631,262,221,92,186,10,341,16323,5517,66977,45027,108,15,91,36,2,335,16023,5340,64936,43593,97,13,77,20,1,330,15613,5192,279,214,2,0,0,0,0,0,47,16,1762,1220,9,2,14,16,1,5,363,132,552,275,13,2,1,20,0,3,181,57,796,161,138,195,0,93,8,0,101,100,197,148,2,4,0,19,0,2,12,10,61,20,1,5,0,18,0,1,6,10
"2011","Purbeck","E07000051",44973,29239,111,5,36,69,2,217,11642,3652,44340,28946,63,0,36,16,1,215,11472,3591,43253,28223,57,0,30,7,1,206,11227,3502,228,171,0,0,1,1,0,1,28,26,859,552,6,0,5,8,0,8,217,63,326,155,4,0,0,12,0,1,119,35,231,89,42,5,0,32,1,1,40,21,48,39,0,0,0,1,0,0,6,2,28,10,2,0,0,8,0,0,5,3
"2011","West Dorset","E07000052",99264,64793,334,121,86,257,13,594,24783,8283,97284,63922,227,17,80,49,6,571,24290,8122,95011,62456,215,15,66,25,3,545,23782,7904,500,375,3,0,1,0,0,4,82,35,1773,1091,9,2,13,24,3,22,426,183,770,354,10,1,1,29,0,16,265,94,934,358,92,102,1,130,7,6,200,38,169,131,0,1,0,14,0,0,13,10,107,28,5,0,4,35,0,1,15,19
"2011","Weymouth and Portland","E07000053",65167,39766,260,49,61,308,46,455,19079,5143,63480,39078,151,8,60,51,13,443,18683,4993,61860,37964,140,6,54,32,13,419,18392,4840,298,239,0,0,0,0,0,1,33,25,1322,875,11,2,6,19,0,23,258,128,653,305,15,3,1,47,1,7,209,65,640,163,92,37,0,124,32,1,144,47,321,194,0,1,0,54,0,4,34,34,73,26,2,0,0,32,0,0,9,4
"2011","Cheltenham","E07000078",115732,67955,505,938,160,1087,147,514,35593,8833,109084,65436,226,10,156,164,15,461,34256,8360,102140,60400,204,7,129,54,14,435,33049,7848,1058,853,0,1,1,4,0,1,128,70,5886,4183,22,2,26,106,1,25,1079,442,1878,966,27,8,0,57,5,17,624,174,3675,854,250,916,2,656,116,32,622,227,721,593,1,1,0,29,0,2,54,41,374,106,1,3,2,181,11,2,37,31
"2011","Cotswold","E07000079",82881,56923,217,114,123,164,7,314,18979,6040,81075,56043,111,3,117,50,1,303,18568,5879,78284,54139,102,1,96,28,1,286,17973,5658,503,395,0,1,0,0,0,3,72,32,2288,1509,9,1,21,22,0,14,523,189,698,359,6,9,4,20,2,4,212,82,794,284,99,97,0,74,4,3,173,60,229,185,1,2,0,10,0,4,13,14,85,52,0,3,2,10,0,0,13,5
"2011","Forest of Dean","E07000080",81961,53912,200,57,46,94,57,441,20646,6508,80699,53357,126,7,45,37,5,432,20309,6381,79227,52408,116,7,38,23,5,416,20001,6213,277,203,3,0,0,0,0,4,52,15,1195,746,7,0,7,14,0,12,256,153,528,230,7,1,0,7,3,4,198,78,473,143,66,46,0,27,49,5,108,29,199,154,0,3,0,8,0,0,20,14,62,28,1,0,1,15,0,0,11,6
"2011","Gloucester","E07000081",121688,75881,311,728,50,3885,134,499,31851,8349,108462,70254,117,19,47,212,6,461,29894,7452,102912,65928,106,13,40,123,5,443,29226,7028,850,712,1,0,1,2,0,4,64,66,4700,3614,10,6,6,87,1,14,604,358,3565,1841,19,11,0,198,1,10,1188,297,5839,1122,172,692,1,3093,126,12,351,270,3486,2556,1,2,1,224,1,14,385,302,336,108,2,4,1,158,0,2,33,28
"2011","Stroud","E07000082",112779,69921,366,122,107,238,40,888,31968,9129,110426,68968,285,17,96,59,8,848,31282,8863,107026,66849,258,15,82,41,6,793,30502,8480,591,405,8,0,0,1,0,6,118,53,2809,1714,19,2,14,17,2,49,662,330,1216,520,11,11,6,33,6,22,452,155,751,216,66,92,1,107,21,8,166,74,260,179,0,1,1,14,0,7,34,24,126,38,4,1,3,25,5,3,34,13
"2011","Tewkesbury","E07000083",81943,54552,173,263,53,273,64,284,20459,5822,79901,53672,113,3,51,72,3,274,20022,5691,77010,51523,108,0,49,36,3,266,19566,5459,480,406,2,0,0,0,0,1,42,29,2411,1743,3,3,2,36,0,7,414,203,776,420,2,4,2,19,1,4,261,63,901,211,54,256,0,123,59,2,152,44,255,193,0,0,0,24,0,3,18,17,110,56,4,0,0,35,1,1,6,7
"2011","Mendip","E07000187",109279,67683,510,113,81,270,14,1224,29913,9471,107057,66709,375,30,76,74,5,1200,29307,9281,102987,64010,340,28,59,43,4,1074,28503,8926,596,438,3,1,0,1,0,15,89,49,3474,2261,32,1,17,30,1,111,715,306,996,453,18,0,2,41,1,18,362,101,929,363,114,82,2,106,7,2,197,56,210,135,2,1,1,17,0,3,27,24,87,23,1,0,0,32,1,1,20,9
"2011","Sedgemoor","E07000188",114588,74069,256,74,45,341,48,577,30399,8779,112724,73247,154,9,40,85,7,568,29975,8639,109199,70625,146,8,35,35,6,554,29412,8378,459,367,3,1,1,1,0,1,50,35,3066,2255,5,0,4,49,1,13,513,226,869,461,13,1,1,26,5,2,278,82,735,219,86,63,0,182,36,4,111,34,140,98,0,0,0,9,0,0,20,13,120,44,3,1,4,39,0,3,15,11
"2011","South Somerset","E07000189",161243,106336,376,135,124,417,15,808,40637,12395,158130,104755,233,10,115,96,2,790,39955,12174,153123,101004,215,7,102,56,1,750,39220,11768,550,409,3,0,0,0,0,4,82,52,4457,3342,15,3,13,40,1,36,653,354,1158,588,12,2,5,49,0,9,402,91,1409,623,127,119,0,192,12,6,244,86,357,289,0,3,2,12,0,1,22,28,189,81,4,1,2,68,1,2,14,16
"2011","Taunton Deane","E07000190",110187,68419,357,179,69,399,14,557,31436,8757,107116,66997,209,18,65,77,3,535,30679,8533,103020,63938,198,18,53,45,2,514,30016,8236,499,386,3,0,1,0,0,3,62,44,3597,2673,8,0,11,32,1,18,601,253,1010,492,17,6,3,28,0,9,350,105,1608,641,128,154,0,220,10,9,360,86,286,237,0,1,0,11,1,1,17,18,167,52,3,0,1,63,0,3,30,15
"2011","West Somerset","E07000191",34675,22704,113,5,18,43,9,195,8686,2902,34228,22484,91,0,18,11,4,190,8573,2857,33229,21794,85,0,12,5,4,187,8367,2775,153,108,0,0,0,0,0,0,30,15,846,582,6,0,6,6,0,3,176,67,208,101,2,0,0,3,0,3,77,22,192,92,20,5,0,25,5,1,24,20,20,17,0,0,0,1,0,0,2,0,27,10,0,0,0,3,0,1,10,3
"2011","Isle of Anglesey","W06000001",69751,45400,165,45,40,250,43,257,17797,5754,68520,44945,120,5,36,40,7,254,17471,5642,67349,44155,117,5,34,31,6,236,17224,5541,476,370,0,0,0,0,1,8,64,33,695,420,3,0,2,9,0,10,183,68,480,227,9,6,3,15,0,3,165,52,491,140,36,34,0,89,34,0,123,35,81,55,0,0,0,1,0,0,21,4,179,33,0,0,1,105,2,0,17,21
"2011","Gwynedd","W06000002",121874,72503,426,238,55,1378,39,637,36163,10435,117573,71442,310,23,53,132,3,603,34852,10155,115072,69945,290,22,43,73,2,577,34206,9914,570,401,1,0,0,2,0,3,112,51,1931,1096,19,1,10,57,1,23,534,190,964,406,9,2,0,52,3,10,367,115,2170,387,103,213,0,466,33,15,829,124,289,202,0,0,1,20,0,3,47,16,878,66,4,0,1,708,0,6,68,25
"2011","Conwy","W06000003",115228,74506,347,206,62,583,17,478,30017,9012,112549,73423,212,7,61,103,6,458,29504,8775,109911,71509,200,7,60,56,6,446,29099,8528,840,658,2,0,0,1,0,4,86,89,1798,1256,10,0,1,46,0,8,319,158,894,443,10,8,0,48,0,9,284,92,1252,410,122,190,0,236,10,7,190,87,199,135,0,1,0,14,0,0,25,24,334,95,3,0,1,182,1,4,14,34
"2011","Denbighshire","W06000004",93734,60129,266,167,32,469,8,345,25132,7186,91254,58982,162,11,31,100,3,334,24618,7013,89581,57833,156,11,28,41,2,316,24341,6853,533,413,2,0,0,1,1,2,68,46,1140,736,4,0,3,58,0,16,209,114,751,376,5,0,0,44,1,3,243,79,1430,595,94,153,0,266,3,5,230,84,161,123,1,0,0,4,0,3,23,7,138,53,4,3,1,55,1,0,18,3
"2011","Flintshire","W06000005",152506,101298,344,158,70,482,29,362,38726,11037,150161,100426,174,9,66,87,6,352,38179,10862,146185,97266,162,9,58,46,6,339,37719,10580,693,562,3,0,1,0,0,3,63,61,3283,2598,9,0,7,41,0,10,397,221,851,448,12,1,4,45,1,3,269,68,1201,254,154,147,0,285,22,7,248,84,142,110,1,1,0,9,0,0,16,5,151,60,3,0,0,56,0,0,14,18
"2011","Wrexham","W06000006",134844,85576,351,504,58,860,87,310,36927,10171,130647,83935,161,14,54,153,14,296,36149,9871,125477,79887,150,8,51,73,12,284,35518,9494,492,393,1,1,0,0,0,1,65,31,4678,3655,10,5,3,80,2,11,566,346,1010,481,6,4,2,80,1,2,340,94,2321,603,179,474,1,464,68,10,368,154,625,486,2,11,0,39,0,2,48,37,241,71,3,1,1,124,4,0,22,15
"2011","Powys","W06000023",132976,82120,567,324,80,235,49,798,37050,11753,130827,81396,341,35,75,81,16,780,36570,11533,127773,79421,307,23,58,43,15,739,35941,11226,502,326,4,0,2,0,0,9,109,52,2552,1649,30,12,15,38,1,32,520,255,760,311,13,10,2,32,5,9,292,86,1142,281,211,276,0,90,28,6,145,105,132,95,0,2,0,3,0,0,25,7,115,37,2,1,3,29,0,3,18,22
"2011","Ceredigion","W06000008",75922,43981,355,197,64,521,30,742,23329,6703,73443,43128,250,25,61,80,3,727,22658,6511,70717,41522,235,24,47,33,2,675,21955,6224,478,314,4,0,0,0,0,9,107,44,2248,1292,11,1,14,47,1,43,596,243,736,294,10,4,0,32,0,9,308,79,1099,277,87,156,2,224,21,0,269,63,266,169,1,1,0,22,0,0,58,15,378,113,7,11,1,163,6,6,36,35
"2011","Pembrokeshire","W06000009",122439,77162,422,230,50,425,36,648,33442,10024,120121,76185,273,22,48,72,6,635,33010,9870,117092,74049,262,17,45,43,3,603,32453,9617,834,666,3,0,0,3,0,5,86,71,2195,1470,8,5,3,26,3,27,471,182,733,379,11,1,1,19,2,9,231,80,1192,415,135,206,0,207,25,2,160,42,179,128,1,1,0,21,2,0,16,10,214,55,2,0,1,106,1,2,25,22
"2011","Carmarthenshire","W06000010",183777,113534,420,351,82,625,125,945,53036,14659,180323,112147,301,41,77,123,9,917,52325,14383,175591,108537,281,40,69,77,9,875,51707,13996,754,543,4,0,1,1,0,7,105,93,3978,3067,16,1,7,45,0,35,513,294,1033,451,7,10,0,41,8,15,392,109,1837,649,112,287,1,307,103,11,246,121,279,202,0,5,0,20,0,1,28,23,305,85,0,8,4,134,5,1,45,23
"2011","Swansea","W06000011",239023,131451,856,780,159,5415,278,1042,81219,17823,224697,127238,419,39,151,440,34,974,78442,16960,218655,123200,381,34,122,255,24,925,77193,16521,1101,849,3,0,4,5,2,4,146,88,4941,3189,35,5,25,180,8,45,1103,351,2160,835,38,10,0,180,9,21,834,233,7803,1612,387,708,2,2823,222,23,1622,404,1983,1511,5,0,2,246,0,9,116,94,2380,255,7,23,4,1726,13,15,205,132
"2011","Neath Port Talbot","W06000012",139812,80646,312,144,39,573,113,533,47265,10187,137087,79662,156,7,36,78,5,516,46652,9975,135450,78496,148,7,27,51,5,507,46384,9825,474,368,3,0,2,1,0,0,58,42,1163,798,5,0,7,26,0,9,210,108,910,427,11,1,2,23,4,10,333,99,1369,294,142,128,0,405,100,3,219,78,299,228,0,0,0,3,0,4,45,19,147,35,3,8,1,64,4,0,16,16
"2011","Bridgend","W06000013",139178,76625,357,270,33,529,46,495,51062,9761,136090,75404,187,11,29,76,7,475,50350,9551,133656,73608,174,11,24,52,6,463,49948,9370,474,362,2,0,0,1,0,4,67,38,1960,1434,11,0,5,23,1,8,335,143,998,428,7,1,1,59,0,10,396,96,1549,516,159,239,0,263,39,3,251,79,315,203,1,14,2,43,0,0,33,19,226,74,3,5,1,88,0,7,32,16
"2011","Vale of Glamorgan","W06000014",126336,73384,356,269,90,785,75,528,41556,9293,121838,71514,205,18,88,126,11,489,40399,8988,119212,69794,192,16,70,93,11,465,39810,8761,639,494,4,0,2,0,0,4,86,49,1987,1226,9,2,16,33,0,20,503,178,1695,770,10,5,1,90,5,14,655,145,1967,682,131,246,0,396,59,7,343,103,489,331,5,0,0,23,0,3,97,30,347,87,5,0,1,150,0,15,62,27
"2011","Cardiff","W06000015",346090,177743,1690,4736,802,23656,1317,1406,109960,24780,293114,165434,673,50,764,1219,52,1165,102181,21576,277798,155199,595,34,656,738,46,1074,99025,20431,2547,1847,9,0,4,19,1,17,460,190,12769,8388,69,16,104,462,5,74,2696,955,10031,4174,59,33,16,1005,33,69,3659,983,27885,3733,930,4623,6,12625,1149,113,3275,1431,8201,3651,7,6,3,3605,2,29,438,460,6859,751,21,24,13,5202,81,30,407,330
"2011","Rhondda Cynon Taff","W06000016",234410,118388,518,401,87,1061,183,870,95549,17353,228241,115949,250,17,80,143,16,844,93953,16989,225716,114209,234,15,71,95,14,815,93475,16788,582,424,1,1,0,2,0,8,89,57,1943,1316,15,1,9,46,2,21,389,144,1506,574,10,6,2,84,11,14,657,148,3030,757,253,352,1,551,153,9,798,156,1308,1020,5,5,0,133,0,2,98,45,325,88,0,21,4,150,3,1,43,15
"2011","Merthyr Tydfil","W06000024",58802,32948,124,80,4,197,52,221,21048,4128,57391,32293,75,4,4,36,2,207,20729,4041,55635,30824,74,4,4,22,2,203,20559,3943,122,97,0,0,0,1,0,0,17,7,1634,1372,1,0,0,13,0,4,153,91,462,200,0,2,0,16,0,3,195,46,696,295,48,72,0,102,47,9,88,35,143,108,0,1,0,13,1,0,18,2,110,52,1,1,0,30,2,2,18,4
"2011","Caerphilly","W06000018",178806,90669,278,174,69,391,152,665,73084,13324,175845,89639,146,10,68,100,13,653,72117,13099,173899,88252,139,8,53,74,12,633,71777,12951,402,321,2,0,0,1,0,2,38,38,1544,1066,5,2,15,25,1,18,302,110,1174,450,7,1,1,44,1,5,534,131,1346,340,121,161,0,171,113,6,372,62,242,186,0,2,0,12,0,0,34,8,199,54,4,0,0,64,25,1,27,24
"2011","Blaenau Gwent","W06000019",69814,34805,112,72,8,179,39,253,28676,5670,68750,34447,74,4,8,19,2,250,28368,5578,67954,33829,72,4,7,15,2,246,28259,5520,102,72,1,0,1,0,0,0,17,11,694,546,1,0,0,4,0,4,92,47,394,153,1,1,0,12,0,2,180,45,485,127,36,66,0,88,37,0,101,30,95,64,0,0,0,5,0,0,12,14,90,14,1,1,0,55,0,1,15,3
"2011","Torfaen","W06000020",91075,50472,222,241,16,238,56,316,32605,6909,89231,49867,105,27,15,41,4,306,32172,6694,88209,49094,101,18,15,32,4,300,32020,6625,307,255,3,1,0,0,0,1,27,20,715,518,1,8,0,9,0,5,125,49,603,251,9,5,1,20,2,3,235,77,977,193,102,203,0,144,48,5,167,115,169,129,1,1,0,8,0,0,20,10,95,32,5,5,0,25,2,2,11,13
"2011","Monmouthshire","W06000021",91323,57101,269,162,65,239,47,391,26018,7031,89526,56344,181,19,64,44,3,378,25620,6873,87762,55166,166,19,57,35,3,364,25216,6736,395,287,1,0,1,0,0,3,62,41,1369,891,14,0,6,9,0,11,342,96,624,282,14,1,0,19,0,3,226,79,900,328,70,141,0,110,44,6,147,54,144,109,3,1,0,6,0,1,10,14,129,38,1,0,1,60,0,3,15,11
"2011","Newport","W06000022",145736,82858,360,685,99,6859,141,463,43336,10935,131025,78599,201,27,75,345,6,395,41364,10013,126756,75490,190,21,67,206,5,380,40722,9675,769,625,3,0,0,4,0,1,67,69,3500,2484,8,6,8,135,1,14,575,269,2752,1161,12,13,4,239,11,7,1055,250,7986,1332,140,628,5,4873,112,22,498,376,2535,1563,1,8,12,471,0,18,280,182,1438,203,6,9,3,931,12,21,139,114
