,subject,time,state,state_max_by_time
0,0,0,0,0.0
1,0,2,0,0.0
2,0,6,0,0.0
3,0,8,0,0.0
4,0,9,1,1.0
5,0,10,0,1.0
6,1,1,1,1.0
7,1,2,2,2.0
8,1,3,1,2.0
9,1,8,2,2.0
10,1,9,3,3.0
11,1,10,4,4.0
12,2,2,0,0.0
13,2,3,1,1.0
14,2,6,3,3.0
15,2,7,3,3.0
16,2,8,4,4.0
17,2,10,5,5.0
18,3,0,0,0.0
19,3,1,1,1.0
20,3,2,2,2.0
21,3,5,3,3.0
22,3,6,2,3.0
23,3,7,1,3.0
24,4,4,3,3.0
25,4,5,2,3.0
26,4,6,3,3.0
27,4,8,4,4.0
28,4,9,4,4.0
29,4,10,4,4.0
30,5,1,0,0.0
31,5,3,0,0.0
32,5,5,0,0.0
33,5,6,0,0.0
34,5,7,0,0.0
35,5,9,0,0.0
36,6,1,1,1.0
37,6,4,1,1.0
38,6,5,0,1.0
39,6,7,1,1.0
40,6,8,1,1.0
41,6,9,2,2.0
42,7,1,1,1.0
43,7,2,0,1.0
44,7,3,1,1.0
45,7,4,1,1.0
46,7,5,1,1.0
47,7,8,0,1.0
48,8,2,1,1.0
49,8,3,1,1.0
50,8,4,1,1.0
51,8,5,1,1.0
52,8,9,4,4.0
53,8,10,3,4.0
54,9,0,0,0.0
55,9,2,0,0.0
56,9,3,0,0.0
57,9,4,0,0.0
58,9,8,0,0.0
59,9,9,0,0.0
60,10,0,0,0.0
61,10,2,2,2.0
62,10,3,3,3.0
63,10,6,4,4.0
64,10,8,5,5.0
65,10,10,5,5.0
66,11,0,0,0.0
67,11,1,1,1.0
68,11,2,2,2.0
69,11,4,2,2.0
70,11,6,2,2.0
71,11,9,3,3.0
72,12,1,0,0.0
73,12,2,1,1.0
74,12,6,1,1.0
75,12,7,2,2.0
76,12,8,1,2.0
77,12,10,3,3.0
78,13,1,0,0.0
79,13,2,0,0.0
80,13,4,0,0.0
81,13,5,0,0.0
82,13,7,0,0.0
83,13,8,0,0.0
84,14,0,0,0.0
85,14,3,1,1.0
86,14,5,0,1.0
87,14,6,1,1.0
88,14,7,0,1.0
89,14,10,3,3.0
90,15,0,0,0.0
91,15,2,0,0.0
92,15,5,0,0.0
93,15,7,0,0.0
94,15,9,0,0.0
95,15,10,0,0.0
96,16,1,1,1.0
97,16,2,1,1.0
98,16,5,0,1.0
99,16,6,1,1.0
100,16,9,1,1.0
101,16,10,0,1.0
102,17,0,0,0.0
103,17,1,1,1.0
104,17,3,3,3.0
105,17,4,4,4.0
106,17,5,3,4.0
107,17,8,4,4.0
108,18,2,2,2.0
109,18,5,3,3.0
110,18,6,4,4.0
111,18,7,5,5.0
112,18,9,5,5.0
113,18,10,5,5.0
114,19,1,1,1.0
115,19,2,0,1.0
116,19,5,1,1.0
117,19,6,0,1.0
118,19,7,1,1.0
119,19,8,2,2.0
120,20,3,0,0.0
121,20,4,0,0.0
122,20,5,0,0.0
123,20,6,0,0.0
124,20,9,0,0.0
125,20,10,0,0.0
126,21,1,0,0.0
127,21,2,0,0.0
128,21,6,0,0.0
129,21,7,0,0.0
130,21,9,0,0.0
131,21,10,0,0.0
132,22,0,0,0.0
133,22,1,0,0.0
134,22,2,0,0.0
135,22,5,0,0.0
136,22,7,0,0.0
137,22,9,0,0.0
138,23,0,0,0.0
139,23,4,4,4.0
140,23,6,4,4.0
141,23,7,4,4.0
142,23,8,3,4.0
143,23,9,2,4.0
144,24,4,0,0.0
145,24,5,1,1.0
146,24,6,0,1.0
147,24,8,1,1.0
148,24,9,0,1.0
149,24,10,1,1.0
150,25,0,0,0.0
151,25,3,0,0.0
152,25,6,0,0.0
153,25,7,0,0.0
154,25,8,0,0.0
155,25,10,0,0.0
156,26,1,0,0.0
157,26,2,0,0.0
158,26,3,1,1.0
159,26,6,0,1.0
160,26,8,0,1.0
161,26,9,0,1.0
162,27,1,1,1.0
163,27,4,2,2.0
164,27,5,1,2.0
165,27,6,0,2.0
166,27,7,1,2.0
167,27,8,0,2.0
168,28,3,3,3.0
169,28,5,3,3.0
170,28,6,4,4.0
171,28,8,4,4.0
172,28,9,5,5.0
173,28,10,5,5.0
174,29,1,1,1.0
175,29,3,1,1.0
176,29,4,2,2.0
177,29,5,3,3.0
178,29,7,5,5.0
179,29,9,5,5.0
180,30,0,0,0.0
181,30,1,1,1.0
182,30,5,1,1.0
183,30,6,1,1.0
184,30,8,1,1.0
185,30,10,1,1.0
186,31,0,0,0.0
187,31,4,0,0.0
188,31,6,0,0.0
189,31,7,1,1.0
190,31,9,1,1.0
191,31,10,2,2.0
192,32,3,0,0.0
193,32,4,0,0.0
194,32,7,1,1.0
195,32,8,0,1.0
196,32,9,0,1.0
197,32,10,0,1.0
198,33,0,0,0.0
199,33,2,1,1.0
200,33,4,3,3.0
201,33,5,2,3.0
202,33,6,3,3.0
203,33,7,2,3.0
204,34,3,1,1.0
205,34,4,0,1.0
206,34,5,1,1.0
207,34,7,1,1.0
208,34,8,0,1.0
209,34,10,0,1.0
210,35,0,0,0.0
211,35,1,0,0.0
212,35,2,0,0.0
213,35,5,1,1.0
214,35,7,2,2.0
215,35,10,4,4.0
216,36,1,1,1.0
217,36,3,2,2.0
218,36,4,3,3.0
219,36,7,2,3.0
220,36,8,3,3.0
221,36,10,3,3.0
222,37,0,0,0.0
223,37,2,2,2.0
224,37,3,3,3.0
225,37,4,4,4.0
226,37,6,4,4.0
227,37,7,3,4.0
228,38,0,0,0.0
229,38,1,0,0.0
230,38,3,1,1.0
231,38,7,1,1.0
232,38,9,1,1.0
233,38,10,0,1.0
234,39,0,0,0.0
235,39,1,1,1.0
236,39,2,2,2.0
237,39,6,2,2.0
238,39,9,3,3.0
239,39,10,2,3.0
240,40,1,1,1.0
241,40,2,1,1.0
242,40,4,1,1.0
243,40,6,1,1.0
244,40,8,2,2.0
245,40,9,1,2.0
246,41,0,0,0.0
247,41,1,0,0.0
248,41,2,0,0.0
249,41,3,0,0.0
250,41,6,0,0.0
251,41,9,0,0.0
252,42,0,0,0.0
253,42,1,0,0.0
254,42,3,0,0.0
255,42,5,1,1.0
256,42,7,0,1.0
257,42,8,0,1.0
258,43,0,0,0.0
259,43,2,2,2.0
260,43,4,0,2.0
261,43,5,0,2.0
262,43,6,0,2.0
263,43,9,1,2.0
264,44,1,0,0.0
265,44,2,1,1.0
266,44,4,3,3.0
267,44,5,4,4.0
268,44,7,5,5.0
269,44,8,5,5.0
270,45,0,0,0.0
271,45,3,2,2.0
272,45,4,2,2.0
273,45,5,1,2.0
274,45,7,2,2.0
275,45,9,3,3.0
276,46,1,1,1.0
277,46,4,2,2.0
278,46,5,1,2.0
279,46,7,1,2.0
280,46,9,1,2.0
281,46,10,2,2.0
282,47,1,1,1.0
283,47,3,1,1.0
284,47,5,0,1.0
285,47,7,0,1.0
286,47,8,0,1.0
287,47,10,2,2.0
288,48,4,0,0.0
289,48,5,0,0.0
290,48,7,0,0.0
291,48,8,0,0.0
292,48,9,0,0.0
293,48,10,0,0.0
294,49,0,0,0.0
295,49,2,2,2.0
296,49,4,4,4.0
297,49,6,5,5.0
298,49,7,5,5.0
299,49,10,5,5.0
300,50,0,0,0.0
301,50,1,0,0.0
302,50,4,1,1.0
303,50,6,1,1.0
304,50,7,1,1.0
305,50,10,2,2.0
306,51,1,1,1.0
307,51,2,2,2.0
308,51,4,2,2.0
309,51,6,4,4.0
310,51,8,4,4.0
311,51,9,3,4.0
312,52,0,0,0.0
313,52,1,0,0.0
314,52,2,0,0.0
315,52,4,0,0.0
316,52,7,2,2.0
317,52,9,2,2.0
318,53,1,0,0.0
319,53,2,0,0.0
320,53,4,0,0.0
321,53,5,0,0.0
322,53,6,0,0.0
323,53,7,0,0.0
324,54,2,0,0.0
325,54,3,0,0.0
326,54,6,0,0.0
327,54,8,0,0.0
328,54,9,0,0.0
329,54,10,0,0.0
330,55,1,1,1.0
331,55,2,2,2.0
332,55,3,1,2.0
333,55,8,2,2.0
334,55,9,1,2.0
335,55,10,2,2.0
336,56,1,1,1.0
337,56,3,0,1.0
338,56,5,0,1.0
339,56,6,0,1.0
340,56,8,0,1.0
341,56,9,0,1.0
342,57,0,0,0.0
343,57,2,2,2.0
344,57,3,3,3.0
345,57,6,2,3.0
346,57,8,2,3.0
347,57,10,2,3.0
348,58,0,0,0.0
349,58,3,3,3.0
350,58,4,2,3.0
351,58,8,3,3.0
352,58,9,2,3.0
353,58,10,3,3.0
354,59,0,0,0.0
355,59,4,0,0.0
356,59,5,1,1.0
357,59,8,0,1.0
358,59,9,1,1.0
359,59,10,0,1.0
360,60,0,0,0.0
361,60,2,0,0.0
362,60,4,2,2.0
363,60,5,3,3.0
364,60,6,4,4.0
365,60,8,5,5.0
366,61,1,0,0.0
367,61,2,0,0.0
368,61,3,0,0.0
369,61,4,0,0.0
370,61,7,0,0.0
371,61,10,0,0.0
372,62,0,0,0.0
373,62,3,1,1.0
374,62,5,1,1.0
375,62,7,1,1.0
376,62,9,1,1.0
377,62,10,2,2.0
378,63,2,0,0.0
379,63,4,1,1.0
380,63,6,1,1.0
381,63,8,1,1.0
382,63,9,1,1.0
383,63,10,1,1.0
384,64,3,2,2.0
385,64,4,3,3.0
386,64,6,5,5.0
387,64,7,5,5.0
388,64,8,5,5.0
389,64,10,5,5.0
390,65,0,0,0.0
391,65,2,1,1.0
392,65,4,0,1.0
393,65,5,1,1.0
394,65,6,0,1.0
395,65,9,1,1.0
396,66,3,0,0.0
397,66,4,0,0.0
398,66,5,0,0.0
399,66,6,0,0.0
400,66,7,0,0.0
401,66,10,0,0.0
402,67,0,0,0.0
403,67,3,0,0.0
404,67,4,1,1.0
405,67,5,0,1.0
406,67,7,0,1.0
407,67,10,0,1.0
408,68,0,0,0.0
409,68,1,1,1.0
410,68,3,3,3.0
411,68,4,4,4.0
412,68,6,5,5.0
413,68,10,5,5.0
414,69,1,0,0.0
415,69,2,0,0.0
416,69,4,0,0.0
417,69,5,0,0.0
418,69,7,0,0.0
419,69,8,0,0.0
420,70,1,1,1.0
421,70,4,2,2.0
422,70,7,3,3.0
423,70,8,2,3.0
424,70,9,1,3.0
425,70,10,2,3.0
426,71,0,0,0.0
427,71,1,0,0.0
428,71,2,0,0.0
429,71,3,0,0.0
430,71,5,0,0.0
431,71,7,0,0.0
432,72,0,0,0.0
433,72,1,1,1.0
434,72,2,1,1.0
435,72,3,1,1.0
436,72,8,5,5.0
437,72,9,5,5.0
438,73,0,0,0.0
439,73,2,0,0.0
440,73,3,0,0.0
441,73,4,0,0.0
442,73,6,0,0.0
443,73,8,0,0.0
444,74,0,0,0.0
445,74,1,0,0.0
446,74,2,0,0.0
447,74,3,0,0.0
448,74,5,0,0.0
449,74,6,0,0.0
450,75,0,0,0.0
451,75,2,0,0.0
452,75,3,0,0.0
453,75,5,0,0.0
454,75,6,0,0.0
455,75,7,0,0.0
456,76,0,0,0.0
457,76,1,1,1.0
458,76,5,4,4.0
459,76,6,3,4.0
460,76,7,3,4.0
461,76,9,3,4.0
462,77,2,0,0.0
463,77,3,0,0.0
464,77,4,0,0.0
465,77,5,0,0.0
466,77,7,0,0.0
467,77,10,0,0.0
468,78,0,0,0.0
469,78,2,1,1.0
470,78,4,3,3.0
471,78,6,3,3.0
472,78,9,5,5.0
473,78,10,5,5.0
474,79,0,0,0.0
475,79,2,0,0.0
476,79,5,1,1.0
477,79,6,0,1.0
478,79,7,0,1.0
479,79,9,0,1.0
480,80,0,0,0.0
481,80,1,1,1.0
482,80,4,0,1.0
483,80,7,0,1.0
484,80,8,0,1.0
485,80,10,2,2.0
486,81,0,0,0.0
487,81,2,2,2.0
488,81,4,0,2.0
489,81,6,0,2.0
490,81,8,0,2.0
491,81,9,1,2.0
492,82,0,0,0.0
493,82,2,2,2.0
494,82,4,2,2.0
495,82,6,2,2.0
496,82,9,3,3.0
497,82,10,4,4.0
498,83,1,1,1.0
499,83,4,2,2.0
500,83,5,1,2.0
501,83,7,1,2.0
502,83,8,2,2.0
503,83,10,2,2.0
504,84,0,0,0.0
505,84,1,0,0.0
506,84,2,0,0.0
507,84,5,2,2.0
508,84,9,0,2.0
509,84,10,0,2.0
510,85,1,1,1.0
511,85,3,1,1.0
512,85,4,2,2.0
513,85,7,3,3.0
514,85,8,4,4.0
515,85,9,5,5.0
516,86,0,0,0.0
517,86,1,1,1.0
518,86,4,1,1.0
519,86,6,0,1.0
520,86,9,1,1.0
521,86,10,0,1.0
522,87,0,0,0.0
523,87,4,0,0.0
524,87,5,0,0.0
525,87,7,0,0.0
526,87,8,0,0.0
527,87,10,0,0.0
528,88,0,0,0.0
529,88,1,0,0.0
530,88,3,0,0.0
531,88,5,0,0.0
532,88,6,0,0.0
533,88,8,0,0.0
534,89,1,1,1.0
535,89,2,0,1.0
536,89,4,0,1.0
537,89,5,1,1.0
538,89,7,1,1.0
539,89,10,2,2.0
540,90,0,0,0.0
541,90,3,1,1.0
542,90,6,3,3.0
543,90,7,4,4.0
544,90,8,5,5.0
545,90,10,5,5.0
546,91,0,0,0.0
547,91,2,0,0.0
548,91,4,0,0.0
549,91,6,0,0.0
550,91,8,0,0.0
551,91,9,0,0.0
552,92,0,0,0.0
553,92,1,0,0.0
554,92,2,0,0.0
555,92,5,2,2.0
556,92,8,1,2.0
557,92,9,1,2.0
558,93,1,1,1.0
559,93,2,2,2.0
560,93,3,1,2.0
561,93,4,2,2.0
562,93,6,4,4.0
563,93,7,3,4.0
564,94,1,1,1.0
565,94,5,1,1.0
566,94,6,2,2.0
567,94,7,1,2.0
568,94,8,0,2.0
569,94,9,1,2.0
570,95,2,1,1.0
571,95,3,0,1.0
572,95,7,1,1.0
573,95,8,1,1.0
574,95,9,2,2.0
575,95,10,2,2.0
576,96,0,0,0.0
577,96,1,1,1.0
578,96,5,1,1.0
579,96,6,1,1.0
580,96,7,1,1.0
581,96,8,1,1.0
582,97,1,0,0.0
583,97,4,0,0.0
584,97,6,0,0.0
585,97,7,0,0.0
586,97,8,0,0.0
587,97,10,0,0.0
588,98,0,0,0.0
589,98,4,2,2.0
590,98,5,3,3.0
591,98,7,5,5.0
592,98,8,5,5.0
593,98,10,5,5.0
594,99,1,1,1.0
595,99,4,0,1.0
596,99,5,1,1.0
597,99,6,0,1.0
598,99,8,2,2.0
599,99,9,3,3.0
600,100,2,2,2.0
601,100,3,3,3.0
602,100,4,2,3.0
603,100,6,2,3.0
604,100,9,1,3.0
605,100,10,2,3.0
606,101,2,2,2.0
607,101,3,3,3.0
608,101,4,2,3.0
609,101,6,2,3.0
610,101,7,3,3.0
611,101,9,5,5.0
612,102,2,0,0.0
613,102,3,0,0.0
614,102,4,0,0.0
615,102,7,0,0.0
616,102,9,0,0.0
617,102,10,0,0.0
618,103,1,0,0.0
619,103,2,0,0.0
620,103,5,0,0.0
621,103,7,0,0.0
622,103,8,0,0.0
623,103,10,0,0.0
624,104,0,0,0.0
625,104,1,0,0.0
626,104,2,0,0.0
627,104,5,0,0.0
628,104,6,0,0.0
629,104,8,0,0.0
630,105,1,1,1.0
631,105,2,2,2.0
632,105,4,4,4.0
633,105,6,3,4.0
634,105,7,4,4.0
635,105,8,3,4.0
636,106,0,0,0.0
637,106,2,2,2.0
638,106,3,1,2.0
639,106,5,1,2.0
640,106,6,2,2.0
641,106,8,2,2.0
642,107,0,0,0.0
643,107,4,0,0.0
644,107,5,1,1.0
645,107,7,1,1.0
646,107,8,0,1.0
647,107,10,0,1.0
648,108,0,0,0.0
649,108,1,1,1.0
650,108,6,3,3.0
651,108,7,2,3.0
652,108,8,1,3.0
653,108,9,2,3.0
654,109,0,0,0.0
655,109,5,0,0.0
656,109,7,0,0.0
657,109,8,0,0.0
658,109,9,0,0.0
659,109,10,0,0.0
660,110,1,1,1.0
661,110,3,1,1.0
662,110,4,0,1.0
663,110,6,0,1.0
664,110,8,1,1.0
665,110,10,1,1.0
666,111,1,1,1.0
667,111,4,4,4.0
668,111,5,5,5.0
669,111,7,5,5.0
670,111,8,5,5.0
671,111,9,5,5.0
672,112,0,0,0.0
673,112,5,1,1.0
674,112,6,2,2.0
675,112,7,1,2.0
676,112,8,2,2.0
677,112,10,2,2.0
678,113,1,1,1.0
679,113,3,0,1.0
680,113,4,1,1.0
681,113,6,1,1.0
682,113,9,0,1.0
683,113,10,1,1.0
684,114,2,2,2.0
685,114,3,3,3.0
686,114,4,2,3.0
687,114,6,2,3.0
688,114,8,2,3.0
689,114,9,3,3.0
690,115,0,0,0.0
691,115,3,3,3.0
692,115,5,1,3.0
693,115,6,2,3.0
694,115,9,1,3.0
695,115,10,2,3.0
696,116,0,0,0.0
697,116,2,0,0.0
698,116,3,0,0.0
699,116,5,0,0.0
700,116,7,1,1.0
701,116,9,1,1.0
702,117,1,0,0.0
703,117,5,1,1.0
704,117,6,0,1.0
705,117,8,1,1.0
706,117,9,1,1.0
707,117,10,1,1.0
708,118,0,0,0.0
709,118,3,0,0.0
710,118,6,0,0.0
711,118,7,0,0.0
712,118,8,0,0.0
713,118,10,0,0.0
714,119,0,0,0.0
715,119,1,1,1.0
716,119,2,2,2.0
717,119,3,1,2.0
718,119,5,1,2.0
719,119,10,2,2.0
720,120,0,0,0.0
721,120,1,0,0.0
722,120,6,1,1.0
723,120,7,2,2.0
724,120,8,1,2.0
725,120,10,1,2.0
726,121,0,0,0.0
727,121,1,0,0.0
728,121,6,2,2.0
729,121,8,2,2.0
730,121,9,3,3.0
731,121,10,4,4.0
732,122,0,0,0.0
733,122,3,2,2.0
734,122,5,2,2.0
735,122,6,2,2.0
736,122,7,1,2.0
737,122,8,1,2.0
738,123,3,1,1.0
739,123,4,1,1.0
740,123,5,1,1.0
741,123,6,0,1.0
742,123,7,1,1.0
743,123,10,0,1.0
744,124,0,0,0.0
745,124,5,4,4.0
746,124,6,3,4.0
747,124,7,2,4.0
748,124,9,2,4.0
749,124,10,3,4.0
750,125,0,0,0.0
751,125,1,1,1.0
752,125,2,0,1.0
753,125,3,1,1.0
754,125,6,2,2.0
755,125,9,1,2.0
756,126,0,0,0.0
757,126,2,0,0.0
758,126,5,0,0.0
759,126,7,1,1.0
760,126,9,2,2.0
761,126,10,1,2.0
762,127,0,0,0.0
763,127,3,1,1.0
764,127,4,2,2.0
765,127,5,1,2.0
766,127,7,1,2.0
767,127,8,2,2.0
768,128,2,2,2.0
769,128,3,3,3.0
770,128,5,5,5.0
771,128,6,5,5.0
772,128,9,5,5.0
773,128,10,5,5.0
774,129,0,0,0.0
775,129,4,0,0.0
776,129,6,0,0.0
777,129,7,0,0.0
778,129,8,0,0.0
779,129,10,0,0.0
780,130,1,1,1.0
781,130,4,2,2.0
782,130,6,3,3.0
783,130,8,5,5.0
784,130,9,5,5.0
785,130,10,5,5.0
786,131,0,0,0.0
787,131,1,0,0.0
788,131,2,0,0.0
789,131,5,0,0.0
790,131,6,0,0.0
791,131,8,0,0.0
792,132,1,0,0.0
793,132,2,0,0.0
794,132,4,0,0.0
795,132,7,1,1.0
796,132,9,1,1.0
797,132,10,2,2.0
798,133,2,1,1.0
799,133,4,2,2.0
800,133,6,2,2.0
801,133,7,3,3.0
802,133,8,4,4.0
803,133,9,4,4.0
804,134,4,2,2.0
805,134,5,2,2.0
806,134,7,2,2.0
807,134,8,3,3.0
808,134,9,2,3.0
809,134,10,2,3.0
810,135,0,0,0.0
811,135,1,1,1.0
812,135,2,0,1.0
813,135,3,1,1.0
814,135,8,2,2.0
815,135,9,1,2.0
816,136,1,1,1.0
817,136,2,0,1.0
818,136,3,1,1.0
819,136,5,1,1.0
820,136,6,0,1.0
821,136,7,1,1.0
822,137,0,0,0.0
823,137,1,1,1.0
824,137,2,2,2.0
825,137,4,4,4.0
826,137,7,5,5.0
827,137,9,5,5.0
828,138,1,0,0.0
829,138,2,1,1.0
830,138,3,2,2.0
831,138,7,5,5.0
832,138,9,5,5.0
833,138,10,5,5.0
834,139,2,1,1.0
835,139,3,1,1.0
836,139,5,2,2.0
837,139,8,2,2.0
838,139,9,3,3.0
839,139,10,4,4.0
840,140,2,2,2.0
841,140,3,3,3.0
842,140,6,4,4.0
843,140,7,3,4.0
844,140,8,4,4.0
845,140,10,4,4.0
846,141,0,0,0.0
847,141,1,0,0.0
848,141,2,0,0.0
849,141,3,0,0.0
850,141,6,0,0.0
851,141,8,0,0.0
852,142,1,0,0.0
853,142,5,0,0.0
854,142,7,0,0.0
855,142,8,0,0.0
856,142,9,0,0.0
857,142,10,0,0.0
858,143,4,0,0.0
859,143,6,0,0.0
860,143,7,1,1.0
861,143,8,0,1.0
862,143,9,1,1.0
863,143,10,0,1.0
864,144,0,0,0.0
865,144,3,0,0.0
866,144,6,0,0.0
867,144,7,0,0.0
868,144,8,0,0.0
869,144,9,0,0.0
870,145,0,0,0.0
871,145,1,1,1.0
872,145,3,1,1.0
873,145,5,1,1.0
874,145,8,0,1.0
875,145,9,1,1.0
876,146,1,1,1.0
877,146,2,2,2.0
878,146,5,1,2.0
879,146,6,1,2.0
880,146,8,2,2.0
881,146,10,1,2.0
882,147,2,0,0.0
883,147,4,0,0.0
884,147,5,0,0.0
885,147,7,0,0.0
886,147,8,0,0.0
887,147,10,0,0.0
888,148,0,0,0.0
889,148,4,1,1.0
890,148,5,0,1.0
891,148,6,0,1.0
892,148,8,1,1.0
893,148,9,0,1.0
894,149,0,0,0.0
895,149,1,0,0.0
896,149,3,0,0.0
897,149,6,2,2.0
898,149,7,1,2.0
899,149,9,1,2.0
900,150,0,0,0.0
901,150,1,0,0.0
902,150,2,0,0.0
903,150,3,0,0.0
904,150,6,0,0.0
905,150,10,0,0.0
906,151,0,0,0.0
907,151,2,0,0.0
908,151,3,1,1.0
909,151,7,2,2.0
910,151,9,1,2.0
911,151,10,2,2.0
912,152,2,2,2.0
913,152,4,4,4.0
914,152,5,3,4.0
915,152,6,4,4.0
916,152,7,3,4.0
917,152,10,2,4.0
918,153,1,1,1.0
919,153,3,1,1.0
920,153,4,2,2.0
921,153,6,2,2.0
922,153,8,2,2.0
923,153,10,2,2.0
924,154,0,0,0.0
925,154,2,2,2.0
926,154,5,3,3.0
927,154,6,2,3.0
928,154,7,1,3.0
929,154,10,2,3.0
930,155,0,0,0.0
931,155,2,2,2.0
932,155,4,2,2.0
933,155,5,1,2.0
934,155,6,2,2.0
935,155,7,1,2.0
936,156,0,0,0.0
937,156,1,1,1.0
938,156,2,1,1.0
939,156,6,1,1.0
940,156,7,1,1.0
941,156,10,1,1.0
942,157,0,0,0.0
943,157,1,1,1.0
944,157,6,2,2.0
945,157,7,1,2.0
946,157,9,1,2.0
947,157,10,2,2.0
948,158,0,0,0.0
949,158,2,0,0.0
950,158,3,1,1.0
951,158,6,2,2.0
952,158,8,2,2.0
953,158,10,4,4.0
954,159,2,0,0.0
955,159,4,0,0.0
956,159,5,0,0.0
957,159,8,1,1.0
958,159,9,0,1.0
959,159,10,1,1.0
960,160,1,1,1.0
961,160,2,0,1.0
962,160,3,1,1.0
963,160,6,0,1.0
964,160,8,0,1.0
965,160,10,0,1.0
966,161,0,0,0.0
967,161,2,0,0.0
968,161,3,1,1.0
969,161,7,1,1.0
970,161,9,0,1.0
971,161,10,0,1.0
972,162,1,1,1.0
973,162,2,0,1.0
974,162,4,0,1.0
975,162,5,1,1.0
976,162,7,2,2.0
977,162,10,5,5.0
978,163,0,0,0.0
979,163,3,1,1.0
980,163,4,0,1.0
981,163,6,0,1.0
982,163,9,1,1.0
983,163,10,0,1.0
984,164,0,0,0.0
985,164,2,0,0.0
986,164,3,1,1.0
987,164,6,1,1.0
988,164,8,1,1.0
989,164,9,1,1.0
990,165,0,0,0.0
991,165,3,0,0.0
992,165,4,0,0.0
993,165,6,0,0.0
994,165,7,1,1.0
995,165,9,2,2.0
996,166,0,0,0.0
997,166,2,0,0.0
998,166,4,0,0.0
999,166,5,1,1.0
1000,166,8,2,2.0
1001,166,9,3,3.0
1002,167,0,0,0.0
1003,167,3,0,0.0
1004,167,4,0,0.0
1005,167,7,0,0.0
1006,167,8,0,0.0
1007,167,10,0,0.0
1008,168,0,0,0.0
1009,168,1,1,1.0
1010,168,6,0,1.0
1011,168,7,1,1.0
1012,168,9,1,1.0
1013,168,10,1,1.0
1014,169,0,0,0.0
1015,169,1,1,1.0
1016,169,2,0,1.0
1017,169,3,1,1.0
1018,169,9,1,1.0
1019,169,10,0,1.0
1020,170,0,0,0.0
1021,170,2,2,2.0
1022,170,5,1,2.0
1023,170,6,2,2.0
1024,170,8,2,2.0
1025,170,9,1,2.0
1026,171,1,1,1.0
1027,171,3,3,3.0
1028,171,5,1,3.0
1029,171,6,2,3.0
1030,171,9,1,3.0
1031,171,10,2,3.0
1032,172,0,0,0.0
1033,172,1,1,1.0
1034,172,3,3,3.0
1035,172,4,4,4.0
1036,172,8,4,4.0
1037,172,10,4,4.0
1038,173,0,0,0.0
1039,173,4,1,1.0
1040,173,5,1,1.0
1041,173,6,1,1.0
1042,173,7,1,1.0
1043,173,10,1,1.0
1044,174,0,0,0.0
1045,174,1,1,1.0
1046,174,3,1,1.0
1047,174,6,2,2.0
1048,174,8,2,2.0
1049,174,9,1,2.0
1050,175,0,0,0.0
1051,175,1,0,0.0
1052,175,2,0,0.0
1053,175,5,0,0.0
1054,175,8,0,0.0
1055,175,10,0,0.0
1056,176,0,0,0.0
1057,176,1,0,0.0
1058,176,2,0,0.0
1059,176,3,0,0.0
1060,176,5,0,0.0
1061,176,7,0,0.0
1062,177,0,0,0.0
1063,177,2,2,2.0
1064,177,5,3,3.0
1065,177,7,3,3.0
1066,177,9,1,3.0
1067,177,10,2,3.0
1068,178,3,1,1.0
1069,178,4,1,1.0
1070,178,5,1,1.0
1071,178,6,1,1.0
1072,178,7,0,1.0
1073,178,10,1,1.0
1074,179,0,0,0.0
1075,179,2,2,2.0
1076,179,5,3,3.0
1077,179,7,4,4.0
1078,179,9,2,4.0
1079,179,10,3,4.0
1080,180,0,0,0.0
1081,180,2,2,2.0
1082,180,4,2,2.0
1083,180,8,2,2.0
1084,180,9,1,2.0
1085,180,10,2,2.0
1086,181,0,0,0.0
1087,181,1,1,1.0
1088,181,3,1,1.0
1089,181,4,0,1.0
1090,181,7,1,1.0
1091,181,10,0,1.0
1092,182,0,0,0.0
1093,182,2,0,0.0
1094,182,4,0,0.0
1095,182,5,1,1.0
1096,182,8,1,1.0
1097,182,10,1,1.0
1098,183,1,0,0.0
1099,183,4,3,3.0
1100,183,5,4,4.0
1101,183,6,3,4.0
1102,183,8,5,5.0
1103,183,10,5,5.0
1104,184,2,2,2.0
1105,184,4,2,2.0
1106,184,6,4,4.0
1107,184,7,5,5.0
1108,184,8,5,5.0
1109,184,10,5,5.0
1110,185,2,0,0.0
1111,185,4,1,1.0
1112,185,5,0,1.0
1113,185,6,1,1.0
1114,185,7,1,1.0
1115,185,8,0,1.0
1116,186,1,1,1.0
1117,186,2,2,2.0
1118,186,4,2,2.0
1119,186,5,1,2.0
1120,186,7,1,2.0
1121,186,8,2,2.0
1122,187,0,0,0.0
1123,187,1,1,1.0
1124,187,3,1,1.0
1125,187,4,2,2.0
1126,187,6,2,2.0
1127,187,7,1,2.0
1128,188,1,0,0.0
1129,188,2,1,1.0
1130,188,3,0,1.0
1131,188,6,1,1.0
1132,188,8,1,1.0
1133,188,9,0,1.0
1134,189,0,0,0.0
1135,189,1,0,0.0
1136,189,2,0,0.0
1137,189,3,0,0.0
1138,189,5,0,0.0
1139,189,7,1,1.0
1140,190,1,0,0.0
1141,190,2,0,0.0
1142,190,4,1,1.0
1143,190,7,1,1.0
1144,190,9,0,1.0
1145,190,10,1,1.0
1146,191,0,0,0.0
1147,191,1,1,1.0
1148,191,2,0,1.0
1149,191,3,0,1.0
1150,191,6,1,1.0
1151,191,8,1,1.0
1152,192,1,1,1.0
1153,192,2,2,2.0
1154,192,3,3,3.0
1155,192,4,2,3.0
1156,192,5,3,3.0
1157,192,7,3,3.0
1158,193,0,0,0.0
1159,193,2,0,0.0
1160,193,4,0,0.0
1161,193,6,0,0.0
1162,193,7,0,0.0
1163,193,8,0,0.0
1164,194,0,0,0.0
1165,194,6,0,0.0
1166,194,7,1,1.0
1167,194,8,2,2.0
1168,194,9,1,2.0
1169,194,10,2,2.0
1170,195,2,0,0.0
1171,195,3,1,1.0
1172,195,6,4,4.0
1173,195,8,5,5.0
1174,195,9,5,5.0
1175,195,10,5,5.0
1176,196,3,3,3.0
1177,196,4,2,3.0
1178,196,5,3,3.0
1179,196,6,2,3.0
1180,196,8,0,3.0
1181,196,9,1,3.0
1182,197,0,0,0.0
1183,197,1,1,1.0
1184,197,5,3,3.0
1185,197,6,2,3.0
1186,197,7,3,3.0
1187,197,9,3,3.0
1188,198,4,0,0.0
1189,198,5,0,0.0
1190,198,6,0,0.0
1191,198,7,0,0.0
1192,198,9,0,0.0
1193,198,10,0,0.0
1194,199,0,0,0.0
1195,199,1,0,0.0
1196,199,2,1,1.0
1197,199,3,1,1.0
1198,199,4,2,2.0
1199,199,10,1,2.0
1200,200,0,0,0.0
1201,200,1,0,0.0
1202,200,2,0,0.0
1203,200,3,0,0.0
1204,200,6,0,0.0
1205,200,10,0,0.0
1206,201,0,0,0.0
1207,201,3,0,0.0
1208,201,4,1,1.0
1209,201,6,1,1.0
1210,201,7,0,1.0
1211,201,9,1,1.0
1212,202,0,0,0.0
1213,202,3,0,0.0
1214,202,4,0,0.0
1215,202,6,1,1.0
1216,202,8,0,1.0
1217,202,10,1,1.0
1218,203,1,1,1.0
1219,203,4,1,1.0
1220,203,5,0,1.0
1221,203,6,0,1.0
1222,203,8,0,1.0
1223,203,9,0,1.0
1224,204,3,0,0.0
1225,204,4,0,0.0
1226,204,6,0,0.0
1227,204,7,0,0.0
1228,204,8,0,0.0
1229,204,9,0,0.0
1230,205,1,0,0.0
1231,205,2,0,0.0
1232,205,3,0,0.0
1233,205,4,0,0.0
1234,205,5,0,0.0
1235,205,10,0,0.0
1236,206,5,3,3.0
1237,206,6,2,3.0
1238,206,7,3,3.0
1239,206,8,4,4.0
1240,206,9,5,5.0
1241,206,10,5,5.0
1242,207,0,0,0.0
1243,207,1,0,0.0
1244,207,3,0,0.0
1245,207,4,0,0.0
1246,207,5,0,0.0
1247,207,10,0,0.0
1248,208,2,2,2.0
1249,208,4,3,3.0
1250,208,5,3,3.0
1251,208,6,3,3.0
1252,208,9,3,3.0
1253,208,10,3,3.0
1254,209,0,0,0.0
1255,209,1,1,1.0
1256,209,3,1,1.0
1257,209,6,1,1.0
1258,209,7,0,1.0
1259,209,10,1,1.0
1260,210,3,1,1.0
1261,210,4,1,1.0
1262,210,5,0,1.0
1263,210,6,1,1.0
1264,210,7,2,2.0
1265,210,9,2,2.0
1266,211,1,1,1.0
1267,211,4,2,2.0
1268,211,5,3,3.0
1269,211,6,4,4.0
1270,211,9,5,5.0
1271,211,10,5,5.0
1272,212,1,1,1.0
1273,212,2,0,1.0
1274,212,3,1,1.0
1275,212,6,0,1.0
1276,212,9,0,1.0
1277,212,10,1,1.0
1278,213,1,0,0.0
1279,213,2,0,0.0
1280,213,3,0,0.0
1281,213,4,0,0.0
1282,213,8,0,0.0
1283,213,9,0,0.0
1284,214,1,1,1.0
1285,214,3,2,2.0
1286,214,6,2,2.0
1287,214,7,1,2.0
1288,214,8,2,2.0
1289,214,9,1,2.0
1290,215,0,0,0.0
1291,215,5,3,3.0
1292,215,7,3,3.0
1293,215,8,4,4.0
1294,215,9,3,4.0
1295,215,10,4,4.0
1296,216,1,0,0.0
1297,216,2,1,1.0
1298,216,5,4,4.0
1299,216,6,5,5.0
1300,216,8,5,5.0
1301,216,9,5,5.0
1302,217,0,0,0.0
1303,217,3,2,2.0
1304,217,4,1,2.0
1305,217,7,3,3.0
1306,217,9,3,3.0
1307,217,10,3,3.0
1308,218,0,0,0.0
1309,218,3,1,1.0
1310,218,4,0,1.0
1311,218,7,1,1.0
1312,218,8,0,1.0
1313,218,9,1,1.0
1314,219,0,0,0.0
1315,219,1,1,1.0
1316,219,2,0,1.0
1317,219,4,0,1.0
1318,219,6,0,1.0
1319,219,8,0,1.0
1320,220,2,2,2.0
1321,220,3,3,3.0
1322,220,4,2,3.0
1323,220,8,2,3.0
1324,220,9,3,3.0
1325,220,10,2,3.0
1326,221,1,1,1.0
1327,221,2,2,2.0
1328,221,3,1,2.0
1329,221,4,2,2.0
1330,221,7,1,2.0
1331,221,10,4,4.0
1332,222,0,0,0.0
1333,222,1,0,0.0
1334,222,3,0,0.0
1335,222,7,0,0.0
1336,222,8,0,0.0
1337,222,9,0,0.0
1338,223,0,0,0.0
1339,223,1,1,1.0
1340,223,3,3,3.0
1341,223,4,4,4.0
1342,223,5,5,5.0
1343,223,7,5,5.0
1344,224,1,1,1.0
1345,224,2,2,2.0
1346,224,3,1,2.0
1347,224,4,2,2.0
1348,224,7,3,3.0
1349,224,8,4,4.0
1350,225,1,1,1.0
1351,225,3,0,1.0
1352,225,5,1,1.0
1353,225,7,2,2.0
1354,225,8,2,2.0
1355,225,10,2,2.0
1356,226,0,0,0.0
1357,226,4,1,1.0
1358,226,7,2,2.0
1359,226,8,1,2.0
1360,226,9,2,2.0
1361,226,10,3,3.0
1362,227,0,0,0.0
1363,227,3,1,1.0
1364,227,5,3,3.0
1365,227,7,5,5.0
1366,227,8,5,5.0
1367,227,9,5,5.0
1368,228,0,0,0.0
1369,228,4,2,2.0
1370,228,5,1,2.0
1371,228,7,1,2.0
1372,228,9,0,2.0
1373,228,10,1,2.0
1374,229,0,0,0.0
1375,229,1,1,1.0
1376,229,2,0,1.0
1377,229,3,1,1.0
1378,229,5,1,1.0
1379,229,6,0,1.0
1380,230,0,0,0.0
1381,230,1,1,1.0
1382,230,5,1,1.0
1383,230,6,1,1.0
1384,230,7,1,1.0
1385,230,10,2,2.0
1386,231,0,0,0.0
1387,231,3,3,3.0
1388,231,4,4,4.0
1389,231,5,3,4.0
1390,231,7,3,4.0
1391,231,10,2,4.0
1392,232,1,0,0.0
1393,232,2,0,0.0
1394,232,4,0,0.0
1395,232,7,0,0.0
1396,232,9,0,0.0
1397,232,10,0,0.0
1398,233,1,1,1.0
1399,233,2,1,1.0
1400,233,6,1,1.0
1401,233,7,0,1.0
1402,233,9,0,1.0
1403,233,10,1,1.0
1404,234,2,0,0.0
1405,234,5,1,1.0
1406,234,6,2,2.0
1407,234,7,1,2.0
1408,234,8,2,2.0
1409,234,9,1,2.0
1410,235,3,0,0.0
1411,235,4,0,0.0
1412,235,5,0,0.0
1413,235,6,0,0.0
1414,235,9,0,0.0
1415,235,10,0,0.0
1416,236,1,1,1.0
1417,236,2,2,2.0
1418,236,6,5,5.0
1419,236,7,5,5.0
1420,236,8,5,5.0
1421,236,9,5,5.0
1422,237,1,0,0.0
1423,237,2,0,0.0
1424,237,4,0,0.0
1425,237,5,0,0.0
1426,237,6,0,0.0
1427,237,9,0,0.0
1428,238,0,0,0.0
1429,238,2,0,0.0
1430,238,3,0,0.0
1431,238,4,0,0.0
1432,238,5,0,0.0
1433,238,10,0,0.0
1434,239,0,0,0.0
1435,239,3,3,3.0
1436,239,5,5,5.0
1437,239,6,5,5.0
1438,239,7,5,5.0
1439,239,10,5,5.0
1440,240,1,0,0.0
1441,240,4,0,0.0
1442,240,5,0,0.0
1443,240,7,0,0.0
1444,240,9,0,0.0
1445,240,10,0,0.0
1446,241,0,0,0.0
1447,241,1,1,1.0
1448,241,2,2,2.0
1449,241,3,2,2.0
1450,241,4,1,2.0
1451,241,5,1,2.0
1452,242,1,0,0.0
1453,242,2,0,0.0
1454,242,3,0,0.0
1455,242,6,0,0.0
1456,242,9,0,0.0
1457,242,10,0,0.0
1458,243,0,0,0.0
1459,243,2,0,0.0
1460,243,4,0,0.0
1461,243,6,0,0.0
1462,243,7,0,0.0
1463,243,9,0,0.0
1464,244,1,1,1.0
1465,244,2,1,1.0
1466,244,4,0,1.0
1467,244,5,1,1.0
1468,244,7,1,1.0
1469,244,9,1,1.0
1470,245,0,0,0.0
1471,245,1,1,1.0
1472,245,2,1,1.0
1473,245,3,0,1.0
1474,245,6,0,1.0
1475,245,9,1,1.0
1476,246,0,0,0.0
1477,246,5,0,0.0
1478,246,7,0,0.0
1479,246,8,0,0.0
1480,246,9,0,0.0
1481,246,10,0,0.0
1482,247,1,0,0.0
1483,247,4,1,1.0
1484,247,5,0,1.0
1485,247,6,1,1.0
1486,247,8,0,1.0
1487,247,10,1,1.0
1488,248,1,0,0.0
1489,248,2,0,0.0
1490,248,4,0,0.0
1491,248,5,0,0.0
1492,248,8,0,0.0
1493,248,9,0,0.0
1494,249,0,0,0.0
1495,249,1,0,0.0
1496,249,3,1,1.0
1497,249,5,0,1.0
1498,249,6,0,1.0
1499,249,10,0,1.0
1500,250,0,0,0.0
1501,250,1,1,1.0
1502,250,2,2,2.0
1503,250,3,3,3.0
1504,250,4,4,4.0
1505,250,9,3,4.0
1506,251,1,0,0.0
1507,251,2,0,0.0
1508,251,5,0,0.0
1509,251,6,0,0.0
1510,251,8,1,1.0
1511,251,10,0,1.0
1512,252,0,0,0.0
1513,252,1,1,1.0
1514,252,3,1,1.0
1515,252,5,1,1.0
1516,252,6,1,1.0
1517,252,8,1,1.0
1518,253,0,0,0.0
1519,253,3,1,1.0
1520,253,4,2,2.0
1521,253,5,1,2.0
1522,253,6,2,2.0
1523,253,7,1,2.0
1524,254,0,0,0.0
1525,254,2,0,0.0
1526,254,3,0,0.0
1527,254,5,0,0.0
1528,254,7,0,0.0
1529,254,8,1,1.0
1530,255,1,1,1.0
1531,255,2,2,2.0
1532,255,4,1,2.0
1533,255,6,1,2.0
1534,255,9,1,2.0
1535,255,10,2,2.0
1536,256,1,1,1.0
1537,256,2,2,2.0
1538,256,3,1,2.0
1539,256,4,2,2.0
1540,256,5,3,3.0
1541,256,6,2,3.0
1542,257,0,0,0.0
1543,257,2,0,0.0
1544,257,3,1,1.0
1545,257,6,0,1.0
1546,257,7,1,1.0
1547,257,9,1,1.0
1548,258,0,0,0.0
1549,258,2,2,2.0
1550,258,3,3,3.0
1551,258,4,3,3.0
1552,258,6,3,3.0
1553,258,9,2,3.0
1554,259,2,0,0.0
1555,259,4,1,1.0
1556,259,5,0,1.0
1557,259,6,1,1.0
1558,259,8,0,1.0
1559,259,10,0,1.0
1560,260,0,0,0.0
1561,260,2,0,0.0
1562,260,3,0,0.0
1563,260,5,0,0.0
1564,260,6,1,1.0
1565,260,10,1,1.0
1566,261,1,1,1.0
1567,261,2,1,1.0
1568,261,4,1,1.0
1569,261,5,0,1.0
1570,261,6,0,1.0
1571,261,9,3,3.0
1572,262,0,0,0.0
1573,262,1,0,0.0
1574,262,6,0,0.0
1575,262,7,0,0.0
1576,262,9,0,0.0
1577,262,10,1,1.0
1578,263,1,1,1.0
1579,263,3,1,1.0
1580,263,4,0,1.0
1581,263,6,0,1.0
1582,263,9,1,1.0
1583,263,10,0,1.0
1584,264,0,0,0.0
1585,264,2,2,2.0
1586,264,4,2,2.0
1587,264,6,2,2.0
1588,264,9,1,2.0
1589,264,10,2,2.0
1590,265,3,1,1.0
1591,265,4,0,1.0
1592,265,5,1,1.0
1593,265,6,0,1.0
1594,265,8,0,1.0
1595,265,9,1,1.0
1596,266,0,0,0.0
1597,266,1,0,0.0
1598,266,2,1,1.0
1599,266,5,3,3.0
1600,266,9,4,4.0
1601,266,10,5,5.0
1602,267,1,1,1.0
1603,267,2,1,1.0
1604,267,3,1,1.0
1605,267,6,0,1.0
1606,267,7,1,1.0
1607,267,10,1,1.0
1608,268,2,2,2.0
1609,268,3,2,2.0
1610,268,5,2,2.0
1611,268,6,2,2.0
1612,268,7,1,2.0
1613,268,9,1,2.0
1614,269,1,0,0.0
1615,269,3,0,0.0
1616,269,5,0,0.0
1617,269,6,0,0.0
1618,269,9,0,0.0
1619,269,10,0,0.0
1620,270,2,0,0.0
1621,270,4,0,0.0
1622,270,5,0,0.0
1623,270,7,0,0.0
1624,270,9,0,0.0
1625,270,10,0,0.0
1626,271,1,1,1.0
1627,271,3,3,3.0
1628,271,4,2,3.0
1629,271,5,3,3.0
1630,271,7,3,3.0
1631,271,9,5,5.0
1632,272,0,0,0.0
1633,272,3,1,1.0
1634,272,5,3,3.0
1635,272,7,4,4.0
1636,272,9,5,5.0
1637,272,10,5,5.0
1638,273,2,0,0.0
1639,273,5,0,0.0
1640,273,6,1,1.0
1641,273,7,0,1.0
1642,273,8,0,1.0
1643,273,9,0,1.0
1644,274,1,0,0.0
1645,274,4,0,0.0
1646,274,6,0,0.0
1647,274,7,0,0.0
1648,274,9,0,0.0
1649,274,10,0,0.0
1650,275,1,0,0.0
1651,275,2,0,0.0
1652,275,3,0,0.0
1653,275,7,0,0.0
1654,275,9,0,0.0
1655,275,10,0,0.0
1656,276,0,0,0.0
1657,276,2,0,0.0
1658,276,3,1,1.0
1659,276,4,0,1.0
1660,276,5,1,1.0
1661,276,6,0,1.0
1662,277,0,0,0.0
1663,277,2,0,0.0
1664,277,3,1,1.0
1665,277,4,0,1.0
1666,277,6,1,1.0
1667,277,10,1,1.0
1668,278,1,0,0.0
1669,278,3,0,0.0
1670,278,4,0,0.0
1671,278,6,0,0.0
1672,278,7,0,0.0
1673,278,8,0,0.0
1674,279,1,0,0.0
1675,279,4,3,3.0
1676,279,5,2,3.0
1677,279,6,3,3.0
1678,279,7,2,3.0
1679,279,9,2,3.0
1680,280,0,0,0.0
1681,280,1,1,1.0
1682,280,6,2,2.0
1683,280,7,3,3.0
1684,280,9,3,3.0
1685,280,10,4,4.0
1686,281,0,0,0.0
1687,281,2,1,1.0
1688,281,3,2,2.0
1689,281,5,2,2.0
1690,281,6,3,3.0
1691,281,7,4,4.0
1692,282,0,0,0.0
1693,282,2,0,0.0
1694,282,3,0,0.0
1695,282,4,0,0.0
1696,282,5,0,0.0
1697,282,10,0,0.0
1698,283,1,0,0.0
1699,283,4,0,0.0
1700,283,6,0,0.0
1701,283,7,0,0.0
1702,283,8,0,0.0
1703,283,10,0,0.0
1704,284,1,1,1.0
1705,284,2,2,2.0
1706,284,5,1,2.0
1707,284,6,0,2.0
1708,284,8,2,2.0
1709,284,9,1,2.0
1710,285,0,0,0.0
1711,285,2,0,0.0
1712,285,4,0,0.0
1713,285,5,1,1.0
1714,285,7,1,1.0
1715,285,10,0,1.0
1716,286,0,0,0.0
1717,286,1,1,1.0
1718,286,2,0,1.0
1719,286,7,0,1.0
1720,286,8,1,1.0
1721,286,10,0,1.0
1722,287,0,0,0.0
1723,287,2,0,0.0
1724,287,5,0,0.0
1725,287,6,0,0.0
1726,287,7,0,0.0
1727,287,8,0,0.0
1728,288,2,0,0.0
1729,288,3,1,1.0
1730,288,5,0,1.0
1731,288,6,0,1.0
1732,288,9,0,1.0
1733,288,10,0,1.0
1734,289,1,0,0.0
1735,289,6,0,0.0
1736,289,7,0,0.0
1737,289,8,0,0.0
1738,289,9,0,0.0
1739,289,10,0,0.0
1740,290,0,0,0.0
1741,290,1,0,0.0
1742,290,4,3,3.0
1743,290,5,4,4.0
1744,290,9,0,4.0
1745,290,10,1,4.0
1746,291,0,0,0.0
1747,291,1,1,1.0
1748,291,3,1,1.0
1749,291,6,0,1.0
1750,291,9,0,1.0
1751,291,10,1,1.0
1752,292,0,0,0.0
1753,292,3,2,2.0
1754,292,5,2,2.0
1755,292,7,2,2.0
1756,292,8,1,2.0
1757,292,10,1,2.0
1758,293,0,0,0.0
1759,293,2,2,2.0
1760,293,3,1,2.0
1761,293,4,2,2.0
1762,293,7,3,3.0
1763,293,8,4,4.0
1764,294,0,0,0.0
1765,294,1,1,1.0
1766,294,2,1,1.0
1767,294,3,1,1.0
1768,294,7,1,1.0
1769,294,10,1,1.0
1770,295,1,1,1.0
1771,295,4,2,2.0
1772,295,5,1,2.0
1773,295,6,2,2.0
1774,295,7,1,2.0
1775,295,9,1,2.0
1776,296,0,0,0.0
1777,296,1,0,0.0
1778,296,3,0,0.0
1779,296,4,0,0.0
1780,296,9,0,0.0
1781,296,10,0,0.0
1782,297,5,0,0.0
1783,297,6,0,0.0
1784,297,7,0,0.0
1785,297,8,0,0.0
1786,297,9,0,0.0
1787,297,10,0,0.0
1788,298,0,0,0.0
1789,298,1,0,0.0
1790,298,2,1,1.0
1791,298,4,2,2.0
1792,298,6,1,2.0
1793,298,9,2,2.0
1794,299,0,0,0.0
1795,299,1,1,1.0
1796,299,3,1,1.0
1797,299,4,0,1.0
1798,299,5,1,1.0
1799,299,8,0,1.0
1800,300,0,0,0.0
1801,300,4,1,1.0
1802,300,5,0,1.0
1803,300,6,0,1.0
1804,300,8,1,1.0
1805,300,9,0,1.0
1806,301,0,0,0.0
1807,301,3,1,1.0
1808,301,6,0,1.0
1809,301,7,0,1.0
1810,301,8,0,1.0
1811,301,10,0,1.0
1812,302,0,0,0.0
1813,302,1,0,0.0
1814,302,4,0,0.0
1815,302,7,0,0.0
1816,302,9,0,0.0
1817,302,10,0,0.0
1818,303,0,0,0.0
1819,303,1,1,1.0
1820,303,2,1,1.0
1821,303,6,1,1.0
1822,303,7,1,1.0
1823,303,8,0,1.0
1824,304,0,0,0.0
1825,304,1,1,1.0
1826,304,2,2,2.0
1827,304,3,1,2.0
1828,304,8,2,2.0
1829,304,10,2,2.0
1830,305,1,1,1.0
1831,305,3,3,3.0
1832,305,5,3,3.0
1833,305,6,2,3.0
1834,305,8,4,4.0
1835,305,10,2,4.0
1836,306,0,0,0.0
1837,306,2,0,0.0
1838,306,3,0,0.0
1839,306,7,0,0.0
1840,306,8,0,0.0
1841,306,9,0,0.0
1842,307,1,1,1.0
1843,307,3,1,1.0
1844,307,5,1,1.0
1845,307,7,1,1.0
1846,307,8,0,1.0
1847,307,10,1,1.0
1848,308,2,1,1.0
1849,308,4,1,1.0
1850,308,5,2,2.0
1851,308,6,3,3.0
1852,308,7,4,4.0
1853,308,9,2,4.0
1854,309,0,0,0.0
1855,309,2,2,2.0
1856,309,4,2,2.0
1857,309,5,1,2.0
1858,309,6,2,2.0
1859,309,8,4,4.0
1860,310,1,1,1.0
1861,310,2,2,2.0
1862,310,3,1,2.0
1863,310,4,2,2.0
1864,310,7,5,5.0
1865,310,9,5,5.0
1866,311,1,0,0.0
1867,311,2,0,0.0
1868,311,3,0,0.0
1869,311,4,0,0.0
1870,311,5,0,0.0
1871,311,8,1,1.0
1872,312,1,1,1.0
1873,312,4,4,4.0
1874,312,5,5,5.0
1875,312,6,5,5.0
1876,312,7,5,5.0
1877,312,10,5,5.0
1878,313,0,0,0.0
1879,313,1,1,1.0
1880,313,3,3,3.0
1881,313,5,3,3.0
1882,313,7,3,3.0
1883,313,10,4,4.0
1884,314,1,1,1.0
1885,314,2,0,1.0
1886,314,3,0,1.0
1887,314,6,0,1.0
1888,314,8,0,1.0
1889,314,10,0,1.0
1890,315,0,0,0.0
1891,315,1,1,1.0
1892,315,4,2,2.0
1893,315,5,3,3.0
1894,315,6,2,3.0
1895,315,7,3,3.0
1896,316,0,0,0.0
1897,316,1,1,1.0
1898,316,2,0,1.0
1899,316,6,0,1.0
1900,316,7,1,1.0
1901,316,9,0,1.0
1902,317,0,0,0.0
1903,317,1,1,1.0
1904,317,3,0,1.0
1905,317,4,1,1.0
1906,317,5,2,2.0
1907,317,8,4,4.0
1908,318,2,0,0.0
1909,318,3,1,1.0
1910,318,4,0,1.0
1911,318,7,1,1.0
1912,318,8,1,1.0
1913,318,9,0,1.0
1914,319,0,0,0.0
1915,319,1,0,0.0
1916,319,3,1,1.0
1917,319,4,0,1.0
1918,319,5,1,1.0
1919,319,8,1,1.0
1920,320,0,0,0.0
1921,320,2,0,0.0
1922,320,3,1,1.0
1923,320,5,1,1.0
1924,320,8,0,1.0
1925,320,10,0,1.0
1926,321,0,0,0.0
1927,321,1,0,0.0
1928,321,3,2,2.0
1929,321,4,2,2.0
1930,321,6,3,3.0
1931,321,8,5,5.0
1932,322,0,0,0.0
1933,322,2,1,1.0
1934,322,5,1,1.0
1935,322,7,3,3.0
1936,322,9,1,3.0
1937,322,10,2,3.0
1938,323,1,1,1.0
1939,323,3,1,1.0
1940,323,4,0,1.0
1941,323,5,1,1.0
1942,323,7,0,1.0
1943,323,10,0,1.0
1944,324,1,0,0.0
1945,324,2,1,1.0
1946,324,3,2,2.0
1947,324,6,2,2.0
1948,324,7,2,2.0
1949,324,8,3,3.0
1950,325,1,1,1.0
1951,325,4,1,1.0
1952,325,6,3,3.0
1953,325,8,5,5.0
1954,325,9,5,5.0
1955,325,10,5,5.0
1956,326,1,0,0.0
1957,326,3,0,0.0
1958,326,5,0,0.0
1959,326,6,0,0.0
1960,326,8,0,0.0
1961,326,9,0,0.0
1962,327,0,0,0.0
1963,327,1,1,1.0
1964,327,2,0,1.0
1965,327,4,1,1.0
1966,327,5,0,1.0
1967,327,9,0,1.0
1968,328,1,0,0.0
1969,328,2,0,0.0
1970,328,3,0,0.0
1971,328,4,0,0.0
1972,328,6,0,0.0
1973,328,8,0,0.0
1974,329,1,1,1.0
1975,329,2,2,2.0
1976,329,4,4,4.0
1977,329,7,1,4.0
1978,329,9,3,4.0
1979,329,10,2,4.0
1980,330,1,0,0.0
1981,330,2,0,0.0
1982,330,5,0,0.0
1983,330,6,0,0.0
1984,330,8,0,0.0
1985,330,9,1,1.0
1986,331,2,2,2.0
1987,331,4,2,2.0
1988,331,5,1,2.0
1989,331,6,2,2.0
1990,331,9,3,3.0
1991,331,10,2,3.0
1992,332,2,2,2.0
1993,332,3,3,3.0
1994,332,6,5,5.0
1995,332,8,5,5.0
1996,332,9,5,5.0
1997,332,10,5,5.0
1998,333,1,0,0.0
1999,333,2,0,0.0
2000,333,3,0,0.0
2001,333,4,0,0.0
2002,333,9,1,1.0
2003,333,10,0,1.0
2004,334,0,0,0.0
2005,334,1,0,0.0
2006,334,3,1,1.0
2007,334,5,0,1.0
2008,334,7,0,1.0
2009,334,10,0,1.0
2010,335,0,0,0.0
2011,335,4,1,1.0
2012,335,6,1,1.0
2013,335,7,2,2.0
2014,335,8,3,3.0
2015,335,10,3,3.0
2016,336,1,1,1.0
2017,336,4,3,3.0
2018,336,5,3,3.0
2019,336,6,3,3.0
2020,336,8,3,3.0
2021,336,9,3,3.0
2022,337,1,0,0.0
2023,337,5,0,0.0
2024,337,6,0,0.0
2025,337,7,0,0.0
2026,337,9,0,0.0
2027,337,10,0,0.0
2028,338,0,0,0.0
2029,338,3,0,0.0
2030,338,6,0,0.0
2031,338,7,0,0.0
2032,338,8,0,0.0
2033,338,10,0,0.0
2034,339,1,1,1.0
2035,339,2,2,2.0
2036,339,3,1,2.0
2037,339,4,2,2.0
2038,339,6,2,2.0
2039,339,9,1,2.0
2040,340,0,0,0.0
2041,340,1,0,0.0
2042,340,6,1,1.0
2043,340,7,1,1.0
2044,340,9,0,1.0
2045,340,10,0,1.0
2046,341,1,0,0.0
2047,341,4,0,0.0
2048,341,5,0,0.0
2049,341,8,0,0.0
2050,341,9,0,0.0
2051,341,10,0,0.0
2052,342,1,0,0.0
2053,342,2,0,0.0
2054,342,3,0,0.0
2055,342,4,0,0.0
2056,342,7,0,0.0
2057,342,9,0,0.0
2058,343,0,0,0.0
2059,343,1,1,1.0
2060,343,3,1,1.0
2061,343,4,0,1.0
2062,343,6,0,1.0
2063,343,9,1,1.0
2064,344,3,1,1.0
2065,344,4,2,2.0
2066,344,5,3,3.0
2067,344,6,3,3.0
2068,344,7,4,4.0
2069,344,8,3,4.0
2070,345,1,0,0.0
2071,345,5,0,0.0
2072,345,6,0,0.0
2073,345,8,0,0.0
2074,345,9,0,0.0
2075,345,10,0,0.0
2076,346,3,1,1.0
2077,346,4,2,2.0
2078,346,5,1,2.0
2079,346,6,2,2.0
2080,346,9,1,2.0
2081,346,10,2,2.0
2082,347,1,0,0.0
2083,347,2,1,1.0
2084,347,3,2,2.0
2085,347,4,1,2.0
2086,347,6,1,2.0
2087,347,9,0,2.0
2088,348,0,0,0.0
2089,348,4,4,4.0
2090,348,5,5,5.0
2091,348,6,5,5.0
2092,348,9,5,5.0
2093,348,10,5,5.0
2094,349,5,2,2.0
2095,349,6,3,3.0
2096,349,7,2,3.0
2097,349,8,2,3.0
2098,349,9,1,3.0
2099,349,10,2,3.0
2100,350,2,0,0.0
2101,350,6,0,0.0
2102,350,7,0,0.0
2103,350,8,0,0.0
2104,350,9,0,0.0
2105,350,10,0,0.0
2106,351,0,0,0.0
2107,351,2,2,2.0
2108,351,3,3,3.0
2109,351,6,4,4.0
2110,351,7,5,5.0
2111,351,9,5,5.0
2112,352,3,0,0.0
2113,352,4,1,1.0
2114,352,5,2,2.0
2115,352,6,2,2.0
2116,352,8,4,4.0
2117,352,10,2,4.0
2118,353,0,0,0.0
2119,353,1,1,1.0
2120,353,2,2,2.0
2121,353,5,1,2.0
2122,353,6,2,2.0
2123,353,7,1,2.0
2124,354,1,1,1.0
2125,354,4,1,1.0
2126,354,5,2,2.0
2127,354,6,3,3.0
2128,354,8,5,5.0
2129,354,10,5,5.0
2130,355,0,0,0.0
2131,355,1,0,0.0
2132,355,3,0,0.0
2133,355,4,0,0.0
2134,355,8,0,0.0
2135,355,9,0,0.0
2136,356,0,0,0.0
2137,356,2,1,1.0
2138,356,3,0,1.0
2139,356,4,0,1.0
2140,356,9,0,1.0
2141,356,10,1,1.0
2142,357,2,0,0.0
2143,357,4,1,1.0
2144,357,6,2,2.0
2145,357,8,2,2.0
2146,357,9,2,2.0
2147,357,10,1,2.0
2148,358,0,0,0.0
2149,358,2,2,2.0
2150,358,3,3,3.0
2151,358,5,3,3.0
2152,358,6,4,4.0
2153,358,9,5,5.0
2154,359,0,0,0.0
2155,359,1,1,1.0
2156,359,2,2,2.0
2157,359,3,1,2.0
2158,359,6,2,2.0
2159,359,7,3,3.0
2160,360,0,0,0.0
2161,360,1,0,0.0
2162,360,3,1,1.0
2163,360,8,1,1.0
2164,360,9,1,1.0
2165,360,10,1,1.0
2166,361,0,0,0.0
2167,361,4,2,2.0
2168,361,6,3,3.0
2169,361,7,3,3.0
2170,361,8,3,3.0
2171,361,9,3,3.0
2172,362,1,1,1.0
2173,362,2,1,1.0
2174,362,6,1,1.0
2175,362,7,0,1.0
2176,362,8,1,1.0
2177,362,9,0,1.0
2178,363,0,0,0.0
2179,363,1,1,1.0
2180,363,5,1,1.0
2181,363,6,1,1.0
2182,363,8,1,1.0
2183,363,9,1,1.0
2184,364,0,0,0.0
2185,364,2,0,0.0
2186,364,4,0,0.0
2187,364,5,0,0.0
2188,364,7,0,0.0
2189,364,9,0,0.0
2190,365,4,0,0.0
2191,365,5,0,0.0
2192,365,7,0,0.0
2193,365,8,0,0.0
2194,365,9,0,0.0
2195,365,10,0,0.0
2196,366,2,0,0.0
2197,366,5,0,0.0
2198,366,7,0,0.0
2199,366,8,1,1.0
2200,366,9,0,1.0
2201,366,10,0,1.0
2202,367,0,0,0.0
2203,367,1,0,0.0
2204,367,2,0,0.0
2205,367,3,1,1.0
2206,367,6,2,2.0
2207,367,9,5,5.0
2208,368,0,0,0.0
2209,368,2,0,0.0
2210,368,4,2,2.0
2211,368,5,3,3.0
2212,368,7,2,3.0
2213,368,10,3,3.0
2214,369,1,0,0.0
2215,369,2,0,0.0
2216,369,6,0,0.0
2217,369,7,0,0.0
2218,369,9,0,0.0
2219,369,10,0,0.0
2220,370,2,2,2.0
2221,370,5,1,2.0
2222,370,6,2,2.0
2223,370,8,4,4.0
2224,370,9,3,4.0
2225,370,10,4,4.0
2226,371,2,2,2.0
2227,371,3,2,2.0
2228,371,5,2,2.0
2229,371,7,2,2.0
2230,371,8,2,2.0
2231,371,10,2,2.0
2232,372,1,0,0.0
2233,372,2,1,1.0
2234,372,6,0,1.0
2235,372,7,0,1.0
2236,372,8,0,1.0
2237,372,10,0,1.0
2238,373,0,0,0.0
2239,373,2,0,0.0
2240,373,3,1,1.0
2241,373,4,0,1.0
2242,373,5,1,1.0
2243,373,10,0,1.0
2244,374,0,0,0.0
2245,374,1,1,1.0
2246,374,3,1,1.0
2247,374,5,3,3.0
2248,374,7,3,3.0
2249,374,9,3,3.0
2250,375,1,1,1.0
2251,375,3,3,3.0
2252,375,5,2,3.0
2253,375,7,2,3.0
2254,375,8,3,3.0
2255,375,10,2,3.0
2256,376,3,2,2.0
2257,376,4,1,2.0
2258,376,5,0,2.0
2259,376,7,2,2.0
2260,376,8,1,2.0
2261,376,10,1,2.0
2262,377,1,1,1.0
2263,377,3,1,1.0
2264,377,4,2,2.0
2265,377,5,1,2.0
2266,377,6,0,2.0
2267,377,10,2,2.0
2268,378,1,1,1.0
2269,378,2,2,2.0
2270,378,3,1,2.0
2271,378,4,2,2.0
2272,378,8,3,3.0
2273,378,9,4,4.0
2274,379,0,0,0.0
2275,379,3,3,3.0
2276,379,4,2,3.0
2277,379,6,2,3.0
2278,379,7,3,3.0
2279,379,8,2,3.0
2280,380,0,0,0.0
2281,380,2,0,0.0
2282,380,3,0,0.0
2283,380,4,0,0.0
2284,380,5,0,0.0
2285,380,6,0,0.0
2286,381,0,0,0.0
2287,381,1,1,1.0
2288,381,2,2,2.0
2289,381,4,2,2.0
2290,381,6,2,2.0
2291,381,10,2,2.0
2292,382,0,0,0.0
2293,382,3,0,0.0
2294,382,5,0,0.0
2295,382,6,0,0.0
2296,382,7,0,0.0
2297,382,8,0,0.0
2298,383,0,0,0.0
2299,383,2,0,0.0
2300,383,3,0,0.0
2301,383,4,1,1.0
2302,383,7,0,1.0
2303,383,8,0,1.0
2304,384,0,0,0.0
2305,384,3,3,3.0
2306,384,4,2,3.0
2307,384,6,3,3.0
2308,384,8,3,3.0
2309,384,9,3,3.0
2310,385,4,0,0.0
2311,385,6,0,0.0
2312,385,7,0,0.0
2313,385,8,0,0.0
2314,385,9,0,0.0
2315,385,10,0,0.0
2316,386,0,0,0.0
2317,386,1,1,1.0
2318,386,3,1,1.0
2319,386,4,0,1.0
2320,386,8,1,1.0
2321,386,10,2,2.0
2322,387,1,0,0.0
2323,387,2,0,0.0
2324,387,4,1,1.0
2325,387,5,1,1.0
2326,387,6,0,1.0
2327,387,8,0,1.0
2328,388,0,0,0.0
2329,388,4,0,0.0
2330,388,5,0,0.0
2331,388,6,1,1.0
2332,388,7,0,1.0
2333,388,8,0,1.0
2334,389,0,0,0.0
2335,389,2,2,2.0
2336,389,4,4,4.0
2337,389,5,5,5.0
2338,389,7,5,5.0
2339,389,10,5,5.0
2340,390,2,0,0.0
2341,390,5,0,0.0
2342,390,6,0,0.0
2343,390,7,0,0.0
2344,390,8,0,0.0
2345,390,10,0,0.0
2346,391,1,0,0.0
2347,391,2,0,0.0
2348,391,4,0,0.0
2349,391,5,1,1.0
2350,391,8,1,1.0
2351,391,10,1,1.0
2352,392,2,1,1.0
2353,392,4,0,1.0
2354,392,6,2,2.0
2355,392,7,1,2.0
2356,392,9,1,2.0
2357,392,10,0,2.0
2358,393,1,0,0.0
2359,393,2,0,0.0
2360,393,4,0,0.0
2361,393,6,0,0.0
2362,393,8,0,0.0
2363,393,9,0,0.0
2364,394,2,1,1.0
2365,394,3,2,2.0
2366,394,4,2,2.0
2367,394,6,2,2.0
2368,394,7,2,2.0
2369,394,8,2,2.0
2370,395,0,0,0.0
2371,395,1,0,0.0
2372,395,2,0,0.0
2373,395,5,0,0.0
2374,395,9,0,0.0
2375,395,10,0,0.0
2376,396,1,1,1.0
2377,396,3,1,1.0
2378,396,5,1,1.0
2379,396,6,0,1.0
2380,396,7,1,1.0
2381,396,10,2,2.0
2382,397,0,0,0.0
2383,397,1,1,1.0
2384,397,2,2,2.0
2385,397,4,2,2.0
2386,397,6,2,2.0
2387,397,10,4,4.0
2388,398,0,0,0.0
2389,398,2,1,1.0
2390,398,5,4,4.0
2391,398,6,5,5.0
2392,398,7,5,5.0
2393,398,9,5,5.0
2394,399,2,2,2.0
2395,399,3,1,2.0
2396,399,4,2,2.0
2397,399,5,1,2.0
2398,399,7,1,2.0
2399,399,8,2,2.0
2400,400,0,0,0.0
2401,400,4,0,0.0
2402,400,6,2,2.0
2403,400,7,1,2.0
2404,400,8,0,2.0
2405,400,9,1,2.0
2406,401,1,1,1.0
2407,401,3,1,1.0
2408,401,5,1,1.0
2409,401,7,1,1.0
2410,401,8,2,2.0
2411,401,10,2,2.0
2412,402,0,0,0.0
2413,402,2,2,2.0
2414,402,3,1,2.0
2415,402,4,2,2.0
2416,402,6,2,2.0
2417,402,7,1,2.0
2418,403,2,2,2.0
2419,403,4,2,2.0
2420,403,5,1,2.0
2421,403,7,1,2.0
2422,403,8,0,2.0
2423,403,9,1,2.0
2424,404,0,0,0.0
2425,404,1,1,1.0
2426,404,2,1,1.0
2427,404,3,1,1.0
2428,404,5,1,1.0
2429,404,6,0,1.0
2430,405,0,0,0.0
2431,405,4,2,2.0
2432,405,5,3,3.0
2433,405,6,4,4.0
2434,405,8,5,5.0
2435,405,9,5,5.0
2436,406,1,0,0.0
2437,406,2,0,0.0
2438,406,3,1,1.0
2439,406,4,2,2.0
2440,406,7,3,3.0
2441,406,10,2,3.0
2442,407,1,0,0.0
2443,407,2,1,1.0
2444,407,3,0,1.0
2445,407,5,1,1.0
2446,407,8,0,1.0
2447,407,10,0,1.0
2448,408,1,0,0.0
2449,408,3,0,0.0
2450,408,5,2,2.0
2451,408,6,3,3.0
2452,408,7,4,4.0
2453,408,10,5,5.0
2454,409,1,1,1.0
2455,409,2,2,2.0
2456,409,5,4,4.0
2457,409,6,4,4.0
2458,409,7,4,4.0
2459,409,8,5,5.0
2460,410,0,0,0.0
2461,410,2,2,2.0
2462,410,3,1,2.0
2463,410,4,2,2.0
2464,410,5,1,2.0
2465,410,9,2,2.0
2466,411,0,0,0.0
2467,411,1,0,0.0
2468,411,3,0,0.0
2469,411,4,0,0.0
2470,411,7,0,0.0
2471,411,8,0,0.0
2472,412,0,0,0.0
2473,412,1,0,0.0
2474,412,2,0,0.0
2475,412,3,0,0.0
2476,412,5,1,1.0
2477,412,6,0,1.0
2478,413,1,0,0.0
2479,413,2,0,0.0
2480,413,3,0,0.0
2481,413,4,0,0.0
2482,413,7,0,0.0
2483,413,10,0,0.0
2484,414,0,0,0.0
2485,414,5,3,3.0
2486,414,6,2,3.0
2487,414,7,3,3.0
2488,414,8,2,3.0
2489,414,10,2,3.0
2490,415,3,2,2.0
2491,415,4,1,2.0
2492,415,5,2,2.0
2493,415,6,3,3.0
2494,415,9,3,3.0
2495,415,10,4,4.0
2496,416,1,1,1.0
2497,416,2,0,1.0
2498,416,4,0,1.0
2499,416,5,1,1.0
2500,416,6,1,1.0
2501,416,10,0,1.0
2502,417,0,0,0.0
2503,417,2,0,0.0
2504,417,3,1,1.0
2505,417,7,0,1.0
2506,417,9,0,1.0
2507,417,10,1,1.0
2508,418,0,0,0.0
2509,418,2,0,0.0
2510,418,3,0,0.0
2511,418,5,0,0.0
2512,418,6,0,0.0
2513,418,9,0,0.0
2514,419,0,0,0.0
2515,419,1,0,0.0
2516,419,3,0,0.0
2517,419,4,0,0.0
2518,419,8,0,0.0
2519,419,9,0,0.0
2520,420,0,0,0.0
2521,420,2,0,0.0
2522,420,3,0,0.0
2523,420,5,0,0.0
2524,420,8,0,0.0
2525,420,10,0,0.0
2526,421,0,0,0.0
2527,421,2,2,2.0
2528,421,3,3,3.0
2529,421,4,2,3.0
2530,421,6,2,3.0
2531,421,10,2,3.0
2532,422,0,0,0.0
2533,422,1,0,0.0
2534,422,2,0,0.0
2535,422,6,0,0.0
2536,422,8,0,0.0
2537,422,10,0,0.0
2538,423,0,0,0.0
2539,423,1,1,1.0
2540,423,2,0,1.0
2541,423,3,1,1.0
2542,423,6,0,1.0
2543,423,8,0,1.0
2544,424,0,0,0.0
2545,424,1,0,0.0
2546,424,5,0,0.0
2547,424,6,0,0.0
2548,424,7,0,0.0
2549,424,8,0,0.0
2550,425,1,1,1.0
2551,425,4,1,1.0
2552,425,5,0,1.0
2553,425,6,1,1.0
2554,425,7,0,1.0
2555,425,10,1,1.0
2556,426,1,1,1.0
2557,426,2,0,1.0
2558,426,4,0,1.0
2559,426,6,0,1.0
2560,426,7,1,1.0
2561,426,8,0,1.0
2562,427,1,0,0.0
2563,427,2,0,0.0
2564,427,3,0,0.0
2565,427,4,0,0.0
2566,427,5,0,0.0
2567,427,10,0,0.0
2568,428,0,0,0.0
2569,428,2,0,0.0
2570,428,4,0,0.0
2571,428,5,0,0.0
2572,428,7,0,0.0
2573,428,9,0,0.0
2574,429,0,0,0.0
2575,429,2,0,0.0
2576,429,4,0,0.0
2577,429,8,1,1.0
2578,429,9,0,1.0
2579,429,10,1,1.0
2580,430,0,0,0.0
2581,430,1,1,1.0
2582,430,2,2,2.0
2583,430,3,3,3.0
2584,430,8,2,3.0
2585,430,10,1,3.0
2586,431,0,0,0.0
2587,431,4,2,2.0
2588,431,6,2,2.0
2589,431,8,3,3.0
2590,431,9,4,4.0
2591,431,10,3,4.0
2592,432,0,0,0.0
2593,432,3,1,1.0
2594,432,5,1,1.0
2595,432,6,0,1.0
2596,432,8,0,1.0
2597,432,9,1,1.0
2598,433,0,0,0.0
2599,433,3,1,1.0
2600,433,4,2,2.0
2601,433,6,1,2.0
2602,433,7,2,2.0
2603,433,8,1,2.0
2604,434,2,0,0.0
2605,434,4,0,0.0
2606,434,6,1,1.0
2607,434,7,1,1.0
2608,434,8,0,1.0
2609,434,9,1,1.0
2610,435,2,0,0.0
2611,435,5,1,1.0
2612,435,6,0,1.0
2613,435,7,1,1.0
2614,435,8,2,2.0
2615,435,10,2,2.0
2616,436,0,0,0.0
2617,436,1,0,0.0
2618,436,4,0,0.0
2619,436,5,0,0.0
2620,436,7,1,1.0
2621,436,8,2,2.0
2622,437,0,0,0.0
2623,437,1,0,0.0
2624,437,3,0,0.0
2625,437,7,0,0.0
2626,437,9,0,0.0
2627,437,10,0,0.0
2628,438,0,0,0.0
2629,438,1,1,1.0
2630,438,2,0,1.0
2631,438,6,2,2.0
2632,438,7,1,2.0
2633,438,8,0,2.0
2634,439,1,1,1.0
2635,439,2,2,2.0
2636,439,4,2,2.0
2637,439,5,1,2.0
2638,439,6,2,2.0
2639,439,8,2,2.0
2640,440,0,0,0.0
2641,440,1,1,1.0
2642,440,5,1,1.0
2643,440,7,3,3.0
2644,440,8,4,4.0
2645,440,9,3,4.0
2646,441,4,4,4.0
2647,441,6,3,4.0
2648,441,7,4,4.0
2649,441,8,3,4.0
2650,441,9,4,4.0
2651,441,10,3,4.0
2652,442,0,0,0.0
2653,442,3,1,1.0
2654,442,4,1,1.0
2655,442,5,1,1.0
2656,442,7,1,1.0
2657,442,8,1,1.0
2658,443,1,0,0.0
2659,443,3,0,0.0
2660,443,5,0,0.0
2661,443,7,0,0.0
2662,443,9,0,0.0
2663,443,10,0,0.0
2664,444,1,1,1.0
2665,444,3,1,1.0
2666,444,4,2,2.0
2667,444,5,2,2.0
2668,444,8,0,2.0
2669,444,10,0,2.0
2670,445,0,0,0.0
2671,445,1,1,1.0
2672,445,4,3,3.0
2673,445,6,3,3.0
2674,445,8,3,3.0
2675,445,10,3,3.0
2676,446,0,0,0.0
2677,446,3,2,2.0
2678,446,6,5,5.0
2679,446,7,5,5.0
2680,446,9,5,5.0
2681,446,10,5,5.0
2682,447,1,1,1.0
2683,447,2,0,1.0
2684,447,5,1,1.0
2685,447,7,1,1.0
2686,447,8,0,1.0
2687,447,9,1,1.0
2688,448,0,0,0.0
2689,448,1,1,1.0
2690,448,3,1,1.0
2691,448,8,2,2.0
2692,448,9,3,3.0
2693,448,10,4,4.0
2694,449,0,0,0.0
2695,449,1,1,1.0
2696,449,2,2,2.0
2697,449,3,1,2.0
2698,449,9,5,5.0
2699,449,10,5,5.0
2700,450,3,0,0.0
2701,450,6,0,0.0
2702,450,7,0,0.0
2703,450,8,0,0.0
2704,450,9,0,0.0
2705,450,10,0,0.0
2706,451,0,0,0.0
2707,451,1,1,1.0
2708,451,2,2,2.0
2709,451,5,5,5.0
2710,451,6,5,5.0
2711,451,7,5,5.0
2712,452,1,1,1.0
2713,452,2,2,2.0
2714,452,4,4,4.0
2715,452,7,2,4.0
2716,452,8,1,4.0
2717,452,10,3,4.0
2718,453,0,0,0.0
2719,453,2,0,0.0
2720,453,4,0,0.0
2721,453,6,0,0.0
2722,453,8,0,0.0
2723,453,10,0,0.0
2724,454,0,0,0.0
2725,454,1,1,1.0
2726,454,2,0,1.0
2727,454,5,1,1.0
2728,454,6,2,2.0
2729,454,9,2,2.0
2730,455,1,1,1.0
2731,455,3,1,1.0
2732,455,5,1,1.0
2733,455,8,1,1.0
2734,455,9,1,1.0
2735,455,10,1,1.0
2736,456,0,0,0.0
2737,456,1,0,0.0
2738,456,3,2,2.0
2739,456,4,1,2.0
2740,456,7,2,2.0
2741,456,9,2,2.0
2742,457,1,0,0.0
2743,457,2,0,0.0
2744,457,3,0,0.0
2745,457,5,0,0.0
2746,457,6,0,0.0
2747,457,8,0,0.0
2748,458,0,0,0.0
2749,458,1,0,0.0
2750,458,5,0,0.0
2751,458,6,0,0.0
2752,458,7,0,0.0
2753,458,8,0,0.0
2754,459,0,0,0.0
2755,459,2,0,0.0
2756,459,3,1,1.0
2757,459,6,4,4.0
2758,459,8,4,4.0
2759,459,9,5,5.0
2760,460,0,0,0.0
2761,460,4,0,0.0
2762,460,6,0,0.0
2763,460,8,0,0.0
2764,460,9,0,0.0
2765,460,10,0,0.0
2766,461,0,0,0.0
2767,461,2,1,1.0
2768,461,4,1,1.0
2769,461,5,1,1.0
2770,461,6,1,1.0
2771,461,8,1,1.0
2772,462,0,0,0.0
2773,462,2,0,0.0
2774,462,3,1,1.0
2775,462,6,0,1.0
2776,462,7,1,1.0
2777,462,9,1,1.0
2778,463,0,0,0.0
2779,463,4,0,0.0
2780,463,5,0,0.0
2781,463,6,0,0.0
2782,463,9,0,0.0
2783,463,10,0,0.0
2784,464,0,0,0.0
2785,464,1,1,1.0
2786,464,2,1,1.0
2787,464,6,1,1.0
2788,464,7,0,1.0
2789,464,10,1,1.0
2790,465,1,0,0.0
2791,465,2,0,0.0
2792,465,4,0,0.0
2793,465,6,0,0.0
2794,465,8,0,0.0
2795,465,10,0,0.0
2796,466,2,2,2.0
2797,466,3,3,3.0
2798,466,4,4,4.0
2799,466,5,5,5.0
2800,466,6,5,5.0
2801,466,9,5,5.0
2802,467,2,0,0.0
2803,467,3,0,0.0
2804,467,4,1,1.0
2805,467,5,0,1.0
2806,467,7,0,1.0
2807,467,9,0,1.0
2808,468,1,0,0.0
2809,468,3,0,0.0
2810,468,5,0,0.0
2811,468,7,0,0.0
2812,468,9,0,0.0
2813,468,10,0,0.0
2814,469,1,1,1.0
2815,469,5,4,4.0
2816,469,7,4,4.0
2817,469,8,3,4.0
2818,469,9,4,4.0
2819,469,10,3,4.0
2820,470,0,0,0.0
2821,470,2,0,0.0
2822,470,3,0,0.0
2823,470,4,0,0.0
2824,470,5,0,0.0
2825,470,8,0,0.0
2826,471,2,0,0.0
2827,471,3,0,0.0
2828,471,4,0,0.0
2829,471,7,0,0.0
2830,471,9,0,0.0
2831,471,10,0,0.0
2832,472,2,2,2.0
2833,472,3,3,3.0
2834,472,4,4,4.0
2835,472,5,3,4.0
2836,472,6,4,4.0
2837,472,7,3,4.0
2838,473,1,0,0.0
2839,473,2,0,0.0
2840,473,3,0,0.0
2841,473,5,0,0.0
2842,473,6,0,0.0
2843,473,7,1,1.0
2844,474,1,1,1.0
2845,474,3,2,2.0
2846,474,6,1,2.0
2847,474,8,2,2.0
2848,474,9,1,2.0
2849,474,10,1,2.0
2850,475,1,0,0.0
2851,475,2,0,0.0
2852,475,3,0,0.0
2853,475,4,0,0.0
2854,475,6,0,0.0
2855,475,7,0,0.0
2856,476,1,1,1.0
2857,476,2,2,2.0
2858,476,3,3,3.0
2859,476,5,3,3.0
2860,476,6,2,3.0
2861,476,10,2,3.0
2862,477,1,0,0.0
2863,477,2,0,0.0
2864,477,3,0,0.0
2865,477,6,0,0.0
2866,477,7,0,0.0
2867,477,9,0,0.0
2868,478,0,0,0.0
2869,478,1,1,1.0
2870,478,4,0,1.0
2871,478,6,1,1.0
2872,478,9,0,1.0
2873,478,10,1,1.0
2874,479,0,0,0.0
2875,479,1,1,1.0
2876,479,3,3,3.0
2877,479,5,2,3.0
2878,479,6,3,3.0
2879,479,8,3,3.0
2880,480,0,0,0.0
2881,480,1,1,1.0
2882,480,2,2,2.0
2883,480,6,5,5.0
2884,480,8,5,5.0
2885,480,9,5,5.0
2886,481,1,1,1.0
2887,481,3,1,1.0
2888,481,5,1,1.0
2889,481,7,1,1.0
2890,481,8,2,2.0
2891,481,9,1,2.0
2892,482,0,0,0.0
2893,482,2,0,0.0
2894,482,5,2,2.0
2895,482,6,1,2.0
2896,482,9,0,2.0
2897,482,10,1,2.0
2898,483,0,0,0.0
2899,483,2,2,2.0
2900,483,3,3,3.0
2901,483,4,4,4.0
2902,483,7,3,4.0
2903,483,9,1,4.0
2904,484,1,0,0.0
2905,484,4,0,0.0
2906,484,6,0,0.0
2907,484,7,0,0.0
2908,484,9,0,0.0
2909,484,10,0,0.0
2910,485,1,0,0.0
2911,485,2,0,0.0
2912,485,3,0,0.0
2913,485,5,0,0.0
2914,485,7,0,0.0
2915,485,9,0,0.0
2916,486,0,0,0.0
2917,486,2,0,0.0
2918,486,3,0,0.0
2919,486,5,0,0.0
2920,486,6,0,0.0
2921,486,10,2,2.0
2922,487,1,0,0.0
2923,487,2,1,1.0
2924,487,5,4,4.0
2925,487,6,5,5.0
2926,487,8,5,5.0
2927,487,10,5,5.0
2928,488,0,0,0.0
2929,488,3,3,3.0
2930,488,6,2,3.0
2931,488,7,3,3.0
2932,488,8,2,3.0
2933,488,10,2,3.0
2934,489,0,0,0.0
2935,489,2,2,2.0
2936,489,4,2,2.0
2937,489,5,2,2.0
2938,489,6,3,3.0
2939,489,8,2,3.0
2940,490,2,2,2.0
2941,490,4,2,2.0
2942,490,5,1,2.0
2943,490,7,1,2.0
2944,490,8,2,2.0
2945,490,10,2,2.0
2946,491,2,2,2.0
2947,491,4,4,4.0
2948,491,6,4,4.0
2949,491,7,3,4.0
2950,491,8,2,4.0
2951,491,9,1,4.0
2952,492,0,0,0.0
2953,492,2,1,1.0
2954,492,5,2,2.0
2955,492,6,3,3.0
2956,492,7,3,3.0
2957,492,10,3,3.0
2958,493,1,0,0.0
2959,493,2,0,0.0
2960,493,4,0,0.0
2961,493,5,0,0.0
2962,493,6,0,0.0
2963,493,7,0,0.0
2964,494,2,2,2.0
2965,494,3,1,2.0
2966,494,5,1,2.0
2967,494,7,1,2.0
2968,494,8,2,2.0
2969,494,9,3,3.0
2970,495,1,1,1.0
2971,495,4,0,1.0
2972,495,5,1,1.0
2973,495,6,2,2.0
2974,495,9,3,3.0
2975,495,10,2,3.0
2976,496,0,0,0.0
2977,496,1,1,1.0
2978,496,4,3,3.0
2979,496,5,4,4.0
2980,496,7,3,4.0
2981,496,10,2,4.0
2982,497,1,0,0.0
2983,497,3,0,0.0
2984,497,5,1,1.0
2985,497,6,1,1.0
2986,497,8,0,1.0
2987,497,10,0,1.0
2988,498,0,0,0.0
2989,498,3,0,0.0
2990,498,4,0,0.0
2991,498,5,0,0.0
2992,498,6,0,0.0
2993,498,8,0,0.0
2994,499,1,1,1.0
2995,499,2,2,2.0
2996,499,6,5,5.0
2997,499,8,5,5.0
2998,499,9,5,5.0
2999,499,10,5,5.0
3000,500,5,3,3.0
3001,500,6,4,4.0
3002,500,7,3,4.0
3003,500,8,2,4.0
3004,500,9,3,4.0
3005,500,10,4,4.0
3006,501,0,0,0.0
3007,501,1,1,1.0
3008,501,2,2,2.0
3009,501,3,3,3.0
3010,501,4,2,3.0
3011,501,6,4,4.0
3012,502,0,0,0.0
3013,502,3,3,3.0
3014,502,4,4,4.0
3015,502,5,4,4.0
3016,502,6,3,4.0
3017,502,9,5,5.0
3018,503,0,0,0.0
3019,503,1,1,1.0
3020,503,5,5,5.0
3021,503,7,5,5.0
3022,503,9,5,5.0
3023,503,10,5,5.0
3024,504,1,0,0.0
3025,504,2,0,0.0
3026,504,5,0,0.0
3027,504,6,0,0.0
3028,504,7,0,0.0
3029,504,9,0,0.0
3030,505,1,1,1.0
3031,505,2,0,1.0
3032,505,4,0,1.0
3033,505,8,0,1.0
3034,505,9,1,1.0
3035,505,10,0,1.0
3036,506,0,0,0.0
3037,506,3,3,3.0
3038,506,4,4,4.0
3039,506,5,5,5.0
3040,506,7,5,5.0
3041,506,10,5,5.0
3042,507,1,0,0.0
3043,507,2,1,1.0
3044,507,4,1,1.0
3045,507,7,1,1.0
3046,507,8,2,2.0
3047,507,9,1,2.0
3048,508,2,1,1.0
3049,508,6,1,1.0
3050,508,7,2,2.0
3051,508,8,3,3.0
3052,508,9,4,4.0
3053,508,10,5,5.0
3054,509,0,0,0.0
3055,509,3,1,1.0
3056,509,5,0,1.0
3057,509,6,1,1.0
3058,509,8,1,1.0
3059,509,9,2,2.0
3060,510,1,0,0.0
3061,510,3,0,0.0
3062,510,4,0,0.0
3063,510,5,0,0.0
3064,510,7,1,1.0
3065,510,9,0,1.0
3066,511,1,1,1.0
3067,511,2,1,1.0
3068,511,3,1,1.0
3069,511,6,2,2.0
3070,511,7,1,2.0
3071,511,8,1,2.0
3072,512,0,0,0.0
3073,512,2,0,0.0
3074,512,3,0,0.0
3075,512,6,1,1.0
3076,512,7,0,1.0
3077,512,9,0,1.0
3078,513,1,0,0.0
3079,513,2,0,0.0
3080,513,6,0,0.0
3081,513,7,0,0.0
3082,513,8,0,0.0
3083,513,10,0,0.0
3084,514,1,1,1.0
3085,514,5,2,2.0
3086,514,6,3,3.0
3087,514,7,3,3.0
3088,514,8,3,3.0
3089,514,9,2,3.0
3090,515,0,0,0.0
3091,515,1,1,1.0
3092,515,6,1,1.0
3093,515,7,2,2.0
3094,515,8,3,3.0
3095,515,10,3,3.0
3096,516,1,0,0.0
3097,516,3,0,0.0
3098,516,4,0,0.0
3099,516,6,0,0.0
3100,516,7,0,0.0
3101,516,9,0,0.0
3102,517,0,0,0.0
3103,517,3,0,0.0
3104,517,4,0,0.0
3105,517,5,0,0.0
3106,517,7,1,1.0
3107,517,8,2,2.0
3108,518,0,0,0.0
3109,518,2,0,0.0
3110,518,3,0,0.0
3111,518,5,0,0.0
3112,518,6,0,0.0
3113,518,7,0,0.0
3114,519,1,1,1.0
3115,519,2,2,2.0
3116,519,4,2,2.0
3117,519,5,1,2.0
3118,519,9,1,2.0
3119,519,10,2,2.0
3120,520,0,0,0.0
3121,520,2,2,2.0
3122,520,3,1,2.0
3123,520,5,1,2.0
3124,520,6,0,2.0
3125,520,10,2,2.0
3126,521,2,2,2.0
3127,521,3,1,2.0
3128,521,5,1,2.0
3129,521,6,2,2.0
3130,521,7,1,2.0
3131,521,8,2,2.0
3132,522,0,0,0.0
3133,522,1,0,0.0
3134,522,2,0,0.0
3135,522,7,0,0.0
3136,522,9,0,0.0
3137,522,10,0,0.0
3138,523,0,0,0.0
3139,523,1,0,0.0
3140,523,2,1,1.0
3141,523,4,0,1.0
3142,523,7,1,1.0
3143,523,9,1,1.0
3144,524,0,0,0.0
3145,524,1,1,1.0
3146,524,3,1,1.0
3147,524,7,4,4.0
3148,524,8,5,5.0
3149,524,9,5,5.0
3150,525,3,1,1.0
3151,525,4,2,2.0
3152,525,5,1,2.0
3153,525,7,1,2.0
3154,525,8,2,2.0
3155,525,9,3,3.0
3156,526,0,0,0.0
3157,526,1,1,1.0
3158,526,4,1,1.0
3159,526,6,3,3.0
3160,526,9,2,3.0
3161,526,10,3,3.0
3162,527,0,0,0.0
3163,527,3,0,0.0
3164,527,4,0,0.0
3165,527,5,0,0.0
3166,527,7,0,0.0
3167,527,9,0,0.0
3168,528,0,0,0.0
3169,528,1,1,1.0
3170,528,4,1,1.0
3171,528,7,3,3.0
3172,528,9,3,3.0
3173,528,10,3,3.0
3174,529,1,0,0.0
3175,529,2,1,1.0
3176,529,7,4,4.0
3177,529,8,4,4.0
3178,529,9,5,5.0
3179,529,10,5,5.0
3180,530,0,0,0.0
3181,530,2,2,2.0
3182,530,3,1,2.0
3183,530,6,0,2.0
3184,530,7,1,2.0
3185,530,10,2,2.0
3186,531,0,0,0.0
3187,531,2,2,2.0
3188,531,3,3,3.0
3189,531,4,4,4.0
3190,531,5,4,4.0
3191,531,6,3,4.0
3192,532,0,0,0.0
3193,532,3,1,1.0
3194,532,5,1,1.0
3195,532,6,2,2.0
3196,532,7,1,2.0
3197,532,10,2,2.0
3198,533,1,1,1.0
3199,533,5,4,4.0
3200,533,6,3,4.0
3201,533,7,4,4.0
3202,533,8,3,4.0
3203,533,9,4,4.0
3204,534,0,0,0.0
3205,534,1,1,1.0
3206,534,2,1,1.0
3207,534,3,1,1.0
3208,534,7,2,2.0
3209,534,10,2,2.0
3210,535,0,0,0.0
3211,535,1,0,0.0
3212,535,4,1,1.0
3213,535,6,1,1.0
3214,535,8,2,2.0
3215,535,10,1,2.0
3216,536,0,0,0.0
3217,536,1,1,1.0
3218,536,2,0,1.0
3219,536,3,0,1.0
3220,536,8,4,4.0
3221,536,9,3,4.0
3222,537,0,0,0.0
3223,537,4,3,3.0
3224,537,6,4,4.0
3225,537,7,5,5.0
3226,537,8,5,5.0
3227,537,10,5,5.0
3228,538,0,0,0.0
3229,538,3,0,0.0
3230,538,4,0,0.0
3231,538,6,0,0.0
3232,538,9,0,0.0
3233,538,10,0,0.0
3234,539,0,0,0.0
3235,539,1,1,1.0
3236,539,5,1,1.0
3237,539,6,0,1.0
3238,539,7,1,1.0
3239,539,9,1,1.0
3240,540,0,0,0.0
3241,540,1,1,1.0
3242,540,6,2,2.0
3243,540,7,3,3.0
3244,540,8,2,3.0
3245,540,9,2,3.0
3246,541,0,0,0.0
3247,541,2,1,1.0
3248,541,6,2,2.0
3249,541,7,1,2.0
3250,541,8,2,2.0
3251,541,10,2,2.0
3252,542,2,1,1.0
3253,542,3,0,1.0
3254,542,4,1,1.0
3255,542,5,0,1.0
3256,542,6,1,1.0
3257,542,9,1,1.0
3258,543,0,0,0.0
3259,543,2,1,1.0
3260,543,5,0,1.0
3261,543,7,1,1.0
3262,543,8,0,1.0
3263,543,9,1,1.0
3264,544,1,0,0.0
3265,544,3,2,2.0
3266,544,5,4,4.0
3267,544,6,4,4.0
3268,544,7,3,4.0
3269,544,9,3,4.0
3270,545,5,3,3.0
3271,545,6,2,3.0
3272,545,7,3,3.0
3273,545,8,2,3.0
3274,545,9,3,3.0
3275,545,10,3,3.0
3276,546,2,1,1.0
3277,546,5,1,1.0
3278,546,6,1,1.0
3279,546,7,1,1.0
3280,546,8,1,1.0
3281,546,9,0,1.0
3282,547,0,0,0.0
3283,547,2,1,1.0
3284,547,7,5,5.0
3285,547,8,5,5.0
3286,547,9,5,5.0
3287,547,10,5,5.0
3288,548,0,0,0.0
3289,548,2,1,1.0
3290,548,6,3,3.0
3291,548,7,4,4.0
3292,548,8,4,4.0
3293,548,10,4,4.0
3294,549,1,1,1.0
3295,549,2,1,1.0
3296,549,3,2,2.0
3297,549,5,1,2.0
3298,549,6,1,2.0
3299,549,9,1,2.0
3300,550,1,0,0.0
3301,550,4,0,0.0
3302,550,5,0,0.0
3303,550,6,0,0.0
3304,550,9,0,0.0
3305,550,10,0,0.0
3306,551,1,1,1.0
3307,551,2,2,2.0
3308,551,3,2,2.0
3309,551,4,2,2.0
3310,551,6,2,2.0
3311,551,8,1,2.0
3312,552,0,0,0.0
3313,552,1,0,0.0
3314,552,2,0,0.0
3315,552,6,0,0.0
3316,552,8,0,0.0
3317,552,9,0,0.0
3318,553,0,0,0.0
3319,553,2,0,0.0
3320,553,3,1,1.0
3321,553,4,0,1.0
3322,553,6,2,2.0
3323,553,7,1,2.0
3324,554,0,0,0.0
3325,554,3,1,1.0
3326,554,4,0,1.0
3327,554,5,1,1.0
3328,554,6,0,1.0
3329,554,9,1,1.0
3330,555,0,0,0.0
3331,555,4,0,0.0
3332,555,5,1,1.0
3333,555,8,0,1.0
3334,555,9,1,1.0
3335,555,10,1,1.0
3336,556,0,0,0.0
3337,556,2,1,1.0
3338,556,3,1,1.0
3339,556,6,1,1.0
3340,556,7,1,1.0
3341,556,9,3,3.0
3342,557,0,0,0.0
3343,557,4,3,3.0
3344,557,6,5,5.0
3345,557,7,5,5.0
3346,557,9,5,5.0
3347,557,10,5,5.0
3348,558,1,1,1.0
3349,558,2,1,1.0
3350,558,3,1,1.0
3351,558,5,1,1.0
3352,558,6,2,2.0
3353,558,7,1,2.0
3354,559,4,0,0.0
3355,559,5,1,1.0
3356,559,6,1,1.0
3357,559,8,2,2.0
3358,559,9,3,3.0
3359,559,10,3,3.0
3360,560,0,0,0.0
3361,560,1,1,1.0
3362,560,2,2,2.0
3363,560,3,1,2.0
3364,560,9,1,2.0
3365,560,10,2,2.0
3366,561,2,2,2.0
3367,561,3,2,2.0
3368,561,5,3,3.0
3369,561,6,2,3.0
3370,561,7,2,3.0
3371,561,10,2,3.0
3372,562,1,0,0.0
3373,562,2,1,1.0
3374,562,3,0,1.0
3375,562,6,0,1.0
3376,562,7,0,1.0
3377,562,8,0,1.0
3378,563,0,0,0.0
3379,563,1,1,1.0
3380,563,3,1,1.0
3381,563,5,3,3.0
3382,563,9,5,5.0
3383,563,10,5,5.0
3384,564,2,0,0.0
3385,564,3,1,1.0
3386,564,4,0,1.0
3387,564,7,1,1.0
3388,564,8,0,1.0
3389,564,9,1,1.0
3390,565,0,0,0.0
3391,565,1,1,1.0
3392,565,2,1,1.0
3393,565,4,3,3.0
3394,565,7,1,3.0
3395,565,9,1,3.0
3396,566,0,0,0.0
3397,566,3,2,2.0
3398,566,6,3,3.0
3399,566,7,4,4.0
3400,566,8,3,4.0
3401,566,10,3,4.0
3402,567,0,0,0.0
3403,567,4,4,4.0
3404,567,6,3,4.0
3405,567,8,3,4.0
3406,567,9,2,4.0
3407,567,10,3,4.0
3408,568,1,1,1.0
3409,568,2,2,2.0
3410,568,5,1,2.0
3411,568,6,2,2.0
3412,568,7,1,2.0
3413,568,8,2,2.0
3414,569,2,2,2.0
3415,569,4,4,4.0
3416,569,5,3,4.0
3417,569,8,2,4.0
3418,569,9,3,4.0
3419,569,10,4,4.0
3420,570,0,0,0.0
3421,570,2,2,2.0
3422,570,3,3,3.0
3423,570,5,3,3.0
3424,570,6,2,3.0
3425,570,7,3,3.0
3426,571,1,1,1.0
3427,571,3,3,3.0
3428,571,4,4,4.0
3429,571,5,3,4.0
3430,571,7,3,4.0
3431,571,9,3,4.0
3432,572,1,1,1.0
3433,572,2,2,2.0
3434,572,3,3,3.0
3435,572,7,3,3.0
3436,572,8,2,3.0
3437,572,9,3,3.0
3438,573,1,0,0.0
3439,573,2,1,1.0
3440,573,3,1,1.0
3441,573,6,1,1.0
3442,573,9,1,1.0
3443,573,10,0,1.0
3444,574,0,0,0.0
3445,574,1,1,1.0
3446,574,2,2,2.0
3447,574,3,1,2.0
3448,574,4,2,2.0
3449,574,5,1,2.0
3450,575,1,1,1.0
3451,575,2,2,2.0
3452,575,5,3,3.0
3453,575,7,4,4.0
3454,575,8,4,4.0
3455,575,9,4,4.0
3456,576,1,0,0.0
3457,576,2,0,0.0
3458,576,4,0,0.0
3459,576,5,0,0.0
3460,576,6,0,0.0
3461,576,10,0,0.0
3462,577,0,0,0.0
3463,577,1,1,1.0
3464,577,4,3,3.0
3465,577,7,4,4.0
3466,577,9,4,4.0
3467,577,10,4,4.0
3468,578,1,1,1.0
3469,578,2,1,1.0
3470,578,4,3,3.0
3471,578,5,2,3.0
3472,578,7,2,3.0
3473,578,8,2,3.0
3474,579,0,0,0.0
3475,579,1,1,1.0
3476,579,6,4,4.0
3477,579,7,3,4.0
3478,579,8,4,4.0
3479,579,10,4,4.0
3480,580,0,0,0.0
3481,580,2,2,2.0
3482,580,3,2,2.0
3483,580,4,2,2.0
3484,580,5,3,3.0
3485,580,8,5,5.0
3486,581,0,0,0.0
3487,581,2,2,2.0
3488,581,3,2,2.0
3489,581,7,2,2.0
3490,581,8,1,2.0
3491,581,9,0,2.0
3492,582,1,0,0.0
3493,582,2,0,0.0
3494,582,3,0,0.0
3495,582,4,1,1.0
3496,582,6,0,1.0
3497,582,8,0,1.0
3498,583,0,0,0.0
3499,583,1,1,1.0
3500,583,2,1,1.0
3501,583,3,0,1.0
3502,583,6,1,1.0
3503,583,9,0,1.0
3504,584,0,0,0.0
3505,584,1,1,1.0
3506,584,3,1,1.0
3507,584,4,0,1.0
3508,584,5,1,1.0
3509,584,8,4,4.0
3510,585,2,0,0.0
3511,585,3,0,0.0
3512,585,5,0,0.0
3513,585,8,0,0.0
3514,585,9,0,0.0
3515,585,10,0,0.0
3516,586,0,0,0.0
3517,586,1,0,0.0
3518,586,2,0,0.0
3519,586,3,0,0.0
3520,586,5,0,0.0
3521,586,7,0,0.0
3522,587,0,0,0.0
3523,587,4,0,0.0
3524,587,5,0,0.0
3525,587,6,0,0.0
3526,587,7,0,0.0
3527,587,10,0,0.0
3528,588,0,0,0.0
3529,588,1,0,0.0
3530,588,2,0,0.0
3531,588,3,0,0.0
3532,588,4,0,0.0
3533,588,9,0,0.0
3534,589,0,0,0.0
3535,589,3,0,0.0
3536,589,6,0,0.0
3537,589,7,0,0.0
3538,589,8,0,0.0
3539,589,10,0,0.0
3540,590,0,0,0.0
3541,590,3,1,1.0
3542,590,7,1,1.0
3543,590,8,2,2.0
3544,590,9,1,2.0
3545,590,10,2,2.0
3546,591,3,0,0.0
3547,591,4,0,0.0
3548,591,5,0,0.0
3549,591,6,0,0.0
3550,591,7,1,1.0
3551,591,10,0,1.0
3552,592,1,1,1.0
3553,592,3,1,1.0
3554,592,5,2,2.0
3555,592,7,3,3.0
3556,592,8,3,3.0
3557,592,9,3,3.0
3558,593,0,0,0.0
3559,593,5,2,2.0
3560,593,6,1,2.0
3561,593,7,0,2.0
3562,593,8,1,2.0
3563,593,9,0,2.0
3564,594,0,0,0.0
3565,594,4,0,0.0
3566,594,6,0,0.0
3567,594,7,1,1.0
3568,594,8,1,1.0
3569,594,10,0,1.0
3570,595,0,0,0.0
3571,595,2,1,1.0
3572,595,3,2,2.0
3573,595,5,4,4.0
3574,595,6,4,4.0
3575,595,10,5,5.0
3576,596,1,0,0.0
3577,596,3,0,0.0
3578,596,4,1,1.0
3579,596,6,0,1.0
3580,596,8,0,1.0
3581,596,9,1,1.0
3582,597,1,1,1.0
3583,597,2,0,1.0
3584,597,4,1,1.0
3585,597,6,1,1.0
3586,597,8,1,1.0
3587,597,10,1,1.0
3588,598,0,0,0.0
3589,598,1,0,0.0
3590,598,2,0,0.0
3591,598,4,0,0.0
3592,598,9,0,0.0
3593,598,10,0,0.0
3594,599,0,0,0.0
3595,599,3,2,2.0
3596,599,4,3,3.0
3597,599,5,4,4.0
3598,599,8,3,4.0
3599,599,10,5,5.0
3600,600,1,1,1.0
3601,600,2,0,1.0
3602,600,3,1,1.0
3603,600,5,3,3.0
3604,600,6,2,3.0
3605,600,8,2,3.0
3606,601,0,0,0.0
3607,601,1,1,1.0
3608,601,4,2,2.0
3609,601,5,1,2.0
3610,601,6,2,2.0
3611,601,10,2,2.0
3612,602,0,0,0.0
3613,602,2,0,0.0
3614,602,4,0,0.0
3615,602,5,0,0.0
3616,602,7,0,0.0
3617,602,9,0,0.0
3618,603,0,0,0.0
3619,603,1,0,0.0
3620,603,7,0,0.0
3621,603,8,1,1.0
3622,603,9,0,1.0
3623,603,10,1,1.0
3624,604,1,1,1.0
3625,604,2,0,1.0
3626,604,5,1,1.0
3627,604,7,1,1.0
3628,604,8,2,2.0
3629,604,9,3,3.0
3630,605,2,1,1.0
3631,605,3,0,1.0
3632,605,4,1,1.0
3633,605,6,1,1.0
3634,605,7,1,1.0
3635,605,9,1,1.0
3636,606,0,0,0.0
3637,606,1,0,0.0
3638,606,4,0,0.0
3639,606,6,0,0.0
3640,606,7,0,0.0
3641,606,8,0,0.0
3642,607,0,0,0.0
3643,607,2,0,0.0
3644,607,3,0,0.0
3645,607,4,0,0.0
3646,607,8,2,2.0
3647,607,10,2,2.0
3648,608,1,1,1.0
3649,608,4,3,3.0
3650,608,6,3,3.0
3651,608,7,2,3.0
3652,608,8,3,3.0
3653,608,10,3,3.0
3654,609,1,0,0.0
3655,609,2,0,0.0
3656,609,4,0,0.0
3657,609,5,0,0.0
3658,609,8,0,0.0
3659,609,9,0,0.0
3660,610,1,0,0.0
3661,610,4,0,0.0
3662,610,5,0,0.0
3663,610,8,0,0.0
3664,610,9,0,0.0
3665,610,10,0,0.0
3666,611,2,2,2.0
3667,611,4,2,2.0
3668,611,5,3,3.0
3669,611,8,4,4.0
3670,611,9,3,4.0
3671,611,10,4,4.0
3672,612,1,0,0.0
3673,612,3,0,0.0
3674,612,4,0,0.0
3675,612,5,1,1.0
3676,612,6,0,1.0
3677,612,7,0,1.0
3678,613,0,0,0.0
3679,613,2,2,2.0
3680,613,3,3,3.0
3681,613,4,4,4.0
3682,613,5,5,5.0
3683,613,6,5,5.0
3684,614,1,1,1.0
3685,614,2,0,1.0
3686,614,4,0,1.0
3687,614,6,2,2.0
3688,614,7,3,3.0
3689,614,9,3,3.0
3690,615,0,0,0.0
3691,615,4,0,0.0
3692,615,5,1,1.0
3693,615,6,0,1.0
3694,615,7,1,1.0
3695,615,9,1,1.0
3696,616,1,1,1.0
3697,616,2,2,2.0
3698,616,4,2,2.0
3699,616,6,2,2.0
3700,616,8,2,2.0
3701,616,10,2,2.0
3702,617,1,1,1.0
3703,617,2,2,2.0
3704,617,4,2,2.0
3705,617,6,4,4.0
3706,617,8,5,5.0
3707,617,9,5,5.0
3708,618,0,0,0.0
3709,618,1,1,1.0
3710,618,3,0,1.0
3711,618,4,1,1.0
3712,618,5,2,2.0
3713,618,6,3,3.0
3714,619,0,0,0.0
3715,619,3,2,2.0
3716,619,4,3,3.0
3717,619,5,2,3.0
3718,619,6,3,3.0
3719,619,7,2,3.0
3720,620,0,0,0.0
3721,620,1,1,1.0
3722,620,3,1,1.0
3723,620,4,1,1.0
3724,620,5,0,1.0
3725,620,9,1,1.0
3726,621,0,0,0.0
3727,621,2,2,2.0
3728,621,4,2,2.0
3729,621,5,1,2.0
3730,621,7,2,2.0
3731,621,9,2,2.0
3732,622,0,0,0.0
3733,622,1,0,0.0
3734,622,2,0,0.0
3735,622,3,0,0.0
3736,622,6,0,0.0
3737,622,7,0,0.0
3738,623,1,1,1.0
3739,623,3,1,1.0
3740,623,4,2,2.0
3741,623,5,1,2.0
3742,623,6,2,2.0
3743,623,9,3,3.0
3744,624,0,0,0.0
3745,624,3,0,0.0
3746,624,4,0,0.0
3747,624,7,0,0.0
3748,624,9,0,0.0
3749,624,10,0,0.0
3750,625,0,0,0.0
3751,625,2,2,2.0
3752,625,3,3,3.0
3753,625,4,4,4.0
3754,625,5,3,4.0
3755,625,7,3,4.0
3756,626,1,1,1.0
3757,626,2,0,1.0
3758,626,4,2,2.0
3759,626,7,3,3.0
3760,626,8,2,3.0
3761,626,9,3,3.0
3762,627,0,0,0.0
3763,627,4,1,1.0
3764,627,6,0,1.0
3765,627,7,1,1.0
3766,627,9,1,1.0
3767,627,10,1,1.0
3768,628,1,1,1.0
3769,628,2,2,2.0
3770,628,3,3,3.0
3771,628,7,1,3.0
3772,628,8,2,3.0
3773,628,10,2,3.0
3774,629,1,1,1.0
3775,629,2,0,1.0
3776,629,5,0,1.0
3777,629,6,1,1.0
3778,629,7,0,1.0
3779,629,8,1,1.0
3780,630,1,0,0.0
3781,630,5,4,4.0
3782,630,6,3,4.0
3783,630,7,4,4.0
3784,630,8,3,4.0
3785,630,9,3,4.0
3786,631,1,0,0.0
3787,631,2,0,0.0
3788,631,4,0,0.0
3789,631,8,0,0.0
3790,631,9,0,0.0
3791,631,10,0,0.0
3792,632,1,0,0.0
3793,632,3,0,0.0
3794,632,5,1,1.0
3795,632,7,1,1.0
3796,632,9,0,1.0
3797,632,10,0,1.0
3798,633,2,2,2.0
3799,633,4,3,3.0
3800,633,7,5,5.0
3801,633,8,5,5.0
3802,633,9,5,5.0
3803,633,10,5,5.0
3804,634,0,0,0.0
3805,634,3,1,1.0
3806,634,4,0,1.0
3807,634,5,1,1.0
3808,634,7,0,1.0
3809,634,10,1,1.0
3810,635,2,2,2.0
3811,635,3,3,3.0
3812,635,4,2,3.0
3813,635,7,3,3.0
3814,635,8,2,3.0
3815,635,9,3,3.0
3816,636,0,0,0.0
3817,636,1,1,1.0
3818,636,2,2,2.0
3819,636,4,2,2.0
3820,636,7,1,2.0
3821,636,10,2,2.0
3822,637,1,1,1.0
3823,637,2,0,1.0
3824,637,6,1,1.0
3825,637,7,0,1.0
3826,637,8,0,1.0
3827,637,10,0,1.0
3828,638,0,0,0.0
3829,638,1,0,0.0
3830,638,3,0,0.0
3831,638,4,1,1.0
3832,638,7,0,1.0
3833,638,9,1,1.0
3834,639,0,0,0.0
3835,639,4,2,2.0
3836,639,5,3,3.0
3837,639,6,4,4.0
3838,639,7,3,4.0
3839,639,9,4,4.0
3840,640,1,1,1.0
3841,640,3,1,1.0
3842,640,5,3,3.0
3843,640,7,3,3.0
3844,640,9,3,3.0
3845,640,10,4,4.0
3846,641,0,0,0.0
3847,641,2,1,1.0
3848,641,6,1,1.0
3849,641,8,1,1.0
3850,641,9,1,1.0
3851,641,10,1,1.0
3852,642,0,0,0.0
3853,642,3,1,1.0
3854,642,4,2,2.0
3855,642,5,1,2.0
3856,642,7,1,2.0
3857,642,8,0,2.0
3858,643,0,0,0.0
3859,643,1,0,0.0
3860,643,2,0,0.0
3861,643,4,0,0.0
3862,643,5,0,0.0
3863,643,6,1,1.0
3864,644,2,2,2.0
3865,644,3,1,2.0
3866,644,5,1,2.0
3867,644,8,0,2.0
3868,644,9,1,2.0
3869,644,10,0,2.0
3870,645,0,0,0.0
3871,645,1,0,0.0
3872,645,2,0,0.0
3873,645,4,0,0.0
3874,645,5,0,0.0
3875,645,7,0,0.0
3876,646,0,0,0.0
3877,646,2,0,0.0
3878,646,3,0,0.0
3879,646,5,0,0.0
3880,646,7,1,1.0
3881,646,8,0,1.0
3882,647,0,0,0.0
3883,647,2,1,1.0
3884,647,6,1,1.0
3885,647,8,1,1.0
3886,647,9,1,1.0
3887,647,10,2,2.0
3888,648,1,0,0.0
3889,648,3,0,0.0
3890,648,4,0,0.0
3891,648,5,0,0.0
3892,648,6,0,0.0
3893,648,8,0,0.0
3894,649,2,0,0.0
3895,649,5,0,0.0
3896,649,7,0,0.0
3897,649,8,0,0.0
3898,649,9,0,0.0
3899,649,10,0,0.0
3900,650,1,0,0.0
3901,650,2,0,0.0
3902,650,4,0,0.0
3903,650,5,0,0.0
3904,650,6,0,0.0
3905,650,10,0,0.0
3906,651,2,1,1.0
3907,651,5,1,1.0
3908,651,7,1,1.0
3909,651,8,1,1.0
3910,651,9,0,1.0
3911,651,10,1,1.0
3912,652,0,0,0.0
3913,652,1,1,1.0
3914,652,2,0,1.0
3915,652,3,1,1.0
3916,652,4,2,2.0
3917,652,5,3,3.0
3918,653,0,0,0.0
3919,653,2,0,0.0
3920,653,4,0,0.0
3921,653,6,0,0.0
3922,653,7,0,0.0
3923,653,9,0,0.0
3924,654,0,0,0.0
3925,654,1,0,0.0
3926,654,2,0,0.0
3927,654,4,2,2.0
3928,654,5,3,3.0
3929,654,8,3,3.0
3930,655,0,0,0.0
3931,655,3,0,0.0
3932,655,5,1,1.0
3933,655,7,0,1.0
3934,655,9,0,1.0
3935,655,10,1,1.0
3936,656,0,0,0.0
3937,656,1,0,0.0
3938,656,3,0,0.0
3939,656,4,0,0.0
3940,656,8,0,0.0
3941,656,10,0,0.0
3942,657,2,0,0.0
3943,657,3,1,1.0
3944,657,4,0,1.0
3945,657,5,0,1.0
3946,657,8,1,1.0
3947,657,10,0,1.0
3948,658,2,0,0.0
3949,658,3,1,1.0
3950,658,6,0,1.0
3951,658,7,1,1.0
3952,658,9,3,3.0
3953,658,10,2,3.0
3954,659,0,0,0.0
3955,659,6,1,1.0
3956,659,7,2,2.0
3957,659,8,3,3.0
3958,659,9,4,4.0
3959,659,10,5,5.0
3960,660,0,0,0.0
3961,660,2,2,2.0
3962,660,3,3,3.0
3963,660,7,3,3.0
3964,660,8,2,3.0
3965,660,9,3,3.0
3966,661,2,0,0.0
3967,661,4,0,0.0
3968,661,5,0,0.0
3969,661,7,0,0.0
3970,661,8,0,0.0
3971,661,10,0,0.0
3972,662,0,0,0.0
3973,662,3,1,1.0
3974,662,4,0,1.0
3975,662,5,1,1.0
3976,662,8,2,2.0
3977,662,9,3,3.0
3978,663,0,0,0.0
3979,663,3,0,0.0
3980,663,4,0,0.0
3981,663,5,1,1.0
3982,663,7,0,1.0
3983,663,9,0,1.0
3984,664,0,0,0.0
3985,664,2,0,0.0
3986,664,3,0,0.0
3987,664,5,0,0.0
3988,664,6,1,1.0
3989,664,9,0,1.0
3990,665,2,0,0.0
3991,665,4,1,1.0
3992,665,5,2,2.0
3993,665,6,3,3.0
3994,665,7,3,3.0
3995,665,10,4,4.0
3996,666,1,0,0.0
3997,666,2,0,0.0
3998,666,6,0,0.0
3999,666,7,0,0.0
4000,666,9,0,0.0
4001,666,10,0,0.0
4002,667,2,0,0.0
4003,667,4,0,0.0
4004,667,6,0,0.0
4005,667,7,0,0.0
4006,667,8,0,0.0
4007,667,9,0,0.0
4008,668,0,0,0.0
4009,668,3,1,1.0
4010,668,4,1,1.0
4011,668,5,2,2.0
4012,668,6,3,3.0
4013,668,7,4,4.0
4014,669,0,0,0.0
4015,669,3,0,0.0
4016,669,4,0,0.0
4017,669,5,0,0.0
4018,669,7,0,0.0
4019,669,10,0,0.0
4020,670,0,0,0.0
4021,670,1,0,0.0
4022,670,3,0,0.0
4023,670,4,0,0.0
4024,670,5,0,0.0
4025,670,7,0,0.0
4026,671,0,0,0.0
4027,671,1,0,0.0
4028,671,5,0,0.0
4029,671,7,0,0.0
4030,671,9,1,1.0
4031,671,10,0,1.0
4032,672,0,0,0.0
4033,672,1,1,1.0
4034,672,4,1,1.0
4035,672,7,1,1.0
4036,672,8,0,1.0
4037,672,10,0,1.0
4038,673,2,0,0.0
4039,673,4,1,1.0
4040,673,6,1,1.0
4041,673,8,0,1.0
4042,673,9,1,1.0
4043,673,10,2,2.0
4044,674,4,0,0.0
4045,674,5,0,0.0
4046,674,6,0,0.0
4047,674,7,0,0.0
4048,674,9,0,0.0
4049,674,10,0,0.0
4050,675,2,0,0.0
4051,675,5,0,0.0
4052,675,6,0,0.0
4053,675,7,0,0.0
4054,675,9,0,0.0
4055,675,10,0,0.0
4056,676,0,0,0.0
4057,676,1,0,0.0
4058,676,2,0,0.0
4059,676,4,0,0.0
4060,676,6,0,0.0
4061,676,7,0,0.0
4062,677,0,0,0.0
4063,677,1,1,1.0
4064,677,5,2,2.0
4065,677,7,3,3.0
4066,677,9,3,3.0
4067,677,10,4,4.0
4068,678,1,0,0.0
4069,678,3,0,0.0
4070,678,4,0,0.0
4071,678,5,0,0.0
4072,678,7,0,0.0
4073,678,10,0,0.0
4074,679,2,1,1.0
4075,679,4,3,3.0
4076,679,7,5,5.0
4077,679,8,5,5.0
4078,679,9,5,5.0
4079,679,10,5,5.0
4080,680,1,0,0.0
4081,680,2,0,0.0
4082,680,4,0,0.0
4083,680,6,0,0.0
4084,680,8,0,0.0
4085,680,9,0,0.0
4086,681,2,2,2.0
4087,681,3,3,3.0
4088,681,6,2,3.0
4089,681,7,3,3.0
4090,681,9,5,5.0
4091,681,10,5,5.0
4092,682,1,1,1.0
4093,682,3,1,1.0
4094,682,6,2,2.0
4095,682,7,1,2.0
4096,682,8,2,2.0
4097,682,10,2,2.0
4098,683,1,1,1.0
4099,683,6,5,5.0
4100,683,7,5,5.0
4101,683,8,5,5.0
4102,683,9,5,5.0
4103,683,10,5,5.0
4104,684,2,1,1.0
4105,684,3,2,2.0
4106,684,5,2,2.0
4107,684,6,1,2.0
4108,684,8,1,2.0
4109,684,9,2,2.0
4110,685,0,0,0.0
4111,685,1,1,1.0
4112,685,2,0,1.0
4113,685,3,1,1.0
4114,685,5,2,2.0
4115,685,9,1,2.0
4116,686,2,2,2.0
4117,686,4,2,2.0
4118,686,5,1,2.0
4119,686,8,2,2.0
4120,686,9,3,3.0
4121,686,10,2,3.0
4122,687,2,1,1.0
4123,687,5,0,1.0
4124,687,6,1,1.0
4125,687,7,2,2.0
4126,687,9,1,2.0
4127,687,10,1,2.0
4128,688,0,0,0.0
4129,688,2,1,1.0
4130,688,3,2,2.0
4131,688,5,3,3.0
4132,688,6,4,4.0
4133,688,7,4,4.0
4134,689,0,0,0.0
4135,689,3,0,0.0
4136,689,4,0,0.0
4137,689,5,0,0.0
4138,689,8,0,0.0
4139,689,9,0,0.0
4140,690,0,0,0.0
4141,690,1,1,1.0
4142,690,2,0,1.0
4143,690,3,1,1.0
4144,690,6,1,1.0
4145,690,7,1,1.0
4146,691,0,0,0.0
4147,691,1,1,1.0
4148,691,2,0,1.0
4149,691,3,1,1.0
4150,691,5,3,3.0
4151,691,9,3,3.0
4152,692,0,0,0.0
4153,692,1,0,0.0
4154,692,4,0,0.0
4155,692,5,0,0.0
4156,692,9,0,0.0
4157,692,10,0,0.0
4158,693,0,0,0.0
4159,693,1,1,1.0
4160,693,3,1,1.0
4161,693,4,0,1.0
4162,693,6,0,1.0
4163,693,9,0,1.0
4164,694,3,1,1.0
4165,694,4,1,1.0
4166,694,6,1,1.0
4167,694,7,2,2.0
4168,694,8,2,2.0
4169,694,9,2,2.0
4170,695,1,0,0.0
4171,695,2,1,1.0
4172,695,5,2,2.0
4173,695,6,3,3.0
4174,695,7,4,4.0
4175,695,9,5,5.0
4176,696,1,0,0.0
4177,696,4,0,0.0
4178,696,5,0,0.0
4179,696,6,0,0.0
4180,696,7,0,0.0
4181,696,9,0,0.0
4182,697,1,0,0.0
4183,697,4,1,1.0
4184,697,5,0,1.0
4185,697,7,0,1.0
4186,697,8,0,1.0
4187,697,9,0,1.0
4188,698,0,0,0.0
4189,698,1,1,1.0
4190,698,2,2,2.0
4191,698,4,3,3.0
4192,698,7,5,5.0
4193,698,10,5,5.0
4194,699,0,0,0.0
4195,699,2,0,0.0
4196,699,3,1,1.0
4197,699,4,2,2.0
4198,699,5,1,2.0
4199,699,8,0,2.0
4200,700,2,0,0.0
4201,700,3,0,0.0
4202,700,4,0,0.0
4203,700,5,0,0.0
4204,700,8,0,0.0
4205,700,9,0,0.0
4206,701,2,2,2.0
4207,701,3,3,3.0
4208,701,4,2,3.0
4209,701,7,5,5.0
4210,701,8,5,5.0
4211,701,10,5,5.0
4212,702,0,0,0.0
4213,702,4,2,2.0
4214,702,6,0,2.0
4215,702,8,2,2.0
4216,702,9,3,3.0
4217,702,10,2,3.0
4218,703,0,0,0.0
4219,703,2,0,0.0
4220,703,6,2,2.0
4221,703,8,2,2.0
4222,703,9,3,3.0
4223,703,10,4,4.0
4224,704,2,0,0.0
4225,704,3,0,0.0
4226,704,4,0,0.0
4227,704,5,0,0.0
4228,704,7,0,0.0
4229,704,8,0,0.0
4230,705,2,0,0.0
4231,705,3,0,0.0
4232,705,4,0,0.0
4233,705,7,1,1.0
4234,705,8,1,1.0
4235,705,9,0,1.0
4236,706,0,0,0.0
4237,706,2,0,0.0
4238,706,5,3,3.0
4239,706,6,2,3.0
4240,706,9,1,3.0
4241,706,10,2,3.0
4242,707,1,1,1.0
4243,707,3,1,1.0
4244,707,4,1,1.0
4245,707,5,0,1.0
4246,707,8,1,1.0
4247,707,10,2,2.0
4248,708,3,0,0.0
4249,708,5,0,0.0
4250,708,6,0,0.0
4251,708,7,0,0.0
4252,708,9,0,0.0
4253,708,10,0,0.0
4254,709,1,0,0.0
4255,709,2,0,0.0
4256,709,3,0,0.0
4257,709,5,0,0.0
4258,709,6,0,0.0
4259,709,7,0,0.0
4260,710,1,0,0.0
4261,710,4,0,0.0
4262,710,5,0,0.0
4263,710,7,0,0.0
4264,710,9,0,0.0
4265,710,10,0,0.0
4266,711,2,0,0.0
4267,711,3,0,0.0
4268,711,4,0,0.0
4269,711,6,0,0.0
4270,711,7,0,0.0
4271,711,10,0,0.0
4272,712,1,1,1.0
4273,712,2,0,1.0
4274,712,3,0,1.0
4275,712,5,0,1.0
4276,712,6,0,1.0
4277,712,7,1,1.0
4278,713,0,0,0.0
4279,713,1,0,0.0
4280,713,2,1,1.0
4281,713,7,1,1.0
4282,713,8,1,1.0
4283,713,10,1,1.0
4284,714,0,0,0.0
4285,714,1,1,1.0
4286,714,3,2,2.0
4287,714,7,4,4.0
4288,714,9,5,5.0
4289,714,10,5,5.0
4290,715,2,0,0.0
4291,715,3,1,1.0
4292,715,4,0,1.0
4293,715,5,1,1.0
4294,715,8,1,1.0
4295,715,10,0,1.0
4296,716,0,0,0.0
4297,716,4,2,2.0
4298,716,6,2,2.0
4299,716,7,3,3.0
4300,716,9,3,3.0
4301,716,10,2,3.0
4302,717,1,0,0.0
4303,717,3,0,0.0
4304,717,5,0,0.0
4305,717,6,0,0.0
4306,717,8,0,0.0
4307,717,9,0,0.0
4308,718,0,0,0.0
4309,718,2,2,2.0
4310,718,4,4,4.0
4311,718,7,5,5.0
4312,718,8,5,5.0
4313,718,9,5,5.0
4314,719,0,0,0.0
4315,719,2,0,0.0
4316,719,4,2,2.0
4317,719,5,1,2.0
4318,719,6,2,2.0
4319,719,7,1,2.0
4320,720,3,3,3.0
4321,720,4,2,3.0
4322,720,5,3,3.0
4323,720,6,2,3.0
4324,720,8,2,3.0
4325,720,10,2,3.0
4326,721,1,0,0.0
4327,721,2,1,1.0
4328,721,3,0,1.0
4329,721,4,0,1.0
4330,721,6,1,1.0
4331,721,7,2,2.0
4332,722,2,0,0.0
4333,722,5,1,1.0
4334,722,6,1,1.0
4335,722,7,1,1.0
4336,722,8,1,1.0
4337,722,10,1,1.0
4338,723,0,0,0.0
4339,723,1,0,0.0
4340,723,4,0,0.0
4341,723,6,0,0.0
4342,723,7,0,0.0
4343,723,9,0,0.0
4344,724,0,0,0.0
4345,724,1,1,1.0
4346,724,2,2,2.0
4347,724,5,1,2.0
4348,724,7,3,3.0
4349,724,8,3,3.0
4350,725,0,0,0.0
4351,725,2,0,0.0
4352,725,3,0,0.0
4353,725,4,0,0.0
4354,725,5,1,1.0
4355,725,9,3,3.0
4356,726,0,0,0.0
4357,726,3,1,1.0
4358,726,4,0,1.0
4359,726,5,1,1.0
4360,726,7,1,1.0
4361,726,8,0,1.0
4362,727,0,0,0.0
4363,727,1,1,1.0
4364,727,2,0,1.0
4365,727,6,0,1.0
4366,727,9,2,2.0
4367,727,10,1,2.0
4368,728,0,0,0.0
4369,728,1,0,0.0
4370,728,5,1,1.0
4371,728,6,1,1.0
4372,728,7,1,1.0
4373,728,8,1,1.0
4374,729,0,0,0.0
4375,729,2,2,2.0
4376,729,3,3,3.0
4377,729,5,5,5.0
4378,729,6,5,5.0
4379,729,7,5,5.0
4380,730,0,0,0.0
4381,730,2,0,0.0
4382,730,4,0,0.0
4383,730,7,0,0.0
4384,730,9,0,0.0
4385,730,10,0,0.0
4386,731,0,0,0.0
4387,731,5,1,1.0
4388,731,6,0,1.0
4389,731,7,1,1.0
4390,731,8,2,2.0
4391,731,9,1,2.0
4392,732,0,0,0.0
4393,732,1,1,1.0
4394,732,3,1,1.0
4395,732,4,0,1.0
4396,732,5,1,1.0
4397,732,10,2,2.0
4398,733,3,0,0.0
4399,733,4,0,0.0
4400,733,6,0,0.0
4401,733,7,0,0.0
4402,733,8,0,0.0
4403,733,9,0,0.0
4404,734,1,0,0.0
4405,734,3,0,0.0
4406,734,5,1,1.0
4407,734,6,2,2.0
4408,734,7,1,2.0
4409,734,10,3,3.0
4410,735,1,0,0.0
4411,735,2,0,0.0
4412,735,3,0,0.0
4413,735,5,0,0.0
4414,735,6,1,1.0
4415,735,7,0,1.0
4416,736,1,0,0.0
4417,736,5,2,2.0
4418,736,6,1,2.0
4419,736,7,2,2.0
4420,736,8,1,2.0
4421,736,10,1,2.0
4422,737,2,2,2.0
4423,737,3,3,3.0
4424,737,5,3,3.0
4425,737,6,2,3.0
4426,737,7,3,3.0
4427,737,10,5,5.0
4428,738,0,0,0.0
4429,738,2,2,2.0
4430,738,6,2,2.0
4431,738,7,1,2.0
4432,738,8,2,2.0
4433,738,10,0,2.0
4434,739,0,0,0.0
4435,739,2,2,2.0
4436,739,5,1,2.0
4437,739,6,2,2.0
4438,739,7,3,3.0
4439,739,9,1,3.0
4440,740,0,0,0.0
4441,740,1,0,0.0
4442,740,3,0,0.0
4443,740,4,0,0.0
4444,740,7,0,0.0
4445,740,8,0,0.0
4446,741,4,1,1.0
4447,741,5,2,2.0
4448,741,7,2,2.0
4449,741,8,2,2.0
4450,741,9,2,2.0
4451,741,10,2,2.0
4452,742,0,0,0.0
4453,742,1,0,0.0
4454,742,4,0,0.0
4455,742,6,0,0.0
4456,742,8,0,0.0
4457,742,9,0,0.0
4458,743,0,0,0.0
4459,743,2,2,2.0
4460,743,3,3,3.0
4461,743,4,2,3.0
4462,743,6,2,3.0
4463,743,8,2,3.0
4464,744,0,0,0.0
4465,744,3,1,1.0
4466,744,5,3,3.0
4467,744,7,3,3.0
4468,744,8,4,4.0
4469,744,9,3,4.0
4470,745,0,0,0.0
4471,745,1,0,0.0
4472,745,3,0,0.0
4473,745,8,0,0.0
4474,745,9,0,0.0
4475,745,10,1,1.0
4476,746,1,0,0.0
4477,746,3,0,0.0
4478,746,6,0,0.0
4479,746,7,0,0.0
4480,746,9,0,0.0
4481,746,10,0,0.0
4482,747,0,0,0.0
4483,747,1,1,1.0
4484,747,2,1,1.0
4485,747,3,0,1.0
4486,747,5,0,1.0
4487,747,7,2,2.0
4488,748,1,1,1.0
4489,748,2,2,2.0
4490,748,5,1,2.0
4491,748,7,3,3.0
4492,748,9,1,3.0
4493,748,10,2,3.0
4494,749,0,0,0.0
4495,749,1,1,1.0
4496,749,2,2,2.0
4497,749,3,1,2.0
4498,749,6,2,2.0
4499,749,8,2,2.0
4500,750,1,0,0.0
4501,750,2,0,0.0
4502,750,4,0,0.0
4503,750,5,0,0.0
4504,750,6,0,0.0
4505,750,9,0,0.0
4506,751,0,0,0.0
4507,751,2,0,0.0
4508,751,4,0,0.0
4509,751,5,1,1.0
4510,751,6,0,1.0
4511,751,10,0,1.0
4512,752,0,0,0.0
4513,752,1,1,1.0
4514,752,3,1,1.0
4515,752,4,2,2.0
4516,752,7,1,2.0
4517,752,9,2,2.0
4518,753,0,0,0.0
4519,753,5,2,2.0
4520,753,7,2,2.0
4521,753,8,1,2.0
4522,753,9,2,2.0
4523,753,10,1,2.0
4524,754,1,0,0.0
4525,754,2,0,0.0
4526,754,5,0,0.0
4527,754,6,0,0.0
4528,754,8,0,0.0
4529,754,10,0,0.0
4530,755,1,0,0.0
4531,755,2,0,0.0
4532,755,4,0,0.0
4533,755,6,1,1.0
4534,755,7,0,1.0
4535,755,9,1,1.0
4536,756,0,0,0.0
4537,756,1,1,1.0
4538,756,4,2,2.0
4539,756,7,2,2.0
4540,756,8,1,2.0
4541,756,9,2,2.0
4542,757,1,1,1.0
4543,757,2,2,2.0
4544,757,3,1,2.0
4545,757,7,1,2.0
4546,757,9,1,2.0
4547,757,10,2,2.0
4548,758,1,1,1.0
4549,758,6,4,4.0
4550,758,7,4,4.0
4551,758,8,4,4.0
4552,758,9,3,4.0
4553,758,10,2,4.0
4554,759,2,0,0.0
4555,759,3,0,0.0
4556,759,5,0,0.0
4557,759,7,1,1.0
4558,759,9,0,1.0
4559,759,10,0,1.0
4560,760,0,0,0.0
4561,760,1,1,1.0
4562,760,3,3,3.0
4563,760,6,4,4.0
4564,760,8,5,5.0
4565,760,9,5,5.0
4566,761,3,1,1.0
4567,761,5,3,3.0
4568,761,6,4,4.0
4569,761,7,5,5.0
4570,761,8,5,5.0
4571,761,9,5,5.0
4572,762,2,1,1.0
4573,762,3,1,1.0
4574,762,4,0,1.0
4575,762,6,2,2.0
4576,762,8,2,2.0
4577,762,10,0,2.0
4578,763,2,2,2.0
4579,763,4,2,2.0
4580,763,6,2,2.0
4581,763,7,3,3.0
4582,763,9,3,3.0
4583,763,10,4,4.0
4584,764,0,0,0.0
4585,764,1,1,1.0
4586,764,5,1,1.0
4587,764,6,1,1.0
4588,764,7,1,1.0
4589,764,8,1,1.0
4590,765,0,0,0.0
4591,765,3,3,3.0
4592,765,4,2,3.0
4593,765,5,3,3.0
4594,765,6,2,3.0
4595,765,7,3,3.0
4596,766,1,1,1.0
4597,766,2,0,1.0
4598,766,5,0,1.0
4599,766,6,1,1.0
4600,766,8,0,1.0
4601,766,10,1,1.0
4602,767,1,1,1.0
4603,767,4,2,2.0
4604,767,5,1,2.0
4605,767,7,3,3.0
4606,767,8,4,4.0
4607,767,10,4,4.0
4608,768,0,0,0.0
4609,768,3,0,0.0
4610,768,4,0,0.0
4611,768,5,0,0.0
4612,768,6,0,0.0
4613,768,8,0,0.0
4614,769,0,0,0.0
4615,769,2,0,0.0
4616,769,3,1,1.0
4617,769,4,0,1.0
4618,769,6,0,1.0
4619,769,7,1,1.0
4620,770,1,1,1.0
4621,770,2,1,1.0
4622,770,4,1,1.0
4623,770,5,1,1.0
4624,770,8,1,1.0
4625,770,10,1,1.0
4626,771,0,0,0.0
4627,771,2,0,0.0
4628,771,4,0,0.0
4629,771,5,0,0.0
4630,771,8,0,0.0
4631,771,10,0,0.0
4632,772,0,0,0.0
4633,772,1,0,0.0
4634,772,3,0,0.0
4635,772,5,0,0.0
4636,772,7,0,0.0
4637,772,10,0,0.0
4638,773,0,0,0.0
4639,773,2,0,0.0
4640,773,4,1,1.0
4641,773,5,0,1.0
4642,773,8,0,1.0
4643,773,9,0,1.0
4644,774,0,0,0.0
4645,774,3,0,0.0
4646,774,5,1,1.0
4647,774,7,0,1.0
4648,774,8,1,1.0
4649,774,9,2,2.0
4650,775,0,0,0.0
4651,775,2,2,2.0
4652,775,4,2,2.0
4653,775,7,3,3.0
4654,775,8,4,4.0
4655,775,9,3,4.0
4656,776,0,0,0.0
4657,776,2,2,2.0
4658,776,5,1,2.0
4659,776,6,0,2.0
4660,776,9,1,2.0
4661,776,10,2,2.0
4662,777,0,0,0.0
4663,777,1,0,0.0
4664,777,3,0,0.0
4665,777,5,0,0.0
4666,777,9,0,0.0
4667,777,10,0,0.0
4668,778,0,0,0.0
4669,778,2,2,2.0
4670,778,3,3,3.0
4671,778,5,3,3.0
4672,778,9,3,3.0
4673,778,10,2,3.0
4674,779,1,1,1.0
4675,779,4,2,2.0
4676,779,5,1,2.0
4677,779,7,1,2.0
4678,779,8,2,2.0
4679,779,9,1,2.0
4680,780,4,4,4.0
4681,780,5,3,4.0
4682,780,6,2,4.0
4683,780,7,3,4.0
4684,780,8,4,4.0
4685,780,10,4,4.0
4686,781,1,1,1.0
4687,781,3,1,1.0
4688,781,4,2,2.0
4689,781,6,2,2.0
4690,781,8,2,2.0
4691,781,10,2,2.0
4692,782,0,0,0.0
4693,782,1,1,1.0
4694,782,3,1,1.0
4695,782,5,1,1.0
4696,782,6,0,1.0
4697,782,10,0,1.0
4698,783,0,0,0.0
4699,783,1,0,0.0
4700,783,4,0,0.0
4701,783,6,0,0.0
4702,783,7,0,0.0
4703,783,10,0,0.0
4704,784,0,0,0.0
4705,784,2,2,2.0
4706,784,3,3,3.0
4707,784,4,4,4.0
4708,784,5,3,4.0
4709,784,6,4,4.0
4710,785,0,0,0.0
4711,785,4,4,4.0
4712,785,5,4,4.0
4713,785,6,3,4.0
4714,785,9,4,4.0
4715,785,10,4,4.0
4716,786,0,0,0.0
4717,786,1,1,1.0
4718,786,4,2,2.0
4719,786,5,3,3.0
4720,786,7,4,4.0
4721,786,8,5,5.0
4722,787,2,0,0.0
4723,787,3,1,1.0
4724,787,4,2,2.0
4725,787,8,0,2.0
4726,787,9,1,2.0
4727,787,10,0,2.0
4728,788,0,0,0.0
4729,788,2,0,0.0
4730,788,4,2,2.0
4731,788,6,2,2.0
4732,788,7,2,2.0
4733,788,9,2,2.0
4734,789,0,0,0.0
4735,789,2,0,0.0
4736,789,6,1,1.0
4737,789,8,1,1.0
4738,789,9,0,1.0
4739,789,10,1,1.0
4740,790,0,0,0.0
4741,790,1,0,0.0
4742,790,3,0,0.0
4743,790,4,0,0.0
4744,790,8,0,0.0
4745,790,9,0,0.0
4746,791,0,0,0.0
4747,791,2,0,0.0
4748,791,7,1,1.0
4749,791,8,0,1.0
4750,791,9,1,1.0
4751,791,10,1,1.0
4752,792,0,0,0.0
4753,792,3,1,1.0
4754,792,4,2,2.0
4755,792,8,2,2.0
4756,792,9,3,3.0
4757,792,10,2,3.0
4758,793,0,0,0.0
4759,793,3,1,1.0
4760,793,4,2,2.0
4761,793,5,1,2.0
4762,793,7,1,2.0
4763,793,8,2,2.0
4764,794,2,2,2.0
4765,794,4,4,4.0
4766,794,7,3,4.0
4767,794,8,4,4.0
4768,794,9,5,5.0
4769,794,10,5,5.0
4770,795,0,0,0.0
4771,795,3,1,1.0
4772,795,4,2,2.0
4773,795,5,3,3.0
4774,795,6,4,4.0
4775,795,9,3,4.0
4776,796,0,0,0.0
4777,796,1,0,0.0
4778,796,2,1,1.0
4779,796,5,2,2.0
4780,796,6,3,3.0
4781,796,8,2,3.0
4782,797,1,0,0.0
4783,797,3,1,1.0
4784,797,5,1,1.0
4785,797,6,1,1.0
4786,797,7,0,1.0
4787,797,9,0,1.0
4788,798,1,1,1.0
4789,798,3,1,1.0
4790,798,5,1,1.0
4791,798,7,0,1.0
4792,798,8,0,1.0
4793,798,9,0,1.0
4794,799,1,1,1.0
4795,799,2,2,2.0
4796,799,3,1,2.0
4797,799,7,1,2.0
4798,799,8,2,2.0
4799,799,10,2,2.0
4800,800,0,0,0.0
4801,800,1,0,0.0
4802,800,2,0,0.0
4803,800,3,0,0.0
4804,800,5,0,0.0
4805,800,9,0,0.0
4806,801,0,0,0.0
4807,801,2,0,0.0
4808,801,3,0,0.0
4809,801,4,0,0.0
4810,801,8,0,0.0
4811,801,9,0,0.0
4812,802,0,0,0.0
4813,802,2,2,2.0
4814,802,5,1,2.0
4815,802,7,1,2.0
4816,802,9,1,2.0
4817,802,10,2,2.0
4818,803,1,0,0.0
4819,803,2,1,1.0
4820,803,5,0,1.0
4821,803,6,0,1.0
4822,803,7,0,1.0
4823,803,9,0,1.0
4824,804,1,0,0.0
4825,804,2,0,0.0
4826,804,4,0,0.0
4827,804,6,1,1.0
4828,804,8,0,1.0
4829,804,9,0,1.0
4830,805,1,1,1.0
4831,805,2,0,1.0
4832,805,3,0,1.0
4833,805,5,0,1.0
4834,805,8,0,1.0
4835,805,10,0,1.0
4836,806,0,0,0.0
4837,806,1,1,1.0
4838,806,2,0,1.0
4839,806,4,0,1.0
4840,806,8,0,1.0
4841,806,10,0,1.0
4842,807,1,0,0.0
4843,807,2,0,0.0
4844,807,5,0,0.0
4845,807,6,0,0.0
4846,807,7,0,0.0
4847,807,10,0,0.0
4848,808,3,0,0.0
4849,808,4,0,0.0
4850,808,5,0,0.0
4851,808,7,0,0.0
4852,808,8,0,0.0
4853,808,9,1,1.0
4854,809,0,0,0.0
4855,809,1,1,1.0
4856,809,2,0,1.0
4857,809,3,1,1.0
4858,809,6,0,1.0
4859,809,8,1,1.0
4860,810,1,0,0.0
4861,810,3,1,1.0
4862,810,4,2,2.0
4863,810,6,3,3.0
4864,810,7,3,3.0
4865,810,10,4,4.0
4866,811,0,0,0.0
4867,811,4,1,1.0
4868,811,5,0,1.0
4869,811,6,0,1.0
4870,811,7,0,1.0
4871,811,9,0,1.0
4872,812,2,2,2.0
4873,812,3,1,2.0
4874,812,4,2,2.0
4875,812,7,3,3.0
4876,812,8,4,4.0
4877,812,9,3,4.0
4878,813,0,0,0.0
4879,813,2,0,0.0
4880,813,3,0,0.0
4881,813,7,1,1.0
4882,813,9,1,1.0
4883,813,10,1,1.0
4884,814,0,0,0.0
4885,814,3,0,0.0
4886,814,4,1,1.0
4887,814,6,1,1.0
4888,814,8,2,2.0
4889,814,10,2,2.0
4890,815,0,0,0.0
4891,815,2,0,0.0
4892,815,3,0,0.0
4893,815,4,0,0.0
4894,815,7,0,0.0
4895,815,9,0,0.0
4896,816,0,0,0.0
4897,816,1,0,0.0
4898,816,6,0,0.0
4899,816,7,0,0.0
4900,816,8,0,0.0
4901,816,9,0,0.0
4902,817,2,0,0.0
4903,817,3,0,0.0
4904,817,4,0,0.0
4905,817,6,0,0.0
4906,817,9,0,0.0
4907,817,10,0,0.0
4908,818,4,1,1.0
4909,818,5,0,1.0
4910,818,7,2,2.0
4911,818,8,1,2.0
4912,818,9,0,2.0
4913,818,10,1,2.0
4914,819,0,0,0.0
4915,819,2,1,1.0
4916,819,5,2,2.0
4917,819,8,4,4.0
4918,819,9,4,4.0
4919,819,10,5,5.0
4920,820,0,0,0.0
4921,820,4,0,0.0
4922,820,5,0,0.0
4923,820,6,0,0.0
4924,820,7,0,0.0
4925,820,8,0,0.0
4926,821,3,3,3.0
4927,821,4,4,4.0
4928,821,5,3,4.0
4929,821,6,2,4.0
4930,821,7,3,4.0
4931,821,10,5,5.0
4932,822,0,0,0.0
4933,822,1,1,1.0
4934,822,4,0,1.0
4935,822,5,1,1.0
4936,822,6,0,1.0
4937,822,9,1,1.0
4938,823,0,0,0.0
4939,823,4,1,1.0
4940,823,5,0,1.0
4941,823,7,2,2.0
4942,823,8,1,2.0
4943,823,10,1,2.0
4944,824,0,0,0.0
4945,824,1,0,0.0
4946,824,3,0,0.0
4947,824,6,0,0.0
4948,824,7,0,0.0
4949,824,8,0,0.0
4950,825,0,0,0.0
4951,825,4,1,1.0
4952,825,6,1,1.0
4953,825,7,2,2.0
4954,825,9,2,2.0
4955,825,10,1,2.0
4956,826,0,0,0.0
4957,826,2,0,0.0
4958,826,4,0,0.0
4959,826,7,0,0.0
4960,826,8,0,0.0
4961,826,10,0,0.0
4962,827,0,0,0.0
4963,827,3,0,0.0
4964,827,6,3,3.0
4965,827,7,2,3.0
4966,827,9,4,4.0
4967,827,10,3,4.0
4968,828,4,0,0.0
4969,828,5,0,0.0
4970,828,7,0,0.0
4971,828,8,0,0.0
4972,828,9,0,0.0
4973,828,10,0,0.0
4974,829,1,0,0.0
4975,829,2,1,1.0
4976,829,3,1,1.0
4977,829,6,0,1.0
4978,829,7,1,1.0
4979,829,10,1,1.0
4980,830,0,0,0.0
4981,830,1,0,0.0
4982,830,4,1,1.0
4983,830,5,0,1.0
4984,830,6,1,1.0
4985,830,7,2,2.0
4986,831,0,0,0.0
4987,831,4,2,2.0
4988,831,5,3,3.0
4989,831,8,2,3.0
4990,831,9,3,3.0
4991,831,10,4,4.0
4992,832,1,0,0.0
4993,832,2,0,0.0
4994,832,7,0,0.0
4995,832,8,0,0.0
4996,832,9,0,0.0
4997,832,10,0,0.0
4998,833,0,0,0.0
4999,833,2,0,0.0
5000,833,3,1,1.0
5001,833,7,1,1.0
5002,833,8,0,1.0
5003,833,10,0,1.0
5004,834,2,0,0.0
5005,834,4,0,0.0
5006,834,5,0,0.0
5007,834,6,0,0.0
5008,834,7,0,0.0
5009,834,10,0,0.0
5010,835,1,1,1.0
5011,835,2,2,2.0
5012,835,3,3,3.0
5013,835,5,3,3.0
5014,835,7,3,3.0
5015,835,9,3,3.0
5016,836,0,0,0.0
5017,836,4,0,0.0
5018,836,5,1,1.0
5019,836,6,0,1.0
5020,836,8,1,1.0
5021,836,9,0,1.0
5022,837,1,0,0.0
5023,837,2,1,1.0
5024,837,4,0,1.0
5025,837,5,0,1.0
5026,837,6,0,1.0
5027,837,10,1,1.0
5028,838,0,0,0.0
5029,838,1,1,1.0
5030,838,3,1,1.0
5031,838,4,0,1.0
5032,838,9,1,1.0
5033,838,10,0,1.0
5034,839,2,0,0.0
5035,839,3,0,0.0
5036,839,4,0,0.0
5037,839,5,0,0.0
5038,839,9,0,0.0
5039,839,10,0,0.0
5040,840,1,1,1.0
5041,840,3,2,2.0
5042,840,5,2,2.0
5043,840,6,1,2.0
5044,840,8,1,2.0
5045,840,9,2,2.0
5046,841,0,0,0.0
5047,841,1,1,1.0
5048,841,2,0,1.0
5049,841,6,4,4.0
5050,841,8,4,4.0
5051,841,9,5,5.0
5052,842,0,0,0.0
5053,842,1,1,1.0
5054,842,3,3,3.0
5055,842,4,2,3.0
5056,842,8,2,3.0
5057,842,10,4,4.0
5058,843,2,1,1.0
5059,843,3,0,1.0
5060,843,4,1,1.0
5061,843,5,2,2.0
5062,843,7,2,2.0
5063,843,9,2,2.0
5064,844,2,1,1.0
5065,844,3,1,1.0
5066,844,4,1,1.0
5067,844,6,0,1.0
5068,844,8,0,1.0
5069,844,9,1,1.0
5070,845,1,1,1.0
5071,845,4,2,2.0
5072,845,5,2,2.0
5073,845,7,4,4.0
5074,845,9,5,5.0
5075,845,10,5,5.0
5076,846,0,0,0.0
5077,846,1,0,0.0
5078,846,4,0,0.0
5079,846,6,0,0.0
5080,846,8,0,0.0
5081,846,9,0,0.0
5082,847,1,1,1.0
5083,847,2,1,1.0
5084,847,3,1,1.0
5085,847,4,0,1.0
5086,847,9,1,1.0
5087,847,10,0,1.0
5088,848,0,0,0.0
5089,848,4,2,2.0
5090,848,5,3,3.0
5091,848,6,3,3.0
5092,848,8,3,3.0
5093,848,9,4,4.0
5094,849,1,1,1.0
5095,849,2,1,1.0
5096,849,5,2,2.0
5097,849,6,3,3.0
5098,849,8,2,3.0
5099,849,9,2,3.0
5100,850,3,1,1.0
5101,850,4,0,1.0
5102,850,6,0,1.0
5103,850,8,1,1.0
5104,850,9,0,1.0
5105,850,10,1,1.0
5106,851,0,0,0.0
5107,851,1,1,1.0
5108,851,2,1,1.0
5109,851,4,1,1.0
5110,851,7,1,1.0
5111,851,10,1,1.0
5112,852,1,0,0.0
5113,852,2,0,0.0
5114,852,3,0,0.0
5115,852,6,0,0.0
5116,852,7,0,0.0
5117,852,9,2,2.0
5118,853,0,0,0.0
5119,853,1,1,1.0
5120,853,5,5,5.0
5121,853,7,5,5.0
5122,853,8,5,5.0
5123,853,10,5,5.0
5124,854,1,1,1.0
5125,854,3,1,1.0
5126,854,5,1,1.0
5127,854,6,0,1.0
5128,854,8,1,1.0
5129,854,10,1,1.0
5130,855,0,0,0.0
5131,855,2,2,2.0
5132,855,3,1,2.0
5133,855,4,2,2.0
5134,855,8,0,2.0
5135,855,10,2,2.0
5136,856,2,0,0.0
5137,856,3,1,1.0
5138,856,4,2,2.0
5139,856,6,3,3.0
5140,856,7,4,4.0
5141,856,9,5,5.0
5142,857,0,0,0.0
5143,857,1,0,0.0
5144,857,2,0,0.0
5145,857,3,0,0.0
5146,857,4,0,0.0
5147,857,6,0,0.0
5148,858,0,0,0.0
5149,858,1,1,1.0
5150,858,2,2,2.0
5151,858,4,2,2.0
5152,858,5,1,2.0
5153,858,6,2,2.0
5154,859,0,0,0.0
5155,859,2,1,1.0
5156,859,3,1,1.0
5157,859,4,2,2.0
5158,859,5,2,2.0
5159,859,8,2,2.0
5160,860,0,0,0.0
5161,860,2,0,0.0
5162,860,6,1,1.0
5163,860,7,0,1.0
5164,860,8,0,1.0
5165,860,10,0,1.0
5166,861,0,0,0.0
5167,861,1,1,1.0
5168,861,2,0,1.0
5169,861,7,1,1.0
5170,861,8,1,1.0
5171,861,10,0,1.0
5172,862,1,1,1.0
5173,862,3,1,1.0
5174,862,4,2,2.0
5175,862,8,0,2.0
5176,862,9,1,2.0
5177,862,10,2,2.0
5178,863,0,0,0.0
5179,863,2,0,0.0
5180,863,3,1,1.0
5181,863,5,1,1.0
5182,863,7,0,1.0
5183,863,10,1,1.0
5184,864,1,0,0.0
5185,864,5,2,2.0
5186,864,6,3,3.0
5187,864,7,4,4.0
5188,864,9,4,4.0
5189,864,10,5,5.0
5190,865,1,1,1.0
5191,865,3,1,1.0
5192,865,4,1,1.0
5193,865,5,1,1.0
5194,865,9,1,1.0
5195,865,10,1,1.0
5196,866,0,0,0.0
5197,866,1,0,0.0
5198,866,2,0,0.0
5199,866,3,0,0.0
5200,866,4,0,0.0
5201,866,9,2,2.0
5202,867,3,2,2.0
5203,867,4,1,2.0
5204,867,6,1,2.0
5205,867,7,2,2.0
5206,867,8,1,2.0
5207,867,10,1,2.0
5208,868,1,1,1.0
5209,868,2,0,1.0
5210,868,3,1,1.0
5211,868,5,2,2.0
5212,868,9,1,2.0
5213,868,10,1,2.0
5214,869,1,1,1.0
5215,869,2,2,2.0
5216,869,4,4,4.0
5217,869,5,3,4.0
5218,869,6,2,4.0
5219,869,7,3,4.0
5220,870,0,0,0.0
5221,870,1,1,1.0
5222,870,2,2,2.0
5223,870,3,1,2.0
5224,870,4,2,2.0
5225,870,5,1,2.0
5226,871,2,0,0.0
5227,871,4,0,0.0
5228,871,5,0,0.0
5229,871,6,0,0.0
5230,871,9,0,0.0
5231,871,10,0,0.0
5232,872,1,1,1.0
5233,872,3,1,1.0
5234,872,4,1,1.0
5235,872,6,0,1.0
5236,872,8,1,1.0
5237,872,9,1,1.0
5238,873,1,0,0.0
5239,873,3,1,1.0
5240,873,4,0,1.0
5241,873,5,1,1.0
5242,873,9,3,3.0
5243,873,10,2,3.0
5244,874,0,0,0.0
5245,874,1,0,0.0
5246,874,3,0,0.0
5247,874,5,0,0.0
5248,874,7,0,0.0
5249,874,8,0,0.0
5250,875,0,0,0.0
5251,875,1,1,1.0
5252,875,5,3,3.0
5253,875,6,2,3.0
5254,875,9,5,5.0
5255,875,10,5,5.0
5256,876,1,1,1.0
5257,876,2,2,2.0
5258,876,3,1,2.0
5259,876,6,4,4.0
5260,876,9,3,4.0
5261,876,10,2,4.0
5262,877,2,0,0.0
5263,877,3,0,0.0
5264,877,4,0,0.0
5265,877,7,0,0.0
5266,877,9,0,0.0
5267,877,10,0,0.0
5268,878,1,0,0.0
5269,878,3,0,0.0
5270,878,5,0,0.0
5271,878,6,0,0.0
5272,878,8,0,0.0
5273,878,9,0,0.0
5274,879,0,0,0.0
5275,879,1,1,1.0
5276,879,2,0,1.0
5277,879,4,2,2.0
5278,879,5,3,3.0
5279,879,10,5,5.0
5280,880,0,0,0.0
5281,880,2,1,1.0
5282,880,3,0,1.0
5283,880,6,3,3.0
5284,880,8,3,3.0
5285,880,9,4,4.0
5286,881,0,0,0.0
5287,881,5,3,3.0
5288,881,7,3,3.0
5289,881,8,4,4.0
5290,881,9,5,5.0
5291,881,10,5,5.0
5292,882,3,1,1.0
5293,882,5,1,1.0
5294,882,6,0,1.0
5295,882,8,0,1.0
5296,882,9,1,1.0
5297,882,10,0,1.0
5298,883,0,0,0.0
5299,883,2,2,2.0
5300,883,4,2,2.0
5301,883,5,1,2.0
5302,883,6,1,2.0
5303,883,9,0,2.0
5304,884,0,0,0.0
5305,884,2,2,2.0
5306,884,3,3,3.0
5307,884,5,5,5.0
5308,884,8,5,5.0
5309,884,9,5,5.0
5310,885,1,0,0.0
5311,885,2,0,0.0
5312,885,4,1,1.0
5313,885,5,2,2.0
5314,885,9,4,4.0
5315,885,10,5,5.0
5316,886,1,1,1.0
5317,886,2,2,2.0
5318,886,4,4,4.0
5319,886,5,5,5.0
5320,886,8,5,5.0
5321,886,9,5,5.0
5322,887,4,2,2.0
5323,887,5,2,2.0
5324,887,6,3,3.0
5325,887,7,3,3.0
5326,887,8,4,4.0
5327,887,9,3,4.0
5328,888,0,0,0.0
5329,888,2,0,0.0
5330,888,3,1,1.0
5331,888,6,0,1.0
5332,888,7,0,1.0
5333,888,9,2,2.0
5334,889,2,0,0.0
5335,889,3,0,0.0
5336,889,4,1,1.0
5337,889,5,2,2.0
5338,889,6,2,2.0
5339,889,7,2,2.0
5340,890,0,0,0.0
5341,890,2,0,0.0
5342,890,6,0,0.0
5343,890,7,1,1.0
5344,890,9,1,1.0
5345,890,10,1,1.0
5346,891,1,1,1.0
5347,891,4,1,1.0
5348,891,6,1,1.0
5349,891,7,0,1.0
5350,891,9,1,1.0
5351,891,10,0,1.0
5352,892,0,0,0.0
5353,892,4,0,0.0
5354,892,6,0,0.0
5355,892,7,1,1.0
5356,892,8,0,1.0
5357,892,9,1,1.0
5358,893,1,0,0.0
5359,893,2,0,0.0
5360,893,3,0,0.0
5361,893,5,0,0.0
5362,893,6,0,0.0
5363,893,8,0,0.0
5364,894,0,0,0.0
5365,894,4,0,0.0
5366,894,5,1,1.0
5367,894,7,1,1.0
5368,894,8,2,2.0
5369,894,10,2,2.0
5370,895,0,0,0.0
5371,895,3,2,2.0
5372,895,4,3,3.0
5373,895,5,2,3.0
5374,895,6,3,3.0
5375,895,9,3,3.0
5376,896,0,0,0.0
5377,896,4,0,0.0
5378,896,6,1,1.0
5379,896,7,0,1.0
5380,896,9,0,1.0
5381,896,10,0,1.0
5382,897,0,0,0.0
5383,897,2,0,0.0
5384,897,6,0,0.0
5385,897,8,0,0.0
5386,897,9,0,0.0
5387,897,10,0,0.0
5388,898,0,0,0.0
5389,898,2,0,0.0
5390,898,3,0,0.0
5391,898,4,0,0.0
5392,898,7,1,1.0
5393,898,9,1,1.0
5394,899,0,0,0.0
5395,899,2,2,2.0
5396,899,3,3,3.0
5397,899,5,5,5.0
5398,899,8,5,5.0
5399,899,10,5,5.0
5400,900,4,1,1.0
5401,900,5,0,1.0
5402,900,6,1,1.0
5403,900,7,0,1.0
5404,900,8,1,1.0
5405,900,10,1,1.0
5406,901,1,0,0.0
5407,901,3,1,1.0
5408,901,4,2,2.0
5409,901,6,3,3.0
5410,901,7,2,3.0
5411,901,10,1,3.0
5412,902,0,0,0.0
5413,902,1,1,1.0
5414,902,3,1,1.0
5415,902,4,2,2.0
5416,902,7,5,5.0
5417,902,10,5,5.0
5418,903,1,1,1.0
5419,903,2,0,1.0
5420,903,4,0,1.0
5421,903,5,1,1.0
5422,903,6,2,2.0
5423,903,10,5,5.0
5424,904,1,1,1.0
5425,904,2,0,1.0
5426,904,5,1,1.0
5427,904,6,2,2.0
5428,904,9,2,2.0
5429,904,10,1,2.0
5430,905,0,0,0.0
5431,905,2,0,0.0
5432,905,5,1,1.0
5433,905,6,2,2.0
5434,905,7,3,3.0
5435,905,8,4,4.0
5436,906,0,0,0.0
5437,906,1,1,1.0
5438,906,2,0,1.0
5439,906,5,1,1.0
5440,906,6,1,1.0
5441,906,8,1,1.0
5442,907,3,0,0.0
5443,907,4,0,0.0
5444,907,5,0,0.0
5445,907,6,0,0.0
5446,907,8,0,0.0
5447,907,10,0,0.0
5448,908,1,0,0.0
5449,908,2,0,0.0
5450,908,3,0,0.0
5451,908,4,1,1.0
5452,908,8,0,1.0
5453,908,9,0,1.0
5454,909,1,1,1.0
5455,909,2,2,2.0
5456,909,5,1,2.0
5457,909,6,2,2.0
5458,909,7,1,2.0
5459,909,8,2,2.0
5460,910,1,1,1.0
5461,910,2,1,1.0
5462,910,3,2,2.0
5463,910,4,1,2.0
5464,910,6,1,2.0
5465,910,10,0,2.0
5466,911,0,0,0.0
5467,911,1,0,0.0
5468,911,2,0,0.0
5469,911,5,0,0.0
5470,911,9,0,0.0
5471,911,10,0,0.0
5472,912,0,0,0.0
5473,912,2,0,0.0
5474,912,3,0,0.0
5475,912,5,2,2.0
5476,912,6,1,2.0
5477,912,9,2,2.0
5478,913,1,1,1.0
5479,913,4,0,1.0
5480,913,5,0,1.0
5481,913,7,0,1.0
5482,913,9,1,1.0
5483,913,10,2,2.0
5484,914,0,0,0.0
5485,914,1,1,1.0
5486,914,5,1,1.0
5487,914,7,1,1.0
5488,914,9,3,3.0
5489,914,10,2,3.0
5490,915,0,0,0.0
5491,915,3,1,1.0
5492,915,5,1,1.0
5493,915,6,2,2.0
5494,915,7,3,3.0
5495,915,10,2,3.0
5496,916,0,0,0.0
5497,916,1,0,0.0
5498,916,4,0,0.0
5499,916,5,0,0.0
5500,916,6,0,0.0
5501,916,9,0,0.0
5502,917,0,0,0.0
5503,917,1,0,0.0
5504,917,2,0,0.0
5505,917,8,0,0.0
5506,917,9,0,0.0
5507,917,10,0,0.0
5508,918,1,0,0.0
5509,918,2,0,0.0
5510,918,6,0,0.0
5511,918,7,0,0.0
5512,918,8,0,0.0
5513,918,9,0,0.0
5514,919,0,0,0.0
5515,919,1,0,0.0
5516,919,3,0,0.0
5517,919,5,0,0.0
5518,919,6,0,0.0
5519,919,10,0,0.0
5520,920,0,0,0.0
5521,920,1,1,1.0
5522,920,2,0,1.0
5523,920,7,1,1.0
5524,920,8,0,1.0
5525,920,9,1,1.0
5526,921,1,0,0.0
5527,921,3,2,2.0
5528,921,4,3,3.0
5529,921,7,3,3.0
5530,921,8,4,4.0
5531,921,10,5,5.0
5532,922,2,0,0.0
5533,922,4,1,1.0
5534,922,5,1,1.0
5535,922,7,1,1.0
5536,922,8,1,1.0
5537,922,10,1,1.0
5538,923,0,0,0.0
5539,923,2,2,2.0
5540,923,4,3,3.0
5541,923,5,2,3.0
5542,923,6,3,3.0
5543,923,10,5,5.0
5544,924,0,0,0.0
5545,924,1,0,0.0
5546,924,3,0,0.0
5547,924,4,0,0.0
5548,924,8,0,0.0
5549,924,9,0,0.0
5550,925,1,1,1.0
5551,925,4,0,1.0
5552,925,5,1,1.0
5553,925,7,0,1.0
5554,925,8,1,1.0
5555,925,9,0,1.0
5556,926,2,2,2.0
5557,926,3,1,2.0
5558,926,4,2,2.0
5559,926,6,2,2.0
5560,926,7,3,3.0
5561,926,9,3,3.0
5562,927,0,0,0.0
5563,927,1,0,0.0
5564,927,6,4,4.0
5565,927,7,5,5.0
5566,927,8,5,5.0
5567,927,10,5,5.0
5568,928,0,0,0.0
5569,928,1,0,0.0
5570,928,3,1,1.0
5571,928,5,1,1.0
5572,928,8,0,1.0
5573,928,10,2,2.0
5574,929,1,0,0.0
5575,929,2,0,0.0
5576,929,3,0,0.0
5577,929,6,0,0.0
5578,929,8,0,0.0
5579,929,10,0,0.0
5580,930,2,1,1.0
5581,930,3,0,1.0
5582,930,4,1,1.0
5583,930,6,1,1.0
5584,930,7,1,1.0
5585,930,9,0,1.0
5586,931,0,0,0.0
5587,931,1,1,1.0
5588,931,3,1,1.0
5589,931,5,3,3.0
5590,931,6,4,4.0
5591,931,9,5,5.0
5592,932,3,1,1.0
5593,932,4,2,2.0
5594,932,6,2,2.0
5595,932,7,2,2.0
5596,932,8,3,3.0
5597,932,9,4,4.0
5598,933,0,0,0.0
5599,933,4,0,0.0
5600,933,6,1,1.0
5601,933,7,0,1.0
5602,933,8,0,1.0
5603,933,9,1,1.0
5604,934,0,0,0.0
5605,934,3,2,2.0
5606,934,4,3,3.0
5607,934,5,2,3.0
5608,934,8,5,5.0
5609,934,9,5,5.0
5610,935,0,0,0.0
5611,935,1,0,0.0
5612,935,3,0,0.0
5613,935,6,0,0.0
5614,935,7,0,0.0
5615,935,10,0,0.0
5616,936,1,1,1.0
5617,936,4,0,1.0
5618,936,5,0,1.0
5619,936,6,1,1.0
5620,936,7,0,1.0
5621,936,9,0,1.0
5622,937,0,0,0.0
5623,937,1,1,1.0
5624,937,5,3,3.0
5625,937,7,3,3.0
5626,937,9,3,3.0
5627,937,10,2,3.0
5628,938,0,0,0.0
5629,938,3,2,2.0
5630,938,4,3,3.0
5631,938,5,4,4.0
5632,938,6,5,5.0
5633,938,9,5,5.0
5634,939,1,0,0.0
5635,939,2,0,0.0
5636,939,5,0,0.0
5637,939,7,0,0.0
5638,939,9,0,0.0
5639,939,10,0,0.0
5640,940,4,0,0.0
5641,940,5,0,0.0
5642,940,6,0,0.0
5643,940,7,0,0.0
5644,940,8,1,1.0
5645,940,9,0,1.0
5646,941,0,0,0.0
5647,941,1,1,1.0
5648,941,2,1,1.0
5649,941,4,1,1.0
5650,941,7,1,1.0
5651,941,10,1,1.0
5652,942,0,0,0.0
5653,942,1,1,1.0
5654,942,2,2,2.0
5655,942,5,3,3.0
5656,942,8,2,3.0
5657,942,10,2,3.0
5658,943,0,0,0.0
5659,943,1,1,1.0
5660,943,3,1,1.0
5661,943,5,1,1.0
5662,943,7,1,1.0
5663,943,9,1,1.0
5664,944,0,0,0.0
5665,944,2,0,0.0
5666,944,6,0,0.0
5667,944,7,1,1.0
5668,944,8,1,1.0
5669,944,9,1,1.0
5670,945,1,1,1.0
5671,945,3,1,1.0
5672,945,5,1,1.0
5673,945,6,2,2.0
5674,945,8,2,2.0
5675,945,10,2,2.0
5676,946,1,1,1.0
5677,946,2,0,1.0
5678,946,4,0,1.0
5679,946,7,3,3.0
5680,946,9,3,3.0
5681,946,10,2,3.0
5682,947,1,1,1.0
5683,947,2,2,2.0
5684,947,5,3,3.0
5685,947,8,5,5.0
5686,947,9,5,5.0
5687,947,10,5,5.0
5688,948,0,0,0.0
5689,948,2,1,1.0
5690,948,3,1,1.0
5691,948,5,1,1.0
5692,948,8,1,1.0
5693,948,10,1,1.0
5694,949,1,1,1.0
5695,949,2,1,1.0
5696,949,3,0,1.0
5697,949,6,1,1.0
5698,949,7,0,1.0
5699,949,8,1,1.0
5700,950,1,1,1.0
5701,950,2,2,2.0
5702,950,6,2,2.0
5703,950,8,2,2.0
5704,950,9,3,3.0
5705,950,10,2,3.0
5706,951,1,1,1.0
5707,951,2,2,2.0
5708,951,3,3,3.0
5709,951,4,4,4.0
5710,951,7,5,5.0
5711,951,8,5,5.0
5712,952,0,0,0.0
5713,952,1,1,1.0
5714,952,4,0,1.0
5715,952,6,0,1.0
5716,952,7,1,1.0
5717,952,8,0,1.0
5718,953,0,0,0.0
5719,953,1,1,1.0
5720,953,2,0,1.0
5721,953,3,1,1.0
5722,953,5,1,1.0
5723,953,10,1,1.0
5724,954,0,0,0.0
5725,954,4,0,0.0
5726,954,5,0,0.0
5727,954,6,0,0.0
5728,954,8,0,0.0
5729,954,9,0,0.0
5730,955,0,0,0.0
5731,955,1,0,0.0
5732,955,3,0,0.0
5733,955,4,0,0.0
5734,955,6,0,0.0
5735,955,8,0,0.0
5736,956,0,0,0.0
5737,956,3,0,0.0
5738,956,4,0,0.0
5739,956,6,2,2.0
5740,956,7,1,2.0
5741,956,8,2,2.0
5742,957,2,0,0.0
5743,957,3,0,0.0
5744,957,4,0,0.0
5745,957,5,0,0.0
5746,957,7,0,0.0
5747,957,8,0,0.0
5748,958,1,0,0.0
5749,958,2,0,0.0
5750,958,3,0,0.0
5751,958,7,0,0.0
5752,958,9,0,0.0
5753,958,10,1,1.0
5754,959,0,0,0.0
5755,959,1,1,1.0
5756,959,3,1,1.0
5757,959,4,2,2.0
5758,959,6,2,2.0
5759,959,8,2,2.0
5760,960,1,1,1.0
5761,960,2,2,2.0
5762,960,4,2,2.0
5763,960,5,3,3.0
5764,960,8,2,3.0
5765,960,9,3,3.0
5766,961,1,1,1.0
5767,961,3,1,1.0
5768,961,4,0,1.0
5769,961,6,0,1.0
5770,961,7,1,1.0
5771,961,8,0,1.0
5772,962,1,1,1.0
5773,962,2,0,1.0
5774,962,3,0,1.0
5775,962,6,1,1.0
5776,962,7,2,2.0
5777,962,8,3,3.0
5778,963,2,1,1.0
5779,963,3,0,1.0
5780,963,4,1,1.0
5781,963,5,0,1.0
5782,963,7,1,1.0
5783,963,8,1,1.0
5784,964,1,1,1.0
5785,964,2,2,2.0
5786,964,4,2,2.0
5787,964,6,4,4.0
5788,964,7,3,4.0
5789,964,9,3,4.0
5790,965,0,0,0.0
5791,965,4,0,0.0
5792,965,6,0,0.0
5793,965,8,0,0.0
5794,965,9,0,0.0
5795,965,10,0,0.0
5796,966,2,0,0.0
5797,966,3,0,0.0
5798,966,5,0,0.0
5799,966,6,0,0.0
5800,966,7,0,0.0
5801,966,10,0,0.0
5802,967,0,0,0.0
5803,967,1,0,0.0
5804,967,3,0,0.0
5805,967,4,0,0.0
5806,967,6,0,0.0
5807,967,7,0,0.0
5808,968,0,0,0.0
5809,968,1,1,1.0
5810,968,2,2,2.0
5811,968,4,2,2.0
5812,968,7,3,3.0
5813,968,8,2,3.0
5814,969,1,0,0.0
5815,969,3,0,0.0
5816,969,4,0,0.0
5817,969,5,0,0.0
5818,969,8,0,0.0
5819,969,9,0,0.0
5820,970,1,1,1.0
5821,970,5,1,1.0
5822,970,6,2,2.0
5823,970,8,2,2.0
5824,970,9,3,3.0
5825,970,10,2,3.0
5826,971,0,0,0.0
5827,971,1,0,0.0
5828,971,3,0,0.0
5829,971,4,0,0.0
5830,971,8,0,0.0
5831,971,10,0,0.0
5832,972,1,1,1.0
5833,972,3,3,3.0
5834,972,4,2,3.0
5835,972,5,3,3.0
5836,972,8,0,3.0
5837,972,9,1,3.0
5838,973,0,0,0.0
5839,973,1,0,0.0
5840,973,4,0,0.0
5841,973,8,0,0.0
5842,973,9,0,0.0
5843,973,10,0,0.0
5844,974,2,1,1.0
5845,974,5,0,1.0
5846,974,7,0,1.0
5847,974,8,0,1.0
5848,974,9,1,1.0
5849,974,10,0,1.0
5850,975,0,0,0.0
5851,975,4,0,0.0
5852,975,5,1,1.0
5853,975,6,0,1.0
5854,975,7,1,1.0
5855,975,8,0,1.0
5856,976,1,0,0.0
5857,976,2,0,0.0
5858,976,4,0,0.0
5859,976,6,0,0.0
5860,976,8,1,1.0
5861,976,9,0,1.0
5862,977,1,0,0.0
5863,977,2,0,0.0
5864,977,3,0,0.0
5865,977,6,0,0.0
5866,977,8,0,0.0
5867,977,10,0,0.0
5868,978,0,0,0.0
5869,978,3,1,1.0
5870,978,6,0,1.0
5871,978,7,1,1.0
5872,978,8,1,1.0
5873,978,9,1,1.0
5874,979,0,0,0.0
5875,979,3,3,3.0
5876,979,5,3,3.0
5877,979,7,5,5.0
5878,979,8,5,5.0
5879,979,9,5,5.0
5880,980,0,0,0.0
5881,980,1,0,0.0
5882,980,3,1,1.0
5883,980,5,3,3.0
5884,980,7,3,3.0
5885,980,8,4,4.0
5886,981,2,2,2.0
5887,981,3,1,2.0
5888,981,5,1,2.0
5889,981,6,2,2.0
5890,981,7,2,2.0
5891,981,9,2,2.0
5892,982,1,0,0.0
5893,982,2,0,0.0
5894,982,4,2,2.0
5895,982,5,1,2.0
5896,982,6,2,2.0
5897,982,8,2,2.0
5898,983,1,0,0.0
5899,983,2,0,0.0
5900,983,3,0,0.0
5901,983,4,0,0.0
5902,983,7,0,0.0
5903,983,10,0,0.0
5904,984,0,0,0.0
5905,984,2,0,0.0
5906,984,4,0,0.0
5907,984,7,0,0.0
5908,984,8,0,0.0
5909,984,9,0,0.0
5910,985,0,0,0.0
5911,985,1,1,1.0
5912,985,2,2,2.0
5913,985,6,4,4.0
5914,985,7,5,5.0
5915,985,9,5,5.0
5916,986,2,1,1.0
5917,986,4,0,1.0
5918,986,5,1,1.0
5919,986,6,1,1.0
5920,986,7,1,1.0
5921,986,10,3,3.0
5922,987,1,0,0.0
5923,987,3,0,0.0
5924,987,5,0,0.0
5925,987,7,0,0.0
5926,987,8,0,0.0
5927,987,9,0,0.0
5928,988,0,0,0.0
5929,988,1,1,1.0
5930,988,5,1,1.0
5931,988,7,0,1.0
5932,988,9,0,1.0
5933,988,10,1,1.0
5934,989,0,0,0.0
5935,989,1,0,0.0
5936,989,5,0,0.0
5937,989,6,0,0.0
5938,989,7,0,0.0
5939,989,10,1,1.0
5940,990,1,0,0.0
5941,990,2,0,0.0
5942,990,3,0,0.0
5943,990,4,0,0.0
5944,990,5,0,0.0
5945,990,7,0,0.0
5946,991,0,0,0.0
5947,991,3,0,0.0
5948,991,6,0,0.0
5949,991,7,0,0.0
5950,991,9,0,0.0
5951,991,10,0,0.0
5952,992,2,2,2.0
5953,992,3,1,2.0
5954,992,4,2,2.0
5955,992,5,1,2.0
5956,992,7,1,2.0
5957,992,8,2,2.0
5958,993,1,1,1.0
5959,993,2,2,2.0
5960,993,4,3,3.0
5961,993,6,3,3.0
5962,993,7,3,3.0
5963,993,9,3,3.0
5964,994,0,0,0.0
5965,994,1,0,0.0
5966,994,2,0,0.0
5967,994,6,0,0.0
5968,994,9,0,0.0
5969,994,10,0,0.0
5970,995,1,1,1.0
5971,995,2,2,2.0
5972,995,3,1,2.0
5973,995,4,2,2.0
5974,995,6,2,2.0
5975,995,9,1,2.0
5976,996,0,0,0.0
5977,996,1,1,1.0
5978,996,3,1,1.0
5979,996,6,2,2.0
5980,996,7,1,2.0
5981,996,10,2,2.0
5982,997,2,0,0.0
5983,997,4,0,0.0
5984,997,5,0,0.0
5985,997,6,0,0.0
5986,997,9,0,0.0
5987,997,10,0,0.0
5988,998,0,0,0.0
5989,998,1,1,1.0
5990,998,2,2,2.0
5991,998,3,3,3.0
5992,998,4,2,3.0
5993,998,7,3,3.0
5994,999,0,0,0.0
5995,999,3,1,1.0
5996,999,5,1,1.0
5997,999,6,0,1.0
5998,999,7,1,1.0
5999,999,9,1,1.0
6000,1000,0,0,0.0
6001,1000,1,0,0.0
6002,1000,2,0,0.0
6003,1000,3,0,0.0
6004,1000,6,3,3.0
6005,1000,9,4,4.0
6006,1001,2,2,2.0
6007,1001,4,2,2.0
6008,1001,6,2,2.0
6009,1001,7,1,2.0
6010,1001,8,2,2.0
6011,1001,9,1,2.0
6012,1002,0,0,0.0
6013,1002,1,0,0.0
6014,1002,4,0,0.0
6015,1002,5,0,0.0
6016,1002,6,0,0.0
6017,1002,8,0,0.0
6018,1003,2,0,0.0
6019,1003,4,0,0.0
6020,1003,7,0,0.0
6021,1003,8,0,0.0
6022,1003,9,0,0.0
6023,1003,10,0,0.0
6024,1004,1,0,0.0
6025,1004,2,1,1.0
6026,1004,4,1,1.0
6027,1004,8,3,3.0
6028,1004,9,2,3.0
6029,1004,10,3,3.0
6030,1005,0,0,0.0
6031,1005,1,1,1.0
6032,1005,3,1,1.0
6033,1005,4,2,2.0
6034,1005,8,2,2.0
6035,1005,10,2,2.0
6036,1006,0,0,0.0
6037,1006,2,0,0.0
6038,1006,3,1,1.0
6039,1006,4,2,2.0
6040,1006,7,3,3.0
6041,1006,10,5,5.0
6042,1007,0,0,0.0
6043,1007,1,1,1.0
6044,1007,4,0,1.0
6045,1007,5,1,1.0
6046,1007,6,2,2.0
6047,1007,7,3,3.0
6048,1008,0,0,0.0
6049,1008,1,1,1.0
6050,1008,2,0,1.0
6051,1008,4,2,2.0
6052,1008,5,1,2.0
6053,1008,9,1,2.0
6054,1009,0,0,0.0
6055,1009,1,1,1.0
6056,1009,3,1,1.0
6057,1009,4,1,1.0
6058,1009,5,1,1.0
6059,1009,6,1,1.0
6060,1010,0,0,0.0
6061,1010,1,1,1.0
6062,1010,4,0,1.0
6063,1010,6,0,1.0
6064,1010,8,0,1.0
6065,1010,10,0,1.0
6066,1011,4,0,0.0
6067,1011,5,0,0.0
6068,1011,7,1,1.0
6069,1011,8,1,1.0
6070,1011,9,2,2.0
6071,1011,10,1,2.0
6072,1012,1,1,1.0
6073,1012,2,0,1.0
6074,1012,5,0,1.0
6075,1012,6,1,1.0
6076,1012,7,0,1.0
6077,1012,8,1,1.0
6078,1013,4,0,0.0
6079,1013,5,0,0.0
6080,1013,6,0,0.0
6081,1013,8,0,0.0
6082,1013,9,0,0.0
6083,1013,10,0,0.0
6084,1014,0,0,0.0
6085,1014,2,0,0.0
6086,1014,4,2,2.0
6087,1014,5,3,3.0
6088,1014,6,2,3.0
6089,1014,7,3,3.0
6090,1015,2,0,0.0
6091,1015,4,0,0.0
6092,1015,5,1,1.0
6093,1015,7,3,3.0
6094,1015,9,3,3.0
6095,1015,10,4,4.0
6096,1016,0,0,0.0
6097,1016,2,2,2.0
6098,1016,3,1,2.0
6099,1016,4,0,2.0
6100,1016,6,0,2.0
6101,1016,10,0,2.0
6102,1017,1,1,1.0
6103,1017,3,3,3.0
6104,1017,4,2,3.0
6105,1017,6,2,3.0
6106,1017,7,3,3.0
6107,1017,8,2,3.0
6108,1018,0,0,0.0
6109,1018,3,1,1.0
6110,1018,5,1,1.0
6111,1018,6,2,2.0
6112,1018,7,3,3.0
6113,1018,9,5,5.0
6114,1019,1,0,0.0
6115,1019,2,0,0.0
6116,1019,5,0,0.0
6117,1019,6,0,0.0
6118,1019,7,0,0.0
6119,1019,9,0,0.0
6120,1020,1,0,0.0
6121,1020,3,0,0.0
6122,1020,5,0,0.0
6123,1020,7,0,0.0
6124,1020,8,0,0.0
6125,1020,10,0,0.0
6126,1021,1,1,1.0
6127,1021,2,2,2.0
6128,1021,4,2,2.0
6129,1021,7,4,4.0
6130,1021,8,3,4.0
6131,1021,9,4,4.0
6132,1022,1,1,1.0
6133,1022,3,0,1.0
6134,1022,5,0,1.0
6135,1022,6,1,1.0
6136,1022,8,1,1.0
6137,1022,9,1,1.0
6138,1023,0,0,0.0
6139,1023,2,0,0.0
6140,1023,4,0,0.0
6141,1023,6,0,0.0
6142,1023,8,0,0.0
6143,1023,10,0,0.0
6144,1024,1,1,1.0
6145,1024,2,0,1.0
6146,1024,6,3,3.0
6147,1024,7,2,3.0
6148,1024,9,4,4.0
6149,1024,10,5,5.0
6150,1025,0,0,0.0
6151,1025,3,3,3.0
6152,1025,4,4,4.0
6153,1025,6,5,5.0
6154,1025,7,5,5.0
6155,1025,9,5,5.0
6156,1026,0,0,0.0
6157,1026,1,1,1.0
6158,1026,2,1,1.0
6159,1026,3,2,2.0
6160,1026,4,3,3.0
6161,1026,8,5,5.0
6162,1027,0,0,0.0
6163,1027,1,0,0.0
6164,1027,3,1,1.0
6165,1027,5,0,1.0
6166,1027,8,0,1.0
6167,1027,10,0,1.0
6168,1028,0,0,0.0
6169,1028,3,1,1.0
6170,1028,4,1,1.0
6171,1028,5,2,2.0
6172,1028,6,3,3.0
6173,1028,9,5,5.0
6174,1029,2,0,0.0
6175,1029,4,0,0.0
6176,1029,6,2,2.0
6177,1029,8,2,2.0
6178,1029,9,3,3.0
6179,1029,10,4,4.0
6180,1030,0,0,0.0
6181,1030,1,1,1.0
6182,1030,5,1,1.0
6183,1030,7,3,3.0
6184,1030,8,4,4.0
6185,1030,10,4,4.0
6186,1031,0,0,0.0
6187,1031,3,0,0.0
6188,1031,4,0,0.0
6189,1031,5,1,1.0
6190,1031,6,0,1.0
6191,1031,10,0,1.0
6192,1032,0,0,0.0
6193,1032,1,0,0.0
6194,1032,2,1,1.0
6195,1032,3,2,2.0
6196,1032,7,2,2.0
6197,1032,9,2,2.0
6198,1033,0,0,0.0
6199,1033,2,0,0.0
6200,1033,3,1,1.0
6201,1033,4,1,1.0
6202,1033,5,1,1.0
6203,1033,10,0,1.0
6204,1034,0,0,0.0
6205,1034,1,1,1.0
6206,1034,2,0,1.0
6207,1034,7,1,1.0
6208,1034,8,0,1.0
6209,1034,10,1,1.0
6210,1035,0,0,0.0
6211,1035,2,2,2.0
6212,1035,4,2,2.0
6213,1035,5,3,3.0
6214,1035,8,2,3.0
6215,1035,10,0,3.0
6216,1036,0,0,0.0
6217,1036,2,2,2.0
6218,1036,5,1,2.0
6219,1036,6,2,2.0
6220,1036,7,1,2.0
6221,1036,10,2,2.0
6222,1037,1,1,1.0
6223,1037,2,1,1.0
6224,1037,4,3,3.0
6225,1037,5,4,4.0
6226,1037,7,3,4.0
6227,1037,9,3,4.0
6228,1038,0,0,0.0
6229,1038,4,1,1.0
6230,1038,5,0,1.0
6231,1038,7,1,1.0
6232,1038,9,0,1.0
6233,1038,10,1,1.0
6234,1039,0,0,0.0
6235,1039,2,0,0.0
6236,1039,3,1,1.0
6237,1039,6,0,1.0
6238,1039,8,0,1.0
6239,1039,10,0,1.0
6240,1040,0,0,0.0
6241,1040,1,0,0.0
6242,1040,2,0,0.0
6243,1040,3,0,0.0
6244,1040,7,0,0.0
6245,1040,9,0,0.0
6246,1041,0,0,0.0
6247,1041,1,1,1.0
6248,1041,2,2,2.0
6249,1041,3,3,3.0
6250,1041,6,4,4.0
6251,1041,10,2,4.0
6252,1042,0,0,0.0
6253,1042,1,0,0.0
6254,1042,2,1,1.0
6255,1042,3,1,1.0
6256,1042,4,0,1.0
6257,1042,6,1,1.0
6258,1043,0,0,0.0
6259,1043,1,1,1.0
6260,1043,5,1,1.0
6261,1043,6,2,2.0
6262,1043,8,2,2.0
6263,1043,9,3,3.0
6264,1044,2,0,0.0
6265,1044,3,1,1.0
6266,1044,5,1,1.0
6267,1044,6,0,1.0
6268,1044,8,0,1.0
6269,1044,9,1,1.0
6270,1045,1,1,1.0
6271,1045,2,2,2.0
6272,1045,4,2,2.0
6273,1045,5,3,3.0
6274,1045,6,2,3.0
6275,1045,9,3,3.0
6276,1046,5,0,0.0
6277,1046,6,0,0.0
6278,1046,7,0,0.0
6279,1046,8,0,0.0
6280,1046,9,0,0.0
6281,1046,10,0,0.0
6282,1047,0,0,0.0
6283,1047,1,1,1.0
6284,1047,3,3,3.0
6285,1047,6,4,4.0
6286,1047,7,5,5.0
6287,1047,8,5,5.0
6288,1048,0,0,0.0
6289,1048,2,0,0.0
6290,1048,3,0,0.0
6291,1048,4,1,1.0
6292,1048,9,0,1.0
6293,1048,10,0,1.0
6294,1049,0,0,0.0
6295,1049,1,1,1.0
6296,1049,5,3,3.0
6297,1049,6,4,4.0
6298,1049,7,5,5.0
6299,1049,8,5,5.0
6300,1050,1,0,0.0
6301,1050,4,0,0.0
6302,1050,6,0,0.0
6303,1050,7,0,0.0
6304,1050,9,0,0.0
6305,1050,10,0,0.0
6306,1051,1,1,1.0
6307,1051,2,2,2.0
6308,1051,4,2,2.0
6309,1051,5,1,2.0
6310,1051,9,1,2.0
6311,1051,10,1,2.0
6312,1052,0,0,0.0
6313,1052,1,1,1.0
6314,1052,3,3,3.0
6315,1052,7,3,3.0
6316,1052,9,1,3.0
6317,1052,10,2,3.0
6318,1053,1,1,1.0
6319,1053,2,1,1.0
6320,1053,3,0,1.0
6321,1053,8,1,1.0
6322,1053,9,1,1.0
6323,1053,10,1,1.0
6324,1054,2,0,0.0
6325,1054,3,0,0.0
6326,1054,5,0,0.0
6327,1054,7,0,0.0
6328,1054,8,0,0.0
6329,1054,9,0,0.0
6330,1055,0,0,0.0
6331,1055,1,0,0.0
6332,1055,2,0,0.0
6333,1055,4,0,0.0
6334,1055,6,0,0.0
6335,1055,7,0,0.0
6336,1056,0,0,0.0
6337,1056,1,0,0.0
6338,1056,5,0,0.0
6339,1056,7,0,0.0
6340,1056,8,0,0.0
6341,1056,9,0,0.0
6342,1057,2,0,0.0
6343,1057,3,0,0.0
6344,1057,4,0,0.0
6345,1057,5,0,0.0
6346,1057,6,0,0.0
6347,1057,8,0,0.0
6348,1058,0,0,0.0
6349,1058,3,1,1.0
6350,1058,5,3,3.0
6351,1058,6,4,4.0
6352,1058,7,3,4.0
6353,1058,9,3,4.0
6354,1059,0,0,0.0
6355,1059,2,2,2.0
6356,1059,5,3,3.0
6357,1059,6,4,4.0
6358,1059,9,5,5.0
6359,1059,10,5,5.0
6360,1060,1,1,1.0
6361,1060,2,2,2.0
6362,1060,3,1,2.0
6363,1060,5,1,2.0
6364,1060,6,2,2.0
6365,1060,10,4,4.0
6366,1061,0,0,0.0
6367,1061,1,1,1.0
6368,1061,7,1,1.0
6369,1061,8,0,1.0
6370,1061,9,1,1.0
6371,1061,10,0,1.0
6372,1062,0,0,0.0
6373,1062,1,0,0.0
6374,1062,3,1,1.0
6375,1062,4,0,1.0
6376,1062,7,0,1.0
6377,1062,9,1,1.0
6378,1063,1,0,0.0
6379,1063,3,0,0.0
6380,1063,4,0,0.0
6381,1063,5,0,0.0
6382,1063,6,0,0.0
6383,1063,7,0,0.0
6384,1064,0,0,0.0
6385,1064,1,1,1.0
6386,1064,5,1,1.0
6387,1064,6,2,2.0
6388,1064,9,3,3.0
6389,1064,10,2,3.0
6390,1065,0,0,0.0
6391,1065,2,2,2.0
6392,1065,3,3,3.0
6393,1065,4,2,3.0
6394,1065,6,2,3.0
6395,1065,10,2,3.0
6396,1066,2,1,1.0
6397,1066,3,1,1.0
6398,1066,6,3,3.0
6399,1066,8,4,4.0
6400,1066,9,4,4.0
6401,1066,10,4,4.0
6402,1067,1,1,1.0
6403,1067,2,0,1.0
6404,1067,3,1,1.0
6405,1067,5,1,1.0
6406,1067,9,5,5.0
6407,1067,10,5,5.0
6408,1068,0,0,0.0
6409,1068,5,3,3.0
6410,1068,6,2,3.0
6411,1068,8,4,4.0
6412,1068,9,3,4.0
6413,1068,10,2,4.0
6414,1069,2,2,2.0
6415,1069,4,0,2.0
6416,1069,6,2,2.0
6417,1069,8,2,2.0
6418,1069,9,1,2.0
6419,1069,10,0,2.0
6420,1070,2,0,0.0
6421,1070,3,0,0.0
6422,1070,4,0,0.0
6423,1070,6,0,0.0
6424,1070,9,3,3.0
6425,1070,10,2,3.0
6426,1071,1,1,1.0
6427,1071,4,0,1.0
6428,1071,6,0,1.0
6429,1071,7,1,1.0
6430,1071,9,0,1.0
6431,1071,10,0,1.0
6432,1072,1,1,1.0
6433,1072,2,0,1.0
6434,1072,5,1,1.0
6435,1072,6,2,2.0
6436,1072,9,1,2.0
6437,1072,10,2,2.0
6438,1073,1,1,1.0
6439,1073,5,2,2.0
6440,1073,6,2,2.0
6441,1073,7,2,2.0
6442,1073,8,1,2.0
6443,1073,9,2,2.0
6444,1074,0,0,0.0
6445,1074,2,1,1.0
6446,1074,4,2,2.0
6447,1074,6,3,3.0
6448,1074,7,2,3.0
6449,1074,9,3,3.0
6450,1075,0,0,0.0
6451,1075,5,1,1.0
6452,1075,6,2,2.0
6453,1075,7,1,2.0
6454,1075,8,2,2.0
6455,1075,10,2,2.0
6456,1076,0,0,0.0
6457,1076,3,0,0.0
6458,1076,4,0,0.0
6459,1076,5,0,0.0
6460,1076,7,0,0.0
6461,1076,8,0,0.0
6462,1077,1,0,0.0
6463,1077,2,0,0.0
6464,1077,4,0,0.0
6465,1077,7,0,0.0
6466,1077,9,0,0.0
6467,1077,10,0,0.0
6468,1078,0,0,0.0
6469,1078,1,1,1.0
6470,1078,2,0,1.0
6471,1078,4,1,1.0
6472,1078,7,3,3.0
6473,1078,9,4,4.0
6474,1079,1,1,1.0
6475,1079,2,1,1.0
6476,1079,3,1,1.0
6477,1079,4,0,1.0
6478,1079,6,1,1.0
6479,1079,8,1,1.0
6480,1080,0,0,0.0
6481,1080,3,3,3.0
6482,1080,5,3,3.0
6483,1080,7,1,3.0
6484,1080,9,1,3.0
6485,1080,10,2,3.0
6486,1081,0,0,0.0
6487,1081,1,1,1.0
6488,1081,2,0,1.0
6489,1081,7,0,1.0
6490,1081,8,0,1.0
6491,1081,9,0,1.0
6492,1082,1,1,1.0
6493,1082,2,2,2.0
6494,1082,5,1,2.0
6495,1082,6,2,2.0
6496,1082,7,3,3.0
6497,1082,10,2,3.0
6498,1083,0,0,0.0
6499,1083,1,0,0.0
6500,1083,7,0,0.0
6501,1083,8,0,0.0
6502,1083,9,0,0.0
6503,1083,10,0,0.0
6504,1084,2,0,0.0
6505,1084,3,0,0.0
6506,1084,4,0,0.0
6507,1084,8,0,0.0
6508,1084,9,0,0.0
6509,1084,10,0,0.0
6510,1085,1,1,1.0
6511,1085,3,2,2.0
6512,1085,4,3,3.0
6513,1085,6,3,3.0
6514,1085,9,3,3.0
6515,1085,10,3,3.0
6516,1086,0,0,0.0
6517,1086,1,1,1.0
6518,1086,3,1,1.0
6519,1086,7,2,2.0
6520,1086,8,3,3.0
6521,1086,10,5,5.0
6522,1087,4,0,0.0
6523,1087,5,0,0.0
6524,1087,6,0,0.0
6525,1087,7,0,0.0
6526,1087,9,0,0.0
6527,1087,10,0,0.0
6528,1088,0,0,0.0
6529,1088,3,1,1.0
6530,1088,5,3,3.0
6531,1088,6,2,3.0
6532,1088,7,3,3.0
6533,1088,8,2,3.0
6534,1089,0,0,0.0
6535,1089,2,1,1.0
6536,1089,3,0,1.0
6537,1089,5,0,1.0
6538,1089,6,1,1.0
6539,1089,10,3,3.0
6540,1090,0,0,0.0
6541,1090,2,1,1.0
6542,1090,6,1,1.0
6543,1090,8,0,1.0
6544,1090,9,1,1.0
6545,1090,10,2,2.0
6546,1091,0,0,0.0
6547,1091,3,3,3.0
6548,1091,4,4,4.0
6549,1091,6,5,5.0
6550,1091,8,5,5.0
6551,1091,10,5,5.0
6552,1092,0,0,0.0
6553,1092,1,1,1.0
6554,1092,3,3,3.0
6555,1092,4,3,3.0
6556,1092,6,5,5.0
6557,1092,7,5,5.0
6558,1093,0,0,0.0
6559,1093,1,1,1.0
6560,1093,3,0,1.0
6561,1093,4,1,1.0
6562,1093,9,1,1.0
6563,1093,10,0,1.0
6564,1094,3,0,0.0
6565,1094,4,0,0.0
6566,1094,5,0,0.0
6567,1094,7,0,0.0
6568,1094,9,0,0.0
6569,1094,10,0,0.0
6570,1095,0,0,0.0
6571,1095,2,2,2.0
6572,1095,5,1,2.0
6573,1095,6,0,2.0
6574,1095,7,1,2.0
6575,1095,8,0,2.0
6576,1096,1,0,0.0
6577,1096,3,0,0.0
6578,1096,5,0,0.0
6579,1096,6,0,0.0
6580,1096,7,1,1.0
6581,1096,10,0,1.0
6582,1097,0,0,0.0
6583,1097,2,0,0.0
6584,1097,4,0,0.0
6585,1097,5,0,0.0
6586,1097,6,0,0.0
6587,1097,10,0,0.0
6588,1098,0,0,0.0
6589,1098,1,1,1.0
6590,1098,3,3,3.0
6591,1098,6,4,4.0
6592,1098,7,3,4.0
6593,1098,9,3,4.0
6594,1099,2,0,0.0
6595,1099,3,0,0.0
6596,1099,7,0,0.0
6597,1099,8,0,0.0
6598,1099,9,0,0.0
6599,1099,10,0,0.0
6600,1100,0,0,0.0
6601,1100,3,2,2.0
6602,1100,4,1,2.0
6603,1100,8,1,2.0
6604,1100,9,2,2.0
6605,1100,10,1,2.0
6606,1101,0,0,0.0
6607,1101,1,0,0.0
6608,1101,4,0,0.0
6609,1101,5,0,0.0
6610,1101,6,0,0.0
6611,1101,10,0,0.0
6612,1102,1,1,1.0
6613,1102,4,1,1.0
6614,1102,6,3,3.0
6615,1102,7,4,4.0
6616,1102,9,5,5.0
6617,1102,10,5,5.0
6618,1103,1,0,0.0
6619,1103,4,0,0.0
6620,1103,5,0,0.0
6621,1103,7,0,0.0
6622,1103,8,0,0.0
6623,1103,10,0,0.0
6624,1104,0,0,0.0
6625,1104,2,2,2.0
6626,1104,4,2,2.0
6627,1104,5,1,2.0
6628,1104,6,2,2.0
6629,1104,9,1,2.0
6630,1105,0,0,0.0
6631,1105,1,0,0.0
6632,1105,2,1,1.0
6633,1105,3,0,1.0
6634,1105,6,0,1.0
6635,1105,10,0,1.0
6636,1106,0,0,0.0
6637,1106,3,0,0.0
6638,1106,4,0,0.0
6639,1106,6,0,0.0
6640,1106,8,0,0.0
6641,1106,9,0,0.0
6642,1107,0,0,0.0
6643,1107,2,0,0.0
6644,1107,5,0,0.0
6645,1107,6,0,0.0
6646,1107,8,0,0.0
6647,1107,9,1,1.0
6648,1108,2,0,0.0
6649,1108,4,2,2.0
6650,1108,6,3,3.0
6651,1108,8,3,3.0
6652,1108,9,4,4.0
6653,1108,10,4,4.0
6654,1109,2,1,1.0
6655,1109,3,0,1.0
6656,1109,6,0,1.0
6657,1109,7,1,1.0
6658,1109,8,0,1.0
6659,1109,10,0,1.0
6660,1110,0,0,0.0
6661,1110,1,1,1.0
6662,1110,3,3,3.0
6663,1110,4,4,4.0
6664,1110,5,3,4.0
6665,1110,6,3,4.0
6666,1111,0,0,0.0
6667,1111,4,2,2.0
6668,1111,6,1,2.0
6669,1111,7,2,2.0
6670,1111,8,2,2.0
6671,1111,9,2,2.0
6672,1112,1,1,1.0
6673,1112,2,0,1.0
6674,1112,3,1,1.0
6675,1112,6,4,4.0
6676,1112,9,5,5.0
6677,1112,10,5,5.0
6678,1113,4,0,0.0
6679,1113,5,1,1.0
6680,1113,6,0,1.0
6681,1113,7,1,1.0
6682,1113,9,1,1.0
6683,1113,10,0,1.0
6684,1114,0,0,0.0
6685,1114,3,0,0.0
6686,1114,4,0,0.0
6687,1114,7,0,0.0
6688,1114,8,0,0.0
6689,1114,10,0,0.0
6690,1115,3,0,0.0
6691,1115,4,0,0.0
6692,1115,5,0,0.0
6693,1115,8,0,0.0
6694,1115,9,0,0.0
6695,1115,10,0,0.0
6696,1116,3,0,0.0
6697,1116,4,0,0.0
6698,1116,6,0,0.0
6699,1116,7,0,0.0
6700,1116,8,0,0.0
6701,1116,9,0,0.0
6702,1117,1,0,0.0
6703,1117,2,0,0.0
6704,1117,3,0,0.0
6705,1117,4,0,0.0
6706,1117,7,0,0.0
6707,1117,8,0,0.0
6708,1118,0,0,0.0
6709,1118,1,0,0.0
6710,1118,4,2,2.0
6711,1118,5,3,3.0
6712,1118,7,1,3.0
6713,1118,10,3,3.0
6714,1119,0,0,0.0
6715,1119,2,0,0.0
6716,1119,3,1,1.0
6717,1119,6,0,1.0
6718,1119,8,0,1.0
6719,1119,10,0,1.0
6720,1120,0,0,0.0
6721,1120,1,0,0.0
6722,1120,2,0,0.0
6723,1120,4,0,0.0
6724,1120,5,1,1.0
6725,1120,6,0,1.0
6726,1121,0,0,0.0
6727,1121,1,0,0.0
6728,1121,5,0,0.0
6729,1121,7,1,1.0
6730,1121,8,0,1.0
6731,1121,10,0,1.0
6732,1122,1,1,1.0
6733,1122,2,2,2.0
6734,1122,3,1,2.0
6735,1122,5,3,3.0
6736,1122,8,5,5.0
6737,1122,10,5,5.0
6738,1123,1,1,1.0
6739,1123,2,2,2.0
6740,1123,4,4,4.0
6741,1123,5,3,4.0
6742,1123,8,4,4.0
6743,1123,9,3,4.0
6744,1124,0,0,0.0
6745,1124,3,1,1.0
6746,1124,4,2,2.0
6747,1124,5,3,3.0
6748,1124,6,4,4.0
6749,1124,9,5,5.0
6750,1125,0,0,0.0
6751,1125,4,1,1.0
6752,1125,5,2,2.0
6753,1125,8,2,2.0
6754,1125,9,3,3.0
6755,1125,10,3,3.0
6756,1126,2,0,0.0
6757,1126,5,1,1.0
6758,1126,7,0,1.0
6759,1126,8,1,1.0
6760,1126,9,0,1.0
6761,1126,10,1,1.0
6762,1127,1,1,1.0
6763,1127,2,1,1.0
6764,1127,3,0,1.0
6765,1127,4,1,1.0
6766,1127,5,0,1.0
6767,1127,8,1,1.0
6768,1128,0,0,0.0
6769,1128,1,0,0.0
6770,1128,3,0,0.0
6771,1128,4,0,0.0
6772,1128,7,0,0.0
6773,1128,10,0,0.0
6774,1129,0,0,0.0
6775,1129,1,0,0.0
6776,1129,3,0,0.0
6777,1129,4,0,0.0
6778,1129,8,0,0.0
6779,1129,9,0,0.0
6780,1130,0,0,0.0
6781,1130,1,1,1.0
6782,1130,3,1,1.0
6783,1130,4,0,1.0
6784,1130,5,1,1.0
6785,1130,9,1,1.0
6786,1131,0,0,0.0
6787,1131,1,0,0.0
6788,1131,2,0,0.0
6789,1131,5,0,0.0
6790,1131,8,0,0.0
6791,1131,9,0,0.0
6792,1132,1,0,0.0
6793,1132,2,0,0.0
6794,1132,3,0,0.0
6795,1132,6,2,2.0
6796,1132,8,0,2.0
6797,1132,9,1,2.0
6798,1133,0,0,0.0
6799,1133,3,1,1.0
6800,1133,5,1,1.0
6801,1133,6,0,1.0
6802,1133,7,1,1.0
6803,1133,9,3,3.0
6804,1134,0,0,0.0
6805,1134,1,0,0.0
6806,1134,5,0,0.0
6807,1134,8,0,0.0
6808,1134,9,0,0.0
6809,1134,10,0,0.0
6810,1135,0,0,0.0
6811,1135,2,2,2.0
6812,1135,3,3,3.0
6813,1135,5,3,3.0
6814,1135,6,4,4.0
6815,1135,9,5,5.0
6816,1136,3,2,2.0
6817,1136,6,1,2.0
6818,1136,7,0,2.0
6819,1136,8,1,2.0
6820,1136,9,0,2.0
6821,1136,10,1,2.0
6822,1137,1,1,1.0
6823,1137,2,2,2.0
6824,1137,3,3,3.0
6825,1137,4,2,3.0
6826,1137,5,3,3.0
6827,1137,6,2,3.0
6828,1138,1,1,1.0
6829,1138,2,0,1.0
6830,1138,4,1,1.0
6831,1138,6,0,1.0
6832,1138,8,0,1.0
6833,1138,9,1,1.0
6834,1139,0,0,0.0
6835,1139,3,1,1.0
6836,1139,4,1,1.0
6837,1139,5,0,1.0
6838,1139,7,0,1.0
6839,1139,9,1,1.0
6840,1140,2,0,0.0
6841,1140,3,0,0.0
6842,1140,4,0,0.0
6843,1140,5,0,0.0
6844,1140,8,0,0.0
6845,1140,9,0,0.0
6846,1141,1,1,1.0
6847,1141,3,1,1.0
6848,1141,5,0,1.0
6849,1141,6,0,1.0
6850,1141,7,1,1.0
6851,1141,9,1,1.0
6852,1142,0,0,0.0
6853,1142,2,0,0.0
6854,1142,3,0,0.0
6855,1142,8,0,0.0
6856,1142,9,0,0.0
6857,1142,10,0,0.0
6858,1143,1,0,0.0
6859,1143,5,0,0.0
6860,1143,6,1,1.0
6861,1143,7,0,1.0
6862,1143,8,1,1.0
6863,1143,9,0,1.0
6864,1144,1,1,1.0
6865,1144,4,1,1.0
6866,1144,5,2,2.0
6867,1144,6,1,2.0
6868,1144,9,1,2.0
6869,1144,10,1,2.0
6870,1145,0,0,0.0
6871,1145,4,2,2.0
6872,1145,5,1,2.0
6873,1145,6,2,2.0
6874,1145,8,2,2.0
6875,1145,10,2,2.0
6876,1146,0,0,0.0
6877,1146,1,1,1.0
6878,1146,2,2,2.0
6879,1146,4,0,2.0
6880,1146,5,1,2.0
6881,1146,7,3,3.0
6882,1147,1,0,0.0
6883,1147,3,2,2.0
6884,1147,4,3,3.0
6885,1147,5,4,4.0
6886,1147,6,5,5.0
6887,1147,8,5,5.0
6888,1148,2,2,2.0
6889,1148,3,1,2.0
6890,1148,4,2,2.0
6891,1148,5,1,2.0
6892,1148,8,2,2.0
6893,1148,9,1,2.0
6894,1149,2,2,2.0
6895,1149,4,4,4.0
6896,1149,5,5,5.0
6897,1149,6,5,5.0
6898,1149,7,5,5.0
6899,1149,8,5,5.0
6900,1150,1,0,0.0
6901,1150,4,0,0.0
6902,1150,5,0,0.0
6903,1150,6,0,0.0
6904,1150,7,0,0.0
6905,1150,9,1,1.0
6906,1151,2,0,0.0
6907,1151,3,0,0.0
6908,1151,4,1,1.0
6909,1151,6,1,1.0
6910,1151,7,2,2.0
6911,1151,9,2,2.0
6912,1152,1,1,1.0
6913,1152,2,0,1.0
6914,1152,5,1,1.0
6915,1152,6,0,1.0
6916,1152,8,0,1.0
6917,1152,10,0,1.0
6918,1153,1,1,1.0
6919,1153,2,1,1.0
6920,1153,3,1,1.0
6921,1153,4,1,1.0
6922,1153,6,2,2.0
6923,1153,9,2,2.0
6924,1154,2,2,2.0
6925,1154,3,3,3.0
6926,1154,4,2,3.0
6927,1154,5,3,3.0
6928,1154,8,3,3.0
6929,1154,10,3,3.0
6930,1155,0,0,0.0
6931,1155,1,0,0.0
6932,1155,3,0,0.0
6933,1155,5,0,0.0
6934,1155,6,0,0.0
6935,1155,8,0,0.0
6936,1156,0,0,0.0
6937,1156,1,0,0.0
6938,1156,2,0,0.0
6939,1156,3,0,0.0
6940,1156,5,0,0.0
6941,1156,8,0,0.0
6942,1157,1,1,1.0
6943,1157,5,3,3.0
6944,1157,6,2,3.0
6945,1157,7,1,3.0
6946,1157,8,0,3.0
6947,1157,9,1,3.0
6948,1158,0,0,0.0
6949,1158,1,0,0.0
6950,1158,2,0,0.0
6951,1158,5,0,0.0
6952,1158,6,1,1.0
6953,1158,9,0,1.0
6954,1159,1,0,0.0
6955,1159,3,0,0.0
6956,1159,4,0,0.0
6957,1159,5,0,0.0
6958,1159,7,0,0.0
6959,1159,9,0,0.0
6960,1160,1,1,1.0
6961,1160,5,1,1.0
6962,1160,6,0,1.0
6963,1160,7,1,1.0
6964,1160,9,3,3.0
6965,1160,10,2,3.0
6966,1161,3,1,1.0
6967,1161,4,0,1.0
6968,1161,5,1,1.0
6969,1161,6,2,2.0
6970,1161,7,1,2.0
6971,1161,10,1,2.0
6972,1162,0,0,0.0
6973,1162,1,1,1.0
6974,1162,4,2,2.0
6975,1162,6,2,2.0
6976,1162,9,3,3.0
6977,1162,10,4,4.0
6978,1163,0,0,0.0
6979,1163,1,0,0.0
6980,1163,3,0,0.0
6981,1163,5,0,0.0
6982,1163,7,0,0.0
6983,1163,10,0,0.0
6984,1164,0,0,0.0
6985,1164,4,2,2.0
6986,1164,7,1,2.0
6987,1164,8,2,2.0
6988,1164,9,1,2.0
6989,1164,10,2,2.0
6990,1165,0,0,0.0
6991,1165,1,0,0.0
6992,1165,2,1,1.0
6993,1165,3,0,1.0
6994,1165,6,0,1.0
6995,1165,8,1,1.0
6996,1166,0,0,0.0
6997,1166,2,0,0.0
6998,1166,3,0,0.0
6999,1166,6,0,0.0
7000,1166,8,0,0.0
7001,1166,9,0,0.0
7002,1167,0,0,0.0
7003,1167,2,0,0.0
7004,1167,4,0,0.0
7005,1167,6,0,0.0
7006,1167,8,0,0.0
7007,1167,10,0,0.0
7008,1168,0,0,0.0
7009,1168,1,1,1.0
7010,1168,2,1,1.0
7011,1168,4,1,1.0
7012,1168,6,1,1.0
7013,1168,9,1,1.0
7014,1169,2,1,1.0
7015,1169,4,1,1.0
7016,1169,5,0,1.0
7017,1169,6,1,1.0
7018,1169,8,1,1.0
7019,1169,9,2,2.0
7020,1170,0,0,0.0
7021,1170,2,2,2.0
7022,1170,3,1,2.0
7023,1170,5,1,2.0
7024,1170,8,2,2.0
7025,1170,9,1,2.0
7026,1171,1,1,1.0
7027,1171,2,1,1.0
7028,1171,6,1,1.0
7029,1171,8,1,1.0
7030,1171,9,0,1.0
7031,1171,10,1,1.0
7032,1172,0,0,0.0
7033,1172,1,0,0.0
7034,1172,5,0,0.0
7035,1172,6,0,0.0
7036,1172,7,0,0.0
7037,1172,10,0,0.0
7038,1173,0,0,0.0
7039,1173,1,0,0.0
7040,1173,3,0,0.0
7041,1173,4,0,0.0
7042,1173,8,0,0.0
7043,1173,10,0,0.0
7044,1174,1,1,1.0
7045,1174,2,2,2.0
7046,1174,3,3,3.0
7047,1174,5,3,3.0
7048,1174,7,3,3.0
7049,1174,9,3,3.0
7050,1175,0,0,0.0
7051,1175,1,1,1.0
7052,1175,5,1,1.0
7053,1175,6,0,1.0
7054,1175,9,1,1.0
7055,1175,10,0,1.0
7056,1176,1,0,0.0
7057,1176,3,0,0.0
7058,1176,4,0,0.0
7059,1176,6,0,0.0
7060,1176,7,0,0.0
7061,1176,10,0,0.0
7062,1177,0,0,0.0
7063,1177,1,0,0.0
7064,1177,2,0,0.0
7065,1177,3,0,0.0
7066,1177,4,0,0.0
7067,1177,6,0,0.0
7068,1178,1,1,1.0
7069,1178,3,3,3.0
7070,1178,6,2,3.0
7071,1178,7,3,3.0
7072,1178,9,1,3.0
7073,1178,10,0,3.0
7074,1179,0,0,0.0
7075,1179,2,0,0.0
7076,1179,3,1,1.0
7077,1179,4,2,2.0
7078,1179,5,1,2.0
7079,1179,10,2,2.0
7080,1180,0,0,0.0
7081,1180,2,1,1.0
7082,1180,4,1,1.0
7083,1180,7,0,1.0
7084,1180,8,1,1.0
7085,1180,9,0,1.0
7086,1181,2,2,2.0
7087,1181,3,2,2.0
7088,1181,4,1,2.0
7089,1181,7,0,2.0
7090,1181,9,0,2.0
7091,1181,10,1,2.0
7092,1182,0,0,0.0
7093,1182,2,2,2.0
7094,1182,3,3,3.0
7095,1182,5,1,3.0
7096,1182,7,1,3.0
7097,1182,9,3,3.0
7098,1183,1,0,0.0
7099,1183,2,0,0.0
7100,1183,3,0,0.0
7101,1183,6,0,0.0
7102,1183,7,0,0.0
7103,1183,10,0,0.0
7104,1184,4,0,0.0
7105,1184,5,0,0.0
7106,1184,7,0,0.0
7107,1184,8,0,0.0
7108,1184,9,0,0.0
7109,1184,10,0,0.0
7110,1185,0,0,0.0
7111,1185,1,1,1.0
7112,1185,2,2,2.0
7113,1185,3,3,3.0
7114,1185,5,4,4.0
7115,1185,10,5,5.0
7116,1186,0,0,0.0
7117,1186,2,0,0.0
7118,1186,5,0,0.0
7119,1186,6,0,0.0
7120,1186,7,1,1.0
7121,1186,8,0,1.0
7122,1187,0,0,0.0
7123,1187,1,1,1.0
7124,1187,6,0,1.0
7125,1187,7,1,1.0
7126,1187,9,1,1.0
7127,1187,10,0,1.0
7128,1188,0,0,0.0
7129,1188,1,1,1.0
7130,1188,2,2,2.0
7131,1188,3,1,2.0
7132,1188,9,1,2.0
7133,1188,10,2,2.0
7134,1189,2,0,0.0
7135,1189,3,1,1.0
7136,1189,5,1,1.0
7137,1189,8,2,2.0
7138,1189,9,1,2.0
7139,1189,10,0,2.0
7140,1190,0,0,0.0
7141,1190,4,2,2.0
7142,1190,6,2,2.0
7143,1190,8,4,4.0
7144,1190,9,3,4.0
7145,1190,10,4,4.0
7146,1191,1,1,1.0
7147,1191,2,0,1.0
7148,1191,3,1,1.0
7149,1191,4,0,1.0
7150,1191,7,1,1.0
7151,1191,9,1,1.0
7152,1192,3,2,2.0
7153,1192,4,1,2.0
7154,1192,5,0,2.0
7155,1192,6,1,2.0
7156,1192,8,1,2.0
7157,1192,9,2,2.0
7158,1193,1,1,1.0
7159,1193,3,1,1.0
7160,1193,4,2,2.0
7161,1193,7,3,3.0
7162,1193,9,3,3.0
7163,1193,10,2,3.0
7164,1194,1,1,1.0
7165,1194,4,0,1.0
7166,1194,5,1,1.0
7167,1194,6,0,1.0
7168,1194,8,0,1.0
7169,1194,10,0,1.0
7170,1195,2,0,0.0
7171,1195,5,0,0.0
7172,1195,6,0,0.0
7173,1195,7,0,0.0
7174,1195,8,0,0.0
7175,1195,9,0,0.0
7176,1196,1,0,0.0
7177,1196,5,0,0.0
7178,1196,6,0,0.0
7179,1196,7,0,0.0
7180,1196,9,0,0.0
7181,1196,10,0,0.0
7182,1197,0,0,0.0
7183,1197,1,1,1.0
7184,1197,4,0,1.0
7185,1197,6,0,1.0
7186,1197,7,1,1.0
7187,1197,10,2,2.0
7188,1198,1,0,0.0
7189,1198,3,0,0.0
7190,1198,5,0,0.0
7191,1198,8,0,0.0
7192,1198,9,0,0.0
7193,1198,10,0,0.0
7194,1199,0,0,0.0
7195,1199,3,3,3.0
7196,1199,4,4,4.0
7197,1199,7,3,4.0
7198,1199,8,4,4.0
7199,1199,9,3,4.0
7200,1200,0,0,0.0
7201,1200,2,2,2.0
7202,1200,3,3,3.0
7203,1200,4,4,4.0
7204,1200,8,2,4.0
7205,1200,9,3,4.0
7206,1201,2,2,2.0
7207,1201,3,3,3.0
7208,1201,5,3,3.0
7209,1201,6,2,3.0
7210,1201,7,3,3.0
7211,1201,10,4,4.0
7212,1202,1,1,1.0
7213,1202,4,1,1.0
7214,1202,5,2,2.0
7215,1202,6,3,3.0
7216,1202,9,5,5.0
7217,1202,10,5,5.0
7218,1203,0,0,0.0
7219,1203,1,1,1.0
7220,1203,6,4,4.0
7221,1203,8,4,4.0
7222,1203,9,3,4.0
7223,1203,10,4,4.0
7224,1204,1,0,0.0
7225,1204,2,0,0.0
7226,1204,3,1,1.0
7227,1204,4,2,2.0
7228,1204,6,0,2.0
7229,1204,7,0,2.0
7230,1205,1,1,1.0
7231,1205,3,1,1.0
7232,1205,4,0,1.0
7233,1205,5,1,1.0
7234,1205,7,1,1.0
7235,1205,8,0,1.0
7236,1206,0,0,0.0
7237,1206,4,2,2.0
7238,1206,5,1,2.0
7239,1206,6,2,2.0
7240,1206,8,2,2.0
7241,1206,9,1,2.0
7242,1207,0,0,0.0
7243,1207,1,1,1.0
7244,1207,2,1,1.0
7245,1207,5,0,1.0
7246,1207,8,1,1.0
7247,1207,10,1,1.0
7248,1208,3,0,0.0
7249,1208,4,0,0.0
7250,1208,5,0,0.0
7251,1208,7,0,0.0
7252,1208,8,0,0.0
7253,1208,10,0,0.0
7254,1209,3,2,2.0
7255,1209,4,1,2.0
7256,1209,6,1,2.0
7257,1209,7,0,2.0
7258,1209,8,0,2.0
7259,1209,9,0,2.0
7260,1210,0,0,0.0
7261,1210,1,0,0.0
7262,1210,2,0,0.0
7263,1210,3,0,0.0
7264,1210,5,0,0.0
7265,1210,9,0,0.0
7266,1211,0,0,0.0
7267,1211,1,1,1.0
7268,1211,3,1,1.0
7269,1211,6,2,2.0
7270,1211,7,3,3.0
7271,1211,9,1,3.0
7272,1212,1,1,1.0
7273,1212,2,2,2.0
7274,1212,3,1,2.0
7275,1212,8,2,2.0
7276,1212,9,3,3.0
7277,1212,10,2,3.0
7278,1213,0,0,0.0
7279,1213,2,0,0.0
7280,1213,5,0,0.0
7281,1213,6,0,0.0
7282,1213,7,0,0.0
7283,1213,8,0,0.0
7284,1214,0,0,0.0
7285,1214,1,1,1.0
7286,1214,3,2,2.0
7287,1214,4,1,2.0
7288,1214,9,0,2.0
7289,1214,10,0,2.0
7290,1215,1,1,1.0
7291,1215,3,3,3.0
7292,1215,4,2,3.0
7293,1215,6,4,4.0
7294,1215,8,2,4.0
7295,1215,9,1,4.0
7296,1216,0,0,0.0
7297,1216,2,0,0.0
7298,1216,3,1,1.0
7299,1216,4,0,1.0
7300,1216,7,1,1.0
7301,1216,10,1,1.0
7302,1217,0,0,0.0
7303,1217,1,0,0.0
7304,1217,3,0,0.0
7305,1217,5,0,0.0
7306,1217,7,0,0.0
7307,1217,8,0,0.0
7308,1218,0,0,0.0
7309,1218,1,1,1.0
7310,1218,3,1,1.0
7311,1218,4,2,2.0
7312,1218,5,3,3.0
7313,1218,7,3,3.0
7314,1219,0,0,0.0
7315,1219,1,0,0.0
7316,1219,2,0,0.0
7317,1219,4,1,1.0
7318,1219,6,0,1.0
7319,1219,9,0,1.0
7320,1220,1,1,1.0
7321,1220,3,1,1.0
7322,1220,5,1,1.0
7323,1220,8,1,1.0
7324,1220,9,2,2.0
7325,1220,10,1,2.0
7326,1221,0,0,0.0
7327,1221,1,1,1.0
7328,1221,3,3,3.0
7329,1221,5,3,3.0
7330,1221,6,3,3.0
7331,1221,10,3,3.0
7332,1222,3,1,1.0
7333,1222,5,1,1.0
7334,1222,7,1,1.0
7335,1222,8,2,2.0
7336,1222,9,1,2.0
7337,1222,10,2,2.0
7338,1223,0,0,0.0
7339,1223,3,1,1.0
7340,1223,7,0,1.0
7341,1223,8,0,1.0
7342,1223,9,0,1.0
7343,1223,10,1,1.0
7344,1224,0,0,0.0
7345,1224,1,0,0.0
7346,1224,2,0,0.0
7347,1224,5,2,2.0
7348,1224,7,2,2.0
7349,1224,9,3,3.0
7350,1225,0,0,0.0
7351,1225,1,1,1.0
7352,1225,4,2,2.0
7353,1225,5,3,3.0
7354,1225,6,2,3.0
7355,1225,9,1,3.0
7356,1226,1,1,1.0
7357,1226,2,2,2.0
7358,1226,4,2,2.0
7359,1226,5,1,2.0
7360,1226,7,1,2.0
7361,1226,8,2,2.0
7362,1227,0,0,0.0
7363,1227,2,0,0.0
7364,1227,3,0,0.0
7365,1227,5,1,1.0
7366,1227,6,2,2.0
7367,1227,8,2,2.0
7368,1228,1,0,0.0
7369,1228,2,0,0.0
7370,1228,4,0,0.0
7371,1228,5,0,0.0
7372,1228,6,0,0.0
7373,1228,9,0,0.0
7374,1229,2,2,2.0
7375,1229,3,3,3.0
7376,1229,4,4,4.0
7377,1229,6,3,4.0
7378,1229,8,3,4.0
7379,1229,9,4,4.0
7380,1230,0,0,0.0
7381,1230,2,2,2.0
7382,1230,3,3,3.0
7383,1230,5,5,5.0
7384,1230,9,5,5.0
7385,1230,10,5,5.0
7386,1231,0,0,0.0
7387,1231,3,0,0.0
7388,1231,5,0,0.0
7389,1231,6,1,1.0
7390,1231,9,2,2.0
7391,1231,10,3,3.0
7392,1232,1,1,1.0
7393,1232,3,3,3.0
7394,1232,4,2,3.0
7395,1232,6,4,4.0
7396,1232,7,5,5.0
7397,1232,8,5,5.0
7398,1233,0,0,0.0
7399,1233,1,0,0.0
7400,1233,4,0,0.0
7401,1233,7,0,0.0
7402,1233,8,0,0.0
7403,1233,9,0,0.0
7404,1234,0,0,0.0
7405,1234,1,1,1.0
7406,1234,2,1,1.0
7407,1234,5,1,1.0
7408,1234,7,3,3.0
7409,1234,9,3,3.0
7410,1235,1,1,1.0
7411,1235,3,1,1.0
7412,1235,5,3,3.0
7413,1235,6,2,3.0
7414,1235,7,1,3.0
7415,1235,9,1,3.0
7416,1236,1,1,1.0
7417,1236,2,0,1.0
7418,1236,3,1,1.0
7419,1236,4,0,1.0
7420,1236,6,2,2.0
7421,1236,10,2,2.0
7422,1237,2,0,0.0
7423,1237,4,0,0.0
7424,1237,6,0,0.0
7425,1237,7,0,0.0
7426,1237,8,0,0.0
7427,1237,10,0,0.0
7428,1238,1,1,1.0
7429,1238,3,0,1.0
7430,1238,4,0,1.0
7431,1238,7,0,1.0
7432,1238,8,0,1.0
7433,1238,9,0,1.0
7434,1239,3,3,3.0
7435,1239,4,2,3.0
7436,1239,5,3,3.0
7437,1239,7,1,3.0
7438,1239,8,2,3.0
7439,1239,9,3,3.0
7440,1240,0,0,0.0
7441,1240,1,1,1.0
7442,1240,3,1,1.0
7443,1240,6,2,2.0
7444,1240,9,1,2.0
7445,1240,10,1,2.0
7446,1241,0,0,0.0
7447,1241,1,0,0.0
7448,1241,4,0,0.0
7449,1241,5,0,0.0
7450,1241,7,1,1.0
7451,1241,9,0,1.0
7452,1242,1,0,0.0
7453,1242,3,1,1.0
7454,1242,6,3,3.0
7455,1242,7,2,3.0
7456,1242,9,3,3.0
7457,1242,10,4,4.0
7458,1243,0,0,0.0
7459,1243,5,1,1.0
7460,1243,6,2,2.0
7461,1243,8,2,2.0
7462,1243,9,2,2.0
7463,1243,10,2,2.0
7464,1244,1,1,1.0
7465,1244,2,2,2.0
7466,1244,3,3,3.0
7467,1244,4,4,4.0
7468,1244,7,5,5.0
7469,1244,10,5,5.0
7470,1245,1,0,0.0
7471,1245,2,0,0.0
7472,1245,4,0,0.0
7473,1245,5,0,0.0
7474,1245,7,0,0.0
7475,1245,8,0,0.0
7476,1246,0,0,0.0
7477,1246,2,0,0.0
7478,1246,4,2,2.0
7479,1246,5,1,2.0
7480,1246,8,2,2.0
7481,1246,9,1,2.0
7482,1247,0,0,0.0
7483,1247,1,0,0.0
7484,1247,4,0,0.0
7485,1247,5,0,0.0
7486,1247,7,0,0.0
7487,1247,8,0,0.0
7488,1248,0,0,0.0
7489,1248,2,2,2.0
7490,1248,3,3,3.0
7491,1248,4,4,4.0
7492,1248,8,2,4.0
7493,1248,9,3,4.0
7494,1249,1,1,1.0
7495,1249,2,2,2.0
7496,1249,3,3,3.0
7497,1249,6,4,4.0
7498,1249,7,4,4.0
7499,1249,10,5,5.0
7500,1250,0,0,0.0
7501,1250,2,2,2.0
7502,1250,5,3,3.0
7503,1250,6,4,4.0
7504,1250,8,3,4.0
7505,1250,10,5,5.0
7506,1251,1,1,1.0
7507,1251,4,2,2.0
7508,1251,7,3,3.0
7509,1251,8,4,4.0
7510,1251,9,4,4.0
7511,1251,10,5,5.0
7512,1252,0,0,0.0
7513,1252,2,2,2.0
7514,1252,3,2,2.0
7515,1252,5,1,2.0
7516,1252,7,1,2.0
7517,1252,8,1,2.0
7518,1253,1,1,1.0
7519,1253,3,1,1.0
7520,1253,4,0,1.0
7521,1253,5,0,1.0
7522,1253,6,1,1.0
7523,1253,7,2,2.0
7524,1254,2,0,0.0
7525,1254,3,1,1.0
7526,1254,4,0,1.0
7527,1254,5,1,1.0
7528,1254,7,2,2.0
7529,1254,8,1,2.0
7530,1255,1,1,1.0
7531,1255,3,3,3.0
7532,1255,4,4,4.0
7533,1255,5,5,5.0
7534,1255,8,5,5.0
7535,1255,9,5,5.0
7536,1256,3,0,0.0
7537,1256,4,0,0.0
7538,1256,5,0,0.0
7539,1256,6,0,0.0
7540,1256,8,0,0.0
7541,1256,10,0,0.0
7542,1257,0,0,0.0
7543,1257,1,0,0.0
7544,1257,2,1,1.0
7545,1257,3,0,1.0
7546,1257,5,0,1.0
7547,1257,10,1,1.0
7548,1258,0,0,0.0
7549,1258,3,2,2.0
7550,1258,6,1,2.0
7551,1258,7,0,2.0
7552,1258,8,0,2.0
7553,1258,10,1,2.0
7554,1259,2,0,0.0
7555,1259,4,0,0.0
7556,1259,5,0,0.0
7557,1259,6,0,0.0
7558,1259,7,0,0.0
7559,1259,10,1,1.0
7560,1260,2,1,1.0
7561,1260,4,1,1.0
7562,1260,5,1,1.0
7563,1260,7,1,1.0
7564,1260,8,0,1.0
7565,1260,10,0,1.0
7566,1261,0,0,0.0
7567,1261,2,0,0.0
7568,1261,3,0,0.0
7569,1261,6,1,1.0
7570,1261,7,2,2.0
7571,1261,8,1,2.0
7572,1262,0,0,0.0
7573,1262,1,1,1.0
7574,1262,2,1,1.0
7575,1262,5,0,1.0
7576,1262,9,0,1.0
7577,1262,10,0,1.0
7578,1263,1,1,1.0
7579,1263,2,2,2.0
7580,1263,4,2,2.0
7581,1263,5,3,3.0
7582,1263,7,1,3.0
7583,1263,8,2,3.0
7584,1264,2,2,2.0
7585,1264,4,2,2.0
7586,1264,7,1,2.0
7587,1264,8,2,2.0
7588,1264,9,1,2.0
7589,1264,10,2,2.0
7590,1265,0,0,0.0
7591,1265,1,1,1.0
7592,1265,2,2,2.0
7593,1265,4,2,2.0
7594,1265,7,3,3.0
7595,1265,9,3,3.0
7596,1266,0,0,0.0
7597,1266,2,0,0.0
7598,1266,3,1,1.0
7599,1266,5,1,1.0
7600,1266,6,0,1.0
7601,1266,9,0,1.0
7602,1267,0,0,0.0
7603,1267,1,0,0.0
7604,1267,2,0,0.0
7605,1267,3,0,0.0
7606,1267,4,1,1.0
7607,1267,9,0,1.0
7608,1268,2,0,0.0
7609,1268,3,1,1.0
7610,1268,6,2,2.0
7611,1268,7,3,3.0
7612,1268,8,3,3.0
7613,1268,10,2,3.0
7614,1269,1,0,0.0
7615,1269,3,1,1.0
7616,1269,5,1,1.0
7617,1269,6,1,1.0
7618,1269,7,1,1.0
7619,1269,8,1,1.0
7620,1270,1,1,1.0
7621,1270,2,0,1.0
7622,1270,4,2,2.0
7623,1270,5,3,3.0
7624,1270,6,2,3.0
7625,1270,7,3,3.0
7626,1271,1,0,0.0
7627,1271,2,0,0.0
7628,1271,3,1,1.0
7629,1271,8,0,1.0
7630,1271,9,0,1.0
7631,1271,10,0,1.0
7632,1272,0,0,0.0
7633,1272,1,1,1.0
7634,1272,5,0,1.0
7635,1272,7,1,1.0
7636,1272,8,1,1.0
7637,1272,10,1,1.0
7638,1273,1,0,0.0
7639,1273,6,0,0.0
7640,1273,7,0,0.0
7641,1273,8,0,0.0
7642,1273,9,0,0.0
7643,1273,10,0,0.0
7644,1274,0,0,0.0
7645,1274,4,4,4.0
7646,1274,5,5,5.0
7647,1274,6,5,5.0
7648,1274,7,5,5.0
7649,1274,8,5,5.0
7650,1275,0,0,0.0
7651,1275,1,0,0.0
7652,1275,2,0,0.0
7653,1275,3,0,0.0
7654,1275,8,0,0.0
7655,1275,10,0,0.0
7656,1276,0,0,0.0
7657,1276,1,0,0.0
7658,1276,3,0,0.0
7659,1276,6,0,0.0
7660,1276,8,0,0.0
7661,1276,9,1,1.0
7662,1277,1,0,0.0
7663,1277,3,0,0.0
7664,1277,4,0,0.0
7665,1277,5,0,0.0
7666,1277,6,0,0.0
7667,1277,7,0,0.0
7668,1278,1,1,1.0
7669,1278,3,1,1.0
7670,1278,4,2,2.0
7671,1278,6,4,4.0
7672,1278,7,3,4.0
7673,1278,10,2,4.0
7674,1279,0,0,0.0
7675,1279,2,0,0.0
7676,1279,4,0,0.0
7677,1279,6,0,0.0
7678,1279,7,0,0.0
7679,1279,9,0,0.0
7680,1280,0,0,0.0
7681,1280,1,0,0.0
7682,1280,4,1,1.0
7683,1280,5,2,2.0
7684,1280,7,0,2.0
7685,1280,9,2,2.0
7686,1281,0,0,0.0
7687,1281,5,2,2.0
7688,1281,6,3,3.0
7689,1281,7,3,3.0
7690,1281,8,4,4.0
7691,1281,9,5,5.0
7692,1282,3,1,1.0
7693,1282,4,2,2.0
7694,1282,6,2,2.0
7695,1282,8,2,2.0
7696,1282,9,1,2.0
7697,1282,10,2,2.0
7698,1283,0,0,0.0
7699,1283,1,1,1.0
7700,1283,3,1,1.0
7701,1283,5,1,1.0
7702,1283,6,2,2.0
7703,1283,10,3,3.0
7704,1284,3,2,2.0
7705,1284,5,2,2.0
7706,1284,7,2,2.0
7707,1284,8,1,2.0
7708,1284,9,2,2.0
7709,1284,10,1,2.0
7710,1285,0,0,0.0
7711,1285,2,2,2.0
7712,1285,3,3,3.0
7713,1285,6,2,3.0
7714,1285,8,4,4.0
7715,1285,9,3,4.0
7716,1286,0,0,0.0
7717,1286,3,1,1.0
7718,1286,4,1,1.0
7719,1286,6,1,1.0
7720,1286,8,1,1.0
7721,1286,10,1,1.0
7722,1287,0,0,0.0
7723,1287,2,1,1.0
7724,1287,3,1,1.0
7725,1287,4,0,1.0
7726,1287,5,1,1.0
7727,1287,10,1,1.0
7728,1288,2,2,2.0
7729,1288,3,3,3.0
7730,1288,4,4,4.0
7731,1288,5,3,4.0
7732,1288,8,2,4.0
7733,1288,10,4,4.0
7734,1289,0,0,0.0
7735,1289,1,0,0.0
7736,1289,5,0,0.0
7737,1289,6,0,0.0
7738,1289,7,0,0.0
7739,1289,9,0,0.0
7740,1290,2,2,2.0
7741,1290,4,4,4.0
7742,1290,5,5,5.0
7743,1290,6,5,5.0
7744,1290,8,5,5.0
7745,1290,10,5,5.0
7746,1291,2,2,2.0
7747,1291,4,1,2.0
7748,1291,5,2,2.0
7749,1291,6,1,2.0
7750,1291,9,4,4.0
7751,1291,10,3,4.0
7752,1292,2,0,0.0
7753,1292,4,0,0.0
7754,1292,5,1,1.0
7755,1292,6,0,1.0
7756,1292,7,1,1.0
7757,1292,8,0,1.0
7758,1293,1,1,1.0
7759,1293,4,4,4.0
7760,1293,5,5,5.0
7761,1293,6,5,5.0
7762,1293,8,5,5.0
7763,1293,10,5,5.0
7764,1294,0,0,0.0
7765,1294,1,0,0.0
7766,1294,3,0,0.0
7767,1294,7,0,0.0
7768,1294,9,0,0.0
7769,1294,10,1,1.0
7770,1295,1,1,1.0
7771,1295,2,0,1.0
7772,1295,3,1,1.0
7773,1295,5,1,1.0
7774,1295,7,1,1.0
7775,1295,10,0,1.0
7776,1296,0,0,0.0
7777,1296,1,1,1.0
7778,1296,2,1,1.0
7779,1296,6,1,1.0
7780,1296,7,2,2.0
7781,1296,10,1,2.0
7782,1297,0,0,0.0
7783,1297,2,2,2.0
7784,1297,4,2,2.0
7785,1297,6,3,3.0
7786,1297,9,2,3.0
7787,1297,10,2,3.0
7788,1298,0,0,0.0
7789,1298,4,0,0.0
7790,1298,6,1,1.0
7791,1298,7,2,2.0
7792,1298,8,3,3.0
7793,1298,10,5,5.0
7794,1299,1,0,0.0
7795,1299,4,0,0.0
7796,1299,5,0,0.0
7797,1299,6,0,0.0
7798,1299,8,0,0.0
7799,1299,10,0,0.0
7800,1300,1,1,1.0
7801,1300,3,1,1.0
7802,1300,5,2,2.0
7803,1300,6,3,3.0
7804,1300,8,2,3.0
7805,1300,10,2,3.0
7806,1301,3,1,1.0
7807,1301,4,2,2.0
7808,1301,6,2,2.0
7809,1301,7,3,3.0
7810,1301,9,5,5.0
7811,1301,10,5,5.0
7812,1302,0,0,0.0
7813,1302,1,1,1.0
7814,1302,3,1,1.0
7815,1302,7,1,1.0
7816,1302,8,2,2.0
7817,1302,9,1,2.0
7818,1303,0,0,0.0
7819,1303,5,0,0.0
7820,1303,6,0,0.0
7821,1303,8,2,2.0
7822,1303,9,1,2.0
7823,1303,10,0,2.0
7824,1304,1,1,1.0
7825,1304,5,3,3.0
7826,1304,6,4,4.0
7827,1304,8,5,5.0
7828,1304,9,5,5.0
7829,1304,10,5,5.0
7830,1305,1,1,1.0
7831,1305,2,2,2.0
7832,1305,3,3,3.0
7833,1305,7,3,3.0
7834,1305,8,2,3.0
7835,1305,10,2,3.0
7836,1306,0,0,0.0
7837,1306,1,0,0.0
7838,1306,2,0,0.0
7839,1306,3,0,0.0
7840,1306,9,1,1.0
7841,1306,10,0,1.0
7842,1307,0,0,0.0
7843,1307,1,1,1.0
7844,1307,5,3,3.0
7845,1307,6,4,4.0
7846,1307,7,3,4.0
7847,1307,9,3,4.0
7848,1308,0,0,0.0
7849,1308,1,0,0.0
7850,1308,4,0,0.0
7851,1308,6,0,0.0
7852,1308,7,0,0.0
7853,1308,10,0,0.0
7854,1309,0,0,0.0
7855,1309,1,0,0.0
7856,1309,3,0,0.0
7857,1309,4,0,0.0
7858,1309,5,0,0.0
7859,1309,8,0,0.0
7860,1310,0,0,0.0
7861,1310,3,1,1.0
7862,1310,5,2,2.0
7863,1310,8,3,3.0
7864,1310,9,3,3.0
7865,1310,10,3,3.0
7866,1311,1,1,1.0
7867,1311,2,0,1.0
7868,1311,4,0,1.0
7869,1311,5,0,1.0
7870,1311,6,1,1.0
7871,1311,9,0,1.0
7872,1312,0,0,0.0
7873,1312,2,0,0.0
7874,1312,3,0,0.0
7875,1312,5,1,1.0
7876,1312,8,2,2.0
7877,1312,10,2,2.0
7878,1313,0,0,0.0
7879,1313,1,0,0.0
7880,1313,3,0,0.0
7881,1313,5,0,0.0
7882,1313,6,0,0.0
7883,1313,9,1,1.0
7884,1314,0,0,0.0
7885,1314,1,0,0.0
7886,1314,2,0,0.0
7887,1314,3,0,0.0
7888,1314,7,0,0.0
7889,1314,8,0,0.0
7890,1315,0,0,0.0
7891,1315,2,1,1.0
7892,1315,3,0,1.0
7893,1315,5,1,1.0
7894,1315,8,1,1.0
7895,1315,9,0,1.0
7896,1316,0,0,0.0
7897,1316,2,0,0.0
7898,1316,3,0,0.0
7899,1316,6,0,0.0
7900,1316,8,0,0.0
7901,1316,9,0,0.0
7902,1317,1,1,1.0
7903,1317,5,2,2.0
7904,1317,7,2,2.0
7905,1317,8,1,2.0
7906,1317,9,2,2.0
7907,1317,10,3,3.0
7908,1318,1,1,1.0
7909,1318,3,1,1.0
7910,1318,4,0,1.0
7911,1318,5,1,1.0
7912,1318,7,1,1.0
7913,1318,8,2,2.0
7914,1319,2,2,2.0
7915,1319,3,3,3.0
7916,1319,5,3,3.0
7917,1319,6,2,3.0
7918,1319,7,1,3.0
7919,1319,9,1,3.0
7920,1320,2,1,1.0
7921,1320,3,2,2.0
7922,1320,4,1,2.0
7923,1320,5,2,2.0
7924,1320,9,1,2.0
7925,1320,10,0,2.0
7926,1321,0,0,0.0
7927,1321,1,1,1.0
7928,1321,2,2,2.0
7929,1321,4,4,4.0
7930,1321,6,2,4.0
7931,1321,8,2,4.0
7932,1322,2,0,0.0
7933,1322,3,0,0.0
7934,1322,4,0,0.0
7935,1322,7,0,0.0
7936,1322,8,0,0.0
7937,1322,9,0,0.0
7938,1323,1,0,0.0
7939,1323,2,1,1.0
7940,1323,3,0,1.0
7941,1323,5,0,1.0
7942,1323,6,0,1.0
7943,1323,9,1,1.0
7944,1324,1,1,1.0
7945,1324,3,1,1.0
7946,1324,5,1,1.0
7947,1324,6,0,1.0
7948,1324,8,0,1.0
7949,1324,10,0,1.0
7950,1325,0,0,0.0
7951,1325,1,0,0.0
7952,1325,4,0,0.0
7953,1325,5,1,1.0
7954,1325,6,2,2.0
7955,1325,9,5,5.0
7956,1326,0,0,0.0
7957,1326,1,0,0.0
7958,1326,3,0,0.0
7959,1326,5,0,0.0
7960,1326,6,1,1.0
7961,1326,8,0,1.0
7962,1327,2,0,0.0
7963,1327,6,3,3.0
7964,1327,7,2,3.0
7965,1327,8,1,3.0
7966,1327,9,2,3.0
7967,1327,10,3,3.0
7968,1328,0,0,0.0
7969,1328,1,0,0.0
7970,1328,2,0,0.0
7971,1328,4,1,1.0
7972,1328,7,2,2.0
7973,1328,10,1,2.0
7974,1329,2,0,0.0
7975,1329,4,0,0.0
7976,1329,6,0,0.0
7977,1329,7,0,0.0
7978,1329,8,0,0.0
7979,1329,9,0,0.0
7980,1330,1,1,1.0
7981,1330,2,2,2.0
7982,1330,4,0,2.0
7983,1330,5,1,2.0
7984,1330,7,1,2.0
7985,1330,9,1,2.0
7986,1331,0,0,0.0
7987,1331,3,3,3.0
7988,1331,4,2,3.0
7989,1331,7,3,3.0
7990,1331,8,2,3.0
7991,1331,10,2,3.0
7992,1332,1,0,0.0
7993,1332,3,0,0.0
7994,1332,7,0,0.0
7995,1332,8,0,0.0
7996,1332,9,0,0.0
7997,1332,10,0,0.0
7998,1333,0,0,0.0
7999,1333,2,0,0.0
8000,1333,3,1,1.0
8001,1333,6,2,2.0
8002,1333,9,1,2.0
8003,1333,10,2,2.0
8004,1334,3,1,1.0
8005,1334,5,1,1.0
8006,1334,6,2,2.0
8007,1334,8,2,2.0
8008,1334,9,1,2.0
8009,1334,10,2,2.0
8010,1335,0,0,0.0
8011,1335,2,0,0.0
8012,1335,3,0,0.0
8013,1335,4,0,0.0
8014,1335,6,0,0.0
8015,1335,10,0,0.0
8016,1336,1,1,1.0
8017,1336,4,1,1.0
8018,1336,5,1,1.0
8019,1336,7,1,1.0
8020,1336,9,2,2.0
8021,1336,10,1,2.0
8022,1337,0,0,0.0
8023,1337,2,0,0.0
8024,1337,5,3,3.0
8025,1337,6,2,3.0
8026,1337,8,0,3.0
8027,1337,9,1,3.0
8028,1338,0,0,0.0
8029,1338,2,1,1.0
8030,1338,4,1,1.0
8031,1338,5,2,2.0
8032,1338,9,2,2.0
8033,1338,10,3,3.0
8034,1339,1,1,1.0
8035,1339,2,2,2.0
8036,1339,6,2,2.0
8037,1339,7,3,3.0
8038,1339,8,3,3.0
8039,1339,10,3,3.0
8040,1340,0,0,0.0
8041,1340,2,2,2.0
8042,1340,4,2,2.0
8043,1340,5,3,3.0
8044,1340,8,2,3.0
8045,1340,10,2,3.0
8046,1341,0,0,0.0
8047,1341,1,1,1.0
8048,1341,2,0,1.0
8049,1341,3,1,1.0
8050,1341,6,3,3.0
8051,1341,9,3,3.0
8052,1342,2,0,0.0
8053,1342,3,0,0.0
8054,1342,4,1,1.0
8055,1342,7,2,2.0
8056,1342,8,3,3.0
8057,1342,9,2,3.0
8058,1343,1,1,1.0
8059,1343,4,2,2.0
8060,1343,6,2,2.0
8061,1343,7,3,3.0
8062,1343,8,2,3.0
8063,1343,10,0,3.0
8064,1344,2,0,0.0
8065,1344,5,0,0.0
8066,1344,6,0,0.0
8067,1344,7,0,0.0
8068,1344,8,0,0.0
8069,1344,9,0,0.0
8070,1345,0,0,0.0
8071,1345,1,0,0.0
8072,1345,2,0,0.0
8073,1345,3,0,0.0
8074,1345,6,1,1.0
8075,1345,7,0,1.0
8076,1346,0,0,0.0
8077,1346,2,0,0.0
8078,1346,6,1,1.0
8079,1346,7,0,1.0
8080,1346,9,0,1.0
8081,1346,10,1,1.0
8082,1347,0,0,0.0
8083,1347,1,1,1.0
8084,1347,4,2,2.0
8085,1347,6,2,2.0
8086,1347,8,2,2.0
8087,1347,10,2,2.0
8088,1348,1,0,0.0
8089,1348,3,1,1.0
8090,1348,4,2,2.0
8091,1348,5,3,3.0
8092,1348,8,5,5.0
8093,1348,10,5,5.0
8094,1349,1,0,0.0
8095,1349,2,1,1.0
8096,1349,3,2,2.0
8097,1349,5,2,2.0
8098,1349,7,4,4.0
8099,1349,10,2,4.0
8100,1350,2,2,2.0
8101,1350,3,1,2.0
8102,1350,5,0,2.0
8103,1350,6,1,2.0
8104,1350,9,2,2.0
8105,1350,10,1,2.0
8106,1351,0,0,0.0
8107,1351,1,1,1.0
8108,1351,2,2,2.0
8109,1351,3,3,3.0
8110,1351,4,4,4.0
8111,1351,9,5,5.0
8112,1352,0,0,0.0
8113,1352,1,1,1.0
8114,1352,4,3,3.0
8115,1352,7,3,3.0
8116,1352,9,3,3.0
8117,1352,10,4,4.0
8118,1353,0,0,0.0
8119,1353,1,1,1.0
8120,1353,2,2,2.0
8121,1353,6,2,2.0
8122,1353,7,1,2.0
8123,1353,8,0,2.0
8124,1354,0,0,0.0
8125,1354,3,3,3.0
8126,1354,5,3,3.0
8127,1354,6,4,4.0
8128,1354,8,4,4.0
8129,1354,9,5,5.0
8130,1355,0,0,0.0
8131,1355,1,0,0.0
8132,1355,2,0,0.0
8133,1355,3,0,0.0
8134,1355,5,1,1.0
8135,1355,10,0,1.0
8136,1356,3,0,0.0
8137,1356,4,0,0.0
8138,1356,5,0,0.0
8139,1356,6,0,0.0
8140,1356,9,0,0.0
8141,1356,10,0,0.0
8142,1357,2,0,0.0
8143,1357,3,1,1.0
8144,1357,4,0,1.0
8145,1357,5,1,1.0
8146,1357,6,0,1.0
8147,1357,8,0,1.0
8148,1358,5,1,1.0
8149,1358,6,0,1.0
8150,1358,7,1,1.0
8151,1358,8,0,1.0
8152,1358,9,1,1.0
8153,1358,10,1,1.0
8154,1359,0,0,0.0
8155,1359,5,1,1.0
8156,1359,6,2,2.0
8157,1359,7,3,3.0
8158,1359,8,3,3.0
8159,1359,10,4,4.0
8160,1360,0,0,0.0
8161,1360,3,0,0.0
8162,1360,5,0,0.0
8163,1360,6,1,1.0
8164,1360,7,1,1.0
8165,1360,9,0,1.0
8166,1361,2,2,2.0
8167,1361,3,1,2.0
8168,1361,4,2,2.0
8169,1361,5,1,2.0
8170,1361,8,2,2.0
8171,1361,9,1,2.0
8172,1362,1,1,1.0
8173,1362,4,2,2.0
8174,1362,5,1,2.0
8175,1362,8,2,2.0
8176,1362,9,1,2.0
8177,1362,10,2,2.0
8178,1363,1,1,1.0
8179,1363,2,0,1.0
8180,1363,3,1,1.0
8181,1363,4,2,2.0
8182,1363,5,3,3.0
8183,1363,10,2,3.0
8184,1364,0,0,0.0
8185,1364,1,0,0.0
8186,1364,2,0,0.0
8187,1364,3,0,0.0
8188,1364,4,0,0.0
8189,1364,6,0,0.0
8190,1365,0,0,0.0
8191,1365,3,0,0.0
8192,1365,5,0,0.0
8193,1365,7,0,0.0
8194,1365,8,0,0.0
8195,1365,10,0,0.0
8196,1366,0,0,0.0
8197,1366,4,3,3.0
8198,1366,5,2,3.0
8199,1366,6,1,3.0
8200,1366,7,0,3.0
8201,1366,9,1,3.0
8202,1367,0,0,0.0
8203,1367,3,0,0.0
8204,1367,4,0,0.0
8205,1367,6,0,0.0
8206,1367,7,0,0.0
8207,1367,10,0,0.0
8208,1368,2,2,2.0
8209,1368,4,2,2.0
8210,1368,5,1,2.0
8211,1368,6,2,2.0
8212,1368,8,2,2.0
8213,1368,10,2,2.0
8214,1369,0,0,0.0
8215,1369,2,0,0.0
8216,1369,3,0,0.0
8217,1369,4,1,1.0
8218,1369,6,0,1.0
8219,1369,9,0,1.0
8220,1370,2,2,2.0
8221,1370,3,1,2.0
8222,1370,6,0,2.0
8223,1370,7,1,2.0
8224,1370,9,1,2.0
8225,1370,10,2,2.0
8226,1371,0,0,0.0
8227,1371,1,0,0.0
8228,1371,2,1,1.0
8229,1371,4,0,1.0
8230,1371,7,1,1.0
8231,1371,8,1,1.0
8232,1372,0,0,0.0
8233,1372,1,1,1.0
8234,1372,3,3,3.0
8235,1372,4,4,4.0
8236,1372,6,4,4.0
8237,1372,10,4,4.0
8238,1373,1,0,0.0
8239,1373,3,0,0.0
8240,1373,4,0,0.0
8241,1373,6,1,1.0
8242,1373,7,1,1.0
8243,1373,9,1,1.0
8244,1374,2,0,0.0
8245,1374,3,1,1.0
8246,1374,4,0,1.0
8247,1374,7,1,1.0
8248,1374,9,1,1.0
8249,1374,10,0,1.0
8250,1375,0,0,0.0
8251,1375,1,0,0.0
8252,1375,2,0,0.0
8253,1375,5,0,0.0
8254,1375,6,0,0.0
8255,1375,8,0,0.0
8256,1376,0,0,0.0
8257,1376,3,0,0.0
8258,1376,4,0,0.0
8259,1376,7,0,0.0
8260,1376,9,0,0.0
8261,1376,10,0,0.0
8262,1377,2,2,2.0
8263,1377,3,3,3.0
8264,1377,4,4,4.0
8265,1377,5,3,4.0
8266,1377,6,4,4.0
8267,1377,7,3,4.0
8268,1378,0,0,0.0
8269,1378,2,2,2.0
8270,1378,5,1,2.0
8271,1378,6,2,2.0
8272,1378,7,1,2.0
8273,1378,9,1,2.0
8274,1379,0,0,0.0
8275,1379,2,2,2.0
8276,1379,4,2,2.0
8277,1379,5,3,3.0
8278,1379,7,5,5.0
8279,1379,8,5,5.0
8280,1380,3,0,0.0
8281,1380,4,0,0.0
8282,1380,6,0,0.0
8283,1380,8,0,0.0
8284,1380,9,0,0.0
8285,1380,10,0,0.0
8286,1381,0,0,0.0
8287,1381,1,1,1.0
8288,1381,2,2,2.0
8289,1381,4,4,4.0
8290,1381,8,5,5.0
8291,1381,10,5,5.0
8292,1382,0,0,0.0
8293,1382,3,0,0.0
8294,1382,4,0,0.0
8295,1382,6,0,0.0
8296,1382,8,0,0.0
8297,1382,10,0,0.0
8298,1383,1,1,1.0
8299,1383,3,1,1.0
8300,1383,5,1,1.0
8301,1383,6,0,1.0
8302,1383,9,1,1.0
8303,1383,10,0,1.0
8304,1384,2,0,0.0
8305,1384,4,0,0.0
8306,1384,5,0,0.0
8307,1384,6,0,0.0
8308,1384,7,0,0.0
8309,1384,9,0,0.0
8310,1385,1,0,0.0
8311,1385,2,0,0.0
8312,1385,3,0,0.0
8313,1385,5,0,0.0
8314,1385,6,0,0.0
8315,1385,7,0,0.0
8316,1386,0,0,0.0
8317,1386,3,0,0.0
8318,1386,6,0,0.0
8319,1386,7,1,1.0
8320,1386,9,0,1.0
8321,1386,10,0,1.0
8322,1387,0,0,0.0
8323,1387,2,0,0.0
8324,1387,3,1,1.0
8325,1387,4,0,1.0
8326,1387,5,1,1.0
8327,1387,10,0,1.0
8328,1388,0,0,0.0
8329,1388,2,0,0.0
8330,1388,3,0,0.0
8331,1388,6,0,0.0
8332,1388,9,0,0.0
8333,1388,10,0,0.0
8334,1389,1,0,0.0
8335,1389,3,0,0.0
8336,1389,4,0,0.0
8337,1389,6,0,0.0
8338,1389,8,0,0.0
8339,1389,9,0,0.0
8340,1390,0,0,0.0
8341,1390,2,0,0.0
8342,1390,3,0,0.0
8343,1390,8,0,0.0
8344,1390,9,0,0.0
8345,1390,10,0,0.0
8346,1391,2,2,2.0
8347,1391,4,0,2.0
8348,1391,5,1,2.0
8349,1391,6,2,2.0
8350,1391,7,3,3.0
8351,1391,9,3,3.0
8352,1392,0,0,0.0
8353,1392,2,0,0.0
8354,1392,4,1,1.0
8355,1392,6,1,1.0
8356,1392,7,1,1.0
8357,1392,10,1,1.0
8358,1393,1,1,1.0
8359,1393,4,2,2.0
8360,1393,5,1,2.0
8361,1393,6,2,2.0
8362,1393,7,1,2.0
8363,1393,10,2,2.0
8364,1394,0,0,0.0
8365,1394,1,0,0.0
8366,1394,2,0,0.0
8367,1394,7,1,1.0
8368,1394,9,0,1.0
8369,1394,10,0,1.0
8370,1395,1,1,1.0
8371,1395,4,1,1.0
8372,1395,6,1,1.0
8373,1395,8,1,1.0
8374,1395,9,0,1.0
8375,1395,10,0,1.0
8376,1396,1,1,1.0
8377,1396,2,2,2.0
8378,1396,3,3,3.0
8379,1396,6,5,5.0
8380,1396,8,5,5.0
8381,1396,9,5,5.0
8382,1397,0,0,0.0
8383,1397,2,0,0.0
8384,1397,3,0,0.0
8385,1397,7,0,0.0
8386,1397,8,0,0.0
8387,1397,9,0,0.0
8388,1398,3,1,1.0
8389,1398,4,2,2.0
8390,1398,5,1,2.0
8391,1398,6,2,2.0
8392,1398,8,0,2.0
8393,1398,9,1,2.0
8394,1399,0,0,0.0
8395,1399,2,0,0.0
8396,1399,4,0,0.0
8397,1399,5,0,0.0
8398,1399,6,0,0.0
8399,1399,9,0,0.0
8400,1400,0,0,0.0
8401,1400,1,1,1.0
8402,1400,4,2,2.0
8403,1400,5,1,2.0
8404,1400,7,1,2.0
8405,1400,8,2,2.0
8406,1401,2,1,1.0
8407,1401,3,2,2.0
8408,1401,4,1,2.0
8409,1401,7,2,2.0
8410,1401,8,3,3.0
8411,1401,10,4,4.0
8412,1402,0,0,0.0
8413,1402,5,2,2.0
8414,1402,7,3,3.0
8415,1402,8,4,4.0
8416,1402,9,5,5.0
8417,1402,10,5,5.0
8418,1403,0,0,0.0
8419,1403,4,0,0.0
8420,1403,5,0,0.0
8421,1403,8,0,0.0
8422,1403,9,0,0.0
8423,1403,10,0,0.0
8424,1404,0,0,0.0
8425,1404,3,3,3.0
8426,1404,5,1,3.0
8427,1404,7,1,3.0
8428,1404,8,2,3.0
8429,1404,9,3,3.0
8430,1405,2,0,0.0
8431,1405,4,0,0.0
8432,1405,7,0,0.0
8433,1405,8,0,0.0
8434,1405,9,0,0.0
8435,1405,10,0,0.0
8436,1406,3,3,3.0
8437,1406,4,2,3.0
8438,1406,6,2,3.0
8439,1406,7,3,3.0
8440,1406,9,3,3.0
8441,1406,10,2,3.0
8442,1407,2,2,2.0
8443,1407,4,4,4.0
8444,1407,6,5,5.0
8445,1407,8,5,5.0
8446,1407,9,5,5.0
8447,1407,10,5,5.0
8448,1408,0,0,0.0
8449,1408,1,1,1.0
8450,1408,2,0,1.0
8451,1408,3,1,1.0
8452,1408,5,1,1.0
8453,1408,6,1,1.0
8454,1409,0,0,0.0
8455,1409,1,1,1.0
8456,1409,2,0,1.0
8457,1409,6,3,3.0
8458,1409,8,3,3.0
8459,1409,9,3,3.0
8460,1410,0,0,0.0
8461,1410,2,1,1.0
8462,1410,3,2,2.0
8463,1410,4,1,2.0
8464,1410,6,1,2.0
8465,1410,8,1,2.0
8466,1411,0,0,0.0
8467,1411,2,2,2.0
8468,1411,3,3,3.0
8469,1411,6,3,3.0
8470,1411,7,4,4.0
8471,1411,8,3,4.0
8472,1412,0,0,0.0
8473,1412,3,1,1.0
8474,1412,5,1,1.0
8475,1412,7,1,1.0
8476,1412,9,1,1.0
8477,1412,10,0,1.0
8478,1413,0,0,0.0
8479,1413,1,0,0.0
8480,1413,2,1,1.0
8481,1413,4,2,2.0
8482,1413,6,1,2.0
8483,1413,8,2,2.0
8484,1414,0,0,0.0
8485,1414,3,2,2.0
8486,1414,4,3,3.0
8487,1414,8,5,5.0
8488,1414,9,5,5.0
8489,1414,10,5,5.0
8490,1415,0,0,0.0
8491,1415,1,1,1.0
8492,1415,2,2,2.0
8493,1415,3,3,3.0
8494,1415,7,3,3.0
8495,1415,10,2,3.0
8496,1416,0,0,0.0
8497,1416,1,1,1.0
8498,1416,3,3,3.0
8499,1416,4,4,4.0
8500,1416,5,5,5.0
8501,1416,7,5,5.0
8502,1417,3,1,1.0
8503,1417,4,0,1.0
8504,1417,5,1,1.0
8505,1417,7,1,1.0
8506,1417,8,0,1.0
8507,1417,10,1,1.0
8508,1418,0,0,0.0
8509,1418,1,1,1.0
8510,1418,4,1,1.0
8511,1418,5,0,1.0
8512,1418,6,1,1.0
8513,1418,7,1,1.0
8514,1419,1,1,1.0
8515,1419,2,2,2.0
8516,1419,3,3,3.0
8517,1419,5,3,3.0
8518,1419,6,2,3.0
8519,1419,7,1,3.0
8520,1420,0,0,0.0
8521,1420,1,1,1.0
8522,1420,2,2,2.0
8523,1420,6,2,2.0
8524,1420,8,2,2.0
8525,1420,10,2,2.0
8526,1421,0,0,0.0
8527,1421,3,0,0.0
8528,1421,7,0,0.0
8529,1421,8,0,0.0
8530,1421,9,0,0.0
8531,1421,10,0,0.0
8532,1422,0,0,0.0
8533,1422,1,1,1.0
8534,1422,4,2,2.0
8535,1422,5,1,2.0
8536,1422,6,2,2.0
8537,1422,8,2,2.0
8538,1423,1,0,0.0
8539,1423,5,0,0.0
8540,1423,7,0,0.0
8541,1423,8,0,0.0
8542,1423,9,0,0.0
8543,1423,10,0,0.0
8544,1424,0,0,0.0
8545,1424,1,1,1.0
8546,1424,3,1,1.0
8547,1424,8,5,5.0
8548,1424,9,5,5.0
8549,1424,10,5,5.0
8550,1425,0,0,0.0
8551,1425,1,1,1.0
8552,1425,3,1,1.0
8553,1425,4,0,1.0
8554,1425,6,2,2.0
8555,1425,7,1,2.0
8556,1426,1,0,0.0
8557,1426,4,0,0.0
8558,1426,6,0,0.0
8559,1426,7,1,1.0
8560,1426,8,0,1.0
8561,1426,10,0,1.0
8562,1427,0,0,0.0
8563,1427,1,0,0.0
8564,1427,4,0,0.0
8565,1427,6,0,0.0
8566,1427,7,0,0.0
8567,1427,9,0,0.0
8568,1428,1,1,1.0
8569,1428,2,0,1.0
8570,1428,4,0,1.0
8571,1428,6,2,2.0
8572,1428,7,1,2.0
8573,1428,10,2,2.0
8574,1429,1,1,1.0
8575,1429,3,1,1.0
8576,1429,4,1,1.0
8577,1429,6,1,1.0
8578,1429,8,2,2.0
8579,1429,10,4,4.0
8580,1430,0,0,0.0
8581,1430,2,2,2.0
8582,1430,5,1,2.0
8583,1430,8,2,2.0
8584,1430,9,1,2.0
8585,1430,10,2,2.0
8586,1431,2,0,0.0
8587,1431,3,1,1.0
8588,1431,4,0,1.0
8589,1431,7,0,1.0
8590,1431,8,0,1.0
8591,1431,9,0,1.0
8592,1432,2,2,2.0
8593,1432,3,1,2.0
8594,1432,5,3,3.0
8595,1432,6,3,3.0
8596,1432,9,5,5.0
8597,1432,10,5,5.0
8598,1433,0,0,0.0
8599,1433,1,0,0.0
8600,1433,2,0,0.0
8601,1433,6,0,0.0
8602,1433,7,0,0.0
8603,1433,10,0,0.0
8604,1434,1,1,1.0
8605,1434,3,3,3.0
8606,1434,4,2,3.0
8607,1434,7,2,3.0
8608,1434,8,3,3.0
8609,1434,10,3,3.0
8610,1435,3,0,0.0
8611,1435,4,0,0.0
8612,1435,5,0,0.0
8613,1435,6,0,0.0
8614,1435,7,0,0.0
8615,1435,10,0,0.0
8616,1436,2,2,2.0
8617,1436,3,3,3.0
8618,1436,6,3,3.0
8619,1436,8,3,3.0
8620,1436,9,3,3.0
8621,1436,10,3,3.0
8622,1437,1,1,1.0
8623,1437,6,1,1.0
8624,1437,7,1,1.0
8625,1437,8,1,1.0
8626,1437,9,1,1.0
8627,1437,10,0,1.0
8628,1438,0,0,0.0
8629,1438,1,1,1.0
8630,1438,3,1,1.0
8631,1438,5,1,1.0
8632,1438,7,0,1.0
8633,1438,10,1,1.0
8634,1439,3,2,2.0
8635,1439,4,3,3.0
8636,1439,5,3,3.0
8637,1439,8,5,5.0
8638,1439,9,5,5.0
8639,1439,10,5,5.0
8640,1440,0,0,0.0
8641,1440,2,0,0.0
8642,1440,3,1,1.0
8643,1440,7,1,1.0
8644,1440,9,3,3.0
8645,1440,10,3,3.0
8646,1441,0,0,0.0
8647,1441,3,1,1.0
8648,1441,4,2,2.0
8649,1441,5,1,2.0
8650,1441,6,2,2.0
8651,1441,7,1,2.0
8652,1442,1,0,0.0
8653,1442,3,0,0.0
8654,1442,4,0,0.0
8655,1442,5,0,0.0
8656,1442,7,0,0.0
8657,1442,9,0,0.0
8658,1443,0,0,0.0
8659,1443,1,0,0.0
8660,1443,4,1,1.0
8661,1443,7,0,1.0
8662,1443,9,0,1.0
8663,1443,10,1,1.0
8664,1444,1,0,0.0
8665,1444,2,0,0.0
8666,1444,3,0,0.0
8667,1444,4,1,1.0
8668,1444,7,2,2.0
8669,1444,8,3,3.0
8670,1445,1,1,1.0
8671,1445,3,0,1.0
8672,1445,5,1,1.0
8673,1445,7,0,1.0
8674,1445,8,0,1.0
8675,1445,10,1,1.0
8676,1446,0,0,0.0
8677,1446,2,2,2.0
8678,1446,3,1,2.0
8679,1446,6,2,2.0
8680,1446,8,2,2.0
8681,1446,10,4,4.0
8682,1447,1,0,0.0
8683,1447,4,0,0.0
8684,1447,5,0,0.0
8685,1447,6,0,0.0
8686,1447,7,0,0.0
8687,1447,10,0,0.0
8688,1448,0,0,0.0
8689,1448,1,1,1.0
8690,1448,2,1,1.0
8691,1448,4,0,1.0
8692,1448,8,1,1.0
8693,1448,10,1,1.0
8694,1449,3,0,0.0
8695,1449,4,0,0.0
8696,1449,5,0,0.0
8697,1449,6,0,0.0
8698,1449,7,0,0.0
8699,1449,10,0,0.0
8700,1450,0,0,0.0
8701,1450,2,0,0.0
8702,1450,3,0,0.0
8703,1450,5,0,0.0
8704,1450,9,0,0.0
8705,1450,10,0,0.0
8706,1451,0,0,0.0
8707,1451,1,1,1.0
8708,1451,2,2,2.0
8709,1451,5,1,2.0
8710,1451,7,3,3.0
8711,1451,9,3,3.0
8712,1452,1,1,1.0
8713,1452,2,2,2.0
8714,1452,3,1,2.0
8715,1452,5,1,2.0
8716,1452,6,2,2.0
8717,1452,8,2,2.0
8718,1453,0,0,0.0
8719,1453,3,1,1.0
8720,1453,5,1,1.0
8721,1453,6,1,1.0
8722,1453,8,1,1.0
8723,1453,9,1,1.0
8724,1454,0,0,0.0
8725,1454,3,3,3.0
8726,1454,4,3,3.0
8727,1454,6,4,4.0
8728,1454,7,3,4.0
8729,1454,9,3,4.0
8730,1455,1,1,1.0
8731,1455,2,0,1.0
8732,1455,5,1,1.0
8733,1455,6,1,1.0
8734,1455,7,1,1.0
8735,1455,10,0,1.0
8736,1456,0,0,0.0
8737,1456,4,0,0.0
8738,1456,6,0,0.0
8739,1456,7,0,0.0
8740,1456,8,0,0.0
8741,1456,9,0,0.0
8742,1457,0,0,0.0
8743,1457,1,1,1.0
8744,1457,2,2,2.0
8745,1457,4,0,2.0
8746,1457,6,1,2.0
8747,1457,9,3,3.0
8748,1458,1,1,1.0
8749,1458,3,1,1.0
8750,1458,4,0,1.0
8751,1458,5,1,1.0
8752,1458,7,1,1.0
8753,1458,9,1,1.0
8754,1459,1,1,1.0
8755,1459,2,0,1.0
8756,1459,3,1,1.0
8757,1459,7,1,1.0
8758,1459,8,2,2.0
8759,1459,9,1,2.0
8760,1460,0,0,0.0
8761,1460,1,0,0.0
8762,1460,2,0,0.0
8763,1460,4,0,0.0
8764,1460,8,0,0.0
8765,1460,10,0,0.0
8766,1461,1,0,0.0
8767,1461,2,0,0.0
8768,1461,3,1,1.0
8769,1461,7,1,1.0
8770,1461,8,2,2.0
8771,1461,9,3,3.0
8772,1462,2,0,0.0
8773,1462,3,0,0.0
8774,1462,4,0,0.0
8775,1462,5,0,0.0
8776,1462,9,0,0.0
8777,1462,10,0,0.0
8778,1463,0,0,0.0
8779,1463,1,1,1.0
8780,1463,4,0,1.0
8781,1463,7,1,1.0
8782,1463,9,1,1.0
8783,1463,10,0,1.0
8784,1464,0,0,0.0
8785,1464,2,2,2.0
8786,1464,3,3,3.0
8787,1464,7,5,5.0
8788,1464,8,5,5.0
8789,1464,9,5,5.0
8790,1465,0,0,0.0
8791,1465,2,2,2.0
8792,1465,5,1,2.0
8793,1465,7,1,2.0
8794,1465,8,2,2.0
8795,1465,10,2,2.0
8796,1466,0,0,0.0
8797,1466,4,0,0.0
8798,1466,7,0,0.0
8799,1466,8,0,0.0
8800,1466,9,0,0.0
8801,1466,10,0,0.0
8802,1467,1,0,0.0
8803,1467,2,1,1.0
8804,1467,5,3,3.0
8805,1467,6,4,4.0
8806,1467,8,4,4.0
8807,1467,10,4,4.0
8808,1468,1,1,1.0
8809,1468,2,2,2.0
8810,1468,4,2,2.0
8811,1468,7,1,2.0
8812,1468,9,1,2.0
8813,1468,10,2,2.0
8814,1469,1,0,0.0
8815,1469,2,1,1.0
8816,1469,3,1,1.0
8817,1469,7,1,1.0
8818,1469,8,1,1.0
8819,1469,9,0,1.0
8820,1470,0,0,0.0
8821,1470,4,1,1.0
8822,1470,5,1,1.0
8823,1470,7,1,1.0
8824,1470,8,1,1.0
8825,1470,10,1,1.0
8826,1471,3,0,0.0
8827,1471,6,0,0.0
8828,1471,7,0,0.0
8829,1471,8,0,0.0
8830,1471,9,0,0.0
8831,1471,10,1,1.0
8832,1472,2,0,0.0
8833,1472,3,1,1.0
8834,1472,4,0,1.0
8835,1472,6,2,2.0
8836,1472,7,2,2.0
8837,1472,9,3,3.0
8838,1473,0,0,0.0
8839,1473,2,1,1.0
8840,1473,4,0,1.0
8841,1473,8,1,1.0
8842,1473,9,1,1.0
8843,1473,10,0,1.0
8844,1474,3,0,0.0
8845,1474,4,0,0.0
8846,1474,5,0,0.0
8847,1474,6,0,0.0
8848,1474,8,0,0.0
8849,1474,9,0,0.0
8850,1475,1,1,1.0
8851,1475,2,0,1.0
8852,1475,4,0,1.0
8853,1475,6,1,1.0
8854,1475,8,0,1.0
8855,1475,9,1,1.0
8856,1476,1,1,1.0
8857,1476,3,3,3.0
8858,1476,4,2,3.0
8859,1476,6,0,3.0
8860,1476,7,1,3.0
8861,1476,10,0,3.0
8862,1477,0,0,0.0
8863,1477,1,0,0.0
8864,1477,2,0,0.0
8865,1477,4,0,0.0
8866,1477,5,0,0.0
8867,1477,6,0,0.0
8868,1478,0,0,0.0
8869,1478,1,1,1.0
8870,1478,3,3,3.0
8871,1478,4,2,3.0
8872,1478,6,3,3.0
8873,1478,8,3,3.0
8874,1479,2,0,0.0
8875,1479,4,0,0.0
8876,1479,5,1,1.0
8877,1479,7,0,1.0
8878,1479,8,1,1.0
8879,1479,9,1,1.0
8880,1480,1,1,1.0
8881,1480,2,2,2.0
8882,1480,3,3,3.0
8883,1480,4,4,4.0
8884,1480,8,4,4.0
8885,1480,10,5,5.0
8886,1481,0,0,0.0
8887,1481,1,1,1.0
8888,1481,4,1,1.0
8889,1481,6,1,1.0
8890,1481,8,1,1.0
8891,1481,9,1,1.0
8892,1482,0,0,0.0
8893,1482,1,0,0.0
8894,1482,2,1,1.0
8895,1482,3,0,1.0
8896,1482,5,0,1.0
8897,1482,6,0,1.0
8898,1483,0,0,0.0
8899,1483,2,0,0.0
8900,1483,3,1,1.0
8901,1483,5,2,2.0
8902,1483,8,4,4.0
8903,1483,9,4,4.0
8904,1484,3,1,1.0
8905,1484,4,0,1.0
8906,1484,5,1,1.0
8907,1484,7,1,1.0
8908,1484,9,1,1.0
8909,1484,10,0,1.0
8910,1485,1,1,1.0
8911,1485,2,0,1.0
8912,1485,6,4,4.0
8913,1485,7,3,4.0
8914,1485,9,3,4.0
8915,1485,10,4,4.0
8916,1486,0,0,0.0
8917,1486,1,1,1.0
8918,1486,2,0,1.0
8919,1486,4,1,1.0
8920,1486,5,1,1.0
8921,1486,6,1,1.0
8922,1487,3,1,1.0
8923,1487,4,0,1.0
8924,1487,6,0,1.0
8925,1487,8,0,1.0
8926,1487,9,0,1.0
8927,1487,10,1,1.0
8928,1488,2,0,0.0
8929,1488,3,1,1.0
8930,1488,6,0,1.0
8931,1488,8,0,1.0
8932,1488,9,1,1.0
8933,1488,10,0,1.0
8934,1489,0,0,0.0
8935,1489,1,1,1.0
8936,1489,5,3,3.0
8937,1489,8,4,4.0
8938,1489,9,3,4.0
8939,1489,10,4,4.0
8940,1490,1,1,1.0
8941,1490,4,2,2.0
8942,1490,5,1,2.0
8943,1490,7,2,2.0
8944,1490,9,1,2.0
8945,1490,10,2,2.0
8946,1491,1,0,0.0
8947,1491,3,0,0.0
8948,1491,4,0,0.0
8949,1491,5,0,0.0
8950,1491,9,1,1.0
8951,1491,10,2,2.0
8952,1492,0,0,0.0
8953,1492,1,1,1.0
8954,1492,2,2,2.0
8955,1492,3,3,3.0
8956,1492,8,5,5.0
8957,1492,10,5,5.0
8958,1493,1,0,0.0
8959,1493,3,0,0.0
8960,1493,5,0,0.0
8961,1493,6,0,0.0
8962,1493,8,1,1.0
8963,1493,10,0,1.0
8964,1494,0,0,0.0
8965,1494,4,1,1.0
8966,1494,6,2,2.0
8967,1494,7,1,2.0
8968,1494,9,3,3.0
8969,1494,10,4,4.0
8970,1495,2,2,2.0
8971,1495,5,5,5.0
8972,1495,6,5,5.0
8973,1495,8,5,5.0
8974,1495,9,5,5.0
8975,1495,10,5,5.0
8976,1496,2,0,0.0
8977,1496,3,0,0.0
8978,1496,6,0,0.0
8979,1496,8,0,0.0
8980,1496,9,0,0.0
8981,1496,10,0,0.0
8982,1497,0,0,0.0
8983,1497,3,0,0.0
8984,1497,4,0,0.0
8985,1497,5,0,0.0
8986,1497,6,0,0.0
8987,1497,10,0,0.0
8988,1498,0,0,0.0
8989,1498,3,1,1.0
8990,1498,4,0,1.0
8991,1498,7,3,3.0
8992,1498,9,3,3.0
8993,1498,10,4,4.0
8994,1499,0,0,0.0
8995,1499,4,1,1.0
8996,1499,7,0,1.0
8997,1499,8,1,1.0
8998,1499,9,0,1.0
8999,1499,10,1,1.0
9000,1500,0,0,0.0
9001,1500,1,1,1.0
9002,1500,4,0,1.0
9003,1500,7,3,3.0
9004,1500,8,4,4.0
9005,1500,9,5,5.0
9006,1501,0,0,0.0
9007,1501,1,0,0.0
9008,1501,2,0,0.0
9009,1501,4,0,0.0
9010,1501,7,0,0.0
9011,1501,8,0,0.0
9012,1502,2,0,0.0
9013,1502,3,0,0.0
9014,1502,4,0,0.0
9015,1502,5,0,0.0
9016,1502,8,2,2.0
9017,1502,9,3,3.0
9018,1503,1,1,1.0
9019,1503,2,2,2.0
9020,1503,3,2,2.0
9021,1503,6,5,5.0
9022,1503,8,5,5.0
9023,1503,9,5,5.0
9024,1504,0,0,0.0
9025,1504,2,1,1.0
9026,1504,7,1,1.0
9027,1504,8,0,1.0
9028,1504,9,1,1.0
9029,1504,10,1,1.0
9030,1505,1,0,0.0
9031,1505,4,0,0.0
9032,1505,6,0,0.0
9033,1505,7,0,0.0
9034,1505,8,1,1.0
9035,1505,9,0,1.0
9036,1506,0,0,0.0
9037,1506,3,3,3.0
9038,1506,5,3,3.0
9039,1506,7,3,3.0
9040,1506,8,2,3.0
9041,1506,9,3,3.0
9042,1507,0,0,0.0
9043,1507,2,2,2.0
9044,1507,4,4,4.0
9045,1507,6,2,4.0
9046,1507,7,1,4.0
9047,1507,9,1,4.0
9048,1508,1,0,0.0
9049,1508,2,0,0.0
9050,1508,7,0,0.0
9051,1508,8,0,0.0
9052,1508,9,0,0.0
9053,1508,10,0,0.0
9054,1509,0,0,0.0
9055,1509,3,0,0.0
9056,1509,4,0,0.0
9057,1509,6,1,1.0
9058,1509,8,1,1.0
9059,1509,9,2,2.0
9060,1510,0,0,0.0
9061,1510,2,2,2.0
9062,1510,6,2,2.0
9063,1510,8,2,2.0
9064,1510,9,1,2.0
9065,1510,10,2,2.0
9066,1511,2,1,1.0
9067,1511,4,1,1.0
9068,1511,5,2,2.0
9069,1511,7,0,2.0
9070,1511,8,1,2.0
9071,1511,10,1,2.0
9072,1512,0,0,0.0
9073,1512,4,1,1.0
9074,1512,5,0,1.0
9075,1512,8,1,1.0
9076,1512,9,1,1.0
9077,1512,10,1,1.0
9078,1513,0,0,0.0
9079,1513,2,1,1.0
9080,1513,4,3,3.0
9081,1513,8,4,4.0
9082,1513,9,4,4.0
9083,1513,10,4,4.0
9084,1514,1,1,1.0
9085,1514,2,2,2.0
9086,1514,4,2,2.0
9087,1514,6,2,2.0
9088,1514,8,2,2.0
9089,1514,9,3,3.0
9090,1515,4,0,0.0
9091,1515,6,0,0.0
9092,1515,7,0,0.0
9093,1515,8,0,0.0
9094,1515,9,0,0.0
9095,1515,10,1,1.0
9096,1516,0,0,0.0
9097,1516,2,2,2.0
9098,1516,4,2,2.0
9099,1516,5,1,2.0
9100,1516,8,2,2.0
9101,1516,9,1,2.0
9102,1517,1,1,1.0
9103,1517,2,2,2.0
9104,1517,5,1,2.0
9105,1517,6,2,2.0
9106,1517,8,2,2.0
9107,1517,9,1,2.0
9108,1518,0,0,0.0
9109,1518,1,0,0.0
9110,1518,3,0,0.0
9111,1518,6,0,0.0
9112,1518,8,0,0.0
9113,1518,10,0,0.0
9114,1519,2,2,2.0
9115,1519,4,4,4.0
9116,1519,5,3,4.0
9117,1519,8,0,4.0
9118,1519,9,1,4.0
9119,1519,10,2,4.0
9120,1520,1,0,0.0
9121,1520,2,1,1.0
9122,1520,3,0,1.0
9123,1520,4,0,1.0
9124,1520,7,0,1.0
9125,1520,10,1,1.0
9126,1521,0,0,0.0
9127,1521,1,0,0.0
9128,1521,2,0,0.0
9129,1521,5,0,0.0
9130,1521,6,0,0.0
9131,1521,8,0,0.0
9132,1522,0,0,0.0
9133,1522,1,0,0.0
9134,1522,3,0,0.0
9135,1522,7,0,0.0
9136,1522,8,0,0.0
9137,1522,9,0,0.0
9138,1523,0,0,0.0
9139,1523,2,1,1.0
9140,1523,6,0,1.0
9141,1523,7,1,1.0
9142,1523,8,2,2.0
9143,1523,9,3,3.0
9144,1524,0,0,0.0
9145,1524,2,2,2.0
9146,1524,3,3,3.0
9147,1524,6,2,3.0
9148,1524,8,4,4.0
9149,1524,9,4,4.0
9150,1525,0,0,0.0
9151,1525,2,0,0.0
9152,1525,5,0,0.0
9153,1525,8,0,0.0
9154,1525,9,0,0.0
9155,1525,10,0,0.0
9156,1526,0,0,0.0
9157,1526,6,0,0.0
9158,1526,7,1,1.0
9159,1526,8,0,1.0
9160,1526,9,1,1.0
9161,1526,10,0,1.0
9162,1527,1,0,0.0
9163,1527,2,1,1.0
9164,1527,3,2,2.0
9165,1527,8,1,2.0
9166,1527,9,1,2.0
9167,1527,10,2,2.0
9168,1528,1,1,1.0
9169,1528,4,0,1.0
9170,1528,7,1,1.0
9171,1528,8,0,1.0
9172,1528,9,1,1.0
9173,1528,10,0,1.0
9174,1529,1,0,0.0
9175,1529,2,0,0.0
9176,1529,4,0,0.0
9177,1529,5,0,0.0
9178,1529,7,0,0.0
9179,1529,9,0,0.0
9180,1530,3,2,2.0
9181,1530,4,3,3.0
9182,1530,5,4,4.0
9183,1530,6,5,5.0
9184,1530,9,5,5.0
9185,1530,10,5,5.0
9186,1531,0,0,0.0
9187,1531,2,1,1.0
9188,1531,3,1,1.0
9189,1531,4,1,1.0
9190,1531,6,1,1.0
9191,1531,8,3,3.0
9192,1532,1,1,1.0
9193,1532,2,2,2.0
9194,1532,3,1,2.0
9195,1532,5,3,3.0
9196,1532,9,1,3.0
9197,1532,10,2,3.0
9198,1533,4,2,2.0
9199,1533,5,1,2.0
9200,1533,6,1,2.0
9201,1533,7,2,2.0
9202,1533,8,2,2.0
9203,1533,10,1,2.0
9204,1534,0,0,0.0
9205,1534,1,0,0.0
9206,1534,2,0,0.0
9207,1534,6,0,0.0
9208,1534,8,0,0.0
9209,1534,9,0,0.0
9210,1535,0,0,0.0
9211,1535,1,1,1.0
9212,1535,2,0,1.0
9213,1535,3,1,1.0
9214,1535,4,0,1.0
9215,1535,8,1,1.0
9216,1536,0,0,0.0
9217,1536,2,0,0.0
9218,1536,3,1,1.0
9219,1536,6,0,1.0
9220,1536,7,1,1.0
9221,1536,10,1,1.0
9222,1537,1,0,0.0
9223,1537,3,0,0.0
9224,1537,4,1,1.0
9225,1537,5,2,2.0
9226,1537,8,3,3.0
9227,1537,9,2,3.0
9228,1538,0,0,0.0
9229,1538,1,1,1.0
9230,1538,4,0,1.0
9231,1538,6,0,1.0
9232,1538,7,1,1.0
9233,1538,10,0,1.0
9234,1539,1,1,1.0
9235,1539,2,0,1.0
9236,1539,5,1,1.0
9237,1539,7,1,1.0
9238,1539,9,1,1.0
9239,1539,10,0,1.0
9240,1540,0,0,0.0
9241,1540,4,0,0.0
9242,1540,7,0,0.0
9243,1540,8,0,0.0
9244,1540,9,0,0.0
9245,1540,10,0,0.0
9246,1541,1,0,0.0
9247,1541,3,1,1.0
9248,1541,5,1,1.0
9249,1541,6,0,1.0
9250,1541,7,0,1.0
9251,1541,10,1,1.0
9252,1542,2,2,2.0
9253,1542,3,1,2.0
9254,1542,5,1,2.0
9255,1542,6,2,2.0
9256,1542,8,2,2.0
9257,1542,10,1,2.0
9258,1543,1,1,1.0
9259,1543,2,1,1.0
9260,1543,3,0,1.0
9261,1543,4,1,1.0
9262,1543,5,0,1.0
9263,1543,10,1,1.0
9264,1544,1,0,0.0
9265,1544,3,0,0.0
9266,1544,6,0,0.0
9267,1544,7,1,1.0
9268,1544,8,0,1.0
9269,1544,9,0,1.0
9270,1545,1,1,1.0
9271,1545,2,1,1.0
9272,1545,3,0,1.0
9273,1545,5,0,1.0
9274,1545,8,0,1.0
9275,1545,9,1,1.0
9276,1546,3,1,1.0
9277,1546,5,1,1.0
9278,1546,6,0,1.0
9279,1546,8,2,2.0
9280,1546,9,3,3.0
9281,1546,10,2,3.0
9282,1547,1,0,0.0
9283,1547,2,0,0.0
9284,1547,3,0,0.0
9285,1547,6,0,0.0
9286,1547,9,0,0.0
9287,1547,10,0,0.0
9288,1548,0,0,0.0
9289,1548,2,0,0.0
9290,1548,3,1,1.0
9291,1548,4,2,2.0
9292,1548,5,3,3.0
9293,1548,10,5,5.0
9294,1549,1,0,0.0
9295,1549,2,0,0.0
9296,1549,4,0,0.0
9297,1549,6,0,0.0
9298,1549,8,0,0.0
9299,1549,10,0,0.0
9300,1550,2,0,0.0
9301,1550,5,1,1.0
9302,1550,7,0,1.0
9303,1550,8,1,1.0
9304,1550,9,0,1.0
9305,1550,10,1,1.0
9306,1551,0,0,0.0
9307,1551,3,1,1.0
9308,1551,6,1,1.0
9309,1551,7,1,1.0
9310,1551,9,1,1.0
9311,1551,10,2,2.0
9312,1552,4,1,1.0
9313,1552,5,0,1.0
9314,1552,6,1,1.0
9315,1552,7,0,1.0
9316,1552,9,0,1.0
9317,1552,10,1,1.0
9318,1553,0,0,0.0
9319,1553,1,0,0.0
9320,1553,6,1,1.0
9321,1553,7,1,1.0
9322,1553,8,1,1.0
9323,1553,10,0,1.0
9324,1554,0,0,0.0
9325,1554,1,1,1.0
9326,1554,6,0,1.0
9327,1554,7,1,1.0
9328,1554,8,0,1.0
9329,1554,9,1,1.0
9330,1555,1,1,1.0
9331,1555,3,3,3.0
9332,1555,4,2,3.0
9333,1555,6,2,3.0
9334,1555,7,1,3.0
9335,1555,9,1,3.0
9336,1556,0,0,0.0
9337,1556,1,0,0.0
9338,1556,3,1,1.0
9339,1556,4,1,1.0
9340,1556,5,1,1.0
9341,1556,7,1,1.0
9342,1557,1,1,1.0
9343,1557,2,2,2.0
9344,1557,5,3,3.0
9345,1557,6,4,4.0
9346,1557,8,2,4.0
9347,1557,9,3,4.0
9348,1558,0,0,0.0
9349,1558,1,1,1.0
9350,1558,2,0,1.0
9351,1558,4,0,1.0
9352,1558,5,1,1.0
9353,1558,10,0,1.0
9354,1559,1,0,0.0
9355,1559,2,1,1.0
9356,1559,3,2,2.0
9357,1559,6,5,5.0
9358,1559,8,5,5.0
9359,1559,9,5,5.0
9360,1560,2,0,0.0
9361,1560,4,0,0.0
9362,1560,6,0,0.0
9363,1560,7,0,0.0
9364,1560,9,0,0.0
9365,1560,10,1,1.0
9366,1561,0,0,0.0
9367,1561,1,0,0.0
9368,1561,2,0,0.0
9369,1561,4,0,0.0
9370,1561,5,0,0.0
9371,1561,6,0,0.0
9372,1562,0,0,0.0
9373,1562,2,2,2.0
9374,1562,3,3,3.0
9375,1562,4,2,3.0
9376,1562,6,4,4.0
9377,1562,7,3,4.0
9378,1563,0,0,0.0
9379,1563,2,0,0.0
9380,1563,3,1,1.0
9381,1563,4,0,1.0
9382,1563,5,1,1.0
9383,1563,10,2,2.0
9384,1564,0,0,0.0
9385,1564,1,1,1.0
9386,1564,4,2,2.0
9387,1564,5,1,2.0
9388,1564,7,3,3.0
9389,1564,8,2,3.0
9390,1565,1,0,0.0
9391,1565,2,0,0.0
9392,1565,7,0,0.0
9393,1565,8,0,0.0
9394,1565,9,0,0.0
9395,1565,10,0,0.0
9396,1566,0,0,0.0
9397,1566,1,0,0.0
9398,1566,2,0,0.0
9399,1566,3,0,0.0
9400,1566,9,0,0.0
9401,1566,10,0,0.0
9402,1567,1,1,1.0
9403,1567,3,1,1.0
9404,1567,4,1,1.0
9405,1567,5,1,1.0
9406,1567,6,1,1.0
9407,1567,7,0,1.0
9408,1568,0,0,0.0
9409,1568,2,2,2.0
9410,1568,3,3,3.0
9411,1568,6,4,4.0
9412,1568,8,5,5.0
9413,1568,10,5,5.0
9414,1569,1,0,0.0
9415,1569,2,0,0.0
9416,1569,5,0,0.0
9417,1569,7,0,0.0
9418,1569,8,0,0.0
9419,1569,9,0,0.0
9420,1570,2,0,0.0
9421,1570,3,0,0.0
9422,1570,4,0,0.0
9423,1570,7,0,0.0
9424,1570,9,1,1.0
9425,1570,10,0,1.0
9426,1571,0,0,0.0
9427,1571,1,0,0.0
9428,1571,5,1,1.0
9429,1571,7,1,1.0
9430,1571,9,1,1.0
9431,1571,10,2,2.0
9432,1572,2,0,0.0
9433,1572,3,1,1.0
9434,1572,4,0,1.0
9435,1572,7,1,1.0
9436,1572,8,0,1.0
9437,1572,10,0,1.0
9438,1573,0,0,0.0
9439,1573,1,0,0.0
9440,1573,5,1,1.0
9441,1573,8,1,1.0
9442,1573,9,0,1.0
9443,1573,10,0,1.0
9444,1574,0,0,0.0
9445,1574,3,3,3.0
9446,1574,6,3,3.0
9447,1574,7,4,4.0
9448,1574,9,5,5.0
9449,1574,10,5,5.0
9450,1575,0,0,0.0
9451,1575,1,0,0.0
9452,1575,3,1,1.0
9453,1575,5,1,1.0
9454,1575,7,1,1.0
9455,1575,9,0,1.0
9456,1576,0,0,0.0
9457,1576,1,1,1.0
9458,1576,4,1,1.0
9459,1576,5,1,1.0
9460,1576,9,1,1.0
9461,1576,10,2,2.0
9462,1577,0,0,0.0
9463,1577,2,0,0.0
9464,1577,6,0,0.0
9465,1577,7,0,0.0
9466,1577,9,0,0.0
9467,1577,10,0,0.0
9468,1578,0,0,0.0
9469,1578,2,2,2.0
9470,1578,3,3,3.0
9471,1578,5,4,4.0
9472,1578,7,3,4.0
9473,1578,8,4,4.0
9474,1579,2,2,2.0
9475,1579,3,3,3.0
9476,1579,4,2,3.0
9477,1579,5,1,3.0
9478,1579,7,1,3.0
9479,1579,9,1,3.0
9480,1580,0,0,0.0
9481,1580,1,1,1.0
9482,1580,5,1,1.0
9483,1580,7,1,1.0
9484,1580,8,2,2.0
9485,1580,10,0,2.0
9486,1581,2,0,0.0
9487,1581,4,1,1.0
9488,1581,5,1,1.0
9489,1581,6,1,1.0
9490,1581,8,0,1.0
9491,1581,10,1,1.0
9492,1582,0,0,0.0
9493,1582,1,0,0.0
9494,1582,3,0,0.0
9495,1582,5,0,0.0
9496,1582,6,0,0.0
9497,1582,10,0,0.0
9498,1583,1,0,0.0
9499,1583,2,0,0.0
9500,1583,3,1,1.0
9501,1583,4,0,1.0
9502,1583,6,0,1.0
9503,1583,9,0,1.0
9504,1584,0,0,0.0
9505,1584,4,0,0.0
9506,1584,6,0,0.0
9507,1584,7,1,1.0
9508,1584,8,0,1.0
9509,1584,9,1,1.0
9510,1585,1,0,0.0
9511,1585,2,0,0.0
9512,1585,3,0,0.0
9513,1585,5,1,1.0
9514,1585,7,2,2.0
9515,1585,9,4,4.0
9516,1586,1,0,0.0
9517,1586,2,0,0.0
9518,1586,3,0,0.0
9519,1586,4,1,1.0
9520,1586,9,0,1.0
9521,1586,10,0,1.0
9522,1587,0,0,0.0
9523,1587,1,1,1.0
9524,1587,3,3,3.0
9525,1587,4,4,4.0
9526,1587,7,5,5.0
9527,1587,9,5,5.0
9528,1588,2,2,2.0
9529,1588,5,3,3.0
9530,1588,7,3,3.0
9531,1588,8,3,3.0
9532,1588,9,4,4.0
9533,1588,10,3,4.0
9534,1589,0,0,0.0
9535,1589,2,0,0.0
9536,1589,4,0,0.0
9537,1589,5,0,0.0
9538,1589,8,0,0.0
9539,1589,10,0,0.0
9540,1590,2,0,0.0
9541,1590,4,0,0.0
9542,1590,5,1,1.0
9543,1590,6,0,1.0
9544,1590,8,1,1.0
9545,1590,10,1,1.0
9546,1591,0,0,0.0
9547,1591,2,1,1.0
9548,1591,5,3,3.0
9549,1591,7,3,3.0
9550,1591,8,4,4.0
9551,1591,9,4,4.0
9552,1592,0,0,0.0
9553,1592,2,0,0.0
9554,1592,3,1,1.0
9555,1592,4,0,1.0
9556,1592,7,3,3.0
9557,1592,8,2,3.0
9558,1593,0,0,0.0
9559,1593,1,1,1.0
9560,1593,4,0,1.0
9561,1593,5,1,1.0
9562,1593,7,1,1.0
9563,1593,9,1,1.0
9564,1594,0,0,0.0
9565,1594,2,2,2.0
9566,1594,4,1,2.0
9567,1594,6,2,2.0
9568,1594,7,3,3.0
9569,1594,9,3,3.0
9570,1595,1,1,1.0
9571,1595,2,0,1.0
9572,1595,3,1,1.0
9573,1595,4,2,2.0
9574,1595,7,1,2.0
9575,1595,9,1,2.0
9576,1596,0,0,0.0
9577,1596,2,0,0.0
9578,1596,4,0,0.0
9579,1596,5,1,1.0
9580,1596,7,1,1.0
9581,1596,9,1,1.0
9582,1597,0,0,0.0
9583,1597,1,0,0.0
9584,1597,5,0,0.0
9585,1597,6,0,0.0
9586,1597,7,0,0.0
9587,1597,9,0,0.0
9588,1598,1,0,0.0
9589,1598,2,0,0.0
9590,1598,4,0,0.0
9591,1598,5,0,0.0
9592,1598,6,0,0.0
9593,1598,7,0,0.0
9594,1599,1,1,1.0
9595,1599,2,2,2.0
9596,1599,3,3,3.0
9597,1599,7,3,3.0
9598,1599,8,2,3.0
9599,1599,9,3,3.0
9600,1600,0,0,0.0
9601,1600,2,0,0.0
9602,1600,4,0,0.0
9603,1600,5,0,0.0
9604,1600,9,0,0.0
9605,1600,10,0,0.0
9606,1601,3,1,1.0
9607,1601,4,0,1.0
9608,1601,6,0,1.0
9609,1601,7,1,1.0
9610,1601,8,0,1.0
9611,1601,9,1,1.0
9612,1602,0,0,0.0
9613,1602,4,0,0.0
9614,1602,6,0,0.0
9615,1602,7,0,0.0
9616,1602,8,0,0.0
9617,1602,9,0,0.0
9618,1603,2,1,1.0
9619,1603,3,0,1.0
9620,1603,4,1,1.0
9621,1603,6,1,1.0
9622,1603,8,3,3.0
9623,1603,9,3,3.0
9624,1604,0,0,0.0
9625,1604,1,1,1.0
9626,1604,3,1,1.0
9627,1604,4,1,1.0
9628,1604,7,1,1.0
9629,1604,8,1,1.0
9630,1605,0,0,0.0
9631,1605,2,0,0.0
9632,1605,4,0,0.0
9633,1605,5,0,0.0
9634,1605,6,0,0.0
9635,1605,8,0,0.0
9636,1606,0,0,0.0
9637,1606,2,0,0.0
9638,1606,3,0,0.0
9639,1606,6,0,0.0
9640,1606,8,0,0.0
9641,1606,9,0,0.0
9642,1607,0,0,0.0
9643,1607,4,3,3.0
9644,1607,5,2,3.0
9645,1607,6,1,3.0
9646,1607,7,2,3.0
9647,1607,9,2,3.0
9648,1608,0,0,0.0
9649,1608,1,1,1.0
9650,1608,2,0,1.0
9651,1608,4,2,2.0
9652,1608,6,2,2.0
9653,1608,10,0,2.0
9654,1609,0,0,0.0
9655,1609,2,0,0.0
9656,1609,3,1,1.0
9657,1609,6,0,1.0
9658,1609,7,1,1.0
9659,1609,9,1,1.0
9660,1610,0,0,0.0
9661,1610,1,1,1.0
9662,1610,3,1,1.0
9663,1610,4,2,2.0
9664,1610,6,2,2.0
9665,1610,9,5,5.0
9666,1611,0,0,0.0
9667,1611,6,0,0.0
9668,1611,7,0,0.0
9669,1611,8,0,0.0
9670,1611,9,0,0.0
9671,1611,10,1,1.0
9672,1612,0,0,0.0
9673,1612,1,1,1.0
9674,1612,4,2,2.0
9675,1612,5,1,2.0
9676,1612,6,0,2.0
9677,1612,9,1,2.0
9678,1613,0,0,0.0
9679,1613,2,0,0.0
9680,1613,4,0,0.0
9681,1613,7,3,3.0
9682,1613,8,4,4.0
9683,1613,9,5,5.0
9684,1614,1,1,1.0
9685,1614,2,0,1.0
9686,1614,4,0,1.0
9687,1614,6,0,1.0
9688,1614,7,1,1.0
9689,1614,8,0,1.0
9690,1615,0,0,0.0
9691,1615,3,0,0.0
9692,1615,5,0,0.0
9693,1615,7,0,0.0
9694,1615,8,0,0.0
9695,1615,10,0,0.0
9696,1616,1,1,1.0
9697,1616,2,2,2.0
9698,1616,6,2,2.0
9699,1616,7,1,2.0
9700,1616,8,2,2.0
9701,1616,10,2,2.0
9702,1617,0,0,0.0
9703,1617,1,1,1.0
9704,1617,2,0,1.0
9705,1617,6,0,1.0
9706,1617,8,0,1.0
9707,1617,10,0,1.0
9708,1618,1,1,1.0
9709,1618,3,0,1.0
9710,1618,4,1,1.0
9711,1618,7,0,1.0
9712,1618,8,1,1.0
9713,1618,10,3,3.0
9714,1619,0,0,0.0
9715,1619,3,3,3.0
9716,1619,4,2,3.0
9717,1619,5,3,3.0
9718,1619,6,2,3.0
9719,1619,8,2,3.0
9720,1620,0,0,0.0
9721,1620,1,0,0.0
9722,1620,3,1,1.0
9723,1620,5,0,1.0
9724,1620,9,0,1.0
9725,1620,10,0,1.0
9726,1621,0,0,0.0
9727,1621,2,0,0.0
9728,1621,3,0,0.0
9729,1621,4,0,0.0
9730,1621,9,0,0.0
9731,1621,10,0,0.0
9732,1622,0,0,0.0
9733,1622,2,0,0.0
9734,1622,4,2,2.0
9735,1622,7,4,4.0
9736,1622,8,5,5.0
9737,1622,9,5,5.0
9738,1623,0,0,0.0
9739,1623,2,1,1.0
9740,1623,4,3,3.0
9741,1623,5,2,3.0
9742,1623,6,3,3.0
9743,1623,10,5,5.0
9744,1624,2,2,2.0
9745,1624,5,5,5.0
9746,1624,6,5,5.0
9747,1624,7,5,5.0
9748,1624,9,5,5.0
9749,1624,10,5,5.0
9750,1625,1,1,1.0
9751,1625,4,0,1.0
9752,1625,6,0,1.0
9753,1625,7,0,1.0
9754,1625,9,0,1.0
9755,1625,10,0,1.0
9756,1626,0,0,0.0
9757,1626,1,0,0.0
9758,1626,2,0,0.0
9759,1626,3,0,0.0
9760,1626,4,1,1.0
9761,1626,8,0,1.0
9762,1627,0,0,0.0
9763,1627,2,0,0.0
9764,1627,3,1,1.0
9765,1627,5,1,1.0
9766,1627,6,0,1.0
9767,1627,7,1,1.0
9768,1628,1,0,0.0
9769,1628,2,0,0.0
9770,1628,4,0,0.0
9771,1628,6,0,0.0
9772,1628,8,0,0.0
9773,1628,10,0,0.0
9774,1629,2,2,2.0
9775,1629,5,3,3.0
9776,1629,6,4,4.0
9777,1629,8,5,5.0
9778,1629,9,5,5.0
9779,1629,10,5,5.0
9780,1630,1,1,1.0
9781,1630,2,0,1.0
9782,1630,4,0,1.0
9783,1630,6,0,1.0
9784,1630,7,1,1.0
9785,1630,8,0,1.0
9786,1631,0,0,0.0
9787,1631,1,1,1.0
9788,1631,5,1,1.0
9789,1631,6,1,1.0
9790,1631,7,1,1.0
9791,1631,10,1,1.0
9792,1632,2,2,2.0
9793,1632,3,2,2.0
9794,1632,5,4,4.0
9795,1632,6,5,5.0
9796,1632,8,5,5.0
9797,1632,9,5,5.0
9798,1633,1,1,1.0
9799,1633,2,0,1.0
9800,1633,3,1,1.0
9801,1633,5,0,1.0
9802,1633,6,1,1.0
9803,1633,8,1,1.0
9804,1634,0,0,0.0
9805,1634,1,1,1.0
9806,1634,3,1,1.0
9807,1634,5,0,1.0
9808,1634,6,1,1.0
9809,1634,8,1,1.0
9810,1635,3,0,0.0
9811,1635,5,0,0.0
9812,1635,6,0,0.0
9813,1635,7,1,1.0
9814,1635,9,3,3.0
9815,1635,10,2,3.0
9816,1636,3,1,1.0
9817,1636,4,0,1.0
9818,1636,5,1,1.0
9819,1636,6,2,2.0
9820,1636,7,1,2.0
9821,1636,9,1,2.0
9822,1637,2,1,1.0
9823,1637,4,1,1.0
9824,1637,5,2,2.0
9825,1637,6,2,2.0
9826,1637,8,4,4.0
9827,1637,10,5,5.0
9828,1638,0,0,0.0
9829,1638,1,0,0.0
9830,1638,2,0,0.0
9831,1638,3,0,0.0
9832,1638,5,0,0.0
9833,1638,6,0,0.0
9834,1639,0,0,0.0
9835,1639,2,0,0.0
9836,1639,5,0,0.0
9837,1639,8,0,0.0
9838,1639,9,0,0.0
9839,1639,10,0,0.0
9840,1640,1,1,1.0
9841,1640,4,0,1.0
9842,1640,5,1,1.0
9843,1640,6,0,1.0
9844,1640,7,1,1.0
9845,1640,8,0,1.0
9846,1641,3,1,1.0
9847,1641,4,0,1.0
9848,1641,6,1,1.0
9849,1641,7,2,2.0
9850,1641,8,1,2.0
9851,1641,10,1,2.0
9852,1642,2,0,0.0
9853,1642,3,0,0.0
9854,1642,4,0,0.0
9855,1642,5,0,0.0
9856,1642,6,0,0.0
9857,1642,7,0,0.0
9858,1643,0,0,0.0
9859,1643,5,1,1.0
9860,1643,7,1,1.0
9861,1643,8,2,2.0
9862,1643,9,1,2.0
9863,1643,10,2,2.0
9864,1644,0,0,0.0
9865,1644,1,1,1.0
9866,1644,3,0,1.0
9867,1644,8,1,1.0
9868,1644,9,1,1.0
9869,1644,10,0,1.0
9870,1645,0,0,0.0
9871,1645,1,1,1.0
9872,1645,2,2,2.0
9873,1645,4,1,2.0
9874,1645,5,1,2.0
9875,1645,8,1,2.0
9876,1646,1,1,1.0
9877,1646,3,1,1.0
9878,1646,4,0,1.0
9879,1646,5,1,1.0
9880,1646,7,3,3.0
9881,1646,10,5,5.0
9882,1647,1,0,0.0
9883,1647,2,0,0.0
9884,1647,3,0,0.0
9885,1647,5,0,0.0
9886,1647,7,0,0.0
9887,1647,10,0,0.0
9888,1648,0,0,0.0
9889,1648,1,0,0.0
9890,1648,4,0,0.0
9891,1648,8,0,0.0
9892,1648,9,0,0.0
9893,1648,10,0,0.0
9894,1649,0,0,0.0
9895,1649,1,0,0.0
9896,1649,5,0,0.0
9897,1649,7,0,0.0
9898,1649,8,0,0.0
9899,1649,10,0,0.0
9900,1650,1,0,0.0
9901,1650,3,0,0.0
9902,1650,6,0,0.0
9903,1650,7,1,1.0
9904,1650,8,0,1.0
9905,1650,9,0,1.0
9906,1651,2,0,0.0
9907,1651,3,1,1.0
9908,1651,4,0,1.0
9909,1651,6,0,1.0
9910,1651,7,1,1.0
9911,1651,10,0,1.0
9912,1652,2,0,0.0
9913,1652,3,0,0.0
9914,1652,5,0,0.0
9915,1652,6,0,0.0
9916,1652,8,0,0.0
9917,1652,10,0,0.0
9918,1653,1,1,1.0
9919,1653,4,1,1.0
9920,1653,6,1,1.0
9921,1653,7,0,1.0
9922,1653,8,1,1.0
9923,1653,10,1,1.0
9924,1654,2,0,0.0
9925,1654,3,0,0.0
9926,1654,4,0,0.0
9927,1654,6,1,1.0
9928,1654,9,2,2.0
9929,1654,10,3,3.0
9930,1655,0,0,0.0
9931,1655,1,0,0.0
9932,1655,2,0,0.0
9933,1655,3,0,0.0
9934,1655,4,0,0.0
9935,1655,7,0,0.0
9936,1656,3,1,1.0
9937,1656,4,1,1.0
9938,1656,5,0,1.0
9939,1656,6,1,1.0
9940,1656,7,1,1.0
9941,1656,10,0,1.0
9942,1657,0,0,0.0
9943,1657,1,0,0.0
9944,1657,3,0,0.0
9945,1657,5,0,0.0
9946,1657,8,0,0.0
9947,1657,9,0,0.0
9948,1658,0,0,0.0
9949,1658,2,0,0.0
9950,1658,3,0,0.0
9951,1658,4,0,0.0
9952,1658,7,0,0.0
9953,1658,9,0,0.0
9954,1659,0,0,0.0
9955,1659,1,0,0.0
9956,1659,3,0,0.0
9957,1659,5,0,0.0
9958,1659,6,0,0.0
9959,1659,9,0,0.0
9960,1660,1,0,0.0
9961,1660,2,1,1.0
9962,1660,3,0,1.0
9963,1660,6,1,1.0
9964,1660,8,3,3.0
9965,1660,9,2,3.0
9966,1661,0,0,0.0
9967,1661,3,0,0.0
9968,1661,4,0,0.0
9969,1661,6,0,0.0
9970,1661,7,0,0.0
9971,1661,8,0,0.0
9972,1662,1,0,0.0
9973,1662,2,0,0.0
9974,1662,3,0,0.0
9975,1662,4,0,0.0
9976,1662,7,0,0.0
9977,1662,10,0,0.0
9978,1663,0,0,0.0
9979,1663,2,0,0.0
9980,1663,4,0,0.0
9981,1663,5,0,0.0
9982,1663,8,0,0.0
9983,1663,10,1,1.0
9984,1664,0,0,0.0
9985,1664,2,2,2.0
9986,1664,4,1,2.0
9987,1664,5,2,2.0
9988,1664,6,1,2.0
9989,1664,8,1,2.0
9990,1665,1,0,0.0
9991,1665,2,1,1.0
9992,1665,4,3,3.0
9993,1665,6,3,3.0
9994,1665,7,4,4.0
9995,1665,10,3,4.0
9996,1666,1,0,0.0
9997,1666,2,1,1.0
9998,1666,4,1,1.0
9999,1666,5,2,2.0
10000,1666,7,2,2.0
10001,1666,8,3,3.0
10002,1667,0,0,0.0
10003,1667,1,1,1.0
10004,1667,4,3,3.0
10005,1667,6,3,3.0
10006,1667,7,3,3.0
10007,1667,10,3,3.0
10008,1668,0,0,0.0
10009,1668,1,0,0.0
10010,1668,3,0,0.0
10011,1668,4,0,0.0
10012,1668,5,0,0.0
10013,1668,9,0,0.0
10014,1669,1,1,1.0
10015,1669,2,0,1.0
10016,1669,3,0,1.0
10017,1669,5,0,1.0
10018,1669,7,0,1.0
10019,1669,10,0,1.0
10020,1670,0,0,0.0
10021,1670,1,1,1.0
10022,1670,7,5,5.0
10023,1670,8,5,5.0
10024,1670,9,5,5.0
10025,1670,10,5,5.0
10026,1671,0,0,0.0
10027,1671,1,0,0.0
10028,1671,3,0,0.0
10029,1671,7,1,1.0
10030,1671,8,2,2.0
10031,1671,9,3,3.0
10032,1672,0,0,0.0
10033,1672,1,0,0.0
10034,1672,7,0,0.0
10035,1672,8,0,0.0
10036,1672,9,0,0.0
10037,1672,10,0,0.0
10038,1673,1,0,0.0
10039,1673,2,0,0.0
10040,1673,7,3,3.0
10041,1673,8,2,3.0
10042,1673,9,3,3.0
10043,1673,10,2,3.0
10044,1674,2,2,2.0
10045,1674,3,3,3.0
10046,1674,4,2,3.0
10047,1674,6,2,3.0
10048,1674,8,2,3.0
10049,1674,9,3,3.0
10050,1675,0,0,0.0
10051,1675,1,1,1.0
10052,1675,3,1,1.0
10053,1675,4,0,1.0
10054,1675,6,0,1.0
10055,1675,8,0,1.0
10056,1676,0,0,0.0
10057,1676,3,3,3.0
10058,1676,5,3,3.0
10059,1676,7,3,3.0
10060,1676,9,3,3.0
10061,1676,10,2,3.0
10062,1677,1,0,0.0
10063,1677,2,0,0.0
10064,1677,3,0,0.0
10065,1677,5,0,0.0
10066,1677,6,0,0.0
10067,1677,8,0,0.0
10068,1678,0,0,0.0
10069,1678,2,2,2.0
10070,1678,4,4,4.0
10071,1678,7,5,5.0
10072,1678,8,5,5.0
10073,1678,9,5,5.0
10074,1679,0,0,0.0
10075,1679,1,0,0.0
10076,1679,2,1,1.0
10077,1679,3,2,2.0
10078,1679,6,1,2.0
10079,1679,10,3,3.0
10080,1680,1,0,0.0
10081,1680,2,0,0.0
10082,1680,3,0,0.0
10083,1680,4,0,0.0
10084,1680,6,0,0.0
10085,1680,8,0,0.0
10086,1681,0,0,0.0
10087,1681,1,1,1.0
10088,1681,2,0,1.0
10089,1681,3,1,1.0
10090,1681,4,0,1.0
10091,1681,10,2,2.0
10092,1682,0,0,0.0
10093,1682,2,1,1.0
10094,1682,5,4,4.0
10095,1682,6,5,5.0
10096,1682,9,5,5.0
10097,1682,10,5,5.0
10098,1683,1,0,0.0
10099,1683,3,0,0.0
10100,1683,6,0,0.0
10101,1683,7,0,0.0
10102,1683,9,0,0.0
10103,1683,10,0,0.0
10104,1684,2,2,2.0
10105,1684,3,2,2.0
10106,1684,5,1,2.0
10107,1684,6,0,2.0
10108,1684,8,1,2.0
10109,1684,10,2,2.0
10110,1685,0,0,0.0
10111,1685,1,1,1.0
10112,1685,4,0,1.0
10113,1685,5,0,1.0
10114,1685,7,0,1.0
10115,1685,8,0,1.0
10116,1686,0,0,0.0
10117,1686,2,2,2.0
10118,1686,3,1,2.0
10119,1686,6,2,2.0
10120,1686,7,1,2.0
10121,1686,10,2,2.0
10122,1687,0,0,0.0
10123,1687,1,1,1.0
10124,1687,2,2,2.0
10125,1687,4,2,2.0
10126,1687,5,3,3.0
10127,1687,10,4,4.0
10128,1688,1,0,0.0
10129,1688,2,0,0.0
10130,1688,3,0,0.0
10131,1688,4,0,0.0
10132,1688,5,0,0.0
10133,1688,8,0,0.0
10134,1689,0,0,0.0
10135,1689,2,2,2.0
10136,1689,3,3,3.0
10137,1689,5,4,4.0
10138,1689,6,5,5.0
10139,1689,8,5,5.0
10140,1690,0,0,0.0
10141,1690,1,1,1.0
10142,1690,3,1,1.0
10143,1690,4,0,1.0
10144,1690,5,0,1.0
10145,1690,10,1,1.0
10146,1691,0,0,0.0
10147,1691,1,1,1.0
10148,1691,2,2,2.0
10149,1691,3,1,2.0
10150,1691,8,4,4.0
10151,1691,9,3,4.0
10152,1692,2,2,2.0
10153,1692,3,1,2.0
10154,1692,4,2,2.0
10155,1692,5,1,2.0
10156,1692,7,0,2.0
10157,1692,8,1,2.0
10158,1693,2,0,0.0
10159,1693,3,0,0.0
10160,1693,4,1,1.0
10161,1693,5,0,1.0
10162,1693,8,1,1.0
10163,1693,9,0,1.0
10164,1694,2,2,2.0
10165,1694,3,2,2.0
10166,1694,6,4,4.0
10167,1694,8,3,4.0
10168,1694,9,2,4.0
10169,1694,10,3,4.0
10170,1695,0,0,0.0
10171,1695,1,1,1.0
10172,1695,2,0,1.0
10173,1695,3,0,1.0
10174,1695,4,0,1.0
10175,1695,10,2,2.0
10176,1696,1,1,1.0
10177,1696,2,2,2.0
10178,1696,4,2,2.0
10179,1696,5,3,3.0
10180,1696,6,2,3.0
10181,1696,8,2,3.0
10182,1697,0,0,0.0
10183,1697,1,0,0.0
10184,1697,2,1,1.0
10185,1697,6,1,1.0
10186,1697,8,0,1.0
10187,1697,10,0,1.0
10188,1698,1,0,0.0
10189,1698,2,0,0.0
10190,1698,3,0,0.0
10191,1698,6,0,0.0
10192,1698,7,0,0.0
10193,1698,8,0,0.0
10194,1699,1,1,1.0
10195,1699,2,2,2.0
10196,1699,4,1,2.0
10197,1699,6,2,2.0
10198,1699,8,0,2.0
10199,1699,10,2,2.0
10200,1700,1,1,1.0
10201,1700,3,1,1.0
10202,1700,4,1,1.0
10203,1700,5,1,1.0
10204,1700,8,1,1.0
10205,1700,9,0,1.0
10206,1701,1,0,0.0
10207,1701,2,0,0.0
10208,1701,4,0,0.0
10209,1701,7,1,1.0
10210,1701,8,1,1.0
10211,1701,10,0,1.0
10212,1702,0,0,0.0
10213,1702,4,2,2.0
10214,1702,5,1,2.0
10215,1702,7,2,2.0
10216,1702,9,2,2.0
10217,1702,10,1,2.0
10218,1703,0,0,0.0
10219,1703,1,0,0.0
10220,1703,5,0,0.0
10221,1703,6,0,0.0
10222,1703,7,0,0.0
10223,1703,9,0,0.0
10224,1704,1,1,1.0
10225,1704,3,3,3.0
10226,1704,4,3,3.0
10227,1704,6,3,3.0
10228,1704,7,3,3.0
10229,1704,8,3,3.0
10230,1705,0,0,0.0
10231,1705,2,2,2.0
10232,1705,5,1,2.0
10233,1705,6,2,2.0
10234,1705,8,2,2.0
10235,1705,9,1,2.0
10236,1706,1,1,1.0
10237,1706,2,2,2.0
10238,1706,7,1,2.0
10239,1706,8,2,2.0
10240,1706,9,3,3.0
10241,1706,10,4,4.0
10242,1707,0,0,0.0
10243,1707,1,0,0.0
10244,1707,2,1,1.0
10245,1707,3,2,2.0
10246,1707,7,4,4.0
10247,1707,10,5,5.0
10248,1708,2,0,0.0
10249,1708,3,0,0.0
10250,1708,4,0,0.0
10251,1708,5,0,0.0
10252,1708,8,1,1.0
10253,1708,10,1,1.0
10254,1709,0,0,0.0
10255,1709,3,0,0.0
10256,1709,6,0,0.0
10257,1709,7,0,0.0
10258,1709,8,0,0.0
10259,1709,9,0,0.0
10260,1710,0,0,0.0
10261,1710,3,2,2.0
10262,1710,4,3,3.0
10263,1710,6,3,3.0
10264,1710,8,3,3.0
10265,1710,10,3,3.0
10266,1711,1,0,0.0
10267,1711,3,0,0.0
10268,1711,5,0,0.0
10269,1711,7,0,0.0
10270,1711,9,0,0.0
10271,1711,10,0,0.0
10272,1712,1,1,1.0
10273,1712,2,2,2.0
10274,1712,5,3,3.0
10275,1712,6,2,3.0
10276,1712,7,3,3.0
10277,1712,10,2,3.0
10278,1713,1,1,1.0
10279,1713,2,2,2.0
10280,1713,3,3,3.0
10281,1713,4,3,3.0
10282,1713,6,1,3.0
10283,1713,9,0,3.0
10284,1714,0,0,0.0
10285,1714,1,0,0.0
10286,1714,3,0,0.0
10287,1714,8,0,0.0
10288,1714,9,0,0.0
10289,1714,10,1,1.0
10290,1715,1,0,0.0
10291,1715,2,0,0.0
10292,1715,3,0,0.0
10293,1715,4,0,0.0
10294,1715,7,0,0.0
10295,1715,10,0,0.0
10296,1716,1,1,1.0
10297,1716,2,2,2.0
10298,1716,4,4,4.0
10299,1716,6,4,4.0
10300,1716,7,3,4.0
10301,1716,10,4,4.0
10302,1717,1,0,0.0
10303,1717,2,0,0.0
10304,1717,4,0,0.0
10305,1717,5,0,0.0
10306,1717,9,0,0.0
10307,1717,10,0,0.0
10308,1718,0,0,0.0
10309,1718,2,0,0.0
10310,1718,4,1,1.0
10311,1718,7,0,1.0
10312,1718,8,0,1.0
10313,1718,10,0,1.0
10314,1719,1,1,1.0
10315,1719,3,1,1.0
10316,1719,5,0,1.0
10317,1719,7,0,1.0
10318,1719,9,0,1.0
10319,1719,10,0,1.0
10320,1720,0,0,0.0
10321,1720,1,1,1.0
10322,1720,2,2,2.0
10323,1720,4,3,3.0
10324,1720,6,3,3.0
10325,1720,9,2,3.0
10326,1721,3,2,2.0
10327,1721,4,1,2.0
10328,1721,5,0,2.0
10329,1721,8,1,2.0
10330,1721,9,1,2.0
10331,1721,10,0,2.0
10332,1722,2,2,2.0
10333,1722,4,4,4.0
10334,1722,5,3,4.0
10335,1722,6,4,4.0
10336,1722,7,3,4.0
10337,1722,9,4,4.0
10338,1723,0,0,0.0
10339,1723,1,0,0.0
10340,1723,4,0,0.0
10341,1723,6,0,0.0
10342,1723,7,0,0.0
10343,1723,10,0,0.0
10344,1724,2,0,0.0
10345,1724,4,0,0.0
10346,1724,6,0,0.0
10347,1724,8,0,0.0
10348,1724,9,0,0.0
10349,1724,10,0,0.0
10350,1725,1,1,1.0
10351,1725,4,0,1.0
10352,1725,6,0,1.0
10353,1725,7,1,1.0
10354,1725,8,0,1.0
10355,1725,10,2,2.0
10356,1726,0,0,0.0
10357,1726,1,0,0.0
10358,1726,5,0,0.0
10359,1726,6,0,0.0
10360,1726,7,0,0.0
10361,1726,9,0,0.0
10362,1727,1,0,0.0
10363,1727,2,0,0.0
10364,1727,3,0,0.0
10365,1727,4,0,0.0
10366,1727,5,0,0.0
10367,1727,6,0,0.0
10368,1728,0,0,0.0
10369,1728,5,1,1.0
10370,1728,7,1,1.0
10371,1728,8,1,1.0
10372,1728,9,1,1.0
10373,1728,10,1,1.0
10374,1729,0,0,0.0
10375,1729,1,1,1.0
10376,1729,2,1,1.0
10377,1729,4,1,1.0
10378,1729,6,1,1.0
10379,1729,8,3,3.0
10380,1730,0,0,0.0
10381,1730,2,2,2.0
10382,1730,4,2,2.0
10383,1730,5,1,2.0
10384,1730,6,2,2.0
10385,1730,8,2,2.0
10386,1731,1,0,0.0
10387,1731,4,1,1.0
10388,1731,5,2,2.0
10389,1731,6,1,2.0
10390,1731,9,2,2.0
10391,1731,10,1,2.0
10392,1732,0,0,0.0
10393,1732,1,1,1.0
10394,1732,4,2,2.0
10395,1732,5,1,2.0
10396,1732,7,2,2.0
10397,1732,9,1,2.0
10398,1733,1,1,1.0
10399,1733,3,1,1.0
10400,1733,5,1,1.0
10401,1733,6,1,1.0
10402,1733,8,1,1.0
10403,1733,9,1,1.0
10404,1734,1,0,0.0
10405,1734,2,0,0.0
10406,1734,3,0,0.0
10407,1734,8,0,0.0
10408,1734,9,0,0.0
10409,1734,10,0,0.0
10410,1735,0,0,0.0
10411,1735,1,1,1.0
10412,1735,2,0,1.0
10413,1735,3,1,1.0
10414,1735,4,0,1.0
10415,1735,9,2,2.0
10416,1736,0,0,0.0
10417,1736,1,1,1.0
10418,1736,2,0,1.0
10419,1736,5,1,1.0
10420,1736,6,2,2.0
10421,1736,8,2,2.0
10422,1737,0,0,0.0
10423,1737,1,0,0.0
10424,1737,3,0,0.0
10425,1737,7,0,0.0
10426,1737,8,0,0.0
10427,1737,10,0,0.0
10428,1738,1,0,0.0
10429,1738,2,0,0.0
10430,1738,3,1,1.0
10431,1738,7,1,1.0
10432,1738,9,1,1.0
10433,1738,10,1,1.0
10434,1739,0,0,0.0
10435,1739,1,1,1.0
10436,1739,6,4,4.0
10437,1739,7,3,4.0
10438,1739,8,3,4.0
10439,1739,10,3,4.0
10440,1740,1,1,1.0
10441,1740,3,3,3.0
10442,1740,5,3,3.0
10443,1740,6,4,4.0
10444,1740,7,5,5.0
10445,1740,9,5,5.0
10446,1741,3,0,0.0
10447,1741,4,1,1.0
10448,1741,5,1,1.0
10449,1741,6,1,1.0
10450,1741,9,1,1.0
10451,1741,10,1,1.0
10452,1742,3,1,1.0
10453,1742,4,0,1.0
10454,1742,5,1,1.0
10455,1742,6,1,1.0
10456,1742,7,0,1.0
10457,1742,8,1,1.0
10458,1743,1,1,1.0
10459,1743,2,0,1.0
10460,1743,4,2,2.0
10461,1743,5,3,3.0
10462,1743,6,3,3.0
10463,1743,10,1,3.0
10464,1744,0,0,0.0
10465,1744,2,0,0.0
10466,1744,5,0,0.0
10467,1744,7,0,0.0
10468,1744,9,0,0.0
10469,1744,10,0,0.0
10470,1745,0,0,0.0
10471,1745,4,1,1.0
10472,1745,5,1,1.0
10473,1745,7,1,1.0
10474,1745,8,1,1.0
10475,1745,9,1,1.0
10476,1746,0,0,0.0
10477,1746,1,0,0.0
10478,1746,3,0,0.0
10479,1746,4,0,0.0
10480,1746,8,0,0.0
10481,1746,10,0,0.0
10482,1747,2,0,0.0
10483,1747,5,0,0.0
10484,1747,6,0,0.0
10485,1747,8,0,0.0
10486,1747,9,0,0.0
10487,1747,10,0,0.0
10488,1748,0,0,0.0
10489,1748,1,1,1.0
10490,1748,2,0,1.0
10491,1748,4,1,1.0
10492,1748,7,4,4.0
10493,1748,10,5,5.0
10494,1749,1,1,1.0
10495,1749,3,1,1.0
10496,1749,5,3,3.0
10497,1749,6,2,3.0
10498,1749,7,1,3.0
10499,1749,9,1,3.0
10500,1750,0,0,0.0
10501,1750,3,0,0.0
10502,1750,4,0,0.0
10503,1750,5,0,0.0
10504,1750,8,0,0.0
10505,1750,9,0,0.0
10506,1751,0,0,0.0
10507,1751,1,1,1.0
10508,1751,4,2,2.0
10509,1751,6,0,2.0
10510,1751,7,1,2.0
10511,1751,9,1,2.0
10512,1752,1,1,1.0
10513,1752,2,2,2.0
10514,1752,3,3,3.0
10515,1752,4,2,3.0
10516,1752,6,2,3.0
10517,1752,7,1,3.0
10518,1753,0,0,0.0
10519,1753,1,0,0.0
10520,1753,4,2,2.0
10521,1753,7,1,2.0
10522,1753,9,0,2.0
10523,1753,10,1,2.0
10524,1754,2,1,1.0
10525,1754,3,1,1.0
10526,1754,4,0,1.0
10527,1754,6,2,2.0
10528,1754,8,4,4.0
10529,1754,10,5,5.0
10530,1755,0,0,0.0
10531,1755,6,0,0.0
10532,1755,7,0,0.0
10533,1755,8,0,0.0
10534,1755,9,0,0.0
10535,1755,10,0,0.0
10536,1756,1,0,0.0
10537,1756,3,0,0.0
10538,1756,4,1,1.0
10539,1756,5,0,1.0
10540,1756,9,1,1.0
10541,1756,10,0,1.0
10542,1757,0,0,0.0
10543,1757,3,1,1.0
10544,1757,5,3,3.0
10545,1757,6,3,3.0
10546,1757,7,2,3.0
10547,1757,10,4,4.0
10548,1758,0,0,0.0
10549,1758,1,1,1.0
10550,1758,3,1,1.0
10551,1758,4,0,1.0
10552,1758,7,1,1.0
10553,1758,8,0,1.0
10554,1759,0,0,0.0
10555,1759,2,0,0.0
10556,1759,5,0,0.0
10557,1759,6,0,0.0
10558,1759,7,0,0.0
10559,1759,10,0,0.0
10560,1760,0,0,0.0
10561,1760,2,0,0.0
10562,1760,4,0,0.0
10563,1760,6,0,0.0
10564,1760,7,0,0.0
10565,1760,8,0,0.0
10566,1761,0,0,0.0
10567,1761,3,0,0.0
10568,1761,4,0,0.0
10569,1761,6,0,0.0
10570,1761,7,0,0.0
10571,1761,9,2,2.0
10572,1762,1,1,1.0
10573,1762,2,0,1.0
10574,1762,3,1,1.0
10575,1762,6,0,1.0
10576,1762,7,0,1.0
10577,1762,10,1,1.0
10578,1763,0,0,0.0
10579,1763,1,1,1.0
10580,1763,4,0,1.0
10581,1763,6,2,2.0
10582,1763,7,3,3.0
10583,1763,9,1,3.0
10584,1764,1,1,1.0
10585,1764,2,2,2.0
10586,1764,3,2,2.0
10587,1764,4,2,2.0
10588,1764,8,4,4.0
10589,1764,9,3,4.0
10590,1765,2,2,2.0
10591,1765,3,1,2.0
10592,1765,4,2,2.0
10593,1765,8,0,2.0
10594,1765,9,1,2.0
10595,1765,10,1,2.0
10596,1766,0,0,0.0
10597,1766,1,1,1.0
10598,1766,5,1,1.0
10599,1766,7,1,1.0
10600,1766,9,1,1.0
10601,1766,10,2,2.0
10602,1767,0,0,0.0
10603,1767,1,1,1.0
10604,1767,5,3,3.0
10605,1767,6,4,4.0
10606,1767,8,4,4.0
10607,1767,9,4,4.0
10608,1768,1,1,1.0
10609,1768,2,0,1.0
10610,1768,3,0,1.0
10611,1768,5,1,1.0
10612,1768,8,1,1.0
10613,1768,10,1,1.0
10614,1769,0,0,0.0
10615,1769,1,1,1.0
10616,1769,3,1,1.0
10617,1769,4,0,1.0
10618,1769,5,1,1.0
10619,1769,9,1,1.0
10620,1770,1,0,0.0
10621,1770,2,0,0.0
10622,1770,6,0,0.0
10623,1770,8,0,0.0
10624,1770,9,0,0.0
10625,1770,10,0,0.0
10626,1771,0,0,0.0
10627,1771,1,1,1.0
10628,1771,2,0,1.0
10629,1771,5,1,1.0
10630,1771,7,1,1.0
10631,1771,9,1,1.0
10632,1772,0,0,0.0
10633,1772,4,3,3.0
10634,1772,6,3,3.0
10635,1772,7,4,4.0
10636,1772,9,4,4.0
10637,1772,10,5,5.0
10638,1773,1,1,1.0
10639,1773,2,2,2.0
10640,1773,4,4,4.0
10641,1773,7,3,4.0
10642,1773,9,2,4.0
10643,1773,10,3,4.0
10644,1774,0,0,0.0
10645,1774,1,1,1.0
10646,1774,5,3,3.0
10647,1774,6,4,4.0
10648,1774,8,4,4.0
10649,1774,10,5,5.0
10650,1775,2,1,1.0
10651,1775,5,1,1.0
10652,1775,6,1,1.0
10653,1775,8,1,1.0
10654,1775,9,1,1.0
10655,1775,10,1,1.0
10656,1776,3,1,1.0
10657,1776,4,2,2.0
10658,1776,6,3,3.0
10659,1776,8,5,5.0
10660,1776,9,5,5.0
10661,1776,10,5,5.0
10662,1777,0,0,0.0
10663,1777,1,1,1.0
10664,1777,2,2,2.0
10665,1777,6,3,3.0
10666,1777,7,2,3.0
10667,1777,8,3,3.0
10668,1778,2,0,0.0
10669,1778,3,1,1.0
10670,1778,5,1,1.0
10671,1778,6,2,2.0
10672,1778,9,2,2.0
10673,1778,10,2,2.0
10674,1779,1,0,0.0
10675,1779,3,2,2.0
10676,1779,5,2,2.0
10677,1779,6,3,3.0
10678,1779,8,3,3.0
10679,1779,10,3,3.0
10680,1780,2,1,1.0
10681,1780,5,1,1.0
10682,1780,6,0,1.0
10683,1780,7,1,1.0
10684,1780,8,1,1.0
10685,1780,10,3,3.0
10686,1781,0,0,0.0
10687,1781,2,1,1.0
10688,1781,3,2,2.0
10689,1781,6,2,2.0
10690,1781,9,3,3.0
10691,1781,10,2,3.0
10692,1782,0,0,0.0
10693,1782,1,1,1.0
10694,1782,2,2,2.0
10695,1782,4,2,2.0
10696,1782,6,1,2.0
10697,1782,7,2,2.0
10698,1783,0,0,0.0
10699,1783,3,1,1.0
10700,1783,4,2,2.0
10701,1783,5,3,3.0
10702,1783,8,1,3.0
10703,1783,9,1,3.0
10704,1784,1,0,0.0
10705,1784,3,0,0.0
10706,1784,5,0,0.0
10707,1784,7,1,1.0
10708,1784,8,0,1.0
10709,1784,10,0,1.0
10710,1785,0,0,0.0
10711,1785,3,0,0.0
10712,1785,4,0,0.0
10713,1785,7,0,0.0
10714,1785,9,0,0.0
10715,1785,10,0,0.0
10716,1786,0,0,0.0
10717,1786,3,1,1.0
10718,1786,5,1,1.0
10719,1786,6,0,1.0
10720,1786,9,0,1.0
10721,1786,10,0,1.0
10722,1787,0,0,0.0
10723,1787,2,2,2.0
10724,1787,3,3,3.0
10725,1787,6,4,4.0
10726,1787,7,3,4.0
10727,1787,10,4,4.0
10728,1788,0,0,0.0
10729,1788,1,1,1.0
10730,1788,2,2,2.0
10731,1788,6,2,2.0
10732,1788,9,5,5.0
10733,1788,10,5,5.0
10734,1789,0,0,0.0
10735,1789,4,4,4.0
10736,1789,5,3,4.0
10737,1789,6,4,4.0
10738,1789,8,5,5.0
10739,1789,10,5,5.0
10740,1790,1,1,1.0
10741,1790,2,2,2.0
10742,1790,4,2,2.0
10743,1790,6,4,4.0
10744,1790,7,3,4.0
10745,1790,10,3,4.0
10746,1791,0,0,0.0
10747,1791,2,0,0.0
10748,1791,6,1,1.0
10749,1791,7,1,1.0
10750,1791,9,0,1.0
10751,1791,10,0,1.0
10752,1792,0,0,0.0
10753,1792,1,0,0.0
10754,1792,3,1,1.0
10755,1792,5,0,1.0
10756,1792,6,0,1.0
10757,1792,7,1,1.0
10758,1793,0,0,0.0
10759,1793,2,0,0.0
10760,1793,4,0,0.0
10761,1793,8,0,0.0
10762,1793,9,1,1.0
10763,1793,10,0,1.0
10764,1794,2,2,2.0
10765,1794,4,2,2.0
10766,1794,5,3,3.0
10767,1794,6,4,4.0
10768,1794,7,3,4.0
10769,1794,8,4,4.0
10770,1795,0,0,0.0
10771,1795,5,1,1.0
10772,1795,6,1,1.0
10773,1795,7,1,1.0
10774,1795,8,1,1.0
10775,1795,9,1,1.0
10776,1796,1,0,0.0
10777,1796,5,0,0.0
10778,1796,7,0,0.0
10779,1796,8,0,0.0
10780,1796,9,0,0.0
10781,1796,10,0,0.0
10782,1797,1,0,0.0
10783,1797,2,1,1.0
10784,1797,5,2,2.0
10785,1797,6,3,3.0
10786,1797,7,2,3.0
10787,1797,8,3,3.0
10788,1798,3,2,2.0
10789,1798,4,1,2.0
10790,1798,6,2,2.0
10791,1798,8,4,4.0
10792,1798,9,5,5.0
10793,1798,10,5,5.0
10794,1799,0,0,0.0
10795,1799,1,0,0.0
10796,1799,2,1,1.0
10797,1799,3,2,2.0
10798,1799,4,3,3.0
10799,1799,9,3,3.0
10800,1800,1,1,1.0
10801,1800,2,1,1.0
10802,1800,3,0,1.0
10803,1800,4,1,1.0
10804,1800,7,1,1.0
10805,1800,9,0,1.0
10806,1801,0,0,0.0
10807,1801,1,1,1.0
10808,1801,2,2,2.0
10809,1801,4,4,4.0
10810,1801,6,5,5.0
10811,1801,7,5,5.0
10812,1802,1,0,0.0
10813,1802,4,0,0.0
10814,1802,5,0,0.0
10815,1802,7,0,0.0
10816,1802,8,0,0.0
10817,1802,10,0,0.0
10818,1803,2,0,0.0
10819,1803,3,0,0.0
10820,1803,4,0,0.0
10821,1803,5,0,0.0
10822,1803,7,0,0.0
10823,1803,8,0,0.0
10824,1804,2,1,1.0
10825,1804,3,2,2.0
10826,1804,5,4,4.0
10827,1804,6,5,5.0
10828,1804,8,5,5.0
10829,1804,10,5,5.0
10830,1805,0,0,0.0
10831,1805,1,0,0.0
10832,1805,2,1,1.0
10833,1805,6,3,3.0
10834,1805,9,3,3.0
10835,1805,10,3,3.0
10836,1806,0,0,0.0
10837,1806,3,1,1.0
10838,1806,4,1,1.0
10839,1806,5,1,1.0
10840,1806,7,0,1.0
10841,1806,8,1,1.0
10842,1807,0,0,0.0
10843,1807,2,0,0.0
10844,1807,4,0,0.0
10845,1807,5,0,0.0
10846,1807,7,0,0.0
10847,1807,8,0,0.0
10848,1808,2,2,2.0
10849,1808,3,3,3.0
10850,1808,6,3,3.0
10851,1808,7,4,4.0
10852,1808,8,3,4.0
10853,1808,9,3,4.0
10854,1809,0,0,0.0
10855,1809,2,1,1.0
10856,1809,3,0,1.0
10857,1809,5,0,1.0
10858,1809,8,1,1.0
10859,1809,9,0,1.0
10860,1810,0,0,0.0
10861,1810,1,1,1.0
10862,1810,4,0,1.0
10863,1810,7,0,1.0
10864,1810,9,0,1.0
10865,1810,10,1,1.0
10866,1811,0,0,0.0
10867,1811,1,1,1.0
10868,1811,2,0,1.0
10869,1811,7,0,1.0
10870,1811,8,1,1.0
10871,1811,10,0,1.0
10872,1812,0,0,0.0
10873,1812,1,1,1.0
10874,1812,2,0,1.0
10875,1812,5,1,1.0
10876,1812,8,0,1.0
10877,1812,10,0,1.0
10878,1813,1,1,1.0
10879,1813,3,3,3.0
10880,1813,4,2,3.0
10881,1813,5,3,3.0
10882,1813,9,3,3.0
10883,1813,10,2,3.0
10884,1814,1,0,0.0
10885,1814,3,0,0.0
10886,1814,4,0,0.0
10887,1814,7,0,0.0
10888,1814,8,0,0.0
10889,1814,9,1,1.0
10890,1815,1,1,1.0
10891,1815,2,2,2.0
10892,1815,4,4,4.0
10893,1815,5,4,4.0
10894,1815,9,4,4.0
10895,1815,10,4,4.0
10896,1816,0,0,0.0
10897,1816,2,1,1.0
10898,1816,3,2,2.0
10899,1816,4,3,3.0
10900,1816,7,5,5.0
10901,1816,9,5,5.0
10902,1817,0,0,0.0
10903,1817,1,1,1.0
10904,1817,2,2,2.0
10905,1817,5,3,3.0
10906,1817,7,5,5.0
10907,1817,9,5,5.0
10908,1818,1,1,1.0
10909,1818,2,2,2.0
10910,1818,3,3,3.0
10911,1818,8,5,5.0
10912,1818,9,5,5.0
10913,1818,10,5,5.0
10914,1819,0,0,0.0
10915,1819,2,2,2.0
10916,1819,3,1,2.0
10917,1819,4,2,2.0
10918,1819,6,2,2.0
10919,1819,8,2,2.0
10920,1820,0,0,0.0
10921,1820,3,1,1.0
10922,1820,5,1,1.0
10923,1820,6,2,2.0
10924,1820,7,3,3.0
10925,1820,9,5,5.0
10926,1821,0,0,0.0
10927,1821,3,2,2.0
10928,1821,4,3,3.0
10929,1821,6,5,5.0
10930,1821,9,5,5.0
10931,1821,10,5,5.0
10932,1822,2,0,0.0
10933,1822,3,0,0.0
10934,1822,4,0,0.0
10935,1822,6,0,0.0
10936,1822,8,0,0.0
10937,1822,9,0,0.0
10938,1823,0,0,0.0
10939,1823,2,2,2.0
10940,1823,5,4,4.0
10941,1823,6,3,4.0
10942,1823,7,4,4.0
10943,1823,8,3,4.0
10944,1824,1,1,1.0
10945,1824,4,0,1.0
10946,1824,5,1,1.0
10947,1824,6,1,1.0
10948,1824,8,1,1.0
10949,1824,10,1,1.0
10950,1825,0,0,0.0
10951,1825,1,0,0.0
10952,1825,2,0,0.0
10953,1825,3,0,0.0
10954,1825,4,0,0.0
10955,1825,6,0,0.0
10956,1826,0,0,0.0
10957,1826,5,1,1.0
10958,1826,6,2,2.0
10959,1826,7,1,2.0
10960,1826,9,2,2.0
10961,1826,10,1,2.0
10962,1827,0,0,0.0
10963,1827,1,0,0.0
10964,1827,2,0,0.0
10965,1827,3,0,0.0
10966,1827,5,0,0.0
10967,1827,6,0,0.0
10968,1828,0,0,0.0
10969,1828,1,1,1.0
10970,1828,2,1,1.0
10971,1828,8,1,1.0
10972,1828,9,1,1.0
10973,1828,10,1,1.0
10974,1829,0,0,0.0
10975,1829,3,1,1.0
10976,1829,4,0,1.0
10977,1829,7,3,3.0
10978,1829,9,3,3.0
10979,1829,10,3,3.0
10980,1830,1,0,0.0
10981,1830,2,0,0.0
10982,1830,3,0,0.0
10983,1830,7,0,0.0
10984,1830,8,0,0.0
10985,1830,9,0,0.0
10986,1831,1,1,1.0
10987,1831,2,0,1.0
10988,1831,4,0,1.0
10989,1831,7,1,1.0
10990,1831,8,0,1.0
10991,1831,9,0,1.0
10992,1832,1,0,0.0
10993,1832,3,0,0.0
10994,1832,5,0,0.0
10995,1832,7,0,0.0
10996,1832,8,0,0.0
10997,1832,10,1,1.0
10998,1833,0,0,0.0
10999,1833,1,1,1.0
11000,1833,3,2,2.0
11001,1833,6,3,3.0
11002,1833,7,4,4.0
11003,1833,9,4,4.0
11004,1834,1,0,0.0
11005,1834,3,0,0.0
11006,1834,5,0,0.0
11007,1834,6,0,0.0
11008,1834,8,0,0.0
11009,1834,10,0,0.0
11010,1835,0,0,0.0
11011,1835,2,2,2.0
11012,1835,3,3,3.0
11013,1835,4,2,3.0
11014,1835,6,4,4.0
11015,1835,7,4,4.0
11016,1836,0,0,0.0
11017,1836,3,1,1.0
11018,1836,4,0,1.0
11019,1836,6,0,1.0
11020,1836,8,0,1.0
11021,1836,10,1,1.0
11022,1837,2,2,2.0
11023,1837,3,3,3.0
11024,1837,4,3,3.0
11025,1837,5,4,4.0
11026,1837,6,3,4.0
11027,1837,9,1,4.0
11028,1838,0,0,0.0
11029,1838,2,0,0.0
11030,1838,4,0,0.0
11031,1838,7,0,0.0
11032,1838,8,0,0.0
11033,1838,9,0,0.0
11034,1839,2,0,0.0
11035,1839,4,2,2.0
11036,1839,6,2,2.0
11037,1839,7,1,2.0
11038,1839,8,0,2.0
11039,1839,9,1,2.0
11040,1840,2,2,2.0
11041,1840,3,3,3.0
11042,1840,6,5,5.0
11043,1840,7,5,5.0
11044,1840,8,5,5.0
11045,1840,10,5,5.0
11046,1841,1,0,0.0
11047,1841,2,0,0.0
11048,1841,4,0,0.0
11049,1841,5,0,0.0
11050,1841,6,0,0.0
11051,1841,8,0,0.0
11052,1842,0,0,0.0
11053,1842,1,0,0.0
11054,1842,3,0,0.0
11055,1842,4,0,0.0
11056,1842,5,0,0.0
11057,1842,8,0,0.0
11058,1843,0,0,0.0
11059,1843,1,0,0.0
11060,1843,2,1,1.0
11061,1843,4,2,2.0
11062,1843,5,1,2.0
11063,1843,9,0,2.0
11064,1844,0,0,0.0
11065,1844,1,0,0.0
11066,1844,2,0,0.0
11067,1844,4,0,0.0
11068,1844,5,0,0.0
11069,1844,9,0,0.0
11070,1845,0,0,0.0
11071,1845,1,1,1.0
11072,1845,3,0,1.0
11073,1845,5,0,1.0
11074,1845,7,2,2.0
11075,1845,9,4,4.0
11076,1846,1,0,0.0
11077,1846,2,1,1.0
11078,1846,4,2,2.0
11079,1846,5,2,2.0
11080,1846,9,1,2.0
11081,1846,10,2,2.0
11082,1847,1,1,1.0
11083,1847,3,0,1.0
11084,1847,4,0,1.0
11085,1847,6,0,1.0
11086,1847,7,1,1.0
11087,1847,8,0,1.0
11088,1848,2,2,2.0
11089,1848,3,3,3.0
11090,1848,4,2,3.0
11091,1848,5,3,3.0
11092,1848,6,4,4.0
11093,1848,10,2,4.0
11094,1849,0,0,0.0
11095,1849,2,2,2.0
11096,1849,3,3,3.0
11097,1849,4,2,3.0
11098,1849,5,3,3.0
11099,1849,9,3,3.0
11100,1850,2,0,0.0
11101,1850,4,0,0.0
11102,1850,5,1,1.0
11103,1850,6,1,1.0
11104,1850,7,1,1.0
11105,1850,10,1,1.0
11106,1851,3,1,1.0
11107,1851,5,1,1.0
11108,1851,6,1,1.0
11109,1851,8,1,1.0
11110,1851,9,1,1.0
11111,1851,10,0,1.0
11112,1852,0,0,0.0
11113,1852,2,0,0.0
11114,1852,3,1,1.0
11115,1852,5,1,1.0
11116,1852,7,1,1.0
11117,1852,9,1,1.0
11118,1853,0,0,0.0
11119,1853,2,0,0.0
11120,1853,3,1,1.0
11121,1853,5,3,3.0
11122,1853,8,2,3.0
11123,1853,9,3,3.0
11124,1854,0,0,0.0
11125,1854,3,0,0.0
11126,1854,5,1,1.0
11127,1854,7,1,1.0
11128,1854,8,0,1.0
11129,1854,10,0,1.0
11130,1855,0,0,0.0
11131,1855,1,0,0.0
11132,1855,2,0,0.0
11133,1855,7,0,0.0
11134,1855,8,0,0.0
11135,1855,9,0,0.0
11136,1856,0,0,0.0
11137,1856,2,0,0.0
11138,1856,3,1,1.0
11139,1856,5,1,1.0
11140,1856,7,1,1.0
11141,1856,8,2,2.0
11142,1857,2,0,0.0
11143,1857,3,1,1.0
11144,1857,5,0,1.0
11145,1857,6,1,1.0
11146,1857,7,1,1.0
11147,1857,10,1,1.0
11148,1858,0,0,0.0
11149,1858,1,0,0.0
11150,1858,5,0,0.0
11151,1858,6,0,0.0
11152,1858,7,0,0.0
11153,1858,10,0,0.0
11154,1859,0,0,0.0
11155,1859,1,1,1.0
11156,1859,6,5,5.0
11157,1859,7,5,5.0
11158,1859,8,5,5.0
11159,1859,10,5,5.0
11160,1860,1,0,0.0
11161,1860,2,1,1.0
11162,1860,3,2,2.0
11163,1860,5,2,2.0
11164,1860,7,2,2.0
11165,1860,9,2,2.0
11166,1861,2,0,0.0
11167,1861,3,1,1.0
11168,1861,4,0,1.0
11169,1861,5,1,1.0
11170,1861,6,0,1.0
11171,1861,8,0,1.0
11172,1862,0,0,0.0
11173,1862,1,1,1.0
11174,1862,3,2,2.0
11175,1862,4,2,2.0
11176,1862,5,3,3.0
11177,1862,6,3,3.0
11178,1863,2,2,2.0
11179,1863,4,3,3.0
11180,1863,6,3,3.0
11181,1863,7,4,4.0
11182,1863,8,3,4.0
11183,1863,9,2,4.0
11184,1864,0,0,0.0
11185,1864,3,1,1.0
11186,1864,4,2,2.0
11187,1864,6,2,2.0
11188,1864,7,2,2.0
11189,1864,8,1,2.0
11190,1865,0,0,0.0
11191,1865,2,2,2.0
11192,1865,4,2,2.0
11193,1865,6,2,2.0
11194,1865,7,3,3.0
11195,1865,8,3,3.0
11196,1866,0,0,0.0
11197,1866,1,1,1.0
11198,1866,3,3,3.0
11199,1866,4,2,3.0
11200,1866,9,1,3.0
11201,1866,10,2,3.0
11202,1867,0,0,0.0
11203,1867,1,0,0.0
11204,1867,5,0,0.0
11205,1867,7,0,0.0
11206,1867,9,0,0.0
11207,1867,10,0,0.0
11208,1868,2,0,0.0
11209,1868,3,1,1.0
11210,1868,4,2,2.0
11211,1868,5,1,2.0
11212,1868,6,0,2.0
11213,1868,8,0,2.0
11214,1869,2,0,0.0
11215,1869,3,0,0.0
11216,1869,5,2,2.0
11217,1869,6,1,2.0
11218,1869,8,2,2.0
11219,1869,9,2,2.0
11220,1870,0,0,0.0
11221,1870,2,0,0.0
11222,1870,3,0,0.0
11223,1870,6,0,0.0
11224,1870,7,1,1.0
11225,1870,10,1,1.0
11226,1871,1,0,0.0
11227,1871,2,0,0.0
11228,1871,3,0,0.0
11229,1871,4,0,0.0
11230,1871,6,0,0.0
11231,1871,7,0,0.0
11232,1872,0,0,0.0
11233,1872,2,2,2.0
11234,1872,5,1,2.0
11235,1872,7,1,2.0
11236,1872,8,1,2.0
11237,1872,10,1,2.0
11238,1873,0,0,0.0
11239,1873,3,0,0.0
11240,1873,6,0,0.0
11241,1873,7,0,0.0
11242,1873,8,0,0.0
11243,1873,10,0,0.0
11244,1874,0,0,0.0
11245,1874,2,0,0.0
11246,1874,3,1,1.0
11247,1874,4,2,2.0
11248,1874,7,5,5.0
11249,1874,9,5,5.0
11250,1875,0,0,0.0
11251,1875,1,0,0.0
11252,1875,2,0,0.0
11253,1875,5,1,1.0
11254,1875,7,1,1.0
11255,1875,9,0,1.0
11256,1876,1,0,0.0
11257,1876,4,0,0.0
11258,1876,5,0,0.0
11259,1876,7,0,0.0
11260,1876,8,0,0.0
11261,1876,10,0,0.0
11262,1877,0,0,0.0
11263,1877,1,1,1.0
11264,1877,7,3,3.0
11265,1877,8,4,4.0
11266,1877,9,4,4.0
11267,1877,10,5,5.0
11268,1878,0,0,0.0
11269,1878,1,0,0.0
11270,1878,2,0,0.0
11271,1878,6,0,0.0
11272,1878,8,0,0.0
11273,1878,9,0,0.0
11274,1879,1,1,1.0
11275,1879,3,2,2.0
11276,1879,4,1,2.0
11277,1879,5,2,2.0
11278,1879,7,1,2.0
11279,1879,10,2,2.0
11280,1880,1,1,1.0
11281,1880,2,1,1.0
11282,1880,3,1,1.0
11283,1880,4,0,1.0
11284,1880,9,1,1.0
11285,1880,10,1,1.0
11286,1881,2,2,2.0
11287,1881,3,3,3.0
11288,1881,4,4,4.0
11289,1881,5,5,5.0
11290,1881,6,5,5.0
11291,1881,7,5,5.0
11292,1882,1,1,1.0
11293,1882,3,3,3.0
11294,1882,5,1,3.0
11295,1882,7,1,3.0
11296,1882,9,1,3.0
11297,1882,10,0,3.0
11298,1883,3,0,0.0
11299,1883,5,0,0.0
11300,1883,6,0,0.0
11301,1883,7,0,0.0
11302,1883,8,0,0.0
11303,1883,9,0,0.0
11304,1884,0,0,0.0
11305,1884,1,0,0.0
11306,1884,3,0,0.0
11307,1884,4,0,0.0
11308,1884,5,0,0.0
11309,1884,7,0,0.0
11310,1885,1,1,1.0
11311,1885,2,1,1.0
11312,1885,3,1,1.0
11313,1885,5,1,1.0
11314,1885,7,1,1.0
11315,1885,10,1,1.0
11316,1886,0,0,0.0
11317,1886,1,1,1.0
11318,1886,2,0,1.0
11319,1886,3,1,1.0
11320,1886,8,4,4.0
11321,1886,10,5,5.0
11322,1887,0,0,0.0
11323,1887,1,1,1.0
11324,1887,4,1,1.0
11325,1887,5,0,1.0
11326,1887,6,1,1.0
11327,1887,9,2,2.0
11328,1888,3,3,3.0
11329,1888,4,2,3.0
11330,1888,5,2,3.0
11331,1888,7,2,3.0
11332,1888,8,2,3.0
11333,1888,10,0,3.0
11334,1889,1,1,1.0
11335,1889,5,2,2.0
11336,1889,6,3,3.0
11337,1889,7,3,3.0
11338,1889,9,4,4.0
11339,1889,10,5,5.0
11340,1890,4,0,0.0
11341,1890,5,0,0.0
11342,1890,6,0,0.0
11343,1890,7,0,0.0
11344,1890,8,0,0.0
11345,1890,10,0,0.0
11346,1891,2,0,0.0
11347,1891,6,2,2.0
11348,1891,7,2,2.0
11349,1891,8,1,2.0
11350,1891,9,1,2.0
11351,1891,10,0,2.0
11352,1892,0,0,0.0
11353,1892,3,3,3.0
11354,1892,5,3,3.0
11355,1892,6,4,4.0
11356,1892,7,3,4.0
11357,1892,9,3,4.0
11358,1893,1,0,0.0
11359,1893,5,0,0.0
11360,1893,6,0,0.0
11361,1893,7,0,0.0
11362,1893,8,0,0.0
11363,1893,9,0,0.0
11364,1894,0,0,0.0
11365,1894,2,1,1.0
11366,1894,3,0,1.0
11367,1894,6,0,1.0
11368,1894,7,0,1.0
11369,1894,8,0,1.0
11370,1895,0,0,0.0
11371,1895,2,0,0.0
11372,1895,4,0,0.0
11373,1895,6,2,2.0
11374,1895,9,1,2.0
11375,1895,10,2,2.0
11376,1896,3,1,1.0
11377,1896,5,1,1.0
11378,1896,6,2,2.0
11379,1896,7,1,2.0
11380,1896,8,0,2.0
11381,1896,10,2,2.0
11382,1897,2,2,2.0
11383,1897,3,1,2.0
11384,1897,5,1,2.0
11385,1897,6,0,2.0
11386,1897,8,2,2.0
11387,1897,9,3,3.0
11388,1898,1,1,1.0
11389,1898,2,2,2.0
11390,1898,5,0,2.0
11391,1898,6,0,2.0
11392,1898,9,2,2.0
11393,1898,10,3,3.0
11394,1899,0,0,0.0
11395,1899,1,1,1.0
11396,1899,2,1,1.0
11397,1899,4,1,1.0
11398,1899,7,1,1.0
11399,1899,8,1,1.0
11400,1900,1,0,0.0
11401,1900,2,0,0.0
11402,1900,5,0,0.0
11403,1900,6,0,0.0
11404,1900,9,0,0.0
11405,1900,10,0,0.0
11406,1901,0,0,0.0
11407,1901,3,0,0.0
11408,1901,4,0,0.0
11409,1901,8,0,0.0
11410,1901,9,0,0.0
11411,1901,10,0,0.0
11412,1902,1,1,1.0
11413,1902,2,1,1.0
11414,1902,6,1,1.0
11415,1902,7,0,1.0
11416,1902,9,1,1.0
11417,1902,10,1,1.0
11418,1903,1,1,1.0
11419,1903,2,2,2.0
11420,1903,3,2,2.0
11421,1903,6,3,3.0
11422,1903,9,3,3.0
11423,1903,10,3,3.0
11424,1904,2,1,1.0
11425,1904,3,0,1.0
11426,1904,6,1,1.0
11427,1904,7,1,1.0
11428,1904,8,1,1.0
11429,1904,10,1,1.0
11430,1905,0,0,0.0
11431,1905,2,2,2.0
11432,1905,3,1,2.0
11433,1905,4,2,2.0
11434,1905,8,0,2.0
11435,1905,9,1,2.0
11436,1906,0,0,0.0
11437,1906,1,0,0.0
11438,1906,3,0,0.0
11439,1906,6,0,0.0
11440,1906,7,0,0.0
11441,1906,10,0,0.0
11442,1907,1,0,0.0
11443,1907,3,0,0.0
11444,1907,5,0,0.0
11445,1907,7,0,0.0
11446,1907,8,0,0.0
11447,1907,10,0,0.0
11448,1908,2,0,0.0
11449,1908,3,1,1.0
11450,1908,5,0,1.0
11451,1908,6,0,1.0
11452,1908,7,0,1.0
11453,1908,9,0,1.0
11454,1909,1,1,1.0
11455,1909,3,1,1.0
11456,1909,6,0,1.0
11457,1909,7,1,1.0
11458,1909,9,1,1.0
11459,1909,10,0,1.0
11460,1910,0,0,0.0
11461,1910,1,1,1.0
11462,1910,4,2,2.0
11463,1910,5,3,3.0
11464,1910,6,3,3.0
11465,1910,7,3,3.0
11466,1911,0,0,0.0
11467,1911,3,1,1.0
11468,1911,4,0,1.0
11469,1911,7,1,1.0
11470,1911,8,1,1.0
11471,1911,10,0,1.0
11472,1912,0,0,0.0
11473,1912,3,0,0.0
11474,1912,5,0,0.0
11475,1912,6,0,0.0
11476,1912,9,0,0.0
11477,1912,10,1,1.0
11478,1913,0,0,0.0
11479,1913,1,0,0.0
11480,1913,3,0,0.0
11481,1913,5,0,0.0
11482,1913,6,0,0.0
11483,1913,9,0,0.0
11484,1914,0,0,0.0
11485,1914,1,1,1.0
11486,1914,2,2,2.0
11487,1914,5,0,2.0
11488,1914,7,2,2.0
11489,1914,10,3,3.0
11490,1915,2,0,0.0
11491,1915,3,0,0.0
11492,1915,4,0,0.0
11493,1915,7,0,0.0
11494,1915,9,0,0.0
11495,1915,10,0,0.0
11496,1916,0,0,0.0
11497,1916,3,0,0.0
11498,1916,4,0,0.0
11499,1916,5,0,0.0
11500,1916,6,0,0.0
11501,1916,9,0,0.0
11502,1917,0,0,0.0
11503,1917,1,1,1.0
11504,1917,2,0,1.0
11505,1917,8,3,3.0
11506,1917,9,4,4.0
11507,1917,10,5,5.0
11508,1918,2,2,2.0
11509,1918,4,2,2.0
11510,1918,7,1,2.0
11511,1918,8,0,2.0
11512,1918,9,1,2.0
11513,1918,10,2,2.0
11514,1919,0,0,0.0
11515,1919,1,1,1.0
11516,1919,2,0,1.0
11517,1919,5,1,1.0
11518,1919,7,1,1.0
11519,1919,8,2,2.0
11520,1920,1,1,1.0
11521,1920,2,0,1.0
11522,1920,4,0,1.0
11523,1920,5,1,1.0
11524,1920,7,1,1.0
11525,1920,10,0,1.0
11526,1921,0,0,0.0
11527,1921,4,0,0.0
11528,1921,6,0,0.0
11529,1921,7,0,0.0
11530,1921,8,0,0.0
11531,1921,9,0,0.0
11532,1922,2,0,0.0
11533,1922,4,0,0.0
11534,1922,5,1,1.0
11535,1922,6,0,1.0
11536,1922,7,1,1.0
11537,1922,8,0,1.0
11538,1923,0,0,0.0
11539,1923,1,1,1.0
11540,1923,2,2,2.0
11541,1923,4,2,2.0
11542,1923,5,1,2.0
11543,1923,7,3,3.0
11544,1924,0,0,0.0
11545,1924,4,0,0.0
11546,1924,6,0,0.0
11547,1924,7,1,1.0
11548,1924,8,0,1.0
11549,1924,10,0,1.0
11550,1925,0,0,0.0
11551,1925,2,0,0.0
11552,1925,3,0,0.0
11553,1925,7,0,0.0
11554,1925,9,0,0.0
11555,1925,10,0,0.0
11556,1926,2,0,0.0
11557,1926,3,0,0.0
11558,1926,5,0,0.0
11559,1926,6,0,0.0
11560,1926,7,0,0.0
11561,1926,9,0,0.0
11562,1927,0,0,0.0
11563,1927,1,1,1.0
11564,1927,2,2,2.0
11565,1927,3,3,3.0
11566,1927,6,4,4.0
11567,1927,7,3,4.0
11568,1928,1,1,1.0
11569,1928,2,1,1.0
11570,1928,4,3,3.0
11571,1928,5,4,4.0
11572,1928,6,5,5.0
11573,1928,7,5,5.0
11574,1929,0,0,0.0
11575,1929,3,1,1.0
11576,1929,4,2,2.0
11577,1929,5,2,2.0
11578,1929,7,1,2.0
11579,1929,8,0,2.0
11580,1930,0,0,0.0
11581,1930,5,1,1.0
11582,1930,6,1,1.0
11583,1930,8,1,1.0
11584,1930,9,1,1.0
11585,1930,10,1,1.0
11586,1931,1,0,0.0
11587,1931,2,0,0.0
11588,1931,3,0,0.0
11589,1931,4,0,0.0
11590,1931,5,0,0.0
11591,1931,6,0,0.0
11592,1932,0,0,0.0
11593,1932,1,1,1.0
11594,1932,2,2,2.0
11595,1932,4,4,4.0
11596,1932,7,5,5.0
11597,1932,10,5,5.0
11598,1933,0,0,0.0
11599,1933,4,0,0.0
11600,1933,5,0,0.0
11601,1933,6,0,0.0
11602,1933,8,0,0.0
11603,1933,9,0,0.0
11604,1934,0,0,0.0
11605,1934,1,1,1.0
11606,1934,2,1,1.0
11607,1934,4,0,1.0
11608,1934,6,1,1.0
11609,1934,7,1,1.0
11610,1935,1,1,1.0
11611,1935,3,1,1.0
11612,1935,4,1,1.0
11613,1935,6,0,1.0
11614,1935,7,1,1.0
11615,1935,9,3,3.0
11616,1936,2,2,2.0
11617,1936,4,1,2.0
11618,1936,5,0,2.0
11619,1936,6,1,2.0
11620,1936,7,2,2.0
11621,1936,9,2,2.0
11622,1937,0,0,0.0
11623,1937,3,1,1.0
11624,1937,4,2,2.0
11625,1937,5,1,2.0
11626,1937,6,0,2.0
11627,1937,8,0,2.0
11628,1938,0,0,0.0
11629,1938,1,0,0.0
11630,1938,4,1,1.0
11631,1938,7,1,1.0
11632,1938,8,2,2.0
11633,1938,9,1,2.0
11634,1939,1,1,1.0
11635,1939,3,1,1.0
11636,1939,5,1,1.0
11637,1939,7,3,3.0
11638,1939,9,3,3.0
11639,1939,10,4,4.0
11640,1940,0,0,0.0
11641,1940,1,0,0.0
11642,1940,4,2,2.0
11643,1940,7,3,3.0
11644,1940,9,3,3.0
11645,1940,10,4,4.0
11646,1941,0,0,0.0
11647,1941,1,1,1.0
11648,1941,2,1,1.0
11649,1941,3,1,1.0
11650,1941,6,0,1.0
11651,1941,10,1,1.0
11652,1942,1,1,1.0
11653,1942,2,2,2.0
11654,1942,3,3,3.0
11655,1942,5,3,3.0
11656,1942,8,4,4.0
11657,1942,10,4,4.0
11658,1943,1,0,0.0
11659,1943,3,1,1.0
11660,1943,4,2,2.0
11661,1943,6,4,4.0
11662,1943,7,5,5.0
11663,1943,10,5,5.0
11664,1944,0,0,0.0
11665,1944,4,0,0.0
11666,1944,5,1,1.0
11667,1944,7,1,1.0
11668,1944,9,1,1.0
11669,1944,10,0,1.0
11670,1945,1,0,0.0
11671,1945,2,0,0.0
11672,1945,5,0,0.0
11673,1945,8,0,0.0
11674,1945,9,0,0.0
11675,1945,10,0,0.0
11676,1946,1,0,0.0
11677,1946,4,0,0.0
11678,1946,5,0,0.0
11679,1946,6,0,0.0
11680,1946,7,0,0.0
11681,1946,10,0,0.0
11682,1947,0,0,0.0
11683,1947,4,0,0.0
11684,1947,5,1,1.0
11685,1947,7,1,1.0
11686,1947,9,3,3.0
11687,1947,10,4,4.0
11688,1948,0,0,0.0
11689,1948,2,2,2.0
11690,1948,5,0,2.0
11691,1948,6,1,2.0
11692,1948,7,2,2.0
11693,1948,10,2,2.0
11694,1949,0,0,0.0
11695,1949,2,2,2.0
11696,1949,3,3,3.0
11697,1949,5,3,3.0
11698,1949,6,4,4.0
11699,1949,7,3,4.0
11700,1950,2,0,0.0
11701,1950,3,0,0.0
11702,1950,5,0,0.0
11703,1950,8,0,0.0
11704,1950,9,0,0.0
11705,1950,10,0,0.0
11706,1951,0,0,0.0
11707,1951,1,1,1.0
11708,1951,4,2,2.0
11709,1951,6,2,2.0
11710,1951,7,1,2.0
11711,1951,10,1,2.0
11712,1952,1,0,0.0
11713,1952,3,0,0.0
11714,1952,4,0,0.0
11715,1952,5,0,0.0
11716,1952,7,0,0.0
11717,1952,9,0,0.0
11718,1953,0,0,0.0
11719,1953,1,0,0.0
11720,1953,3,0,0.0
11721,1953,6,0,0.0
11722,1953,8,0,0.0
11723,1953,9,0,0.0
11724,1954,1,1,1.0
11725,1954,2,2,2.0
11726,1954,4,2,2.0
11727,1954,6,2,2.0
11728,1954,8,2,2.0
11729,1954,10,2,2.0
11730,1955,1,0,0.0
11731,1955,2,0,0.0
11732,1955,3,0,0.0
11733,1955,4,0,0.0
11734,1955,7,0,0.0
11735,1955,8,0,0.0
11736,1956,1,0,0.0
11737,1956,2,0,0.0
11738,1956,3,1,1.0
11739,1956,4,0,1.0
11740,1956,6,0,1.0
11741,1956,9,0,1.0
11742,1957,1,0,0.0
11743,1957,3,0,0.0
11744,1957,4,0,0.0
11745,1957,6,0,0.0
11746,1957,8,0,0.0
11747,1957,10,0,0.0
11748,1958,0,0,0.0
11749,1958,1,0,0.0
11750,1958,4,0,0.0
11751,1958,5,0,0.0
11752,1958,7,0,0.0
11753,1958,9,0,0.0
11754,1959,1,0,0.0
11755,1959,2,0,0.0
11756,1959,3,1,1.0
11757,1959,7,0,1.0
11758,1959,9,1,1.0
11759,1959,10,0,1.0
11760,1960,1,1,1.0
11761,1960,2,0,1.0
11762,1960,4,0,1.0
11763,1960,6,0,1.0
11764,1960,7,0,1.0
11765,1960,8,1,1.0
11766,1961,0,0,0.0
11767,1961,2,2,2.0
11768,1961,3,3,3.0
11769,1961,5,3,3.0
11770,1961,7,3,3.0
11771,1961,9,3,3.0
11772,1962,3,3,3.0
11773,1962,5,1,3.0
11774,1962,7,1,3.0
11775,1962,8,2,3.0
11776,1962,9,1,3.0
11777,1962,10,2,3.0
11778,1963,0,0,0.0
11779,1963,3,1,1.0
11780,1963,4,0,1.0
11781,1963,5,1,1.0
11782,1963,6,0,1.0
11783,1963,10,0,1.0
11784,1964,0,0,0.0
11785,1964,1,1,1.0
11786,1964,2,2,2.0
11787,1964,3,1,2.0
11788,1964,6,0,2.0
11789,1964,10,2,2.0
11790,1965,1,1,1.0
11791,1965,3,3,3.0
11792,1965,4,2,3.0
11793,1965,5,3,3.0
11794,1965,6,2,3.0
11795,1965,10,2,3.0
11796,1966,1,1,1.0
11797,1966,2,2,2.0
11798,1966,4,2,2.0
11799,1966,5,1,2.0
11800,1966,7,3,3.0
11801,1966,10,2,3.0
11802,1967,0,0,0.0
11803,1967,1,1,1.0
11804,1967,4,0,1.0
11805,1967,6,2,2.0
11806,1967,8,2,2.0
11807,1967,10,2,2.0
11808,1968,0,0,0.0
11809,1968,1,1,1.0
11810,1968,6,4,4.0
11811,1968,7,3,4.0
11812,1968,9,3,4.0
11813,1968,10,2,4.0
11814,1969,0,0,0.0
11815,1969,1,1,1.0
11816,1969,2,2,2.0
11817,1969,4,2,2.0
11818,1969,6,2,2.0
11819,1969,10,2,2.0
11820,1970,1,0,0.0
11821,1970,3,0,0.0
11822,1970,4,0,0.0
11823,1970,5,0,0.0
11824,1970,8,0,0.0
11825,1970,10,0,0.0
11826,1971,0,0,0.0
11827,1971,3,0,0.0
11828,1971,5,1,1.0
11829,1971,7,1,1.0
11830,1971,9,0,1.0
11831,1971,10,0,1.0
11832,1972,1,0,0.0
11833,1972,5,0,0.0
11834,1972,6,0,0.0
11835,1972,8,0,0.0
11836,1972,9,0,0.0
11837,1972,10,0,0.0
11838,1973,3,0,0.0
11839,1973,5,0,0.0
11840,1973,6,0,0.0
11841,1973,7,0,0.0
11842,1973,9,0,0.0
11843,1973,10,0,0.0
11844,1974,0,0,0.0
11845,1974,2,0,0.0
11846,1974,6,0,0.0
11847,1974,7,0,0.0
11848,1974,9,0,0.0
11849,1974,10,0,0.0
11850,1975,1,1,1.0
11851,1975,3,3,3.0
11852,1975,4,4,4.0
11853,1975,5,5,5.0
11854,1975,7,5,5.0
11855,1975,8,5,5.0
11856,1976,0,0,0.0
11857,1976,1,1,1.0
11858,1976,4,0,1.0
11859,1976,5,1,1.0
11860,1976,9,1,1.0
11861,1976,10,0,1.0
11862,1977,1,0,0.0
11863,1977,2,0,0.0
11864,1977,4,2,2.0
11865,1977,6,3,3.0
11866,1977,7,2,3.0
11867,1977,9,3,3.0
11868,1978,0,0,0.0
11869,1978,1,1,1.0
11870,1978,2,2,2.0
11871,1978,4,2,2.0
11872,1978,6,0,2.0
11873,1978,7,1,2.0
11874,1979,0,0,0.0
11875,1979,2,2,2.0
11876,1979,4,2,2.0
11877,1979,5,3,3.0
11878,1979,8,4,4.0
11879,1979,10,4,4.0
11880,1980,1,1,1.0
11881,1980,3,3,3.0
11882,1980,4,4,4.0
11883,1980,6,4,4.0
11884,1980,8,4,4.0
11885,1980,9,5,5.0
11886,1981,0,0,0.0
11887,1981,3,3,3.0
11888,1981,4,2,3.0
11889,1981,5,1,3.0
11890,1981,9,2,3.0
11891,1981,10,3,3.0
11892,1982,0,0,0.0
11893,1982,3,1,1.0
11894,1982,4,1,1.0
11895,1982,6,1,1.0
11896,1982,8,0,1.0
11897,1982,9,0,1.0
11898,1983,0,0,0.0
11899,1983,1,1,1.0
11900,1983,2,0,1.0
11901,1983,3,1,1.0
11902,1983,7,1,1.0
11903,1983,10,0,1.0
11904,1984,0,0,0.0
11905,1984,4,2,2.0
11906,1984,5,3,3.0
11907,1984,7,5,5.0
11908,1984,9,5,5.0
11909,1984,10,5,5.0
11910,1985,0,0,0.0
11911,1985,4,0,0.0
11912,1985,5,0,0.0
11913,1985,6,0,0.0
11914,1985,8,0,0.0
11915,1985,10,2,2.0
11916,1986,0,0,0.0
11917,1986,1,1,1.0
11918,1986,6,2,2.0
11919,1986,7,1,2.0
11920,1986,8,2,2.0
11921,1986,9,3,3.0
11922,1987,0,0,0.0
11923,1987,1,0,0.0
11924,1987,7,0,0.0
11925,1987,8,0,0.0
11926,1987,9,0,0.0
11927,1987,10,0,0.0
11928,1988,0,0,0.0
11929,1988,2,2,2.0
11930,1988,3,3,3.0
11931,1988,7,3,3.0
11932,1988,9,3,3.0
11933,1988,10,2,3.0
11934,1989,0,0,0.0
11935,1989,1,1,1.0
11936,1989,5,3,3.0
11937,1989,6,3,3.0
11938,1989,7,3,3.0
11939,1989,8,4,4.0
11940,1990,2,0,0.0
11941,1990,3,0,0.0
11942,1990,4,0,0.0
11943,1990,6,0,0.0
11944,1990,7,0,0.0
11945,1990,10,0,0.0
11946,1991,0,0,0.0
11947,1991,1,1,1.0
11948,1991,2,2,2.0
11949,1991,4,1,2.0
11950,1991,8,1,2.0
11951,1991,9,2,2.0
11952,1992,0,0,0.0
11953,1992,1,1,1.0
11954,1992,3,3,3.0
11955,1992,4,2,3.0
11956,1992,5,2,3.0
11957,1992,9,5,5.0
11958,1993,1,0,0.0
11959,1993,2,1,1.0
11960,1993,3,0,1.0
11961,1993,4,0,1.0
11962,1993,5,1,1.0
11963,1993,6,0,1.0
11964,1994,1,0,0.0
11965,1994,3,0,0.0
11966,1994,4,0,0.0
11967,1994,5,1,1.0
11968,1994,8,1,1.0
11969,1994,10,2,2.0
11970,1995,0,0,0.0
11971,1995,3,1,1.0
11972,1995,4,2,2.0
11973,1995,6,2,2.0
11974,1995,9,2,2.0
11975,1995,10,3,3.0
11976,1996,0,0,0.0
11977,1996,1,0,0.0
11978,1996,4,0,0.0
11979,1996,5,0,0.0
11980,1996,6,0,0.0
11981,1996,9,0,0.0
11982,1997,0,0,0.0
11983,1997,3,0,0.0
11984,1997,4,0,0.0
11985,1997,5,1,1.0
11986,1997,7,1,1.0
11987,1997,8,1,1.0
11988,1998,2,0,0.0
11989,1998,4,0,0.0
11990,1998,5,0,0.0
11991,1998,8,0,0.0
11992,1998,9,0,0.0
11993,1998,10,0,0.0
11994,1999,0,0,0.0
11995,1999,1,1,1.0
11996,1999,2,0,1.0
11997,1999,4,0,1.0
11998,1999,6,0,1.0
11999,1999,8,0,1.0
12000,2000,2,2,2.0
12001,2000,4,0,2.0
12002,2000,5,1,2.0
12003,2000,7,1,2.0
12004,2000,9,1,2.0
12005,2000,10,2,2.0
12006,2001,0,0,0.0
12007,2001,3,0,0.0
12008,2001,4,0,0.0
12009,2001,6,0,0.0
12010,2001,9,0,0.0
12011,2001,10,0,0.0
12012,2002,0,0,0.0
12013,2002,2,0,0.0
12014,2002,3,1,1.0
12015,2002,5,1,1.0
12016,2002,7,1,1.0
12017,2002,10,0,1.0
12018,2003,0,0,0.0
12019,2003,1,1,1.0
12020,2003,2,2,2.0
12021,2003,3,1,2.0
12022,2003,6,0,2.0
12023,2003,9,1,2.0
12024,2004,0,0,0.0
12025,2004,3,0,0.0
12026,2004,4,0,0.0
12027,2004,5,1,1.0
12028,2004,8,1,1.0
12029,2004,9,1,1.0
12030,2005,1,1,1.0
12031,2005,2,0,1.0
12032,2005,3,1,1.0
12033,2005,4,0,1.0
12034,2005,5,1,1.0
12035,2005,9,1,1.0
12036,2006,1,1,1.0
12037,2006,3,1,1.0
12038,2006,5,0,1.0
12039,2006,7,1,1.0
12040,2006,9,1,1.0
12041,2006,10,2,2.0
12042,2007,0,0,0.0
12043,2007,1,0,0.0
12044,2007,3,0,0.0
12045,2007,4,0,0.0
12046,2007,5,0,0.0
12047,2007,7,0,0.0
12048,2008,2,0,0.0
12049,2008,4,2,2.0
12050,2008,5,1,2.0
12051,2008,7,1,2.0
12052,2008,8,2,2.0
12053,2008,9,1,2.0
12054,2009,2,0,0.0
12055,2009,3,0,0.0
12056,2009,6,0,0.0
12057,2009,8,0,0.0
12058,2009,9,0,0.0
12059,2009,10,0,0.0
12060,2010,0,0,0.0
12061,2010,1,1,1.0
12062,2010,3,1,1.0
12063,2010,4,1,1.0
12064,2010,9,5,5.0
12065,2010,10,5,5.0
12066,2011,0,0,0.0
12067,2011,2,0,0.0
12068,2011,4,0,0.0
12069,2011,6,0,0.0
12070,2011,7,0,0.0
12071,2011,9,0,0.0
12072,2012,1,1,1.0
12073,2012,2,0,1.0
12074,2012,3,1,1.0
12075,2012,5,1,1.0
12076,2012,6,1,1.0
12077,2012,10,0,1.0
12078,2013,0,0,0.0
12079,2013,1,0,0.0
12080,2013,3,0,0.0
12081,2013,7,0,0.0
12082,2013,8,0,0.0
12083,2013,9,0,0.0
12084,2014,1,1,1.0
12085,2014,2,1,1.0
12086,2014,4,1,1.0
12087,2014,6,1,1.0
12088,2014,7,0,1.0
12089,2014,9,0,1.0
12090,2015,0,0,0.0
12091,2015,1,0,0.0
12092,2015,4,0,0.0
12093,2015,6,0,0.0
12094,2015,7,0,0.0
12095,2015,8,0,0.0
12096,2016,1,1,1.0
12097,2016,2,2,2.0
12098,2016,3,1,2.0
12099,2016,6,2,2.0
12100,2016,7,1,2.0
12101,2016,9,1,2.0
12102,2017,3,1,1.0
12103,2017,4,2,2.0
12104,2017,7,1,2.0
12105,2017,8,0,2.0
12106,2017,9,1,2.0
12107,2017,10,0,2.0
12108,2018,0,0,0.0
12109,2018,1,0,0.0
12110,2018,3,0,0.0
12111,2018,5,0,0.0
12112,2018,7,0,0.0
12113,2018,8,0,0.0
12114,2019,0,0,0.0
12115,2019,3,2,2.0
12116,2019,4,3,3.0
12117,2019,6,3,3.0
12118,2019,7,2,3.0
12119,2019,8,3,3.0
12120,2020,0,0,0.0
12121,2020,2,1,1.0
12122,2020,3,1,1.0
12123,2020,4,0,1.0
12124,2020,6,1,1.0
12125,2020,8,1,1.0
12126,2021,0,0,0.0
12127,2021,1,0,0.0
12128,2021,5,0,0.0
12129,2021,6,1,1.0
12130,2021,7,0,1.0
12131,2021,10,0,1.0
12132,2022,2,0,0.0
12133,2022,4,0,0.0
12134,2022,6,0,0.0
12135,2022,7,0,0.0
12136,2022,9,0,0.0
12137,2022,10,0,0.0
12138,2023,1,1,1.0
12139,2023,2,0,1.0
12140,2023,5,1,1.0
12141,2023,6,0,1.0
12142,2023,7,1,1.0
12143,2023,9,1,1.0
12144,2024,1,1,1.0
12145,2024,2,2,2.0
12146,2024,4,1,2.0
12147,2024,5,1,2.0
12148,2024,7,2,2.0
12149,2024,10,2,2.0
12150,2025,0,0,0.0
12151,2025,1,1,1.0
12152,2025,4,1,1.0
12153,2025,6,1,1.0
12154,2025,8,2,2.0
12155,2025,10,2,2.0
12156,2026,1,0,0.0
12157,2026,3,1,1.0
12158,2026,6,1,1.0
12159,2026,8,1,1.0
12160,2026,9,1,1.0
12161,2026,10,1,1.0
12162,2027,0,0,0.0
12163,2027,1,0,0.0
12164,2027,3,1,1.0
12165,2027,5,1,1.0
12166,2027,7,1,1.0
12167,2027,8,1,1.0
12168,2028,0,0,0.0
12169,2028,1,1,1.0
12170,2028,3,3,3.0
12171,2028,4,4,4.0
12172,2028,6,5,5.0
12173,2028,10,5,5.0
12174,2029,1,1,1.0
12175,2029,2,1,1.0
12176,2029,3,1,1.0
12177,2029,5,1,1.0
12178,2029,8,1,1.0
12179,2029,9,0,1.0
12180,2030,1,1,1.0
12181,2030,4,1,1.0
12182,2030,5,1,1.0
12183,2030,6,1,1.0
12184,2030,7,2,2.0
12185,2030,10,3,3.0
12186,2031,0,0,0.0
12187,2031,1,1,1.0
12188,2031,2,2,2.0
12189,2031,5,5,5.0
12190,2031,6,5,5.0
12191,2031,8,5,5.0
12192,2032,0,0,0.0
12193,2032,3,3,3.0
12194,2032,4,4,4.0
12195,2032,5,3,4.0
12196,2032,6,4,4.0
12197,2032,7,3,4.0
12198,2033,1,1,1.0
12199,2033,3,1,1.0
12200,2033,4,0,1.0
12201,2033,5,1,1.0
12202,2033,7,1,1.0
12203,2033,9,1,1.0
12204,2034,0,0,0.0
12205,2034,2,0,0.0
12206,2034,3,1,1.0
12207,2034,5,1,1.0
12208,2034,7,1,1.0
12209,2034,9,0,1.0
12210,2035,0,0,0.0
12211,2035,1,1,1.0
12212,2035,2,2,2.0
12213,2035,5,1,2.0
12214,2035,6,2,2.0
12215,2035,9,1,2.0
12216,2036,0,0,0.0
12217,2036,1,0,0.0
12218,2036,4,2,2.0
12219,2036,7,0,2.0
12220,2036,9,2,2.0
12221,2036,10,3,3.0
12222,2037,0,0,0.0
12223,2037,1,0,0.0
12224,2037,3,0,0.0
12225,2037,4,0,0.0
12226,2037,6,0,0.0
12227,2037,10,0,0.0
12228,2038,0,0,0.0
12229,2038,1,0,0.0
12230,2038,2,1,1.0
12231,2038,4,1,1.0
12232,2038,6,1,1.0
12233,2038,8,3,3.0
12234,2039,0,0,0.0
12235,2039,2,2,2.0
12236,2039,3,1,2.0
12237,2039,5,1,2.0
12238,2039,6,2,2.0
12239,2039,7,1,2.0
12240,2040,0,0,0.0
12241,2040,2,1,1.0
12242,2040,3,2,2.0
12243,2040,4,3,3.0
12244,2040,7,3,3.0
12245,2040,8,4,4.0
12246,2041,1,0,0.0
12247,2041,3,0,0.0
12248,2041,4,0,0.0
12249,2041,6,1,1.0
12250,2041,8,0,1.0
12251,2041,10,1,1.0
12252,2042,1,1,1.0
12253,2042,4,0,1.0
12254,2042,5,1,1.0
12255,2042,8,2,2.0
12256,2042,9,3,3.0
12257,2042,10,4,4.0
12258,2043,0,0,0.0
12259,2043,2,0,0.0
12260,2043,5,2,2.0
12261,2043,7,2,2.0
12262,2043,9,2,2.0
12263,2043,10,3,3.0
12264,2044,2,0,0.0
12265,2044,3,0,0.0
12266,2044,5,1,1.0
12267,2044,6,2,2.0
12268,2044,7,1,2.0
12269,2044,10,2,2.0
12270,2045,1,1,1.0
12271,2045,3,1,1.0
12272,2045,4,0,1.0
12273,2045,5,0,1.0
12274,2045,7,1,1.0
12275,2045,10,0,1.0
12276,2046,0,0,0.0
12277,2046,2,2,2.0
12278,2046,5,1,2.0
12279,2046,8,2,2.0
12280,2046,9,1,2.0
12281,2046,10,2,2.0
12282,2047,0,0,0.0
12283,2047,1,0,0.0
12284,2047,2,0,0.0
12285,2047,3,0,0.0
12286,2047,7,0,0.0
12287,2047,9,0,0.0
12288,2048,1,1,1.0
12289,2048,2,0,1.0
12290,2048,6,1,1.0
12291,2048,7,0,1.0
12292,2048,9,2,2.0
12293,2048,10,3,3.0
12294,2049,2,0,0.0
12295,2049,4,0,0.0
12296,2049,5,0,0.0
12297,2049,7,0,0.0
12298,2049,9,0,0.0
12299,2049,10,0,0.0
12300,2050,3,0,0.0
12301,2050,4,0,0.0
12302,2050,5,0,0.0
12303,2050,7,0,0.0
12304,2050,8,0,0.0
12305,2050,9,0,0.0
12306,2051,2,0,0.0
12307,2051,4,0,0.0
12308,2051,5,1,1.0
12309,2051,8,4,4.0
12310,2051,9,5,5.0
12311,2051,10,5,5.0
12312,2052,1,0,0.0
12313,2052,5,0,0.0
12314,2052,6,0,0.0
12315,2052,8,0,0.0
12316,2052,9,0,0.0
12317,2052,10,0,0.0
12318,2053,1,1,1.0
12319,2053,4,3,3.0
12320,2053,5,4,4.0
12321,2053,8,4,4.0
12322,2053,9,3,4.0
12323,2053,10,2,4.0
12324,2054,1,1,1.0
12325,2054,5,3,3.0
12326,2054,6,4,4.0
12327,2054,8,4,4.0
12328,2054,9,3,4.0
12329,2054,10,4,4.0
12330,2055,0,0,0.0
12331,2055,1,0,0.0
12332,2055,2,0,0.0
12333,2055,3,0,0.0
12334,2055,4,0,0.0
12335,2055,6,0,0.0
12336,2056,0,0,0.0
12337,2056,2,2,2.0
12338,2056,4,0,2.0
12339,2056,5,1,2.0
12340,2056,6,0,2.0
12341,2056,8,2,2.0
12342,2057,0,0,0.0
12343,2057,1,1,1.0
12344,2057,2,0,1.0
12345,2057,7,0,1.0
12346,2057,9,0,1.0
12347,2057,10,1,1.0
12348,2058,0,0,0.0
12349,2058,1,1,1.0
12350,2058,2,0,1.0
12351,2058,4,0,1.0
12352,2058,7,1,1.0
12353,2058,9,1,1.0
12354,2059,1,0,0.0
12355,2059,3,1,1.0
12356,2059,5,0,1.0
12357,2059,6,0,1.0
12358,2059,7,0,1.0
12359,2059,9,0,1.0
12360,2060,0,0,0.0
12361,2060,1,1,1.0
12362,2060,2,1,1.0
12363,2060,5,0,1.0
12364,2060,9,0,1.0
12365,2060,10,1,1.0
12366,2061,2,0,0.0
12367,2061,3,0,0.0
12368,2061,5,0,0.0
12369,2061,6,0,0.0
12370,2061,9,0,0.0
12371,2061,10,1,1.0
12372,2062,0,0,0.0
12373,2062,1,0,0.0
12374,2062,5,0,0.0
12375,2062,7,1,1.0
12376,2062,9,0,1.0
12377,2062,10,0,1.0
12378,2063,0,0,0.0
12379,2063,3,3,3.0
12380,2063,6,4,4.0
12381,2063,7,5,5.0
12382,2063,9,5,5.0
12383,2063,10,5,5.0
12384,2064,1,0,0.0
12385,2064,3,0,0.0
12386,2064,4,0,0.0
12387,2064,6,0,0.0
12388,2064,8,0,0.0
12389,2064,10,0,0.0
12390,2065,3,2,2.0
12391,2065,4,1,2.0
12392,2065,5,2,2.0
12393,2065,7,2,2.0
12394,2065,8,3,3.0
12395,2065,9,2,3.0
12396,2066,0,0,0.0
12397,2066,1,0,0.0
12398,2066,6,0,0.0
12399,2066,7,0,0.0
12400,2066,8,0,0.0
12401,2066,10,0,0.0
12402,2067,1,1,1.0
12403,2067,3,1,1.0
12404,2067,4,2,2.0
12405,2067,5,3,3.0
12406,2067,6,2,3.0
12407,2067,8,2,3.0
12408,2068,1,1,1.0
12409,2068,2,0,1.0
12410,2068,4,1,1.0
12411,2068,7,2,2.0
12412,2068,8,2,2.0
12413,2068,9,2,2.0
12414,2069,1,0,0.0
12415,2069,2,0,0.0
12416,2069,3,0,0.0
12417,2069,4,0,0.0
12418,2069,9,0,0.0
12419,2069,10,0,0.0
12420,2070,0,0,0.0
12421,2070,1,1,1.0
12422,2070,3,1,1.0
12423,2070,4,0,1.0
12424,2070,8,1,1.0
12425,2070,10,1,1.0
12426,2071,0,0,0.0
12427,2071,2,0,0.0
12428,2071,4,0,0.0
12429,2071,5,0,0.0
12430,2071,8,0,0.0
12431,2071,10,0,0.0
12432,2072,1,1,1.0
12433,2072,2,1,1.0
12434,2072,4,0,1.0
12435,2072,6,0,1.0
12436,2072,8,0,1.0
12437,2072,10,1,1.0
12438,2073,0,0,0.0
12439,2073,1,0,0.0
12440,2073,3,0,0.0
12441,2073,6,0,0.0
12442,2073,8,0,0.0
12443,2073,9,0,0.0
12444,2074,1,0,0.0
12445,2074,3,0,0.0
12446,2074,4,1,1.0
12447,2074,6,3,3.0
12448,2074,8,3,3.0
12449,2074,9,2,3.0
12450,2075,0,0,0.0
12451,2075,2,2,2.0
12452,2075,3,3,3.0
12453,2075,4,2,3.0
12454,2075,5,1,3.0
12455,2075,10,2,3.0
12456,2076,0,0,0.0
12457,2076,2,1,1.0
12458,2076,4,0,1.0
12459,2076,6,1,1.0
12460,2076,8,1,1.0
12461,2076,10,1,1.0
12462,2077,1,0,0.0
12463,2077,2,0,0.0
12464,2077,6,0,0.0
12465,2077,7,0,0.0
12466,2077,8,0,0.0
12467,2077,10,1,1.0
12468,2078,1,0,0.0
12469,2078,2,0,0.0
12470,2078,4,0,0.0
12471,2078,6,0,0.0
12472,2078,8,0,0.0
12473,2078,10,0,0.0
12474,2079,2,0,0.0
12475,2079,3,1,1.0
12476,2079,4,1,1.0
12477,2079,7,1,1.0
12478,2079,9,0,1.0
12479,2079,10,1,1.0
12480,2080,1,1,1.0
12481,2080,2,2,2.0
12482,2080,6,4,4.0
12483,2080,7,5,5.0
12484,2080,9,5,5.0
12485,2080,10,5,5.0
12486,2081,0,0,0.0
12487,2081,1,0,0.0
12488,2081,2,0,0.0
12489,2081,4,0,0.0
12490,2081,7,0,0.0
12491,2081,9,0,0.0
12492,2082,2,1,1.0
12493,2082,5,1,1.0
12494,2082,7,1,1.0
12495,2082,8,1,1.0
12496,2082,9,1,1.0
12497,2082,10,0,1.0
12498,2083,1,0,0.0
12499,2083,2,0,0.0
12500,2083,4,0,0.0
12501,2083,8,0,0.0
12502,2083,9,0,0.0
12503,2083,10,0,0.0
12504,2084,1,1,1.0
12505,2084,4,1,1.0
12506,2084,5,0,1.0
12507,2084,6,0,1.0
12508,2084,9,0,1.0
12509,2084,10,1,1.0
12510,2085,1,0,0.0
12511,2085,2,0,0.0
12512,2085,4,0,0.0
12513,2085,6,0,0.0
12514,2085,9,0,0.0
12515,2085,10,0,0.0
12516,2086,0,0,0.0
12517,2086,1,1,1.0
12518,2086,2,2,2.0
12519,2086,4,4,4.0
12520,2086,7,5,5.0
12521,2086,8,5,5.0
12522,2087,0,0,0.0
12523,2087,1,1,1.0
12524,2087,3,1,1.0
12525,2087,5,3,3.0
12526,2087,6,4,4.0
12527,2087,10,3,4.0
12528,2088,2,0,0.0
12529,2088,4,0,0.0
12530,2088,5,0,0.0
12531,2088,6,1,1.0
12532,2088,7,0,1.0
12533,2088,10,2,2.0
12534,2089,0,0,0.0
12535,2089,1,0,0.0
12536,2089,5,0,0.0
12537,2089,6,0,0.0
12538,2089,7,1,1.0
12539,2089,8,2,2.0
12540,2090,0,0,0.0
12541,2090,3,0,0.0
12542,2090,6,0,0.0
12543,2090,7,0,0.0
12544,2090,9,0,0.0
12545,2090,10,0,0.0
12546,2091,0,0,0.0
12547,2091,1,0,0.0
12548,2091,2,0,0.0
12549,2091,3,0,0.0
12550,2091,4,0,0.0
12551,2091,8,0,0.0
12552,2092,0,0,0.0
12553,2092,1,1,1.0
12554,2092,3,3,3.0
12555,2092,4,2,3.0
12556,2092,6,2,3.0
12557,2092,7,3,3.0
12558,2093,0,0,0.0
12559,2093,1,0,0.0
12560,2093,2,0,0.0
12561,2093,8,0,0.0
12562,2093,9,0,0.0
12563,2093,10,0,0.0
12564,2094,0,0,0.0
12565,2094,3,0,0.0
12566,2094,4,0,0.0
12567,2094,8,0,0.0
12568,2094,9,0,0.0
12569,2094,10,0,0.0
12570,2095,0,0,0.0
12571,2095,2,1,1.0
12572,2095,3,0,1.0
12573,2095,4,0,1.0
12574,2095,7,1,1.0
12575,2095,9,1,1.0
12576,2096,0,0,0.0
12577,2096,2,2,2.0
12578,2096,4,2,2.0
12579,2096,5,3,3.0
12580,2096,6,2,3.0
12581,2096,7,3,3.0
12582,2097,2,1,1.0
12583,2097,4,0,1.0
12584,2097,6,0,1.0
12585,2097,7,1,1.0
12586,2097,9,0,1.0
12587,2097,10,0,1.0
12588,2098,0,0,0.0
12589,2098,1,0,0.0
12590,2098,7,0,0.0
12591,2098,8,0,0.0
12592,2098,9,0,0.0
12593,2098,10,0,0.0
12594,2099,2,0,0.0
12595,2099,3,0,0.0
12596,2099,4,1,1.0
12597,2099,7,1,1.0
12598,2099,9,0,1.0
12599,2099,10,1,1.0
12600,2100,1,0,0.0
12601,2100,2,0,0.0
12602,2100,5,3,3.0
12603,2100,6,4,4.0
12604,2100,7,5,5.0
12605,2100,8,5,5.0
12606,2101,0,0,0.0
12607,2101,2,0,0.0
12608,2101,6,0,0.0
12609,2101,8,0,0.0
12610,2101,9,0,0.0
12611,2101,10,0,0.0
12612,2102,1,1,1.0
12613,2102,3,1,1.0
12614,2102,6,2,2.0
12615,2102,7,2,2.0
12616,2102,9,3,3.0
12617,2102,10,3,3.0
12618,2103,1,0,0.0
12619,2103,5,2,2.0
12620,2103,6,1,2.0
12621,2103,7,0,2.0
12622,2103,8,0,2.0
12623,2103,10,0,2.0
12624,2104,0,0,0.0
12625,2104,3,1,1.0
12626,2104,5,1,1.0
12627,2104,8,2,2.0
12628,2104,9,3,3.0
12629,2104,10,4,4.0
12630,2105,0,0,0.0
12631,2105,2,0,0.0
12632,2105,4,0,0.0
12633,2105,5,0,0.0
12634,2105,6,0,0.0
12635,2105,9,0,0.0
12636,2106,3,2,2.0
12637,2106,4,3,3.0
12638,2106,5,4,4.0
12639,2106,6,5,5.0
12640,2106,7,5,5.0
12641,2106,8,5,5.0
12642,2107,1,1,1.0
12643,2107,2,2,2.0
12644,2107,3,3,3.0
12645,2107,4,4,4.0
12646,2107,6,4,4.0
12647,2107,10,4,4.0
12648,2108,0,0,0.0
12649,2108,3,3,3.0
12650,2108,5,3,3.0
12651,2108,6,2,3.0
12652,2108,7,3,3.0
12653,2108,8,4,4.0
12654,2109,0,0,0.0
12655,2109,2,0,0.0
12656,2109,3,0,0.0
12657,2109,4,0,0.0
12658,2109,5,0,0.0
12659,2109,7,0,0.0
12660,2110,0,0,0.0
12661,2110,1,0,0.0
12662,2110,2,0,0.0
12663,2110,4,0,0.0
12664,2110,7,0,0.0
12665,2110,9,0,0.0
12666,2111,0,0,0.0
12667,2111,2,0,0.0
12668,2111,4,0,0.0
12669,2111,6,0,0.0
12670,2111,7,0,0.0
12671,2111,9,0,0.0
12672,2112,2,1,1.0
12673,2112,4,1,1.0
12674,2112,5,0,1.0
12675,2112,6,0,1.0
12676,2112,8,0,1.0
12677,2112,10,0,1.0
12678,2113,1,1,1.0
12679,2113,4,2,2.0
12680,2113,5,3,3.0
12681,2113,6,4,4.0
12682,2113,7,3,4.0
12683,2113,9,5,5.0
12684,2114,0,0,0.0
12685,2114,2,2,2.0
12686,2114,3,3,3.0
12687,2114,5,5,5.0
12688,2114,8,5,5.0
12689,2114,9,5,5.0
12690,2115,1,1,1.0
12691,2115,2,2,2.0
12692,2115,3,1,2.0
12693,2115,6,2,2.0
12694,2115,8,2,2.0
12695,2115,10,3,3.0
12696,2116,1,1,1.0
12697,2116,2,1,1.0
12698,2116,4,0,1.0
12699,2116,5,0,1.0
12700,2116,7,0,1.0
12701,2116,8,1,1.0
12702,2117,0,0,0.0
12703,2117,2,0,0.0
12704,2117,3,0,0.0
12705,2117,6,0,0.0
12706,2117,9,0,0.0
12707,2117,10,0,0.0
12708,2118,1,1,1.0
12709,2118,5,1,1.0
12710,2118,6,2,2.0
12711,2118,7,1,2.0
12712,2118,8,2,2.0
12713,2118,10,2,2.0
12714,2119,1,0,0.0
12715,2119,3,0,0.0
12716,2119,5,0,0.0
12717,2119,6,0,0.0
12718,2119,7,0,0.0
12719,2119,8,1,1.0
12720,2120,1,1,1.0
12721,2120,3,0,1.0
12722,2120,4,1,1.0
12723,2120,7,1,1.0
12724,2120,8,0,1.0
12725,2120,9,1,1.0
12726,2121,0,0,0.0
12727,2121,1,1,1.0
12728,2121,2,1,1.0
12729,2121,4,2,2.0
12730,2121,6,1,2.0
12731,2121,9,1,2.0
12732,2122,0,0,0.0
12733,2122,1,1,1.0
12734,2122,2,2,2.0
12735,2122,5,3,3.0
12736,2122,6,4,4.0
12737,2122,7,3,4.0
12738,2123,0,0,0.0
12739,2123,4,0,0.0
12740,2123,5,0,0.0
12741,2123,7,0,0.0
12742,2123,8,0,0.0
12743,2123,9,0,0.0
12744,2124,0,0,0.0
12745,2124,3,2,2.0
12746,2124,5,2,2.0
12747,2124,6,2,2.0
12748,2124,7,2,2.0
12749,2124,8,2,2.0
12750,2125,0,0,0.0
12751,2125,1,0,0.0
12752,2125,3,0,0.0
12753,2125,4,0,0.0
12754,2125,6,0,0.0
12755,2125,9,0,0.0
12756,2126,1,0,0.0
12757,2126,3,0,0.0
12758,2126,4,0,0.0
12759,2126,6,0,0.0
12760,2126,9,0,0.0
12761,2126,10,1,1.0
12762,2127,0,0,0.0
12763,2127,3,0,0.0
12764,2127,4,0,0.0
12765,2127,6,0,0.0
12766,2127,7,0,0.0
12767,2127,10,0,0.0
12768,2128,2,0,0.0
12769,2128,3,1,1.0
12770,2128,4,0,1.0
12771,2128,6,0,1.0
12772,2128,9,0,1.0
12773,2128,10,0,1.0
12774,2129,1,0,0.0
12775,2129,2,0,0.0
12776,2129,6,0,0.0
12777,2129,7,0,0.0
12778,2129,9,0,0.0
12779,2129,10,0,0.0
12780,2130,0,0,0.0
12781,2130,1,1,1.0
12782,2130,4,1,1.0
12783,2130,8,1,1.0
12784,2130,9,0,1.0
12785,2130,10,1,1.0
12786,2131,0,0,0.0
12787,2131,2,0,0.0
12788,2131,4,0,0.0
12789,2131,5,0,0.0
12790,2131,7,0,0.0
12791,2131,9,0,0.0
12792,2132,0,0,0.0
12793,2132,1,1,1.0
12794,2132,2,1,1.0
12795,2132,5,1,1.0
12796,2132,7,2,2.0
12797,2132,8,1,2.0
12798,2133,2,2,2.0
12799,2133,3,1,2.0
12800,2133,5,3,3.0
12801,2133,6,4,4.0
12802,2133,8,3,4.0
12803,2133,10,3,4.0
12804,2134,0,0,0.0
12805,2134,1,1,1.0
12806,2134,2,1,1.0
12807,2134,6,0,1.0
12808,2134,7,1,1.0
12809,2134,10,2,2.0
12810,2135,0,0,0.0
12811,2135,5,0,0.0
12812,2135,6,0,0.0
12813,2135,7,0,0.0
12814,2135,9,0,0.0
12815,2135,10,0,0.0
12816,2136,1,1,1.0
12817,2136,2,1,1.0
12818,2136,3,0,1.0
12819,2136,5,1,1.0
12820,2136,7,0,1.0
12821,2136,10,1,1.0
12822,2137,0,0,0.0
12823,2137,1,1,1.0
12824,2137,2,2,2.0
12825,2137,4,0,2.0
12826,2137,7,1,2.0
12827,2137,8,2,2.0
12828,2138,1,0,0.0
12829,2138,3,0,0.0
12830,2138,4,0,0.0
12831,2138,5,0,0.0
12832,2138,8,1,1.0
12833,2138,10,0,1.0
12834,2139,0,0,0.0
12835,2139,1,0,0.0
12836,2139,2,1,1.0
12837,2139,3,2,2.0
12838,2139,4,3,3.0
12839,2139,8,5,5.0
12840,2140,0,0,0.0
12841,2140,3,2,2.0
12842,2140,4,1,2.0
12843,2140,5,0,2.0
12844,2140,7,0,2.0
12845,2140,8,1,2.0
12846,2141,0,0,0.0
12847,2141,1,0,0.0
12848,2141,3,0,0.0
12849,2141,5,2,2.0
12850,2141,7,3,3.0
12851,2141,10,3,3.0
12852,2142,2,1,1.0
12853,2142,3,2,2.0
12854,2142,4,2,2.0
12855,2142,5,3,3.0
12856,2142,7,3,3.0
12857,2142,8,3,3.0
12858,2143,0,0,0.0
12859,2143,1,1,1.0
12860,2143,2,1,1.0
12861,2143,6,1,1.0
12862,2143,7,2,2.0
12863,2143,8,1,2.0
12864,2144,0,0,0.0
12865,2144,3,0,0.0
12866,2144,4,0,0.0
12867,2144,5,0,0.0
12868,2144,7,0,0.0
12869,2144,10,0,0.0
12870,2145,0,0,0.0
12871,2145,1,1,1.0
12872,2145,4,4,4.0
12873,2145,7,3,4.0
12874,2145,8,4,4.0
12875,2145,10,4,4.0
12876,2146,3,0,0.0
12877,2146,5,0,0.0
12878,2146,6,0,0.0
12879,2146,7,0,0.0
12880,2146,8,0,0.0
12881,2146,9,0,0.0
12882,2147,1,0,0.0
12883,2147,2,0,0.0
12884,2147,3,0,0.0
12885,2147,7,0,0.0
12886,2147,9,0,0.0
12887,2147,10,0,0.0
12888,2148,1,1,1.0
12889,2148,2,2,2.0
12890,2148,5,3,3.0
12891,2148,7,3,3.0
12892,2148,8,4,4.0
12893,2148,10,4,4.0
12894,2149,0,0,0.0
12895,2149,1,1,1.0
12896,2149,5,1,1.0
12897,2149,7,1,1.0
12898,2149,8,1,1.0
12899,2149,10,1,1.0
12900,2150,0,0,0.0
12901,2150,1,1,1.0
12902,2150,2,2,2.0
12903,2150,6,5,5.0
12904,2150,7,5,5.0
12905,2150,10,5,5.0
12906,2151,0,0,0.0
12907,2151,1,1,1.0
12908,2151,2,0,1.0
12909,2151,6,0,1.0
12910,2151,7,1,1.0
12911,2151,9,1,1.0
12912,2152,0,0,0.0
12913,2152,1,0,0.0
12914,2152,4,0,0.0
12915,2152,5,1,1.0
12916,2152,7,0,1.0
12917,2152,9,1,1.0
12918,2153,3,2,2.0
12919,2153,4,1,2.0
12920,2153,5,2,2.0
12921,2153,7,0,2.0
12922,2153,8,1,2.0
12923,2153,10,1,2.0
12924,2154,1,0,0.0
12925,2154,3,0,0.0
12926,2154,4,0,0.0
12927,2154,5,0,0.0
12928,2154,7,0,0.0
12929,2154,8,0,0.0
12930,2155,0,0,0.0
12931,2155,1,1,1.0
12932,2155,5,1,1.0
12933,2155,6,2,2.0
12934,2155,7,3,3.0
12935,2155,8,2,3.0
12936,2156,0,0,0.0
12937,2156,2,2,2.0
12938,2156,3,1,2.0
12939,2156,5,1,2.0
12940,2156,7,1,2.0
12941,2156,9,1,2.0
12942,2157,0,0,0.0
12943,2157,2,2,2.0
12944,2157,3,1,2.0
12945,2157,7,1,2.0
12946,2157,9,1,2.0
12947,2157,10,2,2.0
12948,2158,0,0,0.0
12949,2158,1,1,1.0
12950,2158,2,0,1.0
12951,2158,3,1,1.0
12952,2158,7,0,1.0
12953,2158,9,0,1.0
12954,2159,1,0,0.0
12955,2159,3,2,2.0
12956,2159,4,3,3.0
12957,2159,5,4,4.0
12958,2159,8,3,4.0
12959,2159,9,4,4.0
12960,2160,1,0,0.0
12961,2160,2,0,0.0
12962,2160,5,0,0.0
12963,2160,6,0,0.0
12964,2160,8,0,0.0
12965,2160,10,1,1.0
12966,2161,0,0,0.0
12967,2161,2,1,1.0
12968,2161,3,1,1.0
12969,2161,5,0,1.0
12970,2161,8,0,1.0
12971,2161,10,1,1.0
12972,2162,0,0,0.0
12973,2162,3,0,0.0
12974,2162,5,0,0.0
12975,2162,6,0,0.0
12976,2162,7,0,0.0
12977,2162,9,0,0.0
12978,2163,2,0,0.0
12979,2163,3,1,1.0
12980,2163,5,3,3.0
12981,2163,7,4,4.0
12982,2163,9,4,4.0
12983,2163,10,5,5.0
12984,2164,1,1,1.0
12985,2164,3,1,1.0
12986,2164,5,1,1.0
12987,2164,6,0,1.0
12988,2164,7,1,1.0
12989,2164,9,1,1.0
12990,2165,1,0,0.0
12991,2165,2,0,0.0
12992,2165,6,0,0.0
12993,2165,7,0,0.0
12994,2165,8,1,1.0
12995,2165,9,0,1.0
12996,2166,1,1,1.0
12997,2166,2,0,1.0
12998,2166,3,1,1.0
12999,2166,5,1,1.0
13000,2166,7,1,1.0
13001,2166,8,2,2.0
13002,2167,2,0,0.0
13003,2167,5,0,0.0
13004,2167,6,1,1.0
13005,2167,7,0,1.0
13006,2167,9,0,1.0
13007,2167,10,1,1.0
13008,2168,2,0,0.0
13009,2168,3,1,1.0
13010,2168,4,2,2.0
13011,2168,5,1,2.0
13012,2168,6,0,2.0
13013,2168,10,0,2.0
13014,2169,0,0,0.0
13015,2169,1,1,1.0
13016,2169,3,3,3.0
13017,2169,6,2,3.0
13018,2169,7,3,3.0
13019,2169,10,2,3.0
13020,2170,0,0,0.0
13021,2170,1,1,1.0
13022,2170,2,1,1.0
13023,2170,4,3,3.0
13024,2170,5,2,3.0
13025,2170,6,3,3.0
13026,2171,2,0,0.0
13027,2171,3,1,1.0
13028,2171,5,1,1.0
13029,2171,6,1,1.0
13030,2171,8,1,1.0
13031,2171,10,1,1.0
13032,2172,0,0,0.0
13033,2172,2,2,2.0
13034,2172,3,1,2.0
13035,2172,6,2,2.0
13036,2172,9,1,2.0
13037,2172,10,2,2.0
13038,2173,0,0,0.0
13039,2173,1,1,1.0
13040,2173,2,2,2.0
13041,2173,4,0,2.0
13042,2173,7,1,2.0
13043,2173,10,0,2.0
13044,2174,0,0,0.0
13045,2174,1,0,0.0
13046,2174,7,0,0.0
13047,2174,8,0,0.0
13048,2174,9,0,0.0
13049,2174,10,0,0.0
13050,2175,3,1,1.0
13051,2175,5,3,3.0
13052,2175,6,2,3.0
13053,2175,8,2,3.0
13054,2175,9,1,3.0
13055,2175,10,2,3.0
13056,2176,0,0,0.0
13057,2176,1,1,1.0
13058,2176,2,0,1.0
13059,2176,3,0,1.0
13060,2176,6,1,1.0
13061,2176,10,1,1.0
13062,2177,0,0,0.0
13063,2177,1,1,1.0
13064,2177,2,0,1.0
13065,2177,4,0,1.0
13066,2177,8,0,1.0
13067,2177,10,0,1.0
13068,2178,5,0,0.0
13069,2178,6,0,0.0
13070,2178,7,0,0.0
13071,2178,8,0,0.0
13072,2178,9,0,0.0
13073,2178,10,0,0.0
13074,2179,0,0,0.0
13075,2179,2,0,0.0
13076,2179,3,0,0.0
13077,2179,4,1,1.0
13078,2179,6,0,1.0
13079,2179,9,1,1.0
13080,2180,0,0,0.0
13081,2180,1,1,1.0
13082,2180,3,1,1.0
13083,2180,4,1,1.0
13084,2180,7,1,1.0
13085,2180,9,1,1.0
13086,2181,0,0,0.0
13087,2181,1,0,0.0
13088,2181,4,0,0.0
13089,2181,6,0,0.0
13090,2181,8,1,1.0
13091,2181,10,0,1.0
13092,2182,0,0,0.0
13093,2182,2,0,0.0
13094,2182,3,1,1.0
13095,2182,5,1,1.0
13096,2182,7,1,1.0
13097,2182,8,0,1.0
13098,2183,3,1,1.0
13099,2183,4,2,2.0
13100,2183,5,1,2.0
13101,2183,7,1,2.0
13102,2183,8,0,2.0
13103,2183,9,0,2.0
13104,2184,0,0,0.0
13105,2184,1,1,1.0
13106,2184,2,2,2.0
13107,2184,3,3,3.0
13108,2184,4,2,3.0
13109,2184,10,2,3.0
13110,2185,0,0,0.0
13111,2185,1,1,1.0
13112,2185,4,3,3.0
13113,2185,5,3,3.0
13114,2185,9,3,3.0
13115,2185,10,3,3.0
13116,2186,2,2,2.0
13117,2186,4,2,2.0
13118,2186,6,1,2.0
13119,2186,7,2,2.0
13120,2186,8,1,2.0
13121,2186,10,1,2.0
13122,2187,4,0,0.0
13123,2187,5,1,1.0
13124,2187,6,2,2.0
13125,2187,8,0,2.0
13126,2187,9,0,2.0
13127,2187,10,1,2.0
13128,2188,0,0,0.0
13129,2188,2,1,1.0
13130,2188,4,1,1.0
13131,2188,5,0,1.0
13132,2188,6,0,1.0
13133,2188,10,1,1.0
13134,2189,0,0,0.0
13135,2189,1,0,0.0
13136,2189,2,0,0.0
13137,2189,3,0,0.0
13138,2189,7,0,0.0
13139,2189,8,0,0.0
13140,2190,0,0,0.0
13141,2190,1,0,0.0
13142,2190,2,1,1.0
13143,2190,6,0,1.0
13144,2190,9,1,1.0
13145,2190,10,0,1.0
13146,2191,0,0,0.0
13147,2191,2,1,1.0
13148,2191,3,1,1.0
13149,2191,4,1,1.0
13150,2191,9,2,2.0
13151,2191,10,3,3.0
13152,2192,0,0,0.0
13153,2192,1,1,1.0
13154,2192,3,1,1.0
13155,2192,6,1,1.0
13156,2192,7,1,1.0
13157,2192,9,1,1.0
13158,2193,2,0,0.0
13159,2193,5,0,0.0
13160,2193,7,0,0.0
13161,2193,8,0,0.0
13162,2193,9,0,0.0
13163,2193,10,0,0.0
13164,2194,1,0,0.0
13165,2194,2,0,0.0
13166,2194,4,0,0.0
13167,2194,7,0,0.0
13168,2194,8,0,0.0
13169,2194,9,1,1.0
13170,2195,1,1,1.0
13171,2195,2,0,1.0
13172,2195,3,1,1.0
13173,2195,4,2,2.0
13174,2195,7,1,2.0
13175,2195,9,3,3.0
13176,2196,0,0,0.0
13177,2196,1,0,0.0
13178,2196,7,0,0.0
13179,2196,8,0,0.0
13180,2196,9,0,0.0
13181,2196,10,0,0.0
13182,2197,1,1,1.0
13183,2197,3,1,1.0
13184,2197,6,0,1.0
13185,2197,7,0,1.0
13186,2197,8,1,1.0
13187,2197,9,0,1.0
13188,2198,1,0,0.0
13189,2198,2,1,1.0
13190,2198,3,2,2.0
13191,2198,4,3,3.0
13192,2198,6,1,3.0
13193,2198,10,1,3.0
13194,2199,1,0,0.0
13195,2199,2,1,1.0
13196,2199,3,2,2.0
13197,2199,6,3,3.0
13198,2199,7,2,3.0
13199,2199,9,3,3.0
13200,2200,0,0,0.0
13201,2200,2,1,1.0
13202,2200,3,0,1.0
13203,2200,4,1,1.0
13204,2200,5,0,1.0
13205,2200,8,1,1.0
13206,2201,0,0,0.0
13207,2201,2,0,0.0
13208,2201,5,1,1.0
13209,2201,6,0,1.0
13210,2201,7,1,1.0
13211,2201,10,0,1.0
13212,2202,2,0,0.0
13213,2202,3,1,1.0
13214,2202,5,2,2.0
13215,2202,6,3,3.0
13216,2202,7,4,4.0
13217,2202,10,4,4.0
13218,2203,0,0,0.0
13219,2203,4,1,1.0
13220,2203,5,0,1.0
13221,2203,6,1,1.0
13222,2203,8,1,1.0
13223,2203,9,0,1.0
13224,2204,3,3,3.0
13225,2204,4,4,4.0
13226,2204,5,5,5.0
13227,2204,7,5,5.0
13228,2204,8,5,5.0
13229,2204,10,5,5.0
13230,2205,0,0,0.0
13231,2205,2,0,0.0
13232,2205,4,0,0.0
13233,2205,7,0,0.0
13234,2205,8,0,0.0
13235,2205,10,0,0.0
13236,2206,1,0,0.0
13237,2206,2,1,1.0
13238,2206,4,1,1.0
13239,2206,5,2,2.0
13240,2206,7,2,2.0
13241,2206,9,2,2.0
13242,2207,0,0,0.0
13243,2207,3,1,1.0
13244,2207,6,1,1.0
13245,2207,7,0,1.0
13246,2207,9,1,1.0
13247,2207,10,0,1.0
13248,2208,0,0,0.0
13249,2208,2,0,0.0
13250,2208,3,0,0.0
13251,2208,4,0,0.0
13252,2208,6,0,0.0
13253,2208,10,0,0.0
13254,2209,0,0,0.0
13255,2209,3,3,3.0
13256,2209,4,2,3.0
13257,2209,5,3,3.0
13258,2209,8,2,3.0
13259,2209,10,4,4.0
13260,2210,1,0,0.0
13261,2210,3,0,0.0
13262,2210,6,0,0.0
13263,2210,7,0,0.0
13264,2210,8,0,0.0
13265,2210,10,0,0.0
13266,2211,1,0,0.0
13267,2211,2,0,0.0
13268,2211,6,0,0.0
13269,2211,7,0,0.0
13270,2211,8,0,0.0
13271,2211,9,0,0.0
13272,2212,3,0,0.0
13273,2212,5,0,0.0
13274,2212,6,0,0.0
13275,2212,8,0,0.0
13276,2212,9,0,0.0
13277,2212,10,0,0.0
13278,2213,0,0,0.0
13279,2213,1,0,0.0
13280,2213,2,0,0.0
13281,2213,4,0,0.0
13282,2213,5,0,0.0
13283,2213,9,0,0.0
13284,2214,1,0,0.0
13285,2214,2,0,0.0
13286,2214,5,0,0.0
13287,2214,6,0,0.0
13288,2214,7,0,0.0
13289,2214,9,1,1.0
13290,2215,2,0,0.0
13291,2215,6,2,2.0
13292,2215,7,3,3.0
13293,2215,8,4,4.0
13294,2215,9,5,5.0
13295,2215,10,5,5.0
13296,2216,1,1,1.0
13297,2216,2,2,2.0
13298,2216,4,2,2.0
13299,2216,6,3,3.0
13300,2216,8,3,3.0
13301,2216,10,1,3.0
13302,2217,0,0,0.0
13303,2217,1,1,1.0
13304,2217,3,1,1.0
13305,2217,4,0,1.0
13306,2217,9,1,1.0
13307,2217,10,2,2.0
13308,2218,2,0,0.0
13309,2218,4,0,0.0
13310,2218,6,1,1.0
13311,2218,7,2,2.0
13312,2218,8,2,2.0
13313,2218,9,2,2.0
13314,2219,3,3,3.0
13315,2219,4,2,3.0
13316,2219,5,3,3.0
13317,2219,7,4,4.0
13318,2219,8,3,4.0
13319,2219,9,2,4.0
13320,2220,0,0,0.0
13321,2220,2,0,0.0
13322,2220,5,0,0.0
13323,2220,7,0,0.0
13324,2220,9,0,0.0
13325,2220,10,0,0.0
13326,2221,3,3,3.0
13327,2221,4,2,3.0
13328,2221,5,1,3.0
13329,2221,7,3,3.0
13330,2221,9,3,3.0
13331,2221,10,2,3.0
13332,2222,3,3,3.0
13333,2222,4,2,3.0
13334,2222,6,2,3.0
13335,2222,8,2,3.0
13336,2222,9,1,3.0
13337,2222,10,2,3.0
13338,2223,0,0,0.0
13339,2223,2,0,0.0
13340,2223,3,1,1.0
13341,2223,5,1,1.0
13342,2223,9,3,3.0
13343,2223,10,2,3.0
13344,2224,0,0,0.0
13345,2224,3,1,1.0
13346,2224,4,1,1.0
13347,2224,7,2,2.0
13348,2224,8,1,2.0
13349,2224,9,0,2.0
13350,2225,2,0,0.0
13351,2225,3,1,1.0
13352,2225,5,1,1.0
13353,2225,7,1,1.0
13354,2225,8,2,2.0
13355,2225,9,3,3.0
13356,2226,0,0,0.0
13357,2226,3,1,1.0
13358,2226,6,2,2.0
13359,2226,7,1,2.0
13360,2226,9,3,3.0
13361,2226,10,4,4.0
13362,2227,0,0,0.0
13363,2227,1,1,1.0
13364,2227,4,2,2.0
13365,2227,5,3,3.0
13366,2227,7,5,5.0
13367,2227,10,5,5.0
13368,2228,0,0,0.0
13369,2228,1,1,1.0
13370,2228,4,2,2.0
13371,2228,5,3,3.0
13372,2228,7,3,3.0
13373,2228,10,2,3.0
13374,2229,0,0,0.0
13375,2229,1,0,0.0
13376,2229,5,0,0.0
13377,2229,7,0,0.0
13378,2229,8,0,0.0
13379,2229,9,0,0.0
13380,2230,1,1,1.0
13381,2230,2,2,2.0
13382,2230,3,1,2.0
13383,2230,5,3,3.0
13384,2230,7,1,3.0
13385,2230,10,2,3.0
13386,2231,0,0,0.0
13387,2231,2,2,2.0
13388,2231,3,3,3.0
13389,2231,6,2,3.0
13390,2231,7,1,3.0
13391,2231,8,2,3.0
13392,2232,0,0,0.0
13393,2232,1,0,0.0
13394,2232,2,1,1.0
13395,2232,3,2,2.0
13396,2232,6,1,2.0
13397,2232,8,0,2.0
13398,2233,0,0,0.0
13399,2233,1,1,1.0
13400,2233,2,2,2.0
13401,2233,5,1,2.0
13402,2233,9,1,2.0
13403,2233,10,0,2.0
13404,2234,2,2,2.0
13405,2234,3,2,2.0
13406,2234,4,3,3.0
13407,2234,5,4,4.0
13408,2234,6,4,4.0
13409,2234,8,4,4.0
13410,2235,1,1,1.0
13411,2235,2,2,2.0
13412,2235,3,1,2.0
13413,2235,5,1,2.0
13414,2235,6,2,2.0
13415,2235,10,0,2.0
13416,2236,1,0,0.0
13417,2236,2,0,0.0
13418,2236,3,0,0.0
13419,2236,4,0,0.0
13420,2236,5,0,0.0
13421,2236,9,0,0.0
13422,2237,0,0,0.0
13423,2237,1,1,1.0
13424,2237,3,3,3.0
13425,2237,7,3,3.0
13426,2237,8,2,3.0
13427,2237,10,2,3.0
13428,2238,1,1,1.0
13429,2238,2,0,1.0
13430,2238,3,1,1.0
13431,2238,4,0,1.0
13432,2238,7,3,3.0
13433,2238,9,3,3.0
13434,2239,0,0,0.0
13435,2239,4,4,4.0
13436,2239,5,3,4.0
13437,2239,6,4,4.0
13438,2239,9,1,4.0
13439,2239,10,2,4.0
13440,2240,0,0,0.0
13441,2240,1,0,0.0
13442,2240,2,0,0.0
13443,2240,4,0,0.0
13444,2240,7,0,0.0
13445,2240,10,0,0.0
13446,2241,0,0,0.0
13447,2241,1,0,0.0
13448,2241,4,0,0.0
13449,2241,5,0,0.0
13450,2241,7,0,0.0
13451,2241,9,0,0.0
13452,2242,0,0,0.0
13453,2242,5,0,0.0
13454,2242,6,0,0.0
13455,2242,7,0,0.0
13456,2242,9,0,0.0
13457,2242,10,0,0.0
13458,2243,3,0,0.0
13459,2243,4,0,0.0
13460,2243,5,0,0.0
13461,2243,6,0,0.0
13462,2243,7,0,0.0
13463,2243,9,0,0.0
13464,2244,0,0,0.0
13465,2244,2,2,2.0
13466,2244,4,2,2.0
13467,2244,6,2,2.0
13468,2244,7,1,2.0
13469,2244,10,2,2.0
13470,2245,0,0,0.0
13471,2245,1,1,1.0
13472,2245,3,3,3.0
13473,2245,4,4,4.0
13474,2245,5,3,4.0
13475,2245,9,3,4.0
13476,2246,0,0,0.0
13477,2246,2,2,2.0
13478,2246,3,1,2.0
13479,2246,4,2,2.0
13480,2246,8,2,2.0
13481,2246,10,2,2.0
13482,2247,0,0,0.0
13483,2247,2,0,0.0
13484,2247,3,1,1.0
13485,2247,5,3,3.0
13486,2247,7,3,3.0
13487,2247,8,4,4.0
13488,2248,1,1,1.0
13489,2248,2,2,2.0
13490,2248,3,3,3.0
13491,2248,4,2,3.0
13492,2248,8,2,3.0
13493,2248,9,3,3.0
13494,2249,0,0,0.0
13495,2249,2,0,0.0
13496,2249,4,2,2.0
13497,2249,6,2,2.0
13498,2249,8,4,4.0
13499,2249,9,3,4.0
13500,2250,0,0,0.0
13501,2250,1,1,1.0
13502,2250,5,0,1.0
13503,2250,6,1,1.0
13504,2250,7,0,1.0
13505,2250,8,1,1.0
13506,2251,0,0,0.0
13507,2251,1,1,1.0
13508,2251,5,1,1.0
13509,2251,6,1,1.0
13510,2251,7,2,2.0
13511,2251,8,2,2.0
13512,2252,0,0,0.0
13513,2252,3,3,3.0
13514,2252,5,3,3.0
13515,2252,7,4,4.0
13516,2252,8,4,4.0
13517,2252,10,3,4.0
13518,2253,0,0,0.0
13519,2253,3,1,1.0
13520,2253,5,3,3.0
13521,2253,6,2,3.0
13522,2253,9,3,3.0
13523,2253,10,4,4.0
13524,2254,0,0,0.0
13525,2254,2,0,0.0
13526,2254,3,0,0.0
13527,2254,4,0,0.0
13528,2254,5,1,1.0
13529,2254,6,0,1.0
13530,2255,1,0,0.0
13531,2255,2,0,0.0
13532,2255,3,0,0.0
13533,2255,4,0,0.0
13534,2255,6,0,0.0
13535,2255,7,0,0.0
13536,2256,4,0,0.0
13537,2256,5,1,1.0
13538,2256,6,0,1.0
13539,2256,7,1,1.0
13540,2256,8,0,1.0
13541,2256,10,0,1.0
13542,2257,2,0,0.0
13543,2257,3,1,1.0
13544,2257,4,0,1.0
13545,2257,5,0,1.0
13546,2257,6,1,1.0
13547,2257,10,0,1.0
13548,2258,0,0,0.0
13549,2258,1,1,1.0
13550,2258,2,0,1.0
13551,2258,3,1,1.0
13552,2258,6,3,3.0
13553,2258,7,2,3.0
13554,2259,0,0,0.0
13555,2259,2,0,0.0
13556,2259,3,1,1.0
13557,2259,5,1,1.0
13558,2259,6,2,2.0
13559,2259,8,2,2.0
13560,2260,1,1,1.0
13561,2260,4,2,2.0
13562,2260,6,1,2.0
13563,2260,7,0,2.0
13564,2260,8,0,2.0
13565,2260,9,0,2.0
13566,2261,0,0,0.0
13567,2261,1,0,0.0
13568,2261,3,0,0.0
13569,2261,6,0,0.0
13570,2261,7,0,0.0
13571,2261,10,0,0.0
13572,2262,0,0,0.0
13573,2262,2,2,2.0
13574,2262,4,2,2.0
13575,2262,5,3,3.0
13576,2262,6,2,3.0
13577,2262,7,3,3.0
13578,2263,1,1,1.0
13579,2263,3,1,1.0
13580,2263,4,0,1.0
13581,2263,5,1,1.0
13582,2263,6,2,2.0
13583,2263,10,4,4.0
13584,2264,3,0,0.0
13585,2264,4,0,0.0
13586,2264,5,1,1.0
13587,2264,6,0,1.0
13588,2264,7,0,1.0
13589,2264,8,0,1.0
13590,2265,0,0,0.0
13591,2265,2,0,0.0
13592,2265,3,0,0.0
13593,2265,7,2,2.0
13594,2265,8,1,2.0
13595,2265,9,2,2.0
13596,2266,1,1,1.0
13597,2266,2,2,2.0
13598,2266,3,3,3.0
13599,2266,6,5,5.0
13600,2266,7,5,5.0
13601,2266,9,5,5.0
13602,2267,0,0,0.0
13603,2267,2,0,0.0
13604,2267,4,0,0.0
13605,2267,6,0,0.0
13606,2267,8,1,1.0
13607,2267,10,0,1.0
13608,2268,0,0,0.0
13609,2268,2,2,2.0
13610,2268,3,3,3.0
13611,2268,4,4,4.0
13612,2268,7,3,4.0
13613,2268,9,5,5.0
13614,2269,3,1,1.0
13615,2269,6,2,2.0
13616,2269,7,1,2.0
13617,2269,8,2,2.0
13618,2269,9,1,2.0
13619,2269,10,0,2.0
13620,2270,0,0,0.0
13621,2270,1,0,0.0
13622,2270,3,0,0.0
13623,2270,4,0,0.0
13624,2270,6,0,0.0
13625,2270,8,0,0.0
13626,2271,0,0,0.0
13627,2271,1,0,0.0
13628,2271,6,0,0.0
13629,2271,7,0,0.0
13630,2271,9,0,0.0
13631,2271,10,0,0.0
13632,2272,0,0,0.0
13633,2272,3,2,2.0
13634,2272,4,1,2.0
13635,2272,7,2,2.0
13636,2272,8,3,3.0
13637,2272,10,2,3.0
13638,2273,0,0,0.0
13639,2273,1,1,1.0
13640,2273,3,1,1.0
13641,2273,4,2,2.0
13642,2273,5,1,2.0
13643,2273,6,2,2.0
13644,2274,0,0,0.0
13645,2274,1,1,1.0
13646,2274,3,3,3.0
13647,2274,5,1,3.0
13648,2274,8,2,3.0
13649,2274,10,2,3.0
13650,2275,5,1,1.0
13651,2275,6,2,2.0
13652,2275,7,1,2.0
13653,2275,8,0,2.0
13654,2275,9,1,2.0
13655,2275,10,2,2.0
13656,2276,1,1,1.0
13657,2276,2,0,1.0
13658,2276,3,1,1.0
13659,2276,5,1,1.0
13660,2276,7,3,3.0
13661,2276,10,5,5.0
13662,2277,0,0,0.0
13663,2277,1,0,0.0
13664,2277,2,0,0.0
13665,2277,5,0,0.0
13666,2277,6,0,0.0
13667,2277,9,0,0.0
13668,2278,0,0,0.0
13669,2278,3,0,0.0
13670,2278,4,1,1.0
13671,2278,7,2,2.0
13672,2278,9,2,2.0
13673,2278,10,1,2.0
13674,2279,0,0,0.0
13675,2279,3,0,0.0
13676,2279,6,0,0.0
13677,2279,8,0,0.0
13678,2279,9,0,0.0
13679,2279,10,0,0.0
13680,2280,1,0,0.0
13681,2280,4,0,0.0
13682,2280,6,0,0.0
13683,2280,7,0,0.0
13684,2280,8,0,0.0
13685,2280,9,0,0.0
13686,2281,0,0,0.0
13687,2281,1,1,1.0
13688,2281,2,2,2.0
13689,2281,5,5,5.0
13690,2281,8,5,5.0
13691,2281,10,5,5.0
13692,2282,2,2,2.0
13693,2282,4,2,2.0
13694,2282,7,3,3.0
13695,2282,8,2,3.0
13696,2282,9,1,3.0
13697,2282,10,2,3.0
13698,2283,0,0,0.0
13699,2283,1,0,0.0
13700,2283,4,0,0.0
13701,2283,5,1,1.0
13702,2283,8,2,2.0
13703,2283,9,1,2.0
13704,2284,1,0,0.0
13705,2284,2,0,0.0
13706,2284,4,0,0.0
13707,2284,5,0,0.0
13708,2284,7,0,0.0
13709,2284,10,0,0.0
13710,2285,0,0,0.0
13711,2285,2,1,1.0
13712,2285,3,2,2.0
13713,2285,4,3,3.0
13714,2285,5,3,3.0
13715,2285,8,4,4.0
13716,2286,2,0,0.0
13717,2286,3,1,1.0
13718,2286,4,0,1.0
13719,2286,6,0,1.0
13720,2286,7,1,1.0
13721,2286,9,1,1.0
13722,2287,0,0,0.0
13723,2287,2,0,0.0
13724,2287,3,0,0.0
13725,2287,4,0,0.0
13726,2287,7,0,0.0
13727,2287,10,0,0.0
13728,2288,2,0,0.0
13729,2288,5,1,1.0
13730,2288,6,2,2.0
13731,2288,8,2,2.0
13732,2288,9,1,2.0
13733,2288,10,0,2.0
13734,2289,0,0,0.0
13735,2289,1,1,1.0
13736,2289,4,0,1.0
13737,2289,5,1,1.0
13738,2289,8,1,1.0
13739,2289,9,0,1.0
13740,2290,0,0,0.0
13741,2290,1,0,0.0
13742,2290,2,0,0.0
13743,2290,3,0,0.0
13744,2290,6,1,1.0
13745,2290,7,0,1.0
13746,2291,0,0,0.0
13747,2291,2,2,2.0
13748,2291,3,3,3.0
13749,2291,4,2,3.0
13750,2291,6,2,3.0
13751,2291,7,1,3.0
13752,2292,1,1,1.0
13753,2292,2,1,1.0
13754,2292,4,1,1.0
13755,2292,6,1,1.0
13756,2292,9,0,1.0
13757,2292,10,1,1.0
13758,2293,1,0,0.0
13759,2293,3,1,1.0
13760,2293,6,4,4.0
13761,2293,7,4,4.0
13762,2293,9,4,4.0
13763,2293,10,3,4.0
13764,2294,1,1,1.0
13765,2294,2,2,2.0
13766,2294,3,3,3.0
13767,2294,6,5,5.0
13768,2294,7,5,5.0
13769,2294,8,5,5.0
13770,2295,2,2,2.0
13771,2295,3,3,3.0
13772,2295,4,2,3.0
13773,2295,6,2,3.0
13774,2295,8,2,3.0
13775,2295,9,3,3.0
13776,2296,1,0,0.0
13777,2296,2,1,1.0
13778,2296,3,2,2.0
13779,2296,4,1,2.0
13780,2296,6,1,2.0
13781,2296,9,1,2.0
13782,2297,3,0,0.0
13783,2297,4,0,0.0
13784,2297,5,0,0.0
13785,2297,7,0,0.0
13786,2297,8,0,0.0
13787,2297,9,0,0.0
13788,2298,0,0,0.0
13789,2298,4,0,0.0
13790,2298,6,1,1.0
13791,2298,7,1,1.0
13792,2298,8,2,2.0
13793,2298,9,2,2.0
13794,2299,0,0,0.0
13795,2299,3,0,0.0
13796,2299,5,0,0.0
13797,2299,7,0,0.0
13798,2299,8,0,0.0
13799,2299,10,0,0.0
13800,2300,0,0,0.0
13801,2300,2,0,0.0
13802,2300,4,0,0.0
13803,2300,7,1,1.0
13804,2300,8,0,1.0
13805,2300,9,1,1.0
13806,2301,1,0,0.0
13807,2301,2,0,0.0
13808,2301,3,1,1.0
13809,2301,7,1,1.0
13810,2301,8,1,1.0
13811,2301,9,1,1.0
13812,2302,1,1,1.0
13813,2302,2,1,1.0
13814,2302,3,2,2.0
13815,2302,5,3,3.0
13816,2302,8,3,3.0
13817,2302,9,3,3.0
13818,2303,1,0,0.0
13819,2303,2,0,0.0
13820,2303,4,0,0.0
13821,2303,5,0,0.0
13822,2303,7,0,0.0
13823,2303,10,0,0.0
13824,2304,0,0,0.0
13825,2304,1,0,0.0
13826,2304,2,0,0.0
13827,2304,3,0,0.0
13828,2304,8,0,0.0
13829,2304,10,0,0.0
13830,2305,1,1,1.0
13831,2305,2,2,2.0
13832,2305,3,3,3.0
13833,2305,8,4,4.0
13834,2305,9,5,5.0
13835,2305,10,5,5.0
13836,2306,2,2,2.0
13837,2306,3,3,3.0
13838,2306,4,4,4.0
13839,2306,5,3,4.0
13840,2306,8,2,4.0
13841,2306,9,3,4.0
13842,2307,4,0,0.0
13843,2307,5,0,0.0
13844,2307,6,0,0.0
13845,2307,8,0,0.0
13846,2307,9,0,0.0
13847,2307,10,0,0.0
13848,2308,3,1,1.0
13849,2308,5,1,1.0
13850,2308,7,1,1.0
13851,2308,8,0,1.0
13852,2308,9,1,1.0
13853,2308,10,0,1.0
13854,2309,0,0,0.0
13855,2309,1,1,1.0
13856,2309,3,2,2.0
13857,2309,4,1,2.0
13858,2309,7,0,2.0
13859,2309,10,1,2.0
13860,2310,1,0,0.0
13861,2310,2,0,0.0
13862,2310,4,0,0.0
13863,2310,5,0,0.0
13864,2310,7,0,0.0
13865,2310,10,0,0.0
13866,2311,0,0,0.0
13867,2311,2,1,1.0
13868,2311,4,1,1.0
13869,2311,5,2,2.0
13870,2311,7,2,2.0
13871,2311,10,1,2.0
13872,2312,0,0,0.0
13873,2312,2,1,1.0
13874,2312,6,0,1.0
13875,2312,7,1,1.0
13876,2312,9,1,1.0
13877,2312,10,0,1.0
13878,2313,0,0,0.0
13879,2313,2,2,2.0
13880,2313,3,1,2.0
13881,2313,6,1,2.0
13882,2313,9,2,2.0
13883,2313,10,2,2.0
13884,2314,1,1,1.0
13885,2314,4,1,1.0
13886,2314,5,1,1.0
13887,2314,6,1,1.0
13888,2314,9,0,1.0
13889,2314,10,1,1.0
13890,2315,2,0,0.0
13891,2315,3,0,0.0
13892,2315,6,0,0.0
13893,2315,8,0,0.0
13894,2315,9,1,1.0
13895,2315,10,0,1.0
13896,2316,1,1,1.0
13897,2316,3,1,1.0
13898,2316,5,1,1.0
13899,2316,7,1,1.0
13900,2316,8,0,1.0
13901,2316,10,0,1.0
13902,2317,0,0,0.0
13903,2317,1,1,1.0
13904,2317,2,2,2.0
13905,2317,3,1,2.0
13906,2317,8,5,5.0
13907,2317,10,5,5.0
13908,2318,0,0,0.0
13909,2318,1,0,0.0
13910,2318,2,1,1.0
13911,2318,5,4,4.0
13912,2318,9,5,5.0
13913,2318,10,5,5.0
13914,2319,0,0,0.0
13915,2319,2,0,0.0
13916,2319,3,0,0.0
13917,2319,6,0,0.0
13918,2319,7,0,0.0
13919,2319,9,0,0.0
13920,2320,0,0,0.0
13921,2320,1,1,1.0
13922,2320,3,0,1.0
13923,2320,6,0,1.0
13924,2320,8,0,1.0
13925,2320,10,0,1.0
13926,2321,0,0,0.0
13927,2321,4,3,3.0
13928,2321,5,3,3.0
13929,2321,6,3,3.0
13930,2321,7,3,3.0
13931,2321,9,2,3.0
13932,2322,0,0,0.0
13933,2322,1,1,1.0
13934,2322,4,1,1.0
13935,2322,5,2,2.0
13936,2322,8,0,2.0
13937,2322,9,0,2.0
13938,2323,2,0,0.0
13939,2323,3,0,0.0
13940,2323,5,0,0.0
13941,2323,7,0,0.0
13942,2323,8,0,0.0
13943,2323,10,0,0.0
13944,2324,0,0,0.0
13945,2324,2,0,0.0
13946,2324,3,0,0.0
13947,2324,4,0,0.0
13948,2324,8,0,0.0
13949,2324,9,0,0.0
13950,2325,2,2,2.0
13951,2325,4,2,2.0
13952,2325,5,3,3.0
13953,2325,6,4,4.0
13954,2325,8,2,4.0
13955,2325,10,2,4.0
13956,2326,2,2,2.0
13957,2326,5,3,3.0
13958,2326,6,2,3.0
13959,2326,7,1,3.0
13960,2326,9,3,3.0
13961,2326,10,2,3.0
13962,2327,0,0,0.0
13963,2327,1,0,0.0
13964,2327,4,0,0.0
13965,2327,5,0,0.0
13966,2327,6,0,0.0
13967,2327,7,0,0.0
13968,2328,2,0,0.0
13969,2328,3,1,1.0
13970,2328,4,0,1.0
13971,2328,6,0,1.0
13972,2328,8,0,1.0
13973,2328,10,1,1.0
13974,2329,0,0,0.0
13975,2329,1,0,0.0
13976,2329,2,0,0.0
13977,2329,4,0,0.0
13978,2329,7,0,0.0
13979,2329,9,0,0.0
13980,2330,1,1,1.0
13981,2330,2,0,1.0
13982,2330,4,0,1.0
13983,2330,7,1,1.0
13984,2330,8,0,1.0
13985,2330,9,1,1.0
13986,2331,2,0,0.0
13987,2331,4,2,2.0
13988,2331,5,1,2.0
13989,2331,7,1,2.0
13990,2331,8,0,2.0
13991,2331,10,0,2.0
13992,2332,0,0,0.0
13993,2332,1,1,1.0
13994,2332,2,1,1.0
13995,2332,3,0,1.0
13996,2332,5,0,1.0
13997,2332,9,0,1.0
13998,2333,1,0,0.0
13999,2333,3,1,1.0
14000,2333,4,2,2.0
14001,2333,6,1,2.0
14002,2333,8,1,2.0
14003,2333,9,0,2.0
14004,2334,0,0,0.0
14005,2334,1,1,1.0
14006,2334,3,1,1.0
14007,2334,6,2,2.0
14008,2334,7,1,2.0
14009,2334,9,2,2.0
14010,2335,0,0,0.0
14011,2335,3,3,3.0
14012,2335,5,3,3.0
14013,2335,6,3,3.0
14014,2335,7,4,4.0
14015,2335,10,5,5.0
14016,2336,2,2,2.0
14017,2336,5,5,5.0
14018,2336,6,5,5.0
14019,2336,7,5,5.0
14020,2336,9,5,5.0
14021,2336,10,5,5.0
14022,2337,1,1,1.0
14023,2337,3,1,1.0
14024,2337,5,1,1.0
14025,2337,7,1,1.0
14026,2337,8,0,1.0
14027,2337,9,1,1.0
14028,2338,2,0,0.0
14029,2338,4,0,0.0
14030,2338,5,0,0.0
14031,2338,6,0,0.0
14032,2338,8,0,0.0
14033,2338,10,0,0.0
14034,2339,2,2,2.0
14035,2339,3,3,3.0
14036,2339,4,4,4.0
14037,2339,7,5,5.0
14038,2339,9,5,5.0
14039,2339,10,5,5.0
14040,2340,0,0,0.0
14041,2340,1,1,1.0
14042,2340,2,1,1.0
14043,2340,5,3,3.0
14044,2340,6,2,3.0
14045,2340,10,1,3.0
14046,2341,0,0,0.0
14047,2341,1,0,0.0
14048,2341,4,0,0.0
14049,2341,5,0,0.0
14050,2341,6,0,0.0
14051,2341,10,0,0.0
14052,2342,1,1,1.0
14053,2342,3,3,3.0
14054,2342,5,3,3.0
14055,2342,6,4,4.0
14056,2342,7,3,4.0
14057,2342,9,5,5.0
14058,2343,2,1,1.0
14059,2343,3,2,2.0
14060,2343,7,3,3.0
14061,2343,8,2,3.0
14062,2343,9,1,3.0
14063,2343,10,0,3.0
14064,2344,1,1,1.0
14065,2344,4,1,1.0
14066,2344,5,1,1.0
14067,2344,6,2,2.0
14068,2344,7,1,2.0
14069,2344,8,2,2.0
14070,2345,2,0,0.0
14071,2345,4,0,0.0
14072,2345,5,0,0.0
14073,2345,7,0,0.0
14074,2345,8,0,0.0
14075,2345,10,0,0.0
14076,2346,2,2,2.0
14077,2346,5,1,2.0
14078,2346,6,2,2.0
14079,2346,7,1,2.0
14080,2346,9,1,2.0
14081,2346,10,2,2.0
14082,2347,2,0,0.0
14083,2347,3,0,0.0
14084,2347,5,0,0.0
14085,2347,6,0,0.0
14086,2347,7,0,0.0
14087,2347,10,0,0.0
14088,2348,0,0,0.0
14089,2348,2,0,0.0
14090,2348,3,1,1.0
14091,2348,4,1,1.0
14092,2348,8,1,1.0
14093,2348,10,1,1.0
14094,2349,1,0,0.0
14095,2349,4,0,0.0
14096,2349,6,0,0.0
14097,2349,7,0,0.0
14098,2349,8,1,1.0
14099,2349,9,0,1.0
14100,2350,0,0,0.0
14101,2350,1,1,1.0
14102,2350,2,0,1.0
14103,2350,3,1,1.0
14104,2350,9,1,1.0
14105,2350,10,0,1.0
14106,2351,1,1,1.0
14107,2351,2,2,2.0
14108,2351,3,1,2.0
14109,2351,4,0,2.0
14110,2351,5,1,2.0
14111,2351,6,0,2.0
14112,2352,0,0,0.0
14113,2352,2,2,2.0
14114,2352,4,2,2.0
14115,2352,5,1,2.0
14116,2352,6,2,2.0
14117,2352,8,2,2.0
14118,2353,2,2,2.0
14119,2353,3,3,3.0
14120,2353,5,5,5.0
14121,2353,6,5,5.0
14122,2353,8,5,5.0
14123,2353,9,5,5.0
14124,2354,0,0,0.0
14125,2354,1,1,1.0
14126,2354,2,0,1.0
14127,2354,6,1,1.0
14128,2354,9,0,1.0
14129,2354,10,1,1.0
14130,2355,0,0,0.0
14131,2355,2,2,2.0
14132,2355,3,3,3.0
14133,2355,6,5,5.0
14134,2355,9,5,5.0
14135,2355,10,5,5.0
14136,2356,2,0,0.0
14137,2356,3,0,0.0
14138,2356,6,0,0.0
14139,2356,8,0,0.0
14140,2356,9,0,0.0
14141,2356,10,0,0.0
14142,2357,0,0,0.0
14143,2357,3,1,1.0
14144,2357,5,1,1.0
14145,2357,6,1,1.0
14146,2357,9,2,2.0
14147,2357,10,1,2.0
14148,2358,0,0,0.0
14149,2358,1,0,0.0
14150,2358,7,4,4.0
14151,2358,8,3,4.0
14152,2358,9,2,4.0
14153,2358,10,1,4.0
14154,2359,2,2,2.0
14155,2359,3,1,2.0
14156,2359,4,2,2.0
14157,2359,5,3,3.0
14158,2359,7,3,3.0
14159,2359,8,4,4.0
14160,2360,2,0,0.0
14161,2360,3,0,0.0
14162,2360,4,0,0.0
14163,2360,5,0,0.0
14164,2360,8,0,0.0
14165,2360,9,0,0.0
14166,2361,1,1,1.0
14167,2361,4,2,2.0
14168,2361,5,1,2.0
14169,2361,6,2,2.0
14170,2361,7,1,2.0
14171,2361,8,2,2.0
14172,2362,1,0,0.0
14173,2362,2,0,0.0
14174,2362,3,0,0.0
14175,2362,5,0,0.0
14176,2362,6,0,0.0
14177,2362,7,0,0.0
14178,2363,0,0,0.0
14179,2363,2,2,2.0
14180,2363,4,2,2.0
14181,2363,7,1,2.0
14182,2363,8,2,2.0
14183,2363,10,2,2.0
14184,2364,0,0,0.0
14185,2364,1,1,1.0
14186,2364,3,3,3.0
14187,2364,6,5,5.0
14188,2364,7,5,5.0
14189,2364,10,5,5.0
14190,2365,1,1,1.0
14191,2365,3,3,3.0
14192,2365,4,2,3.0
14193,2365,5,3,3.0
14194,2365,6,3,3.0
14195,2365,7,2,3.0
14196,2366,0,0,0.0
14197,2366,1,1,1.0
14198,2366,2,2,2.0
14199,2366,3,3,3.0
14200,2366,5,3,3.0
14201,2366,8,4,4.0
14202,2367,0,0,0.0
14203,2367,1,1,1.0
14204,2367,4,2,2.0
14205,2367,5,1,2.0
14206,2367,6,2,2.0
14207,2367,10,2,2.0
14208,2368,1,0,0.0
14209,2368,5,0,0.0
14210,2368,6,0,0.0
14211,2368,7,0,0.0
14212,2368,8,0,0.0
14213,2368,9,0,0.0
14214,2369,0,0,0.0
14215,2369,2,1,1.0
14216,2369,3,0,1.0
14217,2369,4,1,1.0
14218,2369,6,1,1.0
14219,2369,7,0,1.0
14220,2370,3,2,2.0
14221,2370,6,5,5.0
14222,2370,7,5,5.0
14223,2370,8,5,5.0
14224,2370,9,5,5.0
14225,2370,10,5,5.0
14226,2371,0,0,0.0
14227,2371,1,0,0.0
14228,2371,2,0,0.0
14229,2371,4,0,0.0
14230,2371,7,0,0.0
14231,2371,10,0,0.0
14232,2372,1,0,0.0
14233,2372,3,0,0.0
14234,2372,4,0,0.0
14235,2372,5,0,0.0
14236,2372,8,0,0.0
14237,2372,9,0,0.0
14238,2373,1,1,1.0
14239,2373,6,3,3.0
14240,2373,7,3,3.0
14241,2373,8,3,3.0
14242,2373,9,3,3.0
14243,2373,10,3,3.0
14244,2374,2,0,0.0
14245,2374,3,0,0.0
14246,2374,5,0,0.0
14247,2374,6,0,0.0
14248,2374,7,0,0.0
14249,2374,10,0,0.0
14250,2375,0,0,0.0
14251,2375,1,0,0.0
14252,2375,3,1,1.0
14253,2375,5,3,3.0
14254,2375,6,4,4.0
14255,2375,8,4,4.0
14256,2376,0,0,0.0
14257,2376,2,2,2.0
14258,2376,5,1,2.0
14259,2376,6,2,2.0
14260,2376,7,1,2.0
14261,2376,9,1,2.0
14262,2377,0,0,0.0
14263,2377,1,0,0.0
14264,2377,2,1,1.0
14265,2377,3,1,1.0
14266,2377,4,1,1.0
14267,2377,8,0,1.0
14268,2378,3,1,1.0
14269,2378,4,0,1.0
14270,2378,5,1,1.0
14271,2378,6,0,1.0
14272,2378,8,0,1.0
14273,2378,9,1,1.0
14274,2379,0,0,0.0
14275,2379,1,0,0.0
14276,2379,2,0,0.0
14277,2379,3,0,0.0
14278,2379,6,1,1.0
14279,2379,9,3,3.0
14280,2380,0,0,0.0
14281,2380,3,0,0.0
14282,2380,5,0,0.0
14283,2380,6,0,0.0
14284,2380,8,0,0.0
14285,2380,9,0,0.0
14286,2381,0,0,0.0
14287,2381,2,0,0.0
14288,2381,3,0,0.0
14289,2381,5,0,0.0
14290,2381,7,0,0.0
14291,2381,9,0,0.0
14292,2382,0,0,0.0
14293,2382,3,1,1.0
14294,2382,5,1,1.0
14295,2382,6,0,1.0
14296,2382,7,1,1.0
14297,2382,9,1,1.0
14298,2383,0,0,0.0
14299,2383,1,0,0.0
14300,2383,3,0,0.0
14301,2383,6,0,0.0
14302,2383,7,1,1.0
14303,2383,8,1,1.0
14304,2384,5,1,1.0
14305,2384,6,2,2.0
14306,2384,7,3,3.0
14307,2384,8,2,3.0
14308,2384,9,3,3.0
14309,2384,10,2,3.0
14310,2385,0,0,0.0
14311,2385,2,1,1.0
14312,2385,3,1,1.0
14313,2385,4,1,1.0
14314,2385,8,1,1.0
14315,2385,9,1,1.0
14316,2386,0,0,0.0
14317,2386,1,1,1.0
14318,2386,4,2,2.0
14319,2386,6,4,4.0
14320,2386,9,5,5.0
14321,2386,10,5,5.0
14322,2387,0,0,0.0
14323,2387,2,2,2.0
14324,2387,7,3,3.0
14325,2387,8,4,4.0
14326,2387,9,3,4.0
14327,2387,10,4,4.0
14328,2388,0,0,0.0
14329,2388,1,1,1.0
14330,2388,7,1,1.0
14331,2388,8,0,1.0
14332,2388,9,1,1.0
14333,2388,10,0,1.0
14334,2389,0,0,0.0
14335,2389,4,2,2.0
14336,2389,6,4,4.0
14337,2389,7,3,4.0
14338,2389,9,2,4.0
14339,2389,10,3,4.0
14340,2390,0,0,0.0
14341,2390,1,1,1.0
14342,2390,2,2,2.0
14343,2390,4,1,2.0
14344,2390,6,2,2.0
14345,2390,7,3,3.0
14346,2391,0,0,0.0
14347,2391,2,1,1.0
14348,2391,3,0,1.0
14349,2391,4,1,1.0
14350,2391,5,0,1.0
14351,2391,9,1,1.0
14352,2392,0,0,0.0
14353,2392,2,2,2.0
14354,2392,3,1,2.0
14355,2392,5,1,2.0
14356,2392,9,1,2.0
14357,2392,10,2,2.0
14358,2393,0,0,0.0
14359,2393,2,2,2.0
14360,2393,6,2,2.0
14361,2393,7,2,2.0
14362,2393,8,1,2.0
14363,2393,10,1,2.0
14364,2394,1,0,0.0
14365,2394,2,0,0.0
14366,2394,4,0,0.0
14367,2394,7,1,1.0
14368,2394,9,1,1.0
14369,2394,10,0,1.0
14370,2395,2,0,0.0
14371,2395,5,1,1.0
14372,2395,6,1,1.0
14373,2395,7,1,1.0
14374,2395,8,0,1.0
14375,2395,9,1,1.0
14376,2396,0,0,0.0
14377,2396,2,2,2.0
14378,2396,6,0,2.0
14379,2396,7,1,2.0
14380,2396,9,1,2.0
14381,2396,10,2,2.0
14382,2397,0,0,0.0
14383,2397,4,0,0.0
14384,2397,5,0,0.0
14385,2397,7,0,0.0
14386,2397,9,0,0.0
14387,2397,10,0,0.0
14388,2398,1,1,1.0
14389,2398,4,0,1.0
14390,2398,6,0,1.0
14391,2398,7,1,1.0
14392,2398,8,0,1.0
14393,2398,10,0,1.0
14394,2399,0,0,0.0
14395,2399,3,1,1.0
14396,2399,6,2,2.0
14397,2399,7,3,3.0
14398,2399,9,5,5.0
14399,2399,10,5,5.0
14400,2400,1,0,0.0
14401,2400,4,0,0.0
14402,2400,5,0,0.0
14403,2400,8,1,1.0
14404,2400,9,0,1.0
14405,2400,10,0,1.0
14406,2401,1,0,0.0
14407,2401,2,0,0.0
14408,2401,3,0,0.0
14409,2401,5,0,0.0
14410,2401,8,0,0.0
14411,2401,10,0,0.0
14412,2402,0,0,0.0
14413,2402,5,1,1.0
14414,2402,6,0,1.0
14415,2402,7,0,1.0
14416,2402,9,0,1.0
14417,2402,10,1,1.0
14418,2403,0,0,0.0
14419,2403,1,1,1.0
14420,2403,3,1,1.0
14421,2403,7,1,1.0
14422,2403,9,1,1.0
14423,2403,10,2,2.0
14424,2404,1,1,1.0
14425,2404,3,1,1.0
14426,2404,4,0,1.0
14427,2404,5,1,1.0
14428,2404,8,0,1.0
14429,2404,9,1,1.0
14430,2405,0,0,0.0
14431,2405,1,0,0.0
14432,2405,5,4,4.0
14433,2405,6,5,5.0
14434,2405,7,5,5.0
14435,2405,10,5,5.0
14436,2406,0,0,0.0
14437,2406,1,1,1.0
14438,2406,4,2,2.0
14439,2406,7,1,2.0
14440,2406,9,3,3.0
14441,2406,10,2,3.0
14442,2407,0,0,0.0
14443,2407,1,1,1.0
14444,2407,2,1,1.0
14445,2407,4,0,1.0
14446,2407,7,1,1.0
14447,2407,10,1,1.0
14448,2408,0,0,0.0
14449,2408,1,1,1.0
14450,2408,2,2,2.0
14451,2408,3,3,3.0
14452,2408,8,2,3.0
14453,2408,9,3,3.0
14454,2409,0,0,0.0
14455,2409,1,1,1.0
14456,2409,4,1,1.0
14457,2409,6,1,1.0
14458,2409,7,0,1.0
14459,2409,9,0,1.0
14460,2410,0,0,0.0
14461,2410,1,1,1.0
14462,2410,2,0,1.0
14463,2410,5,1,1.0
14464,2410,9,1,1.0
14465,2410,10,1,1.0
14466,2411,2,2,2.0
14467,2411,3,3,3.0
14468,2411,4,2,3.0
14469,2411,5,3,3.0
14470,2411,7,3,3.0
14471,2411,8,2,3.0
14472,2412,5,1,1.0
14473,2412,6,0,1.0
14474,2412,7,1,1.0
14475,2412,8,2,2.0
14476,2412,9,1,2.0
14477,2412,10,2,2.0
14478,2413,1,1,1.0
14479,2413,2,0,1.0
14480,2413,3,1,1.0
14481,2413,7,1,1.0
14482,2413,9,1,1.0
14483,2413,10,0,1.0
14484,2414,3,1,1.0
14485,2414,4,1,1.0
14486,2414,6,1,1.0
14487,2414,7,1,1.0
14488,2414,8,1,1.0
14489,2414,9,2,2.0
14490,2415,0,0,0.0
14491,2415,1,1,1.0
14492,2415,3,3,3.0
14493,2415,4,3,3.0
14494,2415,8,3,3.0
14495,2415,9,2,3.0
14496,2416,1,1,1.0
14497,2416,2,2,2.0
14498,2416,4,2,2.0
14499,2416,7,1,2.0
14500,2416,8,2,2.0
14501,2416,9,1,2.0
14502,2417,0,0,0.0
14503,2417,2,1,1.0
14504,2417,5,1,1.0
14505,2417,6,1,1.0
14506,2417,8,1,1.0
14507,2417,9,1,1.0
14508,2418,2,0,0.0
14509,2418,6,0,0.0
14510,2418,7,0,0.0
14511,2418,8,0,0.0
14512,2418,9,0,0.0
14513,2418,10,0,0.0
14514,2419,1,1,1.0
14515,2419,2,2,2.0
14516,2419,3,1,2.0
14517,2419,4,2,2.0
14518,2419,5,3,3.0
14519,2419,10,2,3.0
14520,2420,1,0,0.0
14521,2420,2,1,1.0
14522,2420,4,1,1.0
14523,2420,6,1,1.0
14524,2420,7,2,2.0
14525,2420,10,3,3.0
14526,2421,2,2,2.0
14527,2421,3,3,3.0
14528,2421,5,3,3.0
14529,2421,6,3,3.0
14530,2421,9,4,4.0
14531,2421,10,3,4.0
14532,2422,0,0,0.0
14533,2422,1,1,1.0
14534,2422,2,2,2.0
14535,2422,3,3,3.0
14536,2422,7,3,3.0
14537,2422,8,3,3.0
14538,2423,2,0,0.0
14539,2423,3,1,1.0
14540,2423,7,1,1.0
14541,2423,8,2,2.0
14542,2423,9,2,2.0
14543,2423,10,1,2.0
14544,2424,1,1,1.0
14545,2424,3,2,2.0
14546,2424,4,3,3.0
14547,2424,5,4,4.0
14548,2424,7,5,5.0
14549,2424,10,5,5.0
14550,2425,0,0,0.0
14551,2425,1,1,1.0
14552,2425,5,3,3.0
14553,2425,7,5,5.0
14554,2425,9,5,5.0
14555,2425,10,5,5.0
14556,2426,2,0,0.0
14557,2426,5,0,0.0
14558,2426,6,0,0.0
14559,2426,7,0,0.0
14560,2426,8,0,0.0
14561,2426,10,0,0.0
14562,2427,4,2,2.0
14563,2427,5,1,2.0
14564,2427,7,1,2.0
14565,2427,8,1,2.0
14566,2427,9,1,2.0
14567,2427,10,1,2.0
14568,2428,0,0,0.0
14569,2428,3,0,0.0
14570,2428,4,0,0.0
14571,2428,5,0,0.0
14572,2428,6,0,0.0
14573,2428,8,0,0.0
14574,2429,0,0,0.0
14575,2429,2,0,0.0
14576,2429,5,1,1.0
14577,2429,6,2,2.0
14578,2429,8,4,4.0
14579,2429,10,4,4.0
14580,2430,2,0,0.0
14581,2430,3,1,1.0
14582,2430,4,0,1.0
14583,2430,5,1,1.0
14584,2430,7,1,1.0
14585,2430,9,1,1.0
14586,2431,1,1,1.0
14587,2431,3,3,3.0
14588,2431,4,2,3.0
14589,2431,5,3,3.0
14590,2431,8,2,3.0
14591,2431,9,3,3.0
14592,2432,1,0,0.0
14593,2432,4,0,0.0
14594,2432,6,0,0.0
14595,2432,7,0,0.0
14596,2432,8,0,0.0
14597,2432,10,0,0.0
14598,2433,0,0,0.0
14599,2433,2,0,0.0
14600,2433,3,0,0.0
14601,2433,4,0,0.0
14602,2433,6,0,0.0
14603,2433,9,0,0.0
14604,2434,0,0,0.0
14605,2434,1,0,0.0
14606,2434,2,0,0.0
14607,2434,3,0,0.0
14608,2434,4,0,0.0
14609,2434,8,1,1.0
14610,2435,0,0,0.0
14611,2435,2,0,0.0
14612,2435,4,0,0.0
14613,2435,5,1,1.0
14614,2435,7,1,1.0
14615,2435,10,2,2.0
14616,2436,0,0,0.0
14617,2436,3,3,3.0
14618,2436,4,4,4.0
14619,2436,6,5,5.0
14620,2436,7,5,5.0
14621,2436,10,5,5.0
14622,2437,0,0,0.0
14623,2437,1,1,1.0
14624,2437,4,3,3.0
14625,2437,5,4,4.0
14626,2437,7,5,5.0
14627,2437,10,5,5.0
14628,2438,1,0,0.0
14629,2438,2,1,1.0
14630,2438,4,1,1.0
14631,2438,8,0,1.0
14632,2438,9,0,1.0
14633,2438,10,0,1.0
14634,2439,1,0,0.0
14635,2439,3,0,0.0
14636,2439,5,0,0.0
14637,2439,7,1,1.0
14638,2439,8,1,1.0
14639,2439,10,1,1.0
14640,2440,0,0,0.0
14641,2440,1,1,1.0
14642,2440,2,2,2.0
14643,2440,5,4,4.0
14644,2440,6,5,5.0
14645,2440,8,5,5.0
14646,2441,0,0,0.0
14647,2441,1,1,1.0
14648,2441,3,1,1.0
14649,2441,5,3,3.0
14650,2441,6,4,4.0
14651,2441,8,4,4.0
14652,2442,1,1,1.0
14653,2442,2,2,2.0
14654,2442,6,4,4.0
14655,2442,7,4,4.0
14656,2442,8,4,4.0
14657,2442,10,4,4.0
14658,2443,1,0,0.0
14659,2443,2,0,0.0
14660,2443,3,0,0.0
14661,2443,4,0,0.0
14662,2443,8,0,0.0
14663,2443,10,0,0.0
14664,2444,0,0,0.0
14665,2444,2,2,2.0
14666,2444,3,1,2.0
14667,2444,5,3,3.0
14668,2444,7,3,3.0
14669,2444,10,5,5.0
14670,2445,0,0,0.0
14671,2445,1,1,1.0
14672,2445,4,2,2.0
14673,2445,5,2,2.0
14674,2445,7,1,2.0
14675,2445,8,2,2.0
14676,2446,0,0,0.0
14677,2446,1,1,1.0
14678,2446,2,2,2.0
14679,2446,4,2,2.0
14680,2446,5,3,3.0
14681,2446,10,4,4.0
14682,2447,2,0,0.0
14683,2447,3,1,1.0
14684,2447,4,0,1.0
14685,2447,5,1,1.0
14686,2447,8,0,1.0
14687,2447,9,1,1.0
14688,2448,0,0,0.0
14689,2448,2,0,0.0
14690,2448,3,0,0.0
14691,2448,5,0,0.0
14692,2448,8,1,1.0
14693,2448,10,1,1.0
14694,2449,2,2,2.0
14695,2449,3,3,3.0
14696,2449,5,1,3.0
14697,2449,7,1,3.0
14698,2449,8,2,3.0
14699,2449,10,2,3.0
14700,2450,0,0,0.0
14701,2450,3,0,0.0
14702,2450,5,2,2.0
14703,2450,7,1,2.0
14704,2450,8,1,2.0
14705,2450,9,1,2.0
14706,2451,0,0,0.0
14707,2451,3,1,1.0
14708,2451,5,3,3.0
14709,2451,6,2,3.0
14710,2451,9,3,3.0
14711,2451,10,4,4.0
14712,2452,0,0,0.0
14713,2452,4,0,0.0
14714,2452,6,2,2.0
14715,2452,7,1,2.0
14716,2452,9,3,3.0
14717,2452,10,3,3.0
14718,2453,1,1,1.0
14719,2453,4,1,1.0
14720,2453,5,1,1.0
14721,2453,6,1,1.0
14722,2453,7,1,1.0
14723,2453,8,1,1.0
14724,2454,0,0,0.0
14725,2454,1,1,1.0
14726,2454,2,0,1.0
14727,2454,5,1,1.0
14728,2454,6,1,1.0
14729,2454,9,3,3.0
14730,2455,1,1,1.0
14731,2455,4,2,2.0
14732,2455,6,2,2.0
14733,2455,7,3,3.0
14734,2455,9,5,5.0
14735,2455,10,5,5.0
14736,2456,0,0,0.0
14737,2456,1,0,0.0
14738,2456,4,0,0.0
14739,2456,6,0,0.0
14740,2456,7,0,0.0
14741,2456,9,0,0.0
14742,2457,0,0,0.0
14743,2457,1,1,1.0
14744,2457,6,0,1.0
14745,2457,7,1,1.0
14746,2457,8,2,2.0
14747,2457,10,1,2.0
14748,2458,3,1,1.0
14749,2458,4,0,1.0
14750,2458,5,0,1.0
14751,2458,7,1,1.0
14752,2458,8,2,2.0
14753,2458,10,0,2.0
14754,2459,0,0,0.0
14755,2459,1,1,1.0
14756,2459,2,1,1.0
14757,2459,3,2,2.0
14758,2459,8,5,5.0
14759,2459,9,5,5.0
14760,2460,1,0,0.0
14761,2460,4,1,1.0
14762,2460,5,0,1.0
14763,2460,8,1,1.0
14764,2460,9,0,1.0
14765,2460,10,0,1.0
14766,2461,0,0,0.0
14767,2461,3,0,0.0
14768,2461,4,0,0.0
14769,2461,6,0,0.0
14770,2461,7,0,0.0
14771,2461,8,0,0.0
14772,2462,0,0,0.0
14773,2462,1,0,0.0
14774,2462,3,1,1.0
14775,2462,4,2,2.0
14776,2462,5,3,3.0
14777,2462,8,5,5.0
14778,2463,1,0,0.0
14779,2463,3,0,0.0
14780,2463,4,0,0.0
14781,2463,7,0,0.0
14782,2463,8,0,0.0
14783,2463,10,0,0.0
14784,2464,2,1,1.0
14785,2464,3,1,1.0
14786,2464,5,1,1.0
14787,2464,7,1,1.0
14788,2464,8,2,2.0
14789,2464,9,1,2.0
14790,2465,0,0,0.0
14791,2465,1,1,1.0
14792,2465,4,2,2.0
14793,2465,7,1,2.0
14794,2465,8,2,2.0
14795,2465,9,3,3.0
14796,2466,0,0,0.0
14797,2466,1,1,1.0
14798,2466,2,0,1.0
14799,2466,6,0,1.0
14800,2466,7,1,1.0
14801,2466,9,3,3.0
14802,2467,0,0,0.0
14803,2467,1,1,1.0
14804,2467,4,0,1.0
14805,2467,6,1,1.0
14806,2467,7,0,1.0
14807,2467,10,2,2.0
14808,2468,0,0,0.0
14809,2468,2,0,0.0
14810,2468,3,1,1.0
14811,2468,6,3,3.0
14812,2468,7,4,4.0
14813,2468,10,5,5.0
14814,2469,0,0,0.0
14815,2469,3,0,0.0
14816,2469,5,0,0.0
14817,2469,6,0,0.0
14818,2469,8,0,0.0
14819,2469,10,0,0.0
14820,2470,1,1,1.0
14821,2470,3,1,1.0
14822,2470,4,2,2.0
14823,2470,6,2,2.0
14824,2470,7,3,3.0
14825,2470,10,2,3.0
14826,2471,1,0,0.0
14827,2471,4,2,2.0
14828,2471,7,4,4.0
14829,2471,8,4,4.0
14830,2471,9,3,4.0
14831,2471,10,2,4.0
14832,2472,0,0,0.0
14833,2472,1,0,0.0
14834,2472,4,1,1.0
14835,2472,8,3,3.0
14836,2472,9,2,3.0
14837,2472,10,1,3.0
14838,2473,0,0,0.0
14839,2473,1,1,1.0
14840,2473,4,1,1.0
14841,2473,5,1,1.0
14842,2473,6,1,1.0
14843,2473,10,0,1.0
14844,2474,1,1,1.0
14845,2474,2,1,1.0
14846,2474,3,2,2.0
14847,2474,5,4,4.0
14848,2474,6,4,4.0
14849,2474,10,1,4.0
14850,2475,1,1,1.0
14851,2475,3,1,1.0
14852,2475,4,0,1.0
14853,2475,6,0,1.0
14854,2475,8,1,1.0
14855,2475,9,0,1.0
14856,2476,0,0,0.0
14857,2476,3,1,1.0
14858,2476,5,1,1.0
14859,2476,7,1,1.0
14860,2476,8,0,1.0
14861,2476,10,1,1.0
14862,2477,2,0,0.0
14863,2477,3,0,0.0
14864,2477,4,0,0.0
14865,2477,6,0,0.0
14866,2477,8,0,0.0
14867,2477,9,0,0.0
14868,2478,1,0,0.0
14869,2478,4,0,0.0
14870,2478,5,0,0.0
14871,2478,6,0,0.0
14872,2478,8,0,0.0
14873,2478,9,0,0.0
14874,2479,0,0,0.0
14875,2479,1,1,1.0
14876,2479,2,1,1.0
14877,2479,3,2,2.0
14878,2479,5,2,2.0
14879,2479,8,1,2.0
14880,2480,1,1,1.0
14881,2480,2,0,1.0
14882,2480,5,2,2.0
14883,2480,7,0,2.0
14884,2480,8,1,2.0
14885,2480,10,0,2.0
14886,2481,0,0,0.0
14887,2481,1,0,0.0
14888,2481,3,2,2.0
14889,2481,5,3,3.0
14890,2481,7,3,3.0
14891,2481,10,2,3.0
14892,2482,1,0,0.0
14893,2482,3,0,0.0
14894,2482,4,0,0.0
14895,2482,5,0,0.0
14896,2482,6,0,0.0
14897,2482,8,0,0.0
14898,2483,0,0,0.0
14899,2483,5,1,1.0
14900,2483,6,2,2.0
14901,2483,7,3,3.0
14902,2483,8,2,3.0
14903,2483,9,3,3.0
14904,2484,0,0,0.0
14905,2484,2,1,1.0
14906,2484,4,1,1.0
14907,2484,5,1,1.0
14908,2484,9,1,1.0
14909,2484,10,0,1.0
14910,2485,0,0,0.0
14911,2485,1,1,1.0
14912,2485,2,2,2.0
14913,2485,3,1,2.0
14914,2485,4,2,2.0
14915,2485,10,1,2.0
14916,2486,0,0,0.0
14917,2486,1,1,1.0
14918,2486,2,2,2.0
14919,2486,6,2,2.0
14920,2486,7,1,2.0
14921,2486,9,1,2.0
14922,2487,0,0,0.0
14923,2487,4,2,2.0
14924,2487,5,3,3.0
14925,2487,6,2,3.0
14926,2487,8,2,3.0
14927,2487,10,2,3.0
14928,2488,2,0,0.0
14929,2488,4,0,0.0
14930,2488,6,0,0.0
14931,2488,7,0,0.0
14932,2488,8,0,0.0
14933,2488,9,0,0.0
14934,2489,0,0,0.0
14935,2489,1,1,1.0
14936,2489,2,2,2.0
14937,2489,3,1,2.0
14938,2489,5,3,3.0
14939,2489,9,3,3.0
14940,2490,2,0,0.0
14941,2490,3,1,1.0
14942,2490,5,1,1.0
14943,2490,7,1,1.0
14944,2490,8,0,1.0
14945,2490,9,1,1.0
14946,2491,0,0,0.0
14947,2491,2,2,2.0
14948,2491,5,4,4.0
14949,2491,7,5,5.0
14950,2491,9,5,5.0
14951,2491,10,5,5.0
14952,2492,0,0,0.0
14953,2492,2,1,1.0
14954,2492,3,2,2.0
14955,2492,6,2,2.0
14956,2492,8,4,4.0
14957,2492,9,3,4.0
14958,2493,0,0,0.0
14959,2493,4,0,0.0
14960,2493,5,1,1.0
14961,2493,6,0,1.0
14962,2493,8,0,1.0
14963,2493,10,0,1.0
14964,2494,0,0,0.0
14965,2494,1,1,1.0
14966,2494,2,2,2.0
14967,2494,3,3,3.0
14968,2494,6,5,5.0
14969,2494,7,5,5.0
14970,2495,0,0,0.0
14971,2495,2,2,2.0
14972,2495,3,3,3.0
14973,2495,5,3,3.0
14974,2495,7,3,3.0
14975,2495,8,4,4.0
14976,2496,0,0,0.0
14977,2496,2,2,2.0
14978,2496,4,2,2.0
14979,2496,5,3,3.0
14980,2496,6,4,4.0
14981,2496,7,5,5.0
14982,2497,0,0,0.0
14983,2497,3,0,0.0
14984,2497,4,0,0.0
14985,2497,7,0,0.0
14986,2497,9,0,0.0
14987,2497,10,0,0.0
14988,2498,2,0,0.0
14989,2498,3,0,0.0
14990,2498,4,0,0.0
14991,2498,6,0,0.0
14992,2498,9,0,0.0
14993,2498,10,0,0.0
14994,2499,0,0,0.0
14995,2499,1,0,0.0
14996,2499,3,0,0.0
14997,2499,4,0,0.0
14998,2499,7,0,0.0
14999,2499,8,0,0.0
15000,2500,1,1,1.0
15001,2500,3,3,3.0
15002,2500,4,4,4.0
15003,2500,5,3,4.0
15004,2500,6,4,4.0
15005,2500,8,5,5.0
15006,2501,0,0,0.0
15007,2501,1,0,0.0
15008,2501,2,0,0.0
15009,2501,3,0,0.0
15010,2501,4,0,0.0
15011,2501,9,0,0.0
15012,2502,2,0,0.0
15013,2502,3,0,0.0
15014,2502,4,0,0.0
15015,2502,5,0,0.0
15016,2502,6,0,0.0
15017,2502,10,0,0.0
15018,2503,0,0,0.0
15019,2503,1,0,0.0
15020,2503,2,0,0.0
15021,2503,5,0,0.0
15022,2503,6,0,0.0
15023,2503,7,0,0.0
15024,2504,1,1,1.0
15025,2504,2,0,1.0
15026,2504,6,0,1.0
15027,2504,7,1,1.0
15028,2504,8,2,2.0
15029,2504,10,0,2.0
15030,2505,1,1,1.0
15031,2505,2,2,2.0
15032,2505,5,3,3.0
15033,2505,7,3,3.0
15034,2505,8,2,3.0
15035,2505,9,3,3.0
15036,2506,3,0,0.0
15037,2506,4,1,1.0
15038,2506,5,0,1.0
15039,2506,6,1,1.0
15040,2506,9,2,2.0
15041,2506,10,3,3.0
15042,2507,2,2,2.0
15043,2507,3,3,3.0
15044,2507,4,3,3.0
15045,2507,6,3,3.0
15046,2507,9,3,3.0
15047,2507,10,3,3.0
15048,2508,0,0,0.0
15049,2508,3,0,0.0
15050,2508,4,1,1.0
15051,2508,6,1,1.0
15052,2508,8,1,1.0
15053,2508,10,1,1.0
15054,2509,0,0,0.0
15055,2509,1,1,1.0
15056,2509,2,2,2.0
15057,2509,3,1,2.0
15058,2509,4,2,2.0
15059,2509,10,2,2.0
15060,2510,0,0,0.0
15061,2510,1,0,0.0
15062,2510,3,0,0.0
15063,2510,4,0,0.0
15064,2510,7,0,0.0
15065,2510,8,1,1.0
15066,2511,3,1,1.0
15067,2511,4,2,2.0
15068,2511,5,1,2.0
15069,2511,6,2,2.0
15070,2511,8,2,2.0
15071,2511,10,0,2.0
15072,2512,1,1,1.0
15073,2512,2,2,2.0
15074,2512,5,1,2.0
15075,2512,6,2,2.0
15076,2512,8,2,2.0
15077,2512,10,2,2.0
15078,2513,0,0,0.0
15079,2513,5,0,0.0
15080,2513,6,0,0.0
15081,2513,7,0,0.0
15082,2513,8,0,0.0
15083,2513,9,0,0.0
15084,2514,3,3,3.0
15085,2514,6,2,3.0
15086,2514,7,3,3.0
15087,2514,8,4,4.0
15088,2514,9,3,4.0
15089,2514,10,4,4.0
15090,2515,0,0,0.0
15091,2515,1,1,1.0
15092,2515,4,4,4.0
15093,2515,5,3,4.0
15094,2515,8,5,5.0
15095,2515,10,5,5.0
15096,2516,2,0,0.0
15097,2516,4,0,0.0
15098,2516,5,0,0.0
15099,2516,6,0,0.0
15100,2516,7,0,0.0
15101,2516,9,0,0.0
15102,2517,1,0,0.0
15103,2517,2,0,0.0
15104,2517,3,0,0.0
15105,2517,7,0,0.0
15106,2517,8,0,0.0
15107,2517,10,0,0.0
15108,2518,1,1,1.0
15109,2518,3,3,3.0
15110,2518,5,5,5.0
15111,2518,6,5,5.0
15112,2518,9,5,5.0
15113,2518,10,5,5.0
15114,2519,2,0,0.0
15115,2519,3,0,0.0
15116,2519,5,0,0.0
15117,2519,6,0,0.0
15118,2519,9,0,0.0
15119,2519,10,0,0.0
15120,2520,1,1,1.0
15121,2520,4,2,2.0
15122,2520,6,2,2.0
15123,2520,7,1,2.0
15124,2520,9,1,2.0
15125,2520,10,0,2.0
15126,2521,2,2,2.0
15127,2521,3,3,3.0
15128,2521,4,4,4.0
15129,2521,5,3,4.0
15130,2521,7,3,4.0
15131,2521,10,5,5.0
15132,2522,0,0,0.0
15133,2522,1,0,0.0
15134,2522,2,0,0.0
15135,2522,5,0,0.0
15136,2522,6,0,0.0
15137,2522,9,1,1.0
15138,2523,1,0,0.0
15139,2523,3,2,2.0
15140,2523,5,4,4.0
15141,2523,6,4,4.0
15142,2523,7,4,4.0
15143,2523,8,4,4.0
15144,2524,0,0,0.0
15145,2524,1,1,1.0
15146,2524,3,3,3.0
15147,2524,5,3,3.0
15148,2524,6,2,3.0
15149,2524,7,1,3.0
15150,2525,0,0,0.0
15151,2525,1,1,1.0
15152,2525,2,2,2.0
15153,2525,5,1,2.0
15154,2525,6,2,2.0
15155,2525,8,2,2.0
15156,2526,1,1,1.0
15157,2526,4,1,1.0
15158,2526,6,1,1.0
15159,2526,7,0,1.0
15160,2526,8,1,1.0
15161,2526,9,0,1.0
15162,2527,0,0,0.0
15163,2527,1,0,0.0
15164,2527,2,0,0.0
15165,2527,7,0,0.0
15166,2527,8,0,0.0
15167,2527,9,0,0.0
15168,2528,0,0,0.0
15169,2528,1,1,1.0
15170,2528,3,1,1.0
15171,2528,5,1,1.0
15172,2528,6,1,1.0
15173,2528,9,1,1.0
15174,2529,0,0,0.0
15175,2529,2,0,0.0
15176,2529,4,0,0.0
15177,2529,6,0,0.0
15178,2529,7,0,0.0
15179,2529,8,0,0.0
15180,2530,0,0,0.0
15181,2530,2,0,0.0
15182,2530,4,0,0.0
15183,2530,5,0,0.0
15184,2530,7,0,0.0
15185,2530,9,0,0.0
15186,2531,0,0,0.0
15187,2531,3,1,1.0
15188,2531,4,2,2.0
15189,2531,5,1,2.0
15190,2531,9,3,3.0
15191,2531,10,4,4.0
15192,2532,3,0,0.0
15193,2532,4,1,1.0
15194,2532,5,0,1.0
15195,2532,7,0,1.0
15196,2532,9,0,1.0
15197,2532,10,0,1.0
15198,2533,1,1,1.0
15199,2533,2,2,2.0
15200,2533,5,1,2.0
15201,2533,7,1,2.0
15202,2533,9,1,2.0
15203,2533,10,2,2.0
15204,2534,1,0,0.0
15205,2534,2,0,0.0
15206,2534,6,1,1.0
15207,2534,7,2,2.0
15208,2534,8,3,3.0
15209,2534,10,3,3.0
15210,2535,1,1,1.0
15211,2535,2,2,2.0
15212,2535,4,0,2.0
15213,2535,6,0,2.0
15214,2535,9,0,2.0
15215,2535,10,0,2.0
15216,2536,1,1,1.0
15217,2536,2,0,1.0
15218,2536,3,1,1.0
15219,2536,4,0,1.0
15220,2536,6,1,1.0
15221,2536,7,0,1.0
15222,2537,3,2,2.0
15223,2537,5,2,2.0
15224,2537,6,2,2.0
15225,2537,7,2,2.0
15226,2537,8,1,2.0
15227,2537,9,2,2.0
15228,2538,3,0,0.0
15229,2538,4,0,0.0
15230,2538,5,0,0.0
15231,2538,8,0,0.0
15232,2538,9,0,0.0
15233,2538,10,1,1.0
15234,2539,0,0,0.0
15235,2539,1,1,1.0
15236,2539,2,0,1.0
15237,2539,5,3,3.0
15238,2539,8,2,3.0
15239,2539,10,4,4.0
15240,2540,0,0,0.0
15241,2540,2,0,0.0
15242,2540,3,1,1.0
15243,2540,4,0,1.0
15244,2540,9,1,1.0
15245,2540,10,0,1.0
15246,2541,2,0,0.0
15247,2541,3,1,1.0
15248,2541,4,0,1.0
15249,2541,5,0,1.0
15250,2541,9,1,1.0
15251,2541,10,0,1.0
15252,2542,1,1,1.0
15253,2542,2,2,2.0
15254,2542,3,1,2.0
15255,2542,6,4,4.0
15256,2542,7,3,4.0
15257,2542,10,2,4.0
15258,2543,0,0,0.0
15259,2543,1,0,0.0
15260,2543,3,1,1.0
15261,2543,4,1,1.0
15262,2543,6,1,1.0
15263,2543,10,1,1.0
15264,2544,0,0,0.0
15265,2544,1,0,0.0
15266,2544,2,0,0.0
15267,2544,6,0,0.0
15268,2544,7,0,0.0
15269,2544,10,0,0.0
15270,2545,1,0,0.0
15271,2545,2,1,1.0
15272,2545,4,1,1.0
15273,2545,5,1,1.0
15274,2545,7,1,1.0
15275,2545,10,2,2.0
15276,2546,0,0,0.0
15277,2546,1,1,1.0
15278,2546,4,0,1.0
15279,2546,7,0,1.0
15280,2546,8,1,1.0
15281,2546,10,0,1.0
15282,2547,1,1,1.0
15283,2547,4,0,1.0
15284,2547,5,1,1.0
15285,2547,6,2,2.0
15286,2547,8,0,2.0
15287,2547,9,1,2.0
15288,2548,1,1,1.0
15289,2548,2,0,1.0
15290,2548,3,1,1.0
15291,2548,4,2,2.0
15292,2548,7,3,3.0
15293,2548,9,3,3.0
15294,2549,0,0,0.0
15295,2549,2,1,1.0
15296,2549,4,2,2.0
15297,2549,7,2,2.0
15298,2549,8,3,3.0
15299,2549,9,2,3.0
15300,2550,1,0,0.0
15301,2550,3,0,0.0
15302,2550,4,0,0.0
15303,2550,5,0,0.0
15304,2550,7,0,0.0
15305,2550,9,0,0.0
15306,2551,1,0,0.0
15307,2551,3,0,0.0
15308,2551,4,0,0.0
15309,2551,7,0,0.0
15310,2551,9,1,1.0
15311,2551,10,0,1.0
15312,2552,0,0,0.0
15313,2552,2,1,1.0
15314,2552,3,2,2.0
15315,2552,5,4,4.0
15316,2552,7,5,5.0
15317,2552,10,5,5.0
15318,2553,2,0,0.0
15319,2553,3,0,0.0
15320,2553,5,0,0.0
15321,2553,6,0,0.0
15322,2553,7,0,0.0
15323,2553,10,0,0.0
15324,2554,1,1,1.0
15325,2554,2,0,1.0
15326,2554,3,1,1.0
15327,2554,5,1,1.0
15328,2554,8,2,2.0
15329,2554,10,2,2.0
15330,2555,2,1,1.0
15331,2555,3,0,1.0
15332,2555,6,0,1.0
15333,2555,7,1,1.0
15334,2555,9,1,1.0
15335,2555,10,1,1.0
15336,2556,0,0,0.0
15337,2556,2,0,0.0
15338,2556,3,0,0.0
15339,2556,6,0,0.0
15340,2556,9,0,0.0
15341,2556,10,0,0.0
15342,2557,1,0,0.0
15343,2557,3,0,0.0
15344,2557,5,0,0.0
15345,2557,6,0,0.0
15346,2557,7,0,0.0
15347,2557,8,0,0.0
15348,2558,0,0,0.0
15349,2558,2,2,2.0
15350,2558,4,2,2.0
15351,2558,6,2,2.0
15352,2558,7,3,3.0
15353,2558,10,2,3.0
15354,2559,0,0,0.0
15355,2559,3,3,3.0
15356,2559,4,2,3.0
15357,2559,5,3,3.0
15358,2559,7,5,5.0
15359,2559,9,5,5.0
15360,2560,0,0,0.0
15361,2560,1,1,1.0
15362,2560,5,1,1.0
15363,2560,6,0,1.0
15364,2560,7,1,1.0
15365,2560,10,1,1.0
15366,2561,1,1,1.0
15367,2561,2,2,2.0
15368,2561,3,1,2.0
15369,2561,4,2,2.0
15370,2561,6,2,2.0
15371,2561,9,1,2.0
15372,2562,0,0,0.0
15373,2562,1,1,1.0
15374,2562,4,2,2.0
15375,2562,6,2,2.0
15376,2562,8,0,2.0
15377,2562,10,1,2.0
15378,2563,0,0,0.0
15379,2563,2,2,2.0
15380,2563,3,1,2.0
15381,2563,6,2,2.0
15382,2563,7,1,2.0
15383,2563,8,2,2.0
15384,2564,0,0,0.0
15385,2564,1,1,1.0
15386,2564,5,5,5.0
15387,2564,6,5,5.0
15388,2564,7,5,5.0
15389,2564,9,5,5.0
15390,2565,0,0,0.0
15391,2565,2,2,2.0
15392,2565,4,4,4.0
15393,2565,5,3,4.0
15394,2565,8,4,4.0
15395,2565,9,3,4.0
15396,2566,2,1,1.0
15397,2566,3,2,2.0
15398,2566,5,3,3.0
15399,2566,6,3,3.0
15400,2566,7,3,3.0
15401,2566,8,3,3.0
15402,2567,0,0,0.0
15403,2567,1,0,0.0
15404,2567,2,0,0.0
15405,2567,6,0,0.0
15406,2567,7,0,0.0
15407,2567,10,0,0.0
15408,2568,1,1,1.0
15409,2568,2,1,1.0
15410,2568,3,1,1.0
15411,2568,5,1,1.0
15412,2568,9,0,1.0
15413,2568,10,1,1.0
15414,2569,0,0,0.0
15415,2569,1,0,0.0
15416,2569,2,0,0.0
15417,2569,5,0,0.0
15418,2569,9,0,0.0
15419,2569,10,0,0.0
15420,2570,0,0,0.0
15421,2570,2,0,0.0
15422,2570,5,0,0.0
15423,2570,6,0,0.0
15424,2570,8,0,0.0
15425,2570,9,0,0.0
15426,2571,2,0,0.0
15427,2571,3,0,0.0
15428,2571,5,0,0.0
15429,2571,7,0,0.0
15430,2571,9,0,0.0
15431,2571,10,1,1.0
15432,2572,1,0,0.0
15433,2572,4,3,3.0
15434,2572,5,4,4.0
15435,2572,8,3,4.0
15436,2572,9,2,4.0
15437,2572,10,3,4.0
15438,2573,0,0,0.0
15439,2573,1,0,0.0
15440,2573,5,0,0.0
15441,2573,7,0,0.0
15442,2573,9,0,0.0
15443,2573,10,0,0.0
15444,2574,2,1,1.0
15445,2574,3,2,2.0
15446,2574,4,3,3.0
15447,2574,5,4,4.0
15448,2574,7,3,4.0
15449,2574,8,2,4.0
15450,2575,0,0,0.0
15451,2575,1,1,1.0
15452,2575,2,0,1.0
15453,2575,3,0,1.0
15454,2575,8,0,1.0
15455,2575,9,0,1.0
15456,2576,2,0,0.0
15457,2576,6,4,4.0
15458,2576,7,4,4.0
15459,2576,8,4,4.0
15460,2576,9,4,4.0
15461,2576,10,4,4.0
15462,2577,1,1,1.0
15463,2577,2,2,2.0
15464,2577,3,3,3.0
15465,2577,5,3,3.0
15466,2577,6,4,4.0
15467,2577,10,4,4.0
15468,2578,0,0,0.0
15469,2578,2,0,0.0
15470,2578,3,1,1.0
15471,2578,5,1,1.0
15472,2578,8,1,1.0
15473,2578,10,0,1.0
15474,2579,0,0,0.0
15475,2579,1,1,1.0
15476,2579,3,1,1.0
15477,2579,6,1,1.0
15478,2579,7,1,1.0
15479,2579,8,1,1.0
15480,2580,0,0,0.0
15481,2580,1,0,0.0
15482,2580,4,0,0.0
15483,2580,6,0,0.0
15484,2580,8,0,0.0
15485,2580,9,0,0.0
15486,2581,0,0,0.0
15487,2581,3,3,3.0
15488,2581,4,2,3.0
15489,2581,6,2,3.0
15490,2581,9,3,3.0
15491,2581,10,4,4.0
15492,2582,0,0,0.0
15493,2582,1,0,0.0
15494,2582,2,0,0.0
15495,2582,6,0,0.0
15496,2582,7,0,0.0
15497,2582,8,0,0.0
15498,2583,3,0,0.0
15499,2583,4,0,0.0
15500,2583,5,0,0.0
15501,2583,6,0,0.0
15502,2583,8,0,0.0
15503,2583,10,0,0.0
15504,2584,2,0,0.0
15505,2584,4,0,0.0
15506,2584,5,1,1.0
15507,2584,7,1,1.0
15508,2584,8,0,1.0
15509,2584,10,0,1.0
15510,2585,1,1,1.0
15511,2585,2,2,2.0
15512,2585,6,2,2.0
15513,2585,7,1,2.0
15514,2585,8,0,2.0
15515,2585,9,1,2.0
15516,2586,0,0,0.0
15517,2586,1,1,1.0
15518,2586,4,0,1.0
15519,2586,5,1,1.0
15520,2586,7,1,1.0
15521,2586,10,1,1.0
15522,2587,0,0,0.0
15523,2587,1,0,0.0
15524,2587,2,0,0.0
15525,2587,5,0,0.0
15526,2587,7,0,0.0
15527,2587,10,0,0.0
15528,2588,0,0,0.0
15529,2588,5,0,0.0
15530,2588,6,0,0.0
15531,2588,8,0,0.0
15532,2588,9,0,0.0
15533,2588,10,1,1.0
15534,2589,1,0,0.0
15535,2589,5,0,0.0
15536,2589,7,0,0.0
15537,2589,8,0,0.0
15538,2589,9,0,0.0
15539,2589,10,1,1.0
15540,2590,0,0,0.0
15541,2590,3,1,1.0
15542,2590,4,2,2.0
15543,2590,5,1,2.0
15544,2590,7,2,2.0
15545,2590,10,3,3.0
15546,2591,1,0,0.0
15547,2591,2,0,0.0
15548,2591,5,0,0.0
15549,2591,6,0,0.0
15550,2591,8,0,0.0
15551,2591,9,0,0.0
15552,2592,0,0,0.0
15553,2592,2,1,1.0
15554,2592,3,0,1.0
15555,2592,4,0,1.0
15556,2592,5,1,1.0
15557,2592,8,2,2.0
15558,2593,0,0,0.0
15559,2593,1,0,0.0
15560,2593,3,0,0.0
15561,2593,5,1,1.0
15562,2593,7,0,1.0
15563,2593,9,1,1.0
15564,2594,1,1,1.0
15565,2594,2,2,2.0
15566,2594,4,4,4.0
15567,2594,6,4,4.0
15568,2594,8,5,5.0
15569,2594,9,5,5.0
15570,2595,2,1,1.0
15571,2595,3,1,1.0
15572,2595,5,0,1.0
15573,2595,7,0,1.0
15574,2595,8,1,1.0
15575,2595,10,1,1.0
15576,2596,1,0,0.0
15577,2596,2,0,0.0
15578,2596,3,0,0.0
15579,2596,5,1,1.0
15580,2596,9,0,1.0
15581,2596,10,0,1.0
15582,2597,1,0,0.0
15583,2597,4,0,0.0
15584,2597,5,0,0.0
15585,2597,7,0,0.0
15586,2597,8,0,0.0
15587,2597,9,0,0.0
15588,2598,0,0,0.0
15589,2598,2,0,0.0
15590,2598,3,1,1.0
15591,2598,7,1,1.0
15592,2598,8,0,1.0
15593,2598,10,0,1.0
15594,2599,0,0,0.0
15595,2599,4,1,1.0
15596,2599,5,1,1.0
15597,2599,6,0,1.0
15598,2599,7,1,1.0
15599,2599,8,1,1.0
15600,2600,1,1,1.0
15601,2600,4,4,4.0
15602,2600,6,2,4.0
15603,2600,8,2,4.0
15604,2600,9,3,4.0
15605,2600,10,4,4.0
15606,2601,0,0,0.0
15607,2601,2,0,0.0
15608,2601,3,1,1.0
15609,2601,6,4,4.0
15610,2601,7,3,4.0
15611,2601,9,3,4.0
15612,2602,2,2,2.0
15613,2602,3,1,2.0
15614,2602,6,1,2.0
15615,2602,7,2,2.0
15616,2602,8,3,3.0
15617,2602,9,4,4.0
15618,2603,0,0,0.0
15619,2603,1,0,0.0
15620,2603,4,0,0.0
15621,2603,8,0,0.0
15622,2603,9,0,0.0
15623,2603,10,0,0.0
15624,2604,2,0,0.0
15625,2604,3,0,0.0
15626,2604,4,0,0.0
15627,2604,5,0,0.0
15628,2604,7,0,0.0
15629,2604,8,0,0.0
15630,2605,1,1,1.0
15631,2605,2,0,1.0
15632,2605,4,0,1.0
15633,2605,5,1,1.0
15634,2605,7,1,1.0
15635,2605,9,1,1.0
15636,2606,2,0,0.0
15637,2606,3,0,0.0
15638,2606,4,0,0.0
15639,2606,6,0,0.0
15640,2606,7,0,0.0
15641,2606,8,0,0.0
15642,2607,0,0,0.0
15643,2607,1,1,1.0
15644,2607,3,1,1.0
15645,2607,4,1,1.0
15646,2607,5,2,2.0
15647,2607,10,3,3.0
15648,2608,0,0,0.0
15649,2608,2,1,1.0
15650,2608,3,1,1.0
15651,2608,6,1,1.0
15652,2608,7,1,1.0
15653,2608,10,1,1.0
15654,2609,0,0,0.0
15655,2609,1,1,1.0
15656,2609,2,0,1.0
15657,2609,4,1,1.0
15658,2609,6,0,1.0
15659,2609,8,0,1.0
15660,2610,0,0,0.0
15661,2610,1,1,1.0
15662,2610,2,0,1.0
15663,2610,6,4,4.0
15664,2610,9,5,5.0
15665,2610,10,5,5.0
15666,2611,0,0,0.0
15667,2611,2,1,1.0
15668,2611,4,3,3.0
15669,2611,5,2,3.0
15670,2611,6,3,3.0
15671,2611,10,3,3.0
15672,2612,2,2,2.0
15673,2612,3,3,3.0
15674,2612,5,3,3.0
15675,2612,7,3,3.0
15676,2612,8,4,4.0
15677,2612,9,3,4.0
15678,2613,0,0,0.0
15679,2613,1,0,0.0
15680,2613,2,0,0.0
15681,2613,6,0,0.0
15682,2613,7,0,0.0
15683,2613,9,0,0.0
15684,2614,1,1,1.0
15685,2614,3,3,3.0
15686,2614,4,2,3.0
15687,2614,5,3,3.0
15688,2614,7,3,3.0
15689,2614,8,2,3.0
15690,2615,0,0,0.0
15691,2615,2,0,0.0
15692,2615,4,0,0.0
15693,2615,5,1,1.0
15694,2615,7,2,2.0
15695,2615,9,3,3.0
15696,2616,1,1,1.0
15697,2616,2,0,1.0
15698,2616,3,1,1.0
15699,2616,5,1,1.0
15700,2616,9,4,4.0
15701,2616,10,4,4.0
15702,2617,0,0,0.0
15703,2617,2,0,0.0
15704,2617,4,2,2.0
15705,2617,6,0,2.0
15706,2617,7,1,2.0
15707,2617,9,1,2.0
15708,2618,0,0,0.0
15709,2618,1,1,1.0
15710,2618,3,1,1.0
15711,2618,4,2,2.0
15712,2618,6,4,4.0
15713,2618,9,3,4.0
15714,2619,0,0,0.0
15715,2619,3,0,0.0
15716,2619,4,0,0.0
15717,2619,5,1,1.0
15718,2619,9,3,3.0
15719,2619,10,3,3.0
15720,2620,1,0,0.0
15721,2620,2,0,0.0
15722,2620,4,0,0.0
15723,2620,8,0,0.0
15724,2620,9,0,0.0
15725,2620,10,0,0.0
15726,2621,0,0,0.0
15727,2621,2,0,0.0
15728,2621,5,0,0.0
15729,2621,6,0,0.0
15730,2621,7,0,0.0
15731,2621,8,0,0.0
15732,2622,1,0,0.0
15733,2622,2,0,0.0
15734,2622,3,0,0.0
15735,2622,6,0,0.0
15736,2622,8,0,0.0
15737,2622,10,0,0.0
15738,2623,1,1,1.0
15739,2623,2,0,1.0
15740,2623,5,3,3.0
15741,2623,6,2,3.0
15742,2623,7,3,3.0
15743,2623,8,2,3.0
15744,2624,2,1,1.0
15745,2624,3,1,1.0
15746,2624,5,2,2.0
15747,2624,7,2,2.0
15748,2624,8,2,2.0
15749,2624,9,1,2.0
15750,2625,0,0,0.0
15751,2625,1,1,1.0
15752,2625,3,1,1.0
15753,2625,4,2,2.0
15754,2625,7,3,3.0
15755,2625,8,4,4.0
15756,2626,2,0,0.0
15757,2626,4,2,2.0
15758,2626,5,2,2.0
15759,2626,6,1,2.0
15760,2626,7,0,2.0
15761,2626,10,1,2.0
15762,2627,0,0,0.0
15763,2627,2,0,0.0
15764,2627,5,0,0.0
15765,2627,7,0,0.0
15766,2627,9,0,0.0
15767,2627,10,0,0.0
15768,2628,0,0,0.0
15769,2628,3,1,1.0
15770,2628,5,0,1.0
15771,2628,6,1,1.0
15772,2628,7,1,1.0
15773,2628,8,0,1.0
15774,2629,0,0,0.0
15775,2629,1,1,1.0
15776,2629,2,2,2.0
15777,2629,3,3,3.0
15778,2629,7,3,3.0
15779,2629,10,4,4.0
15780,2630,1,1,1.0
15781,2630,2,0,1.0
15782,2630,5,1,1.0
15783,2630,6,0,1.0
15784,2630,7,1,1.0
15785,2630,10,2,2.0
15786,2631,1,1,1.0
15787,2631,4,1,1.0
15788,2631,5,1,1.0
15789,2631,6,1,1.0
15790,2631,7,1,1.0
15791,2631,10,1,1.0
15792,2632,0,0,0.0
15793,2632,2,0,0.0
15794,2632,3,0,0.0
15795,2632,7,0,0.0
15796,2632,9,0,0.0
15797,2632,10,0,0.0
15798,2633,0,0,0.0
15799,2633,1,1,1.0
15800,2633,3,1,1.0
15801,2633,4,0,1.0
15802,2633,7,0,1.0
15803,2633,10,1,1.0
15804,2634,1,0,0.0
15805,2634,4,2,2.0
15806,2634,5,1,2.0
15807,2634,6,2,2.0
15808,2634,7,3,3.0
15809,2634,9,3,3.0
15810,2635,2,2,2.0
15811,2635,3,3,3.0
15812,2635,4,2,3.0
15813,2635,5,3,3.0
15814,2635,9,3,3.0
15815,2635,10,2,3.0
15816,2636,0,0,0.0
15817,2636,1,1,1.0
15818,2636,2,0,1.0
15819,2636,4,0,1.0
15820,2636,5,0,1.0
15821,2636,8,1,1.0
15822,2637,0,0,0.0
15823,2637,1,0,0.0
15824,2637,3,1,1.0
15825,2637,4,0,1.0
15826,2637,9,0,1.0
15827,2637,10,1,1.0
15828,2638,2,2,2.0
15829,2638,3,3,3.0
15830,2638,4,3,3.0
15831,2638,5,3,3.0
15832,2638,9,4,4.0
15833,2638,10,4,4.0
15834,2639,0,0,0.0
15835,2639,1,1,1.0
15836,2639,2,0,1.0
15837,2639,7,1,1.0
15838,2639,8,2,2.0
15839,2639,10,3,3.0
15840,2640,0,0,0.0
15841,2640,2,0,0.0
15842,2640,5,0,0.0
15843,2640,6,0,0.0
15844,2640,7,0,0.0
15845,2640,8,0,0.0
15846,2641,0,0,0.0
15847,2641,2,1,1.0
15848,2641,4,1,1.0
15849,2641,6,0,1.0
15850,2641,8,1,1.0
15851,2641,10,1,1.0
15852,2642,1,1,1.0
15853,2642,2,0,1.0
15854,2642,3,1,1.0
15855,2642,6,2,2.0
15856,2642,7,3,3.0
15857,2642,8,4,4.0
15858,2643,1,0,0.0
15859,2643,2,0,0.0
15860,2643,4,0,0.0
15861,2643,5,0,0.0
15862,2643,8,0,0.0
15863,2643,9,0,0.0
15864,2644,0,0,0.0
15865,2644,1,0,0.0
15866,2644,2,0,0.0
15867,2644,5,0,0.0
15868,2644,6,0,0.0
15869,2644,8,0,0.0
15870,2645,0,0,0.0
15871,2645,2,0,0.0
15872,2645,6,0,0.0
15873,2645,7,0,0.0
15874,2645,8,0,0.0
15875,2645,9,0,0.0
15876,2646,1,0,0.0
15877,2646,2,0,0.0
15878,2646,6,0,0.0
15879,2646,8,0,0.0
15880,2646,9,0,0.0
15881,2646,10,0,0.0
15882,2647,0,0,0.0
15883,2647,2,1,1.0
15884,2647,3,2,2.0
15885,2647,5,1,2.0
15886,2647,6,1,2.0
15887,2647,7,2,2.0
15888,2648,0,0,0.0
15889,2648,1,0,0.0
15890,2648,2,0,0.0
15891,2648,3,0,0.0
15892,2648,5,0,0.0
15893,2648,7,0,0.0
15894,2649,1,1,1.0
15895,2649,4,2,2.0
15896,2649,6,2,2.0
15897,2649,8,2,2.0
15898,2649,9,3,3.0
15899,2649,10,4,4.0
15900,2650,0,0,0.0
15901,2650,4,0,0.0
15902,2650,6,0,0.0
15903,2650,8,0,0.0
15904,2650,9,0,0.0
15905,2650,10,0,0.0
15906,2651,2,2,2.0
15907,2651,3,1,2.0
15908,2651,4,2,2.0
15909,2651,7,1,2.0
15910,2651,8,2,2.0
15911,2651,9,1,2.0
15912,2652,0,0,0.0
15913,2652,2,1,1.0
15914,2652,6,1,1.0
15915,2652,7,0,1.0
15916,2652,8,1,1.0
15917,2652,10,1,1.0
15918,2653,0,0,0.0
15919,2653,1,1,1.0
15920,2653,2,2,2.0
15921,2653,4,2,2.0
15922,2653,9,3,3.0
15923,2653,10,4,4.0
15924,2654,1,1,1.0
15925,2654,4,0,1.0
15926,2654,5,1,1.0
15927,2654,6,0,1.0
15928,2654,8,1,1.0
15929,2654,10,0,1.0
15930,2655,2,1,1.0
15931,2655,4,1,1.0
15932,2655,5,1,1.0
15933,2655,7,1,1.0
15934,2655,9,1,1.0
15935,2655,10,1,1.0
15936,2656,0,0,0.0
15937,2656,1,1,1.0
15938,2656,4,2,2.0
15939,2656,6,2,2.0
15940,2656,7,1,2.0
15941,2656,9,3,3.0
15942,2657,0,0,0.0
15943,2657,2,0,0.0
15944,2657,3,1,1.0
15945,2657,5,1,1.0
15946,2657,8,1,1.0
15947,2657,9,0,1.0
15948,2658,0,0,0.0
15949,2658,1,1,1.0
15950,2658,2,2,2.0
15951,2658,5,3,3.0
15952,2658,8,2,3.0
15953,2658,10,2,3.0
15954,2659,0,0,0.0
15955,2659,1,1,1.0
15956,2659,3,2,2.0
15957,2659,5,2,2.0
15958,2659,8,3,3.0
15959,2659,10,2,3.0
15960,2660,1,1,1.0
15961,2660,3,1,1.0
15962,2660,4,2,2.0
15963,2660,5,3,3.0
15964,2660,7,3,3.0
15965,2660,9,3,3.0
15966,2661,1,1,1.0
15967,2661,3,1,1.0
15968,2661,4,0,1.0
15969,2661,6,0,1.0
15970,2661,7,1,1.0
15971,2661,9,0,1.0
15972,2662,1,0,0.0
15973,2662,2,1,1.0
15974,2662,3,0,1.0
15975,2662,4,1,1.0
15976,2662,6,3,3.0
15977,2662,7,3,3.0
15978,2663,0,0,0.0
15979,2663,1,0,0.0
15980,2663,5,2,2.0
15981,2663,8,0,2.0
15982,2663,9,0,2.0
15983,2663,10,1,2.0
15984,2664,0,0,0.0
15985,2664,2,2,2.0
15986,2664,6,2,2.0
15987,2664,7,3,3.0
15988,2664,9,3,3.0
15989,2664,10,2,3.0
15990,2665,0,0,0.0
15991,2665,2,0,0.0
15992,2665,4,0,0.0
15993,2665,5,0,0.0
15994,2665,7,0,0.0
15995,2665,8,0,0.0
15996,2666,2,1,1.0
15997,2666,4,2,2.0
15998,2666,5,1,2.0
15999,2666,7,0,2.0
16000,2666,8,0,2.0
16001,2666,9,0,2.0
16002,2667,0,0,0.0
16003,2667,2,0,0.0
16004,2667,3,1,1.0
16005,2667,4,0,1.0
16006,2667,7,1,1.0
16007,2667,9,1,1.0
16008,2668,0,0,0.0
16009,2668,1,0,0.0
16010,2668,5,0,0.0
16011,2668,8,0,0.0
16012,2668,9,0,0.0
16013,2668,10,0,0.0
16014,2669,3,0,0.0
16015,2669,4,0,0.0
16016,2669,6,0,0.0
16017,2669,7,0,0.0
16018,2669,9,0,0.0
16019,2669,10,0,0.0
16020,2670,0,0,0.0
16021,2670,1,1,1.0
16022,2670,3,1,1.0
16023,2670,5,1,1.0
16024,2670,6,2,2.0
16025,2670,8,2,2.0
16026,2671,2,0,0.0
16027,2671,3,0,0.0
16028,2671,4,0,0.0
16029,2671,5,0,0.0
16030,2671,6,0,0.0
16031,2671,9,0,0.0
16032,2672,0,0,0.0
16033,2672,1,1,1.0
16034,2672,3,3,3.0
16035,2672,7,3,3.0
16036,2672,8,3,3.0
16037,2672,10,3,3.0
16038,2673,0,0,0.0
16039,2673,1,0,0.0
16040,2673,4,0,0.0
16041,2673,6,0,0.0
16042,2673,8,0,0.0
16043,2673,10,0,0.0
16044,2674,0,0,0.0
16045,2674,1,1,1.0
16046,2674,4,2,2.0
16047,2674,8,4,4.0
16048,2674,9,5,5.0
16049,2674,10,5,5.0
16050,2675,1,0,0.0
16051,2675,2,0,0.0
16052,2675,3,0,0.0
16053,2675,5,0,0.0
16054,2675,7,0,0.0
16055,2675,10,0,0.0
16056,2676,0,0,0.0
16057,2676,1,1,1.0
16058,2676,4,2,2.0
16059,2676,7,1,2.0
16060,2676,9,1,2.0
16061,2676,10,2,2.0
16062,2677,0,0,0.0
16063,2677,1,1,1.0
16064,2677,4,0,1.0
16065,2677,6,1,1.0
16066,2677,7,0,1.0
16067,2677,10,1,1.0
16068,2678,0,0,0.0
16069,2678,1,0,0.0
16070,2678,2,0,0.0
16071,2678,3,0,0.0
16072,2678,7,0,0.0
16073,2678,9,0,0.0
16074,2679,0,0,0.0
16075,2679,1,0,0.0
16076,2679,2,1,1.0
16077,2679,4,3,3.0
16078,2679,5,2,3.0
16079,2679,6,2,3.0
16080,2680,0,0,0.0
16081,2680,4,0,0.0
16082,2680,5,0,0.0
16083,2680,7,0,0.0
16084,2680,8,0,0.0
16085,2680,10,0,0.0
16086,2681,0,0,0.0
16087,2681,1,1,1.0
16088,2681,5,3,3.0
16089,2681,6,4,4.0
16090,2681,7,5,5.0
16091,2681,10,5,5.0
16092,2682,2,0,0.0
16093,2682,3,0,0.0
16094,2682,5,0,0.0
16095,2682,6,0,0.0
16096,2682,8,0,0.0
16097,2682,10,0,0.0
16098,2683,1,1,1.0
16099,2683,2,2,2.0
16100,2683,4,4,4.0
16101,2683,5,5,5.0
16102,2683,7,5,5.0
16103,2683,10,5,5.0
16104,2684,1,1,1.0
16105,2684,3,3,3.0
16106,2684,5,3,3.0
16107,2684,6,4,4.0
16108,2684,9,3,4.0
16109,2684,10,4,4.0
16110,2685,0,0,0.0
16111,2685,3,0,0.0
16112,2685,6,0,0.0
16113,2685,7,0,0.0
16114,2685,8,0,0.0
16115,2685,10,0,0.0
16116,2686,4,4,4.0
16117,2686,5,5,5.0
16118,2686,6,5,5.0
16119,2686,7,5,5.0
16120,2686,8,5,5.0
16121,2686,10,5,5.0
16122,2687,0,0,0.0
16123,2687,1,0,0.0
16124,2687,3,2,2.0
16125,2687,5,2,2.0
16126,2687,7,2,2.0
16127,2687,10,2,2.0
16128,2688,2,0,0.0
16129,2688,4,0,0.0
16130,2688,6,2,2.0
16131,2688,8,0,2.0
16132,2688,9,1,2.0
16133,2688,10,0,2.0
16134,2689,0,0,0.0
16135,2689,2,0,0.0
16136,2689,4,0,0.0
16137,2689,5,0,0.0
16138,2689,6,0,0.0
16139,2689,10,0,0.0
16140,2690,0,0,0.0
16141,2690,4,2,2.0
16142,2690,6,3,3.0
16143,2690,7,2,3.0
16144,2690,9,2,3.0
16145,2690,10,3,3.0
16146,2691,0,0,0.0
16147,2691,2,0,0.0
16148,2691,4,0,0.0
16149,2691,6,0,0.0
16150,2691,7,0,0.0
16151,2691,8,1,1.0
16152,2692,1,1,1.0
16153,2692,2,2,2.0
16154,2692,5,1,2.0
16155,2692,6,2,2.0
16156,2692,8,2,2.0
16157,2692,9,1,2.0
16158,2693,0,0,0.0
16159,2693,3,0,0.0
16160,2693,4,0,0.0
16161,2693,6,0,0.0
16162,2693,8,0,0.0
16163,2693,9,0,0.0
16164,2694,0,0,0.0
16165,2694,1,1,1.0
16166,2694,2,0,1.0
16167,2694,6,0,1.0
16168,2694,8,0,1.0
16169,2694,9,1,1.0
16170,2695,4,3,3.0
16171,2695,5,4,4.0
16172,2695,6,5,5.0
16173,2695,8,5,5.0
16174,2695,9,5,5.0
16175,2695,10,5,5.0
16176,2696,0,0,0.0
16177,2696,3,0,0.0
16178,2696,4,0,0.0
16179,2696,6,0,0.0
16180,2696,7,0,0.0
16181,2696,8,0,0.0
16182,2697,0,0,0.0
16183,2697,3,0,0.0
16184,2697,6,0,0.0
16185,2697,8,0,0.0
16186,2697,9,0,0.0
16187,2697,10,0,0.0
16188,2698,2,0,0.0
16189,2698,3,1,1.0
16190,2698,4,0,1.0
16191,2698,5,1,1.0
16192,2698,6,1,1.0
16193,2698,8,0,1.0
16194,2699,0,0,0.0
16195,2699,3,3,3.0
16196,2699,5,1,3.0
16197,2699,6,2,3.0
16198,2699,7,2,3.0
16199,2699,8,3,3.0
16200,2700,0,0,0.0
16201,2700,2,0,0.0
16202,2700,3,0,0.0
16203,2700,4,0,0.0
16204,2700,8,0,0.0
16205,2700,9,0,0.0
16206,2701,2,2,2.0
16207,2701,3,1,2.0
16208,2701,4,1,2.0
16209,2701,6,3,3.0
16210,2701,8,5,5.0
16211,2701,10,5,5.0
16212,2702,0,0,0.0
16213,2702,1,1,1.0
16214,2702,3,1,1.0
16215,2702,6,2,2.0
16216,2702,7,3,3.0
16217,2702,9,3,3.0
16218,2703,3,2,2.0
16219,2703,4,3,3.0
16220,2703,7,2,3.0
16221,2703,8,3,3.0
16222,2703,9,2,3.0
16223,2703,10,1,3.0
16224,2704,0,0,0.0
16225,2704,1,1,1.0
16226,2704,2,1,1.0
16227,2704,7,2,2.0
16228,2704,9,2,2.0
16229,2704,10,3,3.0
16230,2705,0,0,0.0
16231,2705,2,0,0.0
16232,2705,3,0,0.0
16233,2705,4,0,0.0
16234,2705,6,0,0.0
16235,2705,8,0,0.0
16236,2706,0,0,0.0
16237,2706,1,1,1.0
16238,2706,5,0,1.0
16239,2706,7,0,1.0
16240,2706,8,0,1.0
16241,2706,9,0,1.0
16242,2707,1,1,1.0
16243,2707,2,0,1.0
16244,2707,5,1,1.0
16245,2707,6,1,1.0
16246,2707,7,0,1.0
16247,2707,9,1,1.0
16248,2708,0,0,0.0
16249,2708,1,1,1.0
16250,2708,2,1,1.0
16251,2708,6,0,1.0
16252,2708,7,1,1.0
16253,2708,10,1,1.0
16254,2709,0,0,0.0
16255,2709,2,0,0.0
16256,2709,3,1,1.0
16257,2709,7,0,1.0
16258,2709,8,1,1.0
16259,2709,10,1,1.0
16260,2710,1,0,0.0
16261,2710,2,0,0.0
16262,2710,3,0,0.0
16263,2710,4,0,0.0
16264,2710,6,0,0.0
16265,2710,9,0,0.0
16266,2711,3,1,1.0
16267,2711,5,1,1.0
16268,2711,6,1,1.0
16269,2711,7,1,1.0
16270,2711,8,1,1.0
16271,2711,10,1,1.0
16272,2712,3,0,0.0
16273,2712,4,1,1.0
16274,2712,5,0,1.0
16275,2712,8,0,1.0
16276,2712,9,0,1.0
16277,2712,10,0,1.0
16278,2713,1,0,0.0
16279,2713,3,0,0.0
16280,2713,5,0,0.0
16281,2713,7,0,0.0
16282,2713,8,0,0.0
16283,2713,10,0,0.0
16284,2714,0,0,0.0
16285,2714,1,0,0.0
16286,2714,3,0,0.0
16287,2714,4,0,0.0
16288,2714,7,0,0.0
16289,2714,9,0,0.0
16290,2715,0,0,0.0
16291,2715,1,1,1.0
16292,2715,3,1,1.0
16293,2715,6,2,2.0
16294,2715,8,0,2.0
16295,2715,10,0,2.0
16296,2716,2,1,1.0
16297,2716,4,0,1.0
16298,2716,5,0,1.0
16299,2716,6,1,1.0
16300,2716,7,0,1.0
16301,2716,10,0,1.0
16302,2717,0,0,0.0
16303,2717,2,0,0.0
16304,2717,3,0,0.0
16305,2717,4,0,0.0
16306,2717,5,0,0.0
16307,2717,9,0,0.0
16308,2718,0,0,0.0
16309,2718,2,2,2.0
16310,2718,3,1,2.0
16311,2718,8,2,2.0
16312,2718,9,3,3.0
16313,2718,10,3,3.0
16314,2719,1,1,1.0
16315,2719,2,0,1.0
16316,2719,3,1,1.0
16317,2719,8,1,1.0
16318,2719,9,1,1.0
16319,2719,10,0,1.0
16320,2720,0,0,0.0
16321,2720,1,1,1.0
16322,2720,3,0,1.0
16323,2720,6,1,1.0
16324,2720,7,1,1.0
16325,2720,9,1,1.0
16326,2721,4,1,1.0
16327,2721,5,1,1.0
16328,2721,6,0,1.0
16329,2721,7,1,1.0
16330,2721,9,1,1.0
16331,2721,10,1,1.0
16332,2722,2,0,0.0
16333,2722,3,0,0.0
16334,2722,4,0,0.0
16335,2722,8,0,0.0
16336,2722,9,0,0.0
16337,2722,10,0,0.0
16338,2723,0,0,0.0
16339,2723,4,0,0.0
16340,2723,5,0,0.0
16341,2723,6,0,0.0
16342,2723,8,0,0.0
16343,2723,9,0,0.0
16344,2724,0,0,0.0
16345,2724,2,0,0.0
16346,2724,3,1,1.0
16347,2724,7,1,1.0
16348,2724,8,0,1.0
16349,2724,10,0,1.0
16350,2725,0,0,0.0
16351,2725,1,1,1.0
16352,2725,5,1,1.0
16353,2725,6,2,2.0
16354,2725,9,1,2.0
16355,2725,10,2,2.0
16356,2726,1,1,1.0
16357,2726,4,2,2.0
16358,2726,5,1,2.0
16359,2726,6,2,2.0
16360,2726,7,1,2.0
16361,2726,10,2,2.0
16362,2727,1,1,1.0
16363,2727,4,2,2.0
16364,2727,6,2,2.0
16365,2727,7,3,3.0
16366,2727,9,3,3.0
16367,2727,10,2,3.0
16368,2728,0,0,0.0
16369,2728,3,0,0.0
16370,2728,4,0,0.0
16371,2728,5,0,0.0
16372,2728,6,0,0.0
16373,2728,9,0,0.0
16374,2729,0,0,0.0
16375,2729,1,1,1.0
16376,2729,2,2,2.0
16377,2729,7,2,2.0
16378,2729,9,3,3.0
16379,2729,10,3,3.0
16380,2730,1,1,1.0
16381,2730,3,3,3.0
16382,2730,4,2,3.0
16383,2730,5,3,3.0
16384,2730,6,2,3.0
16385,2730,10,2,3.0
16386,2731,1,1,1.0
16387,2731,2,0,1.0
16388,2731,4,0,1.0
16389,2731,5,0,1.0
16390,2731,8,1,1.0
16391,2731,10,0,1.0
16392,2732,0,0,0.0
16393,2732,2,0,0.0
16394,2732,5,1,1.0
16395,2732,7,1,1.0
16396,2732,8,1,1.0
16397,2732,9,1,1.0
16398,2733,0,0,0.0
16399,2733,2,1,1.0
16400,2733,4,0,1.0
16401,2733,5,0,1.0
16402,2733,8,1,1.0
16403,2733,9,0,1.0
16404,2734,0,0,0.0
16405,2734,1,1,1.0
16406,2734,2,0,1.0
16407,2734,3,1,1.0
16408,2734,4,0,1.0
16409,2734,6,0,1.0
16410,2735,0,0,0.0
16411,2735,3,2,2.0
16412,2735,4,1,2.0
16413,2735,5,1,2.0
16414,2735,8,0,2.0
16415,2735,9,1,2.0
16416,2736,1,0,0.0
16417,2736,2,0,0.0
16418,2736,3,0,0.0
16419,2736,4,0,0.0
16420,2736,6,0,0.0
16421,2736,8,0,0.0
16422,2737,0,0,0.0
16423,2737,2,0,0.0
16424,2737,4,1,1.0
16425,2737,5,2,2.0
16426,2737,8,0,2.0
16427,2737,10,1,2.0
16428,2738,0,0,0.0
16429,2738,2,0,0.0
16430,2738,3,0,0.0
16431,2738,4,0,0.0
16432,2738,9,0,0.0
16433,2738,10,0,0.0
16434,2739,1,0,0.0
16435,2739,3,0,0.0
16436,2739,6,0,0.0
16437,2739,7,0,0.0
16438,2739,9,0,0.0
16439,2739,10,0,0.0
16440,2740,1,0,0.0
16441,2740,2,1,1.0
16442,2740,4,1,1.0
16443,2740,5,0,1.0
16444,2740,7,1,1.0
16445,2740,10,1,1.0
16446,2741,1,0,0.0
16447,2741,2,0,0.0
16448,2741,3,0,0.0
16449,2741,5,0,0.0
16450,2741,8,0,0.0
16451,2741,10,0,0.0
16452,2742,0,0,0.0
16453,2742,1,0,0.0
16454,2742,2,0,0.0
16455,2742,4,0,0.0
16456,2742,7,2,2.0
16457,2742,9,3,3.0
16458,2743,3,3,3.0
16459,2743,4,3,3.0
16460,2743,5,3,3.0
16461,2743,6,3,3.0
16462,2743,9,3,3.0
16463,2743,10,3,3.0
16464,2744,0,0,0.0
16465,2744,1,0,0.0
16466,2744,2,0,0.0
16467,2744,7,0,0.0
16468,2744,8,0,0.0
16469,2744,9,0,0.0
16470,2745,2,0,0.0
16471,2745,3,0,0.0
16472,2745,6,0,0.0
16473,2745,7,0,0.0
16474,2745,9,0,0.0
16475,2745,10,0,0.0
16476,2746,0,0,0.0
16477,2746,2,0,0.0
16478,2746,3,1,1.0
16479,2746,5,1,1.0
16480,2746,7,3,3.0
16481,2746,10,2,3.0
16482,2747,3,0,0.0
16483,2747,4,0,0.0
16484,2747,5,0,0.0
16485,2747,6,0,0.0
16486,2747,9,0,0.0
16487,2747,10,0,0.0
16488,2748,1,0,0.0
16489,2748,2,0,0.0
16490,2748,5,0,0.0
16491,2748,7,0,0.0
16492,2748,8,0,0.0
16493,2748,9,0,0.0
16494,2749,0,0,0.0
16495,2749,2,0,0.0
16496,2749,3,1,1.0
16497,2749,6,1,1.0
16498,2749,8,1,1.0
16499,2749,9,0,1.0
16500,2750,0,0,0.0
16501,2750,2,2,2.0
16502,2750,3,2,2.0
16503,2750,5,4,4.0
16504,2750,6,3,4.0
16505,2750,9,4,4.0
16506,2751,0,0,0.0
16507,2751,2,0,0.0
16508,2751,3,0,0.0
16509,2751,5,0,0.0
16510,2751,7,0,0.0
16511,2751,9,0,0.0
16512,2752,0,0,0.0
16513,2752,3,0,0.0
16514,2752,5,0,0.0
16515,2752,6,1,1.0
16516,2752,7,1,1.0
16517,2752,8,0,1.0
16518,2753,1,0,0.0
16519,2753,2,0,0.0
16520,2753,3,0,0.0
16521,2753,6,0,0.0
16522,2753,7,0,0.0
16523,2753,10,0,0.0
16524,2754,0,0,0.0
16525,2754,1,0,0.0
16526,2754,2,1,1.0
16527,2754,4,1,1.0
16528,2754,7,4,4.0
16529,2754,8,4,4.0
16530,2755,1,1,1.0
16531,2755,2,0,1.0
16532,2755,4,0,1.0
16533,2755,6,0,1.0
16534,2755,8,0,1.0
16535,2755,9,1,1.0
16536,2756,0,0,0.0
16537,2756,1,0,0.0
16538,2756,4,0,0.0
16539,2756,5,0,0.0
16540,2756,6,0,0.0
16541,2756,8,0,0.0
16542,2757,2,0,0.0
16543,2757,3,0,0.0
16544,2757,7,0,0.0
16545,2757,8,0,0.0
16546,2757,9,0,0.0
16547,2757,10,0,0.0
16548,2758,0,0,0.0
16549,2758,3,1,1.0
16550,2758,4,2,2.0
16551,2758,6,2,2.0
16552,2758,7,1,2.0
16553,2758,9,1,2.0
16554,2759,0,0,0.0
16555,2759,4,0,0.0
16556,2759,5,1,1.0
16557,2759,7,2,2.0
16558,2759,8,2,2.0
16559,2759,9,2,2.0
16560,2760,0,0,0.0
16561,2760,2,0,0.0
16562,2760,4,0,0.0
16563,2760,6,0,0.0
16564,2760,7,0,0.0
16565,2760,10,2,2.0
16566,2761,1,0,0.0
16567,2761,3,0,0.0
16568,2761,5,1,1.0
16569,2761,7,3,3.0
16570,2761,8,2,3.0
16571,2761,10,2,3.0
16572,2762,1,0,0.0
16573,2762,2,0,0.0
16574,2762,4,0,0.0
16575,2762,5,0,0.0
16576,2762,9,0,0.0
16577,2762,10,0,0.0
16578,2763,2,0,0.0
16579,2763,3,1,1.0
16580,2763,4,0,1.0
16581,2763,8,0,1.0
16582,2763,9,1,1.0
16583,2763,10,0,1.0
16584,2764,0,0,0.0
16585,2764,2,0,0.0
16586,2764,3,0,0.0
16587,2764,6,0,0.0
16588,2764,7,0,0.0
16589,2764,10,0,0.0
16590,2765,0,0,0.0
16591,2765,1,0,0.0
16592,2765,3,1,1.0
16593,2765,8,2,2.0
16594,2765,9,3,3.0
16595,2765,10,4,4.0
16596,2766,1,0,0.0
16597,2766,4,1,1.0
16598,2766,6,3,3.0
16599,2766,7,4,4.0
16600,2766,8,3,4.0
16601,2766,10,5,5.0
16602,2767,1,0,0.0
16603,2767,2,0,0.0
16604,2767,3,1,1.0
16605,2767,4,2,2.0
16606,2767,5,3,3.0
16607,2767,6,4,4.0
16608,2768,1,0,0.0
16609,2768,2,0,0.0
16610,2768,5,0,0.0
16611,2768,6,0,0.0
16612,2768,7,0,0.0
16613,2768,10,0,0.0
16614,2769,0,0,0.0
16615,2769,1,1,1.0
16616,2769,4,0,1.0
16617,2769,6,0,1.0
16618,2769,9,2,2.0
16619,2769,10,1,2.0
16620,2770,0,0,0.0
16621,2770,2,1,1.0
16622,2770,5,1,1.0
16623,2770,7,1,1.0
16624,2770,8,0,1.0
16625,2770,10,2,2.0
16626,2771,0,0,0.0
16627,2771,2,0,0.0
16628,2771,4,0,0.0
16629,2771,5,0,0.0
16630,2771,6,0,0.0
16631,2771,7,0,0.0
16632,2772,0,0,0.0
16633,2772,1,1,1.0
16634,2772,6,2,2.0
16635,2772,7,1,2.0
16636,2772,9,2,2.0
16637,2772,10,2,2.0
16638,2773,0,0,0.0
16639,2773,1,1,1.0
16640,2773,3,1,1.0
16641,2773,4,2,2.0
16642,2773,9,1,2.0
16643,2773,10,2,2.0
16644,2774,0,0,0.0
16645,2774,1,0,0.0
16646,2774,5,0,0.0
16647,2774,7,0,0.0
16648,2774,8,0,0.0
16649,2774,10,0,0.0
16650,2775,0,0,0.0
16651,2775,1,0,0.0
16652,2775,3,2,2.0
16653,2775,5,2,2.0
16654,2775,6,3,3.0
16655,2775,9,3,3.0
16656,2776,0,0,0.0
16657,2776,3,1,1.0
16658,2776,6,0,1.0
16659,2776,7,0,1.0
16660,2776,9,0,1.0
16661,2776,10,0,1.0
16662,2777,0,0,0.0
16663,2777,4,0,0.0
16664,2777,5,0,0.0
16665,2777,6,0,0.0
16666,2777,9,0,0.0
16667,2777,10,0,0.0
16668,2778,2,0,0.0
16669,2778,3,0,0.0
16670,2778,5,0,0.0
16671,2778,7,0,0.0
16672,2778,8,0,0.0
16673,2778,10,0,0.0
16674,2779,1,1,1.0
16675,2779,2,0,1.0
16676,2779,4,2,2.0
16677,2779,5,3,3.0
16678,2779,9,1,3.0
16679,2779,10,2,3.0
16680,2780,0,0,0.0
16681,2780,1,0,0.0
16682,2780,4,0,0.0
16683,2780,6,0,0.0
16684,2780,7,1,1.0
16685,2780,9,0,1.0
16686,2781,1,1,1.0
16687,2781,3,2,2.0
16688,2781,4,3,3.0
16689,2781,5,4,4.0
16690,2781,6,4,4.0
16691,2781,7,4,4.0
16692,2782,0,0,0.0
16693,2782,3,1,1.0
16694,2782,5,1,1.0
16695,2782,6,0,1.0
16696,2782,8,1,1.0
16697,2782,10,1,1.0
16698,2783,1,1,1.0
16699,2783,2,2,2.0
16700,2783,4,0,2.0
16701,2783,5,1,2.0
16702,2783,6,2,2.0
16703,2783,9,1,2.0
16704,2784,0,0,0.0
16705,2784,1,1,1.0
16706,2784,2,1,1.0
16707,2784,4,3,3.0
16708,2784,5,2,3.0
16709,2784,6,3,3.0
16710,2785,0,0,0.0
16711,2785,1,1,1.0
16712,2785,3,2,2.0
16713,2785,4,1,2.0
16714,2785,5,1,2.0
16715,2785,7,1,2.0
16716,2786,2,0,0.0
16717,2786,3,0,0.0
16718,2786,5,1,1.0
16719,2786,7,0,1.0
16720,2786,8,0,1.0
16721,2786,10,0,1.0
16722,2787,1,1,1.0
16723,2787,2,2,2.0
16724,2787,3,1,2.0
16725,2787,4,2,2.0
16726,2787,5,2,2.0
16727,2787,9,1,2.0
16728,2788,2,2,2.0
16729,2788,3,3,3.0
16730,2788,4,4,4.0
16731,2788,7,5,5.0
16732,2788,9,5,5.0
16733,2788,10,5,5.0
16734,2789,0,0,0.0
16735,2789,1,1,1.0
16736,2789,2,1,1.0
16737,2789,3,0,1.0
16738,2789,4,1,1.0
16739,2789,5,1,1.0
16740,2790,4,2,2.0
16741,2790,6,1,2.0
16742,2790,7,1,2.0
16743,2790,8,2,2.0
16744,2790,9,2,2.0
16745,2790,10,3,3.0
16746,2791,0,0,0.0
16747,2791,3,1,1.0
16748,2791,5,3,3.0
16749,2791,6,4,4.0
16750,2791,7,5,5.0
16751,2791,8,5,5.0
16752,2792,0,0,0.0
16753,2792,1,1,1.0
16754,2792,4,2,2.0
16755,2792,5,1,2.0
16756,2792,6,2,2.0
16757,2792,7,1,2.0
16758,2793,0,0,0.0
16759,2793,1,1,1.0
16760,2793,4,1,1.0
16761,2793,5,0,1.0
16762,2793,6,1,1.0
16763,2793,7,0,1.0
16764,2794,1,1,1.0
16765,2794,2,2,2.0
16766,2794,4,2,2.0
16767,2794,5,1,2.0
16768,2794,8,4,4.0
16769,2794,9,5,5.0
16770,2795,0,0,0.0
16771,2795,1,0,0.0
16772,2795,5,0,0.0
16773,2795,8,0,0.0
16774,2795,9,0,0.0
16775,2795,10,0,0.0
16776,2796,0,0,0.0
16777,2796,1,1,1.0
16778,2796,2,0,1.0
16779,2796,6,4,4.0
16780,2796,7,5,5.0
16781,2796,9,5,5.0
16782,2797,2,0,0.0
16783,2797,3,0,0.0
16784,2797,5,0,0.0
16785,2797,6,1,1.0
16786,2797,8,1,1.0
16787,2797,10,0,1.0
16788,2798,0,0,0.0
16789,2798,3,2,2.0
16790,2798,6,2,2.0
16791,2798,8,2,2.0
16792,2798,9,2,2.0
16793,2798,10,1,2.0
16794,2799,0,0,0.0
16795,2799,2,2,2.0
16796,2799,4,4,4.0
16797,2799,6,5,5.0
16798,2799,8,5,5.0
16799,2799,10,5,5.0
16800,2800,1,1,1.0
16801,2800,3,2,2.0
16802,2800,5,3,3.0
16803,2800,6,2,3.0
16804,2800,7,3,3.0
16805,2800,10,4,4.0
16806,2801,1,0,0.0
16807,2801,5,1,1.0
16808,2801,6,2,2.0
16809,2801,7,3,3.0
16810,2801,8,4,4.0
16811,2801,9,3,4.0
16812,2802,1,0,0.0
16813,2802,2,0,0.0
16814,2802,4,1,1.0
16815,2802,6,0,1.0
16816,2802,9,0,1.0
16817,2802,10,1,1.0
16818,2803,0,0,0.0
16819,2803,2,0,0.0
16820,2803,5,3,3.0
16821,2803,6,4,4.0
16822,2803,7,5,5.0
16823,2803,9,5,5.0
16824,2804,0,0,0.0
16825,2804,1,1,1.0
16826,2804,2,0,1.0
16827,2804,5,1,1.0
16828,2804,6,2,2.0
16829,2804,7,3,3.0
16830,2805,1,1,1.0
16831,2805,6,2,2.0
16832,2805,7,1,2.0
16833,2805,8,2,2.0
16834,2805,9,1,2.0
16835,2805,10,0,2.0
16836,2806,1,1,1.0
16837,2806,2,0,1.0
16838,2806,3,0,1.0
16839,2806,4,1,1.0
16840,2806,5,2,2.0
16841,2806,10,5,5.0
16842,2807,1,1,1.0
16843,2807,3,1,1.0
16844,2807,4,2,2.0
16845,2807,6,2,2.0
16846,2807,7,1,2.0
16847,2807,9,1,2.0
16848,2808,3,3,3.0
16849,2808,4,2,3.0
16850,2808,6,4,4.0
16851,2808,7,5,5.0
16852,2808,8,5,5.0
16853,2808,10,5,5.0
16854,2809,1,1,1.0
16855,2809,3,1,1.0
16856,2809,4,0,1.0
16857,2809,5,1,1.0
16858,2809,7,1,1.0
16859,2809,8,2,2.0
16860,2810,0,0,0.0
16861,2810,2,1,1.0
16862,2810,5,4,4.0
16863,2810,6,5,5.0
16864,2810,7,5,5.0
16865,2810,10,5,5.0
16866,2811,0,0,0.0
16867,2811,2,0,0.0
16868,2811,4,0,0.0
16869,2811,5,0,0.0
16870,2811,9,1,1.0
16871,2811,10,0,1.0
16872,2812,3,1,1.0
16873,2812,4,2,2.0
16874,2812,6,2,2.0
16875,2812,7,3,3.0
16876,2812,8,2,3.0
16877,2812,10,2,3.0
16878,2813,2,0,0.0
16879,2813,5,0,0.0
16880,2813,7,0,0.0
16881,2813,8,0,0.0
16882,2813,9,0,0.0
16883,2813,10,0,0.0
16884,2814,0,0,0.0
16885,2814,5,2,2.0
16886,2814,6,1,2.0
16887,2814,7,2,2.0
16888,2814,8,1,2.0
16889,2814,10,3,3.0
16890,2815,4,0,0.0
16891,2815,5,0,0.0
16892,2815,6,0,0.0
16893,2815,7,0,0.0
16894,2815,8,0,0.0
16895,2815,9,0,0.0
16896,2816,0,0,0.0
16897,2816,1,0,0.0
16898,2816,4,1,1.0
16899,2816,5,1,1.0
16900,2816,6,1,1.0
16901,2816,9,2,2.0
16902,2817,0,0,0.0
16903,2817,1,1,1.0
16904,2817,3,3,3.0
16905,2817,5,1,3.0
16906,2817,9,1,3.0
16907,2817,10,2,3.0
16908,2818,1,0,0.0
16909,2818,2,0,0.0
16910,2818,3,0,0.0
16911,2818,4,0,0.0
16912,2818,5,0,0.0
16913,2818,10,0,0.0
16914,2819,0,0,0.0
16915,2819,2,0,0.0
16916,2819,4,0,0.0
16917,2819,7,0,0.0
16918,2819,9,0,0.0
16919,2819,10,0,0.0
16920,2820,0,0,0.0
16921,2820,1,0,0.0
16922,2820,2,0,0.0
16923,2820,3,1,1.0
16924,2820,5,1,1.0
16925,2820,9,2,2.0
16926,2821,1,0,0.0
16927,2821,4,1,1.0
16928,2821,7,2,2.0
16929,2821,8,1,2.0
16930,2821,9,0,2.0
16931,2821,10,0,2.0
16932,2822,2,1,1.0
16933,2822,4,1,1.0
16934,2822,5,1,1.0
16935,2822,6,2,2.0
16936,2822,8,0,2.0
16937,2822,9,1,2.0
16938,2823,0,0,0.0
16939,2823,1,1,1.0
16940,2823,2,0,1.0
16941,2823,5,1,1.0
16942,2823,6,1,1.0
16943,2823,10,2,2.0
16944,2824,1,1,1.0
16945,2824,2,2,2.0
16946,2824,6,4,4.0
16947,2824,7,5,5.0
16948,2824,8,5,5.0
16949,2824,10,5,5.0
16950,2825,0,0,0.0
16951,2825,1,1,1.0
16952,2825,2,2,2.0
16953,2825,3,1,2.0
16954,2825,6,4,4.0
16955,2825,9,5,5.0
16956,2826,0,0,0.0
16957,2826,1,1,1.0
16958,2826,5,3,3.0
16959,2826,7,3,3.0
16960,2826,9,1,3.0
16961,2826,10,2,3.0
16962,2827,2,0,0.0
16963,2827,4,0,0.0
16964,2827,7,0,0.0
16965,2827,8,1,1.0
16966,2827,9,0,1.0
16967,2827,10,0,1.0
16968,2828,0,0,0.0
16969,2828,2,2,2.0
16970,2828,4,0,2.0
16971,2828,6,1,2.0
16972,2828,7,0,2.0
16973,2828,8,0,2.0
16974,2829,0,0,0.0
16975,2829,1,0,0.0
16976,2829,3,0,0.0
16977,2829,4,0,0.0
16978,2829,5,0,0.0
16979,2829,7,0,0.0
16980,2830,0,0,0.0
16981,2830,3,1,1.0
16982,2830,5,1,1.0
16983,2830,7,1,1.0
16984,2830,9,0,1.0
16985,2830,10,1,1.0
16986,2831,0,0,0.0
16987,2831,4,3,3.0
16988,2831,5,4,4.0
16989,2831,6,4,4.0
16990,2831,7,5,5.0
16991,2831,10,5,5.0
16992,2832,0,0,0.0
16993,2832,2,2,2.0
16994,2832,4,2,2.0
16995,2832,6,2,2.0
16996,2832,8,2,2.0
16997,2832,10,2,2.0
16998,2833,0,0,0.0
16999,2833,1,0,0.0
17000,2833,2,0,0.0
17001,2833,4,0,0.0
17002,2833,7,0,0.0
17003,2833,8,0,0.0
17004,2834,2,0,0.0
17005,2834,3,0,0.0
17006,2834,4,0,0.0
17007,2834,5,0,0.0
17008,2834,7,0,0.0
17009,2834,8,0,0.0
17010,2835,0,0,0.0
17011,2835,1,1,1.0
17012,2835,7,1,1.0
17013,2835,8,0,1.0
17014,2835,9,1,1.0
17015,2835,10,2,2.0
17016,2836,0,0,0.0
17017,2836,2,1,1.0
17018,2836,3,2,2.0
17019,2836,7,2,2.0
17020,2836,8,1,2.0
17021,2836,10,0,2.0
17022,2837,0,0,0.0
17023,2837,1,0,0.0
17024,2837,3,0,0.0
17025,2837,6,0,0.0
17026,2837,7,0,0.0
17027,2837,8,0,0.0
17028,2838,2,2,2.0
17029,2838,3,1,2.0
17030,2838,5,1,2.0
17031,2838,6,2,2.0
17032,2838,8,2,2.0
17033,2838,10,2,2.0
17034,2839,1,1,1.0
17035,2839,3,3,3.0
17036,2839,5,3,3.0
17037,2839,8,4,4.0
17038,2839,9,3,4.0
17039,2839,10,3,4.0
17040,2840,0,0,0.0
17041,2840,4,4,4.0
17042,2840,6,4,4.0
17043,2840,7,3,4.0
17044,2840,9,3,4.0
17045,2840,10,4,4.0
17046,2841,4,0,0.0
17047,2841,6,0,0.0
17048,2841,7,1,1.0
17049,2841,8,0,1.0
17050,2841,9,1,1.0
17051,2841,10,0,1.0
17052,2842,0,0,0.0
17053,2842,1,1,1.0
17054,2842,2,1,1.0
17055,2842,5,2,2.0
17056,2842,6,1,2.0
17057,2842,7,1,2.0
17058,2843,0,0,0.0
17059,2843,1,1,1.0
17060,2843,3,1,1.0
17061,2843,5,0,1.0
17062,2843,7,1,1.0
17063,2843,8,0,1.0
17064,2844,3,0,0.0
17065,2844,4,0,0.0
17066,2844,5,1,1.0
17067,2844,6,2,2.0
17068,2844,8,3,3.0
17069,2844,10,3,3.0
17070,2845,0,0,0.0
17071,2845,1,0,0.0
17072,2845,2,1,1.0
17073,2845,5,1,1.0
17074,2845,6,0,1.0
17075,2845,7,1,1.0
17076,2846,0,0,0.0
17077,2846,1,0,0.0
17078,2846,2,0,0.0
17079,2846,7,0,0.0
17080,2846,9,0,0.0
17081,2846,10,0,0.0
17082,2847,0,0,0.0
17083,2847,1,0,0.0
17084,2847,2,0,0.0
17085,2847,5,2,2.0
17086,2847,7,1,2.0
17087,2847,10,3,3.0
17088,2848,0,0,0.0
17089,2848,1,1,1.0
17090,2848,3,1,1.0
17091,2848,7,1,1.0
17092,2848,8,2,2.0
17093,2848,9,1,2.0
17094,2849,1,1,1.0
17095,2849,2,0,1.0
17096,2849,4,2,2.0
17097,2849,6,0,2.0
17098,2849,8,2,2.0
17099,2849,9,3,3.0
17100,2850,0,0,0.0
17101,2850,1,1,1.0
17102,2850,3,1,1.0
17103,2850,4,0,1.0
17104,2850,5,1,1.0
17105,2850,7,1,1.0
17106,2851,0,0,0.0
17107,2851,2,0,0.0
17108,2851,5,1,1.0
17109,2851,6,2,2.0
17110,2851,8,4,4.0
17111,2851,9,3,4.0
17112,2852,0,0,0.0
17113,2852,2,0,0.0
17114,2852,3,1,1.0
17115,2852,5,2,2.0
17116,2852,6,3,3.0
17117,2852,10,5,5.0
17118,2853,0,0,0.0
17119,2853,2,1,1.0
17120,2853,5,2,2.0
17121,2853,8,4,4.0
17122,2853,9,5,5.0
17123,2853,10,5,5.0
17124,2854,0,0,0.0
17125,2854,1,0,0.0
17126,2854,4,0,0.0
17127,2854,5,1,1.0
17128,2854,6,1,1.0
17129,2854,8,1,1.0
17130,2855,2,0,0.0
17131,2855,3,0,0.0
17132,2855,4,0,0.0
17133,2855,5,0,0.0
17134,2855,7,0,0.0
17135,2855,10,0,0.0
17136,2856,2,1,1.0
17137,2856,5,1,1.0
17138,2856,7,1,1.0
17139,2856,8,1,1.0
17140,2856,9,0,1.0
17141,2856,10,1,1.0
17142,2857,1,1,1.0
17143,2857,2,0,1.0
17144,2857,3,1,1.0
17145,2857,5,3,3.0
17146,2857,8,5,5.0
17147,2857,9,5,5.0
17148,2858,0,0,0.0
17149,2858,3,2,2.0
17150,2858,4,1,2.0
17151,2858,6,1,2.0
17152,2858,7,1,2.0
17153,2858,8,2,2.0
17154,2859,0,0,0.0
17155,2859,1,0,0.0
17156,2859,2,0,0.0
17157,2859,5,2,2.0
17158,2859,9,0,2.0
17159,2859,10,0,2.0
17160,2860,0,0,0.0
17161,2860,2,0,0.0
17162,2860,6,0,0.0
17163,2860,7,0,0.0
17164,2860,8,0,0.0
17165,2860,9,0,0.0
17166,2861,4,0,0.0
17167,2861,5,0,0.0
17168,2861,6,0,0.0
17169,2861,7,0,0.0
17170,2861,8,0,0.0
17171,2861,9,0,0.0
17172,2862,1,1,1.0
17173,2862,2,1,1.0
17174,2862,3,1,1.0
17175,2862,4,2,2.0
17176,2862,5,1,2.0
17177,2862,8,1,2.0
17178,2863,0,0,0.0
17179,2863,2,2,2.0
17180,2863,3,1,2.0
17181,2863,4,2,2.0
17182,2863,7,3,3.0
17183,2863,10,2,3.0
17184,2864,0,0,0.0
17185,2864,2,0,0.0
17186,2864,3,0,0.0
17187,2864,5,0,0.0
17188,2864,6,0,0.0
17189,2864,7,0,0.0
17190,2865,0,0,0.0
17191,2865,1,0,0.0
17192,2865,3,0,0.0
17193,2865,4,0,0.0
17194,2865,5,0,0.0
17195,2865,7,0,0.0
17196,2866,0,0,0.0
17197,2866,1,0,0.0
17198,2866,5,0,0.0
17199,2866,8,0,0.0
17200,2866,9,0,0.0
17201,2866,10,0,0.0
17202,2867,0,0,0.0
17203,2867,3,1,1.0
17204,2867,5,1,1.0
17205,2867,7,1,1.0
17206,2867,8,0,1.0
17207,2867,10,1,1.0
17208,2868,2,2,2.0
17209,2868,4,2,2.0
17210,2868,5,1,2.0
17211,2868,6,0,2.0
17212,2868,8,2,2.0
17213,2868,10,2,2.0
17214,2869,1,1,1.0
17215,2869,3,3,3.0
17216,2869,5,1,3.0
17217,2869,6,2,3.0
17218,2869,8,1,3.0
17219,2869,10,2,3.0
17220,2870,1,0,0.0
17221,2870,5,1,1.0
17222,2870,6,1,1.0
17223,2870,7,1,1.0
17224,2870,9,1,1.0
17225,2870,10,1,1.0
17226,2871,0,0,0.0
17227,2871,1,0,0.0
17228,2871,4,0,0.0
17229,2871,5,1,1.0
17230,2871,6,0,1.0
17231,2871,9,0,1.0
17232,2872,1,1,1.0
17233,2872,2,0,1.0
17234,2872,3,0,1.0
17235,2872,6,1,1.0
17236,2872,9,0,1.0
17237,2872,10,0,1.0
17238,2873,0,0,0.0
17239,2873,3,0,0.0
17240,2873,5,0,0.0
17241,2873,6,0,0.0
17242,2873,7,0,0.0
17243,2873,8,0,0.0
17244,2874,0,0,0.0
17245,2874,2,2,2.0
17246,2874,4,2,2.0
17247,2874,5,2,2.0
17248,2874,8,1,2.0
17249,2874,10,3,3.0
17250,2875,2,2,2.0
17251,2875,3,1,2.0
17252,2875,5,1,2.0
17253,2875,7,1,2.0
17254,2875,8,2,2.0
17255,2875,9,1,2.0
17256,2876,1,0,0.0
17257,2876,2,0,0.0
17258,2876,3,1,1.0
17259,2876,5,1,1.0
17260,2876,6,0,1.0
17261,2876,10,1,1.0
17262,2877,0,0,0.0
17263,2877,2,1,1.0
17264,2877,4,1,1.0
17265,2877,7,2,2.0
17266,2877,8,1,2.0
17267,2877,10,1,2.0
17268,2878,0,0,0.0
17269,2878,2,0,0.0
17270,2878,3,1,1.0
17271,2878,7,1,1.0
17272,2878,9,1,1.0
17273,2878,10,2,2.0
17274,2879,0,0,0.0
17275,2879,2,1,1.0
17276,2879,4,3,3.0
17277,2879,6,5,5.0
17278,2879,7,5,5.0
17279,2879,9,5,5.0
17280,2880,0,0,0.0
17281,2880,2,2,2.0
17282,2880,3,1,2.0
17283,2880,5,1,2.0
17284,2880,6,2,2.0
17285,2880,8,2,2.0
17286,2881,1,1,1.0
17287,2881,4,2,2.0
17288,2881,6,2,2.0
17289,2881,7,2,2.0
17290,2881,9,2,2.0
17291,2881,10,2,2.0
17292,2882,0,0,0.0
17293,2882,1,0,0.0
17294,2882,5,0,0.0
17295,2882,7,0,0.0
17296,2882,8,0,0.0
17297,2882,10,0,0.0
17298,2883,2,0,0.0
17299,2883,3,0,0.0
17300,2883,4,0,0.0
17301,2883,6,0,0.0
17302,2883,9,0,0.0
17303,2883,10,0,0.0
17304,2884,0,0,0.0
17305,2884,1,1,1.0
17306,2884,3,2,2.0
17307,2884,5,4,4.0
17308,2884,7,4,4.0
17309,2884,8,5,5.0
17310,2885,1,1,1.0
17311,2885,2,0,1.0
17312,2885,4,1,1.0
17313,2885,6,1,1.0
17314,2885,9,1,1.0
17315,2885,10,0,1.0
17316,2886,0,0,0.0
17317,2886,1,0,0.0
17318,2886,4,0,0.0
17319,2886,5,0,0.0
17320,2886,6,0,0.0
17321,2886,9,1,1.0
17322,2887,1,1,1.0
17323,2887,2,2,2.0
17324,2887,3,3,3.0
17325,2887,4,4,4.0
17326,2887,8,3,4.0
17327,2887,10,3,4.0
17328,2888,0,0,0.0
17329,2888,3,1,1.0
17330,2888,6,2,2.0
17331,2888,7,1,2.0
17332,2888,8,2,2.0
17333,2888,10,2,2.0
17334,2889,2,0,0.0
17335,2889,4,0,0.0
17336,2889,5,1,1.0
17337,2889,7,1,1.0
17338,2889,8,2,2.0
17339,2889,9,2,2.0
17340,2890,0,0,0.0
17341,2890,4,0,0.0
17342,2890,5,0,0.0
17343,2890,6,0,0.0
17344,2890,7,0,0.0
17345,2890,8,0,0.0
17346,2891,2,2,2.0
17347,2891,3,3,3.0
17348,2891,5,3,3.0
17349,2891,6,2,3.0
17350,2891,7,3,3.0
17351,2891,8,2,3.0
17352,2892,0,0,0.0
17353,2892,1,1,1.0
17354,2892,3,1,1.0
17355,2892,4,2,2.0
17356,2892,5,2,2.0
17357,2892,6,1,2.0
17358,2893,0,0,0.0
17359,2893,1,1,1.0
17360,2893,5,2,2.0
17361,2893,6,2,2.0
17362,2893,8,2,2.0
17363,2893,9,2,2.0
17364,2894,0,0,0.0
17365,2894,1,1,1.0
17366,2894,4,2,2.0
17367,2894,7,3,3.0
17368,2894,8,2,3.0
17369,2894,9,3,3.0
17370,2895,2,1,1.0
17371,2895,3,1,1.0
17372,2895,4,1,1.0
17373,2895,7,1,1.0
17374,2895,8,2,2.0
17375,2895,10,1,2.0
17376,2896,0,0,0.0
17377,2896,2,0,0.0
17378,2896,3,0,0.0
17379,2896,6,0,0.0
17380,2896,8,0,0.0
17381,2896,10,0,0.0
17382,2897,0,0,0.0
17383,2897,2,1,1.0
17384,2897,3,0,1.0
17385,2897,6,0,1.0
17386,2897,7,0,1.0
17387,2897,10,1,1.0
17388,2898,4,1,1.0
17389,2898,6,2,2.0
17390,2898,7,3,3.0
17391,2898,8,2,3.0
17392,2898,9,3,3.0
17393,2898,10,4,4.0
17394,2899,2,0,0.0
17395,2899,4,0,0.0
17396,2899,5,0,0.0
17397,2899,6,0,0.0
17398,2899,8,0,0.0
17399,2899,10,0,0.0
17400,2900,1,0,0.0
17401,2900,2,0,0.0
17402,2900,5,0,0.0
17403,2900,6,0,0.0
17404,2900,7,0,0.0
17405,2900,8,0,0.0
17406,2901,0,0,0.0
17407,2901,3,1,1.0
17408,2901,6,3,3.0
17409,2901,7,4,4.0
17410,2901,8,3,4.0
17411,2901,10,3,4.0
17412,2902,0,0,0.0
17413,2902,2,0,0.0
17414,2902,3,0,0.0
17415,2902,5,0,0.0
17416,2902,7,0,0.0
17417,2902,9,0,0.0
17418,2903,2,2,2.0
17419,2903,4,2,2.0
17420,2903,6,4,4.0
17421,2903,8,4,4.0
17422,2903,9,5,5.0
17423,2903,10,5,5.0
17424,2904,2,2,2.0
17425,2904,3,3,3.0
17426,2904,6,4,4.0
17427,2904,7,5,5.0
17428,2904,9,5,5.0
17429,2904,10,5,5.0
17430,2905,0,0,0.0
17431,2905,3,1,1.0
17432,2905,4,0,1.0
17433,2905,6,1,1.0
17434,2905,7,0,1.0
17435,2905,8,0,1.0
17436,2906,0,0,0.0
17437,2906,1,1,1.0
17438,2906,4,1,1.0
17439,2906,6,1,1.0
17440,2906,7,1,1.0
17441,2906,8,1,1.0
17442,2907,3,0,0.0
17443,2907,6,0,0.0
17444,2907,7,0,0.0
17445,2907,8,0,0.0
17446,2907,9,0,0.0
17447,2907,10,1,1.0
17448,2908,0,0,0.0
17449,2908,1,1,1.0
17450,2908,3,1,1.0
17451,2908,6,1,1.0
17452,2908,8,1,1.0
17453,2908,9,0,1.0
17454,2909,0,0,0.0
17455,2909,1,0,0.0
17456,2909,5,0,0.0
17457,2909,8,0,0.0
17458,2909,9,0,0.0
17459,2909,10,0,0.0
17460,2910,4,0,0.0
17461,2910,5,0,0.0
17462,2910,6,0,0.0
17463,2910,7,0,0.0
17464,2910,8,0,0.0
17465,2910,10,0,0.0
17466,2911,0,0,0.0
17467,2911,1,1,1.0
17468,2911,2,1,1.0
17469,2911,3,1,1.0
17470,2911,5,2,2.0
17471,2911,10,1,2.0
17472,2912,1,1,1.0
17473,2912,3,1,1.0
17474,2912,4,0,1.0
17475,2912,5,1,1.0
17476,2912,7,1,1.0
17477,2912,8,1,1.0
17478,2913,0,0,0.0
17479,2913,3,0,0.0
17480,2913,4,0,0.0
17481,2913,5,0,0.0
17482,2913,8,0,0.0
17483,2913,10,0,0.0
17484,2914,0,0,0.0
17485,2914,2,0,0.0
17486,2914,5,1,1.0
17487,2914,6,0,1.0
17488,2914,8,1,1.0
17489,2914,10,0,1.0
17490,2915,1,1,1.0
17491,2915,4,1,1.0
17492,2915,5,2,2.0
17493,2915,7,1,2.0
17494,2915,9,1,2.0
17495,2915,10,1,2.0
17496,2916,0,0,0.0
17497,2916,1,1,1.0
17498,2916,2,0,1.0
17499,2916,5,0,1.0
17500,2916,8,1,1.0
17501,2916,10,0,1.0
17502,2917,0,0,0.0
17503,2917,1,0,0.0
17504,2917,3,0,0.0
17505,2917,5,0,0.0
17506,2917,6,0,0.0
17507,2917,7,0,0.0
17508,2918,0,0,0.0
17509,2918,1,0,0.0
17510,2918,2,1,1.0
17511,2918,4,1,1.0
17512,2918,9,0,1.0
17513,2918,10,0,1.0
17514,2919,0,0,0.0
17515,2919,4,2,2.0
17516,2919,5,2,2.0
17517,2919,6,3,3.0
17518,2919,7,4,4.0
17519,2919,10,2,4.0
17520,2920,0,0,0.0
17521,2920,1,0,0.0
17522,2920,2,0,0.0
17523,2920,4,1,1.0
17524,2920,6,0,1.0
17525,2920,9,2,2.0
17526,2921,0,0,0.0
17527,2921,3,0,0.0
17528,2921,6,1,1.0
17529,2921,7,2,2.0
17530,2921,8,2,2.0
17531,2921,9,3,3.0
17532,2922,2,0,0.0
17533,2922,3,0,0.0
17534,2922,4,0,0.0
17535,2922,5,0,0.0
17536,2922,6,0,0.0
17537,2922,8,0,0.0
17538,2923,0,0,0.0
17539,2923,2,0,0.0
17540,2923,4,0,0.0
17541,2923,7,0,0.0
17542,2923,9,0,0.0
17543,2923,10,1,1.0
17544,2924,2,0,0.0
17545,2924,3,1,1.0
17546,2924,4,0,1.0
17547,2924,7,1,1.0
17548,2924,8,1,1.0
17549,2924,9,0,1.0
17550,2925,0,0,0.0
17551,2925,3,0,0.0
17552,2925,5,1,1.0
17553,2925,6,0,1.0
17554,2925,7,0,1.0
17555,2925,9,0,1.0
17556,2926,1,0,0.0
17557,2926,3,0,0.0
17558,2926,5,0,0.0
17559,2926,8,0,0.0
17560,2926,9,0,0.0
17561,2926,10,0,0.0
17562,2927,1,1,1.0
17563,2927,2,2,2.0
17564,2927,4,2,2.0
17565,2927,5,3,3.0
17566,2927,6,4,4.0
17567,2927,10,5,5.0
17568,2928,0,0,0.0
17569,2928,1,0,0.0
17570,2928,2,1,1.0
17571,2928,3,0,1.0
17572,2928,4,1,1.0
17573,2928,9,0,1.0
17574,2929,1,1,1.0
17575,2929,4,0,1.0
17576,2929,7,1,1.0
17577,2929,8,0,1.0
17578,2929,9,1,1.0
17579,2929,10,0,1.0
17580,2930,0,0,0.0
17581,2930,1,1,1.0
17582,2930,2,2,2.0
17583,2930,5,1,2.0
17584,2930,8,2,2.0
17585,2930,10,4,4.0
17586,2931,1,1,1.0
17587,2931,2,0,1.0
17588,2931,4,2,2.0
17589,2931,6,2,2.0
17590,2931,7,3,3.0
17591,2931,8,2,3.0
17592,2932,0,0,0.0
17593,2932,3,0,0.0
17594,2932,5,0,0.0
17595,2932,6,0,0.0
17596,2932,9,0,0.0
17597,2932,10,0,0.0
17598,2933,0,0,0.0
17599,2933,3,0,0.0
17600,2933,4,0,0.0
17601,2933,6,0,0.0
17602,2933,9,0,0.0
17603,2933,10,1,1.0
17604,2934,2,0,0.0
17605,2934,5,1,1.0
17606,2934,6,2,2.0
17607,2934,7,3,3.0
17608,2934,8,2,3.0
17609,2934,9,2,3.0
17610,2935,0,0,0.0
17611,2935,1,1,1.0
17612,2935,6,3,3.0
17613,2935,7,2,3.0
17614,2935,8,1,3.0
17615,2935,10,1,3.0
17616,2936,0,0,0.0
17617,2936,1,0,0.0
17618,2936,2,0,0.0
17619,2936,6,0,0.0
17620,2936,8,0,0.0
17621,2936,10,0,0.0
17622,2937,3,0,0.0
17623,2937,4,0,0.0
17624,2937,7,0,0.0
17625,2937,8,0,0.0
17626,2937,9,0,0.0
17627,2937,10,0,0.0
17628,2938,2,2,2.0
17629,2938,5,1,2.0
17630,2938,6,2,2.0
17631,2938,8,2,2.0
17632,2938,9,1,2.0
17633,2938,10,2,2.0
17634,2939,1,0,0.0
17635,2939,2,0,0.0
17636,2939,3,0,0.0
17637,2939,5,0,0.0
17638,2939,6,0,0.0
17639,2939,7,0,0.0
17640,2940,0,0,0.0
17641,2940,1,1,1.0
17642,2940,6,2,2.0
17643,2940,8,0,2.0
17644,2940,9,1,2.0
17645,2940,10,0,2.0
17646,2941,1,1,1.0
17647,2941,4,2,2.0
17648,2941,5,3,3.0
17649,2941,6,4,4.0
17650,2941,8,4,4.0
17651,2941,10,4,4.0
17652,2942,0,0,0.0
17653,2942,5,0,0.0
17654,2942,7,0,0.0
17655,2942,8,0,0.0
17656,2942,9,1,1.0
17657,2942,10,2,2.0
17658,2943,0,0,0.0
17659,2943,1,0,0.0
17660,2943,2,0,0.0
17661,2943,3,0,0.0
17662,2943,4,1,1.0
17663,2943,10,0,1.0
17664,2944,2,0,0.0
17665,2944,3,1,1.0
17666,2944,7,3,3.0
17667,2944,8,2,3.0
17668,2944,9,1,3.0
17669,2944,10,0,3.0
17670,2945,0,0,0.0
17671,2945,1,0,0.0
17672,2945,2,0,0.0
17673,2945,3,0,0.0
17674,2945,5,0,0.0
17675,2945,8,0,0.0
17676,2946,0,0,0.0
17677,2946,1,0,0.0
17678,2946,5,2,2.0
17679,2946,7,2,2.0
17680,2946,8,3,3.0
17681,2946,10,1,3.0
17682,2947,1,1,1.0
17683,2947,3,1,1.0
17684,2947,6,2,2.0
17685,2947,7,3,3.0
17686,2947,9,1,3.0
17687,2947,10,2,3.0
17688,2948,0,0,0.0
17689,2948,2,1,1.0
17690,2948,5,1,1.0
17691,2948,6,1,1.0
17692,2948,7,0,1.0
17693,2948,8,1,1.0
17694,2949,0,0,0.0
17695,2949,1,0,0.0
17696,2949,2,0,0.0
17697,2949,3,0,0.0
17698,2949,4,0,0.0
17699,2949,6,0,0.0
17700,2950,0,0,0.0
17701,2950,2,2,2.0
17702,2950,3,1,2.0
17703,2950,6,3,3.0
17704,2950,9,5,5.0
17705,2950,10,5,5.0
17706,2951,0,0,0.0
17707,2951,1,1,1.0
17708,2951,3,3,3.0
17709,2951,4,4,4.0
17710,2951,6,4,4.0
17711,2951,9,5,5.0
17712,2952,0,0,0.0
17713,2952,1,1,1.0
17714,2952,5,1,1.0
17715,2952,6,1,1.0
17716,2952,7,0,1.0
17717,2952,8,1,1.0
17718,2953,2,0,0.0
17719,2953,3,0,0.0
17720,2953,4,0,0.0
17721,2953,5,0,0.0
17722,2953,6,0,0.0
17723,2953,8,0,0.0
17724,2954,1,1,1.0
17725,2954,2,0,1.0
17726,2954,3,1,1.0
17727,2954,4,2,2.0
17728,2954,7,1,2.0
17729,2954,10,0,2.0
17730,2955,0,0,0.0
17731,2955,1,0,0.0
17732,2955,5,3,3.0
17733,2955,6,4,4.0
17734,2955,8,4,4.0
17735,2955,10,4,4.0
17736,2956,1,0,0.0
17737,2956,3,0,0.0
17738,2956,4,0,0.0
17739,2956,8,0,0.0
17740,2956,9,0,0.0
17741,2956,10,0,0.0
17742,2957,1,1,1.0
17743,2957,2,1,1.0
17744,2957,4,0,1.0
17745,2957,7,1,1.0
17746,2957,8,1,1.0
17747,2957,9,1,1.0
17748,2958,1,0,0.0
17749,2958,3,0,0.0
17750,2958,4,0,0.0
17751,2958,6,0,0.0
17752,2958,8,0,0.0
17753,2958,9,0,0.0
17754,2959,0,0,0.0
17755,2959,1,0,0.0
17756,2959,4,1,1.0
17757,2959,7,2,2.0
17758,2959,8,1,2.0
17759,2959,10,1,2.0
17760,2960,0,0,0.0
17761,2960,1,1,1.0
17762,2960,5,0,1.0
17763,2960,6,1,1.0
17764,2960,7,0,1.0
17765,2960,9,1,1.0
17766,2961,0,0,0.0
17767,2961,1,0,0.0
17768,2961,3,0,0.0
17769,2961,7,0,0.0
17770,2961,8,0,0.0
17771,2961,10,0,0.0
17772,2962,0,0,0.0
17773,2962,1,0,0.0
17774,2962,2,1,1.0
17775,2962,6,5,5.0
17776,2962,9,5,5.0
17777,2962,10,5,5.0
17778,2963,0,0,0.0
17779,2963,1,0,0.0
17780,2963,3,1,1.0
17781,2963,4,2,2.0
17782,2963,8,4,4.0
17783,2963,10,4,4.0
17784,2964,1,1,1.0
17785,2964,4,0,1.0
17786,2964,5,1,1.0
17787,2964,6,0,1.0
17788,2964,7,1,1.0
17789,2964,8,2,2.0
17790,2965,0,0,0.0
17791,2965,4,1,1.0
17792,2965,5,0,1.0
17793,2965,6,0,1.0
17794,2965,7,0,1.0
17795,2965,9,0,1.0
17796,2966,0,0,0.0
17797,2966,2,1,1.0
17798,2966,4,2,2.0
17799,2966,6,2,2.0
17800,2966,7,1,2.0
17801,2966,9,0,2.0
17802,2967,0,0,0.0
17803,2967,1,0,0.0
17804,2967,3,0,0.0
17805,2967,4,0,0.0
17806,2967,6,0,0.0
17807,2967,8,0,0.0
17808,2968,0,0,0.0
17809,2968,4,0,0.0
17810,2968,5,0,0.0
17811,2968,7,0,0.0
17812,2968,8,0,0.0
17813,2968,10,0,0.0
17814,2969,2,0,0.0
17815,2969,3,1,1.0
17816,2969,6,0,1.0
17817,2969,7,1,1.0
17818,2969,9,1,1.0
17819,2969,10,2,2.0
17820,2970,3,1,1.0
17821,2970,5,1,1.0
17822,2970,6,0,1.0
17823,2970,7,1,1.0
17824,2970,8,0,1.0
17825,2970,10,0,1.0
17826,2971,0,0,0.0
17827,2971,1,1,1.0
17828,2971,2,2,2.0
17829,2971,3,1,2.0
17830,2971,4,2,2.0
17831,2971,6,2,2.0
17832,2972,0,0,0.0
17833,2972,2,2,2.0
17834,2972,5,3,3.0
17835,2972,6,2,3.0
17836,2972,9,5,5.0
17837,2972,10,5,5.0
17838,2973,0,0,0.0
17839,2973,1,1,1.0
17840,2973,3,1,1.0
17841,2973,4,2,2.0
17842,2973,6,2,2.0
17843,2973,8,4,4.0
17844,2974,0,0,0.0
17845,2974,1,0,0.0
17846,2974,2,0,0.0
17847,2974,4,0,0.0
17848,2974,7,0,0.0
17849,2974,9,0,0.0
17850,2975,0,0,0.0
17851,2975,1,0,0.0
17852,2975,3,0,0.0
17853,2975,4,0,0.0
17854,2975,5,0,0.0
17855,2975,8,0,0.0
17856,2976,0,0,0.0
17857,2976,1,1,1.0
17858,2976,3,1,1.0
17859,2976,4,0,1.0
17860,2976,5,1,1.0
17861,2976,8,1,1.0
17862,2977,0,0,0.0
17863,2977,3,0,0.0
17864,2977,4,0,0.0
17865,2977,5,0,0.0
17866,2977,8,0,0.0
17867,2977,9,0,0.0
17868,2978,0,0,0.0
17869,2978,1,1,1.0
17870,2978,3,1,1.0
17871,2978,5,2,2.0
17872,2978,7,2,2.0
17873,2978,9,2,2.0
17874,2979,0,0,0.0
17875,2979,3,0,0.0
17876,2979,4,0,0.0
17877,2979,5,0,0.0
17878,2979,6,0,0.0
17879,2979,8,0,0.0
17880,2980,1,1,1.0
17881,2980,2,2,2.0
17882,2980,6,4,4.0
17883,2980,7,3,4.0
17884,2980,8,4,4.0
17885,2980,9,5,5.0
17886,2981,0,0,0.0
17887,2981,1,0,0.0
17888,2981,2,1,1.0
17889,2981,5,2,2.0
17890,2981,7,1,2.0
17891,2981,8,2,2.0
17892,2982,2,1,1.0
17893,2982,4,1,1.0
17894,2982,6,1,1.0
17895,2982,8,1,1.0
17896,2982,9,1,1.0
17897,2982,10,1,1.0
17898,2983,2,2,2.0
17899,2983,3,1,2.0
17900,2983,4,2,2.0
17901,2983,6,2,2.0
17902,2983,8,2,2.0
17903,2983,9,3,3.0
17904,2984,0,0,0.0
17905,2984,2,0,0.0
17906,2984,3,0,0.0
17907,2984,4,1,1.0
17908,2984,5,0,1.0
17909,2984,8,0,1.0
17910,2985,0,0,0.0
17911,2985,1,0,0.0
17912,2985,5,0,0.0
17913,2985,6,0,0.0
17914,2985,7,0,0.0
17915,2985,10,1,1.0
17916,2986,0,0,0.0
17917,2986,3,1,1.0
17918,2986,6,1,1.0
17919,2986,7,2,2.0
17920,2986,9,0,2.0
17921,2986,10,1,2.0
17922,2987,1,0,0.0
17923,2987,2,0,0.0
17924,2987,3,0,0.0
17925,2987,4,1,1.0
17926,2987,7,1,1.0
17927,2987,8,2,2.0
17928,2988,0,0,0.0
17929,2988,1,1,1.0
17930,2988,2,2,2.0
17931,2988,4,3,3.0
17932,2988,9,5,5.0
17933,2988,10,5,5.0
17934,2989,0,0,0.0
17935,2989,3,3,3.0
17936,2989,4,4,4.0
17937,2989,5,5,5.0
17938,2989,6,5,5.0
17939,2989,10,5,5.0
17940,2990,3,0,0.0
17941,2990,5,0,0.0
17942,2990,6,0,0.0
17943,2990,7,0,0.0
17944,2990,8,0,0.0
17945,2990,9,0,0.0
17946,2991,0,0,0.0
17947,2991,2,0,0.0
17948,2991,3,1,1.0
17949,2991,4,0,1.0
17950,2991,7,1,1.0
17951,2991,8,0,1.0
17952,2992,0,0,0.0
17953,2992,2,0,0.0
17954,2992,3,1,1.0
17955,2992,4,0,1.0
17956,2992,5,1,1.0
17957,2992,10,0,1.0
17958,2993,1,0,0.0
17959,2993,2,0,0.0
17960,2993,5,0,0.0
17961,2993,6,0,0.0
17962,2993,8,0,0.0
17963,2993,10,0,0.0
17964,2994,0,0,0.0
17965,2994,2,0,0.0
17966,2994,5,1,1.0
17967,2994,6,1,1.0
17968,2994,7,1,1.0
17969,2994,8,1,1.0
17970,2995,0,0,0.0
17971,2995,1,0,0.0
17972,2995,2,0,0.0
17973,2995,3,0,0.0
17974,2995,5,2,2.0
17975,2995,7,2,2.0
17976,2996,2,1,1.0
17977,2996,3,0,1.0
17978,2996,4,1,1.0
17979,2996,5,1,1.0
17980,2996,7,1,1.0
17981,2996,8,2,2.0
17982,2997,1,1,1.0
17983,2997,5,3,3.0
17984,2997,6,4,4.0
17985,2997,7,3,4.0
17986,2997,8,2,4.0
17987,2997,10,2,4.0
17988,2998,0,0,0.0
17989,2998,2,1,1.0
17990,2998,5,0,1.0
17991,2998,6,1,1.0
17992,2998,8,1,1.0
17993,2998,10,1,1.0
17994,2999,1,1,1.0
17995,2999,2,2,2.0
17996,2999,4,2,2.0
17997,2999,5,3,3.0
17998,2999,6,4,4.0
17999,2999,8,2,4.0
18000,3000,4,0,0.0
18001,3000,5,0,0.0
18002,3000,6,0,0.0
18003,3000,7,0,0.0
18004,3000,9,0,0.0
18005,3000,10,0,0.0
18006,3001,0,0,0.0
18007,3001,1,0,0.0
18008,3001,2,1,1.0
18009,3001,6,3,3.0
18010,3001,7,4,4.0
18011,3001,10,3,4.0
18012,3002,3,0,0.0
18013,3002,4,0,0.0
18014,3002,5,0,0.0
18015,3002,7,0,0.0
18016,3002,8,0,0.0
18017,3002,9,0,0.0
18018,3003,0,0,0.0
18019,3003,3,1,1.0
18020,3003,4,1,1.0
18021,3003,6,0,1.0
18022,3003,8,1,1.0
18023,3003,10,1,1.0
18024,3004,0,0,0.0
18025,3004,2,0,0.0
18026,3004,5,0,0.0
18027,3004,7,0,0.0
18028,3004,9,0,0.0
18029,3004,10,0,0.0
18030,3005,0,0,0.0
18031,3005,2,0,0.0
18032,3005,3,0,0.0
18033,3005,4,0,0.0
18034,3005,9,0,0.0
18035,3005,10,0,0.0
18036,3006,2,2,2.0
18037,3006,3,3,3.0
18038,3006,4,4,4.0
18039,3006,6,4,4.0
18040,3006,7,3,4.0
18041,3006,10,4,4.0
18042,3007,0,0,0.0
18043,3007,2,0,0.0
18044,3007,4,0,0.0
18045,3007,5,0,0.0
18046,3007,6,0,0.0
18047,3007,10,0,0.0
18048,3008,0,0,0.0
18049,3008,2,0,0.0
18050,3008,3,0,0.0
18051,3008,5,0,0.0
18052,3008,9,0,0.0
18053,3008,10,0,0.0
18054,3009,2,0,0.0
18055,3009,3,1,1.0
18056,3009,4,0,1.0
18057,3009,5,1,1.0
18058,3009,9,3,3.0
18059,3009,10,3,3.0
18060,3010,1,1,1.0
18061,3010,2,2,2.0
18062,3010,3,1,2.0
18063,3010,6,2,2.0
18064,3010,9,3,3.0
18065,3010,10,2,3.0
18066,3011,0,0,0.0
18067,3011,3,0,0.0
18068,3011,4,0,0.0
18069,3011,6,0,0.0
18070,3011,7,0,0.0
18071,3011,8,0,0.0
18072,3012,0,0,0.0
18073,3012,3,0,0.0
18074,3012,4,0,0.0
18075,3012,7,0,0.0
18076,3012,9,0,0.0
18077,3012,10,0,0.0
18078,3013,3,0,0.0
18079,3013,5,0,0.0
18080,3013,6,0,0.0
18081,3013,7,0,0.0
18082,3013,8,0,0.0
18083,3013,9,0,0.0
18084,3014,2,1,1.0
18085,3014,3,2,2.0
18086,3014,4,3,3.0
18087,3014,6,3,3.0
18088,3014,7,2,3.0
18089,3014,9,2,3.0
18090,3015,0,0,0.0
18091,3015,1,0,0.0
18092,3015,3,1,1.0
18093,3015,4,2,2.0
18094,3015,7,3,3.0
18095,3015,8,2,3.0
18096,3016,0,0,0.0
18097,3016,1,1,1.0
18098,3016,3,3,3.0
18099,3016,4,4,4.0
18100,3016,6,4,4.0
18101,3016,10,4,4.0
18102,3017,4,0,0.0
18103,3017,5,0,0.0
18104,3017,6,0,0.0
18105,3017,7,0,0.0
18106,3017,8,0,0.0
18107,3017,9,0,0.0
18108,3018,2,2,2.0
18109,3018,3,1,2.0
18110,3018,5,1,2.0
18111,3018,6,2,2.0
18112,3018,8,2,2.0
18113,3018,10,2,2.0
18114,3019,1,1,1.0
18115,3019,2,1,1.0
18116,3019,4,0,1.0
18117,3019,5,1,1.0
18118,3019,7,2,2.0
18119,3019,10,3,3.0
18120,3020,2,0,0.0
18121,3020,3,0,0.0
18122,3020,4,0,0.0
18123,3020,7,3,3.0
18124,3020,8,2,3.0
18125,3020,10,4,4.0
18126,3021,0,0,0.0
18127,3021,1,0,0.0
18128,3021,2,1,1.0
18129,3021,3,2,2.0
18130,3021,6,2,2.0
18131,3021,7,3,3.0
18132,3022,0,0,0.0
18133,3022,4,2,2.0
18134,3022,5,3,3.0
18135,3022,6,4,4.0
18136,3022,8,4,4.0
18137,3022,9,3,4.0
18138,3023,1,1,1.0
18139,3023,2,0,1.0
18140,3023,4,1,1.0
18141,3023,5,1,1.0
18142,3023,7,1,1.0
18143,3023,8,0,1.0
18144,3024,0,0,0.0
18145,3024,3,0,0.0
18146,3024,4,0,0.0
18147,3024,5,0,0.0
18148,3024,9,0,0.0
18149,3024,10,0,0.0
18150,3025,1,1,1.0
18151,3025,3,1,1.0
18152,3025,4,2,2.0
18153,3025,8,2,2.0
18154,3025,9,3,3.0
18155,3025,10,4,4.0
18156,3026,0,0,0.0
18157,3026,1,1,1.0
18158,3026,2,0,1.0
18159,3026,4,2,2.0
18160,3026,5,3,3.0
18161,3026,10,2,3.0
18162,3027,0,0,0.0
18163,3027,2,0,0.0
18164,3027,5,0,0.0
18165,3027,8,0,0.0
18166,3027,9,0,0.0
18167,3027,10,0,0.0
18168,3028,0,0,0.0
18169,3028,5,0,0.0
18170,3028,6,1,1.0
18171,3028,7,0,1.0
18172,3028,9,0,1.0
18173,3028,10,1,1.0
18174,3029,0,0,0.0
18175,3029,2,1,1.0
18176,3029,6,3,3.0
18177,3029,7,2,3.0
18178,3029,8,3,3.0
18179,3029,10,3,3.0
18180,3030,1,1,1.0
18181,3030,3,1,1.0
18182,3030,4,0,1.0
18183,3030,5,1,1.0
18184,3030,7,1,1.0
18185,3030,10,0,1.0
18186,3031,1,0,0.0
18187,3031,5,2,2.0
18188,3031,6,3,3.0
18189,3031,7,2,3.0
18190,3031,9,2,3.0
18191,3031,10,3,3.0
18192,3032,0,0,0.0
18193,3032,1,0,0.0
18194,3032,4,0,0.0
18195,3032,7,0,0.0
18196,3032,9,0,0.0
18197,3032,10,0,0.0
18198,3033,0,0,0.0
18199,3033,1,0,0.0
18200,3033,2,0,0.0
18201,3033,3,0,0.0
18202,3033,7,0,0.0
18203,3033,9,0,0.0
18204,3034,4,1,1.0
18205,3034,5,0,1.0
18206,3034,6,1,1.0
18207,3034,7,0,1.0
18208,3034,8,1,1.0
18209,3034,9,1,1.0
18210,3035,1,0,0.0
18211,3035,3,0,0.0
18212,3035,7,1,1.0
18213,3035,8,1,1.0
18214,3035,9,1,1.0
18215,3035,10,1,1.0
18216,3036,2,0,0.0
18217,3036,3,0,0.0
18218,3036,4,0,0.0
18219,3036,5,0,0.0
18220,3036,7,0,0.0
18221,3036,9,0,0.0
18222,3037,0,0,0.0
18223,3037,1,1,1.0
18224,3037,2,0,1.0
18225,3037,3,1,1.0
18226,3037,4,1,1.0
18227,3037,7,3,3.0
18228,3038,4,2,2.0
18229,3038,5,2,2.0
18230,3038,7,4,4.0
18231,3038,8,5,5.0
18232,3038,9,5,5.0
18233,3038,10,5,5.0
18234,3039,1,1,1.0
18235,3039,3,2,2.0
18236,3039,5,4,4.0
18237,3039,6,5,5.0
18238,3039,9,5,5.0
18239,3039,10,5,5.0
18240,3040,0,0,0.0
18241,3040,2,0,0.0
18242,3040,3,0,0.0
18243,3040,4,0,0.0
18244,3040,6,0,0.0
18245,3040,8,0,0.0
18246,3041,2,1,1.0
18247,3041,4,1,1.0
18248,3041,5,0,1.0
18249,3041,6,1,1.0
18250,3041,9,1,1.0
18251,3041,10,0,1.0
18252,3042,0,0,0.0
18253,3042,3,0,0.0
18254,3042,4,0,0.0
18255,3042,7,3,3.0
18256,3042,8,3,3.0
18257,3042,10,2,3.0
18258,3043,2,1,1.0
18259,3043,3,2,2.0
18260,3043,4,3,3.0
18261,3043,5,3,3.0
18262,3043,8,5,5.0
18263,3043,10,5,5.0
18264,3044,1,0,0.0
18265,3044,2,0,0.0
18266,3044,5,0,0.0
18267,3044,7,0,0.0
18268,3044,8,0,0.0
18269,3044,9,0,0.0
18270,3045,4,4,4.0
18271,3045,5,3,4.0
18272,3045,6,4,4.0
18273,3045,7,5,5.0
18274,3045,8,5,5.0
18275,3045,10,5,5.0
18276,3046,3,3,3.0
18277,3046,4,2,3.0
18278,3046,5,3,3.0
18279,3046,6,2,3.0
18280,3046,7,3,3.0
18281,3046,9,3,3.0
18282,3047,1,1,1.0
18283,3047,2,2,2.0
18284,3047,4,2,2.0
18285,3047,6,2,2.0
18286,3047,7,3,3.0
18287,3047,8,2,3.0
18288,3048,0,0,0.0
18289,3048,1,1,1.0
18290,3048,3,3,3.0
18291,3048,6,4,4.0
18292,3048,7,3,4.0
18293,3048,10,4,4.0
18294,3049,0,0,0.0
18295,3049,1,0,0.0
18296,3049,4,2,2.0
18297,3049,6,1,2.0
18298,3049,8,3,3.0
18299,3049,10,2,3.0
18300,3050,2,0,0.0
18301,3050,5,1,1.0
18302,3050,7,1,1.0
18303,3050,8,2,2.0
18304,3050,9,3,3.0
18305,3050,10,2,3.0
18306,3051,0,0,0.0
18307,3051,1,0,0.0
18308,3051,2,0,0.0
18309,3051,6,0,0.0
18310,3051,7,0,0.0
18311,3051,8,0,0.0
18312,3052,0,0,0.0
18313,3052,2,0,0.0
18314,3052,3,0,0.0
18315,3052,4,0,0.0
18316,3052,7,0,0.0
18317,3052,9,0,0.0
18318,3053,2,0,0.0
18319,3053,3,0,0.0
18320,3053,4,0,0.0
18321,3053,5,0,0.0
18322,3053,6,0,0.0
18323,3053,7,0,0.0
18324,3054,1,1,1.0
18325,3054,2,1,1.0
18326,3054,3,1,1.0
18327,3054,4,0,1.0
18328,3054,6,1,1.0
18329,3054,7,1,1.0
18330,3055,0,0,0.0
18331,3055,1,1,1.0
18332,3055,3,3,3.0
18333,3055,4,4,4.0
18334,3055,6,4,4.0
18335,3055,8,4,4.0
18336,3056,3,0,0.0
18337,3056,4,0,0.0
18338,3056,6,1,1.0
18339,3056,7,0,1.0
18340,3056,8,1,1.0
18341,3056,9,0,1.0
18342,3057,0,0,0.0
18343,3057,3,1,1.0
18344,3057,4,0,1.0
18345,3057,8,0,1.0
18346,3057,9,0,1.0
18347,3057,10,1,1.0
18348,3058,3,1,1.0
18349,3058,4,0,1.0
18350,3058,5,1,1.0
18351,3058,6,2,2.0
18352,3058,7,3,3.0
18353,3058,9,3,3.0
18354,3059,0,0,0.0
18355,3059,1,1,1.0
18356,3059,4,4,4.0
18357,3059,6,5,5.0
18358,3059,7,5,5.0
18359,3059,10,5,5.0
18360,3060,0,0,0.0
18361,3060,2,2,2.0
18362,3060,4,2,2.0
18363,3060,5,3,3.0
18364,3060,6,2,3.0
18365,3060,9,1,3.0
18366,3061,0,0,0.0
18367,3061,1,1,1.0
18368,3061,2,1,1.0
18369,3061,3,0,1.0
18370,3061,9,1,1.0
18371,3061,10,1,1.0
18372,3062,0,0,0.0
18373,3062,1,0,0.0
18374,3062,5,0,0.0
18375,3062,7,0,0.0
18376,3062,8,0,0.0
18377,3062,9,0,0.0
18378,3063,0,0,0.0
18379,3063,1,0,0.0
18380,3063,3,0,0.0
18381,3063,5,0,0.0
18382,3063,7,0,0.0
18383,3063,9,0,0.0
18384,3064,1,0,0.0
18385,3064,2,1,1.0
18386,3064,3,1,1.0
18387,3064,7,0,1.0
18388,3064,8,0,1.0
18389,3064,10,1,1.0
18390,3065,2,1,1.0
18391,3065,3,2,2.0
18392,3065,5,2,2.0
18393,3065,7,3,3.0
18394,3065,8,2,3.0
18395,3065,9,3,3.0
18396,3066,0,0,0.0
18397,3066,3,0,0.0
18398,3066,4,0,0.0
18399,3066,7,0,0.0
18400,3066,8,0,0.0
18401,3066,10,0,0.0
18402,3067,1,1,1.0
18403,3067,2,0,1.0
18404,3067,6,0,1.0
18405,3067,7,0,1.0
18406,3067,9,0,1.0
18407,3067,10,0,1.0
18408,3068,2,2,2.0
18409,3068,5,3,3.0
18410,3068,6,3,3.0
18411,3068,7,3,3.0
18412,3068,9,3,3.0
18413,3068,10,3,3.0
18414,3069,1,1,1.0
18415,3069,2,2,2.0
18416,3069,5,1,2.0
18417,3069,6,2,2.0
18418,3069,7,1,2.0
18419,3069,9,3,3.0
18420,3070,1,1,1.0
18421,3070,5,1,1.0
18422,3070,6,1,1.0
18423,3070,7,1,1.0
18424,3070,9,0,1.0
18425,3070,10,1,1.0
18426,3071,1,0,0.0
18427,3071,2,1,1.0
18428,3071,7,3,3.0
18429,3071,8,2,3.0
18430,3071,9,3,3.0
18431,3071,10,4,4.0
18432,3072,0,0,0.0
18433,3072,5,1,1.0
18434,3072,6,0,1.0
18435,3072,7,1,1.0
18436,3072,8,0,1.0
18437,3072,10,0,1.0
18438,3073,0,0,0.0
18439,3073,1,1,1.0
18440,3073,3,3,3.0
18441,3073,4,2,3.0
18442,3073,8,5,5.0
18443,3073,10,5,5.0
18444,3074,0,0,0.0
18445,3074,2,0,0.0
18446,3074,5,1,1.0
18447,3074,7,3,3.0
18448,3074,8,2,3.0
18449,3074,9,3,3.0
18450,3075,0,0,0.0
18451,3075,1,0,0.0
18452,3075,4,0,0.0
18453,3075,6,0,0.0
18454,3075,8,0,0.0
18455,3075,9,0,0.0
18456,3076,0,0,0.0
18457,3076,1,0,0.0
18458,3076,2,0,0.0
18459,3076,3,0,0.0
18460,3076,4,0,0.0
18461,3076,10,1,1.0
18462,3077,1,0,0.0
18463,3077,2,0,0.0
18464,3077,3,0,0.0
18465,3077,4,0,0.0
18466,3077,7,0,0.0
18467,3077,9,0,0.0
18468,3078,1,1,1.0
18469,3078,3,1,1.0
18470,3078,4,2,2.0
18471,3078,5,3,3.0
18472,3078,6,4,4.0
18473,3078,10,5,5.0
18474,3079,1,1,1.0
18475,3079,2,2,2.0
18476,3079,4,2,2.0
18477,3079,5,3,3.0
18478,3079,6,2,3.0
18479,3079,10,0,3.0
18480,3080,2,0,0.0
18481,3080,3,0,0.0
18482,3080,5,1,1.0
18483,3080,7,1,1.0
18484,3080,8,2,2.0
18485,3080,9,3,3.0
18486,3081,3,0,0.0
18487,3081,4,0,0.0
18488,3081,5,0,0.0
18489,3081,6,0,0.0
18490,3081,7,0,0.0
18491,3081,9,0,0.0
18492,3082,2,1,1.0
18493,3082,3,2,2.0
18494,3082,4,1,2.0
18495,3082,6,3,3.0
18496,3082,9,2,3.0
18497,3082,10,1,3.0
18498,3083,0,0,0.0
18499,3083,2,2,2.0
18500,3083,3,1,2.0
18501,3083,4,2,2.0
18502,3083,5,1,2.0
18503,3083,10,2,2.0
18504,3084,0,0,0.0
18505,3084,2,0,0.0
18506,3084,3,1,1.0
18507,3084,5,1,1.0
18508,3084,6,0,1.0
18509,3084,7,1,1.0
18510,3085,2,0,0.0
18511,3085,4,0,0.0
18512,3085,5,0,0.0
18513,3085,6,0,0.0
18514,3085,8,0,0.0
18515,3085,9,0,0.0
18516,3086,4,0,0.0
18517,3086,5,1,1.0
18518,3086,6,1,1.0
18519,3086,7,0,1.0
18520,3086,8,1,1.0
18521,3086,9,1,1.0
18522,3087,3,1,1.0
18523,3087,4,0,1.0
18524,3087,5,0,1.0
18525,3087,7,0,1.0
18526,3087,8,0,1.0
18527,3087,9,0,1.0
18528,3088,0,0,0.0
18529,3088,2,2,2.0
18530,3088,3,1,2.0
18531,3088,6,2,2.0
18532,3088,7,3,3.0
18533,3088,10,5,5.0
18534,3089,0,0,0.0
18535,3089,1,1,1.0
18536,3089,3,1,1.0
18537,3089,5,1,1.0
18538,3089,7,1,1.0
18539,3089,8,0,1.0
18540,3090,1,0,0.0
18541,3090,3,0,0.0
18542,3090,5,0,0.0
18543,3090,7,0,0.0
18544,3090,9,0,0.0
18545,3090,10,0,0.0
18546,3091,1,1,1.0
18547,3091,4,0,1.0
18548,3091,5,1,1.0
18549,3091,6,2,2.0
18550,3091,8,2,2.0
18551,3091,10,0,2.0
18552,3092,2,0,0.0
18553,3092,4,0,0.0
18554,3092,5,1,1.0
18555,3092,6,1,1.0
18556,3092,8,3,3.0
18557,3092,10,3,3.0
18558,3093,0,0,0.0
18559,3093,1,1,1.0
18560,3093,2,0,1.0
18561,3093,4,0,1.0
18562,3093,7,1,1.0
18563,3093,10,0,1.0
18564,3094,1,1,1.0
18565,3094,3,0,1.0
18566,3094,5,0,1.0
18567,3094,8,1,1.0
18568,3094,9,0,1.0
18569,3094,10,1,1.0
18570,3095,0,0,0.0
18571,3095,2,0,0.0
18572,3095,5,0,0.0
18573,3095,6,0,0.0
18574,3095,7,0,0.0
18575,3095,8,0,0.0
18576,3096,0,0,0.0
18577,3096,1,0,0.0
18578,3096,2,0,0.0
18579,3096,4,1,1.0
18580,3096,8,1,1.0
18581,3096,9,0,1.0
18582,3097,0,0,0.0
18583,3097,2,2,2.0
18584,3097,4,2,2.0
18585,3097,6,2,2.0
18586,3097,7,3,3.0
18587,3097,10,2,3.0
18588,3098,0,0,0.0
18589,3098,1,0,0.0
18590,3098,2,1,1.0
18591,3098,3,0,1.0
18592,3098,4,0,1.0
18593,3098,7,0,1.0
18594,3099,0,0,0.0
18595,3099,1,1,1.0
18596,3099,4,0,1.0
18597,3099,6,0,1.0
18598,3099,8,0,1.0
18599,3099,9,1,1.0
18600,3100,0,0,0.0
18601,3100,1,0,0.0
18602,3100,6,0,0.0
18603,3100,7,1,1.0
18604,3100,9,0,1.0
18605,3100,10,0,1.0
18606,3101,0,0,0.0
18607,3101,2,0,0.0
18608,3101,3,0,0.0
18609,3101,6,0,0.0
18610,3101,9,0,0.0
18611,3101,10,0,0.0
18612,3102,0,0,0.0
18613,3102,3,0,0.0
18614,3102,4,1,1.0
18615,3102,5,1,1.0
18616,3102,6,1,1.0
18617,3102,7,1,1.0
18618,3103,2,0,0.0
18619,3103,3,1,1.0
18620,3103,4,0,1.0
18621,3103,5,1,1.0
18622,3103,8,0,1.0
18623,3103,10,0,1.0
18624,3104,0,0,0.0
18625,3104,1,1,1.0
18626,3104,2,2,2.0
18627,3104,4,2,2.0
18628,3104,5,1,2.0
18629,3104,7,1,2.0
18630,3105,0,0,0.0
18631,3105,1,1,1.0
18632,3105,2,2,2.0
18633,3105,3,2,2.0
18634,3105,4,2,2.0
18635,3105,8,3,3.0
18636,3106,1,1,1.0
18637,3106,3,1,1.0
18638,3106,4,0,1.0
18639,3106,6,2,2.0
18640,3106,8,2,2.0
18641,3106,10,2,2.0
18642,3107,0,0,0.0
18643,3107,3,0,0.0
18644,3107,4,0,0.0
18645,3107,5,0,0.0
18646,3107,7,0,0.0
18647,3107,8,0,0.0
18648,3108,2,1,1.0
18649,3108,3,2,2.0
18650,3108,4,3,3.0
18651,3108,6,4,4.0
18652,3108,8,5,5.0
18653,3108,10,5,5.0
18654,3109,2,0,0.0
18655,3109,3,1,1.0
18656,3109,4,2,2.0
18657,3109,6,1,2.0
18658,3109,7,2,2.0
18659,3109,9,3,3.0
18660,3110,1,1,1.0
18661,3110,2,2,2.0
18662,3110,3,3,3.0
18663,3110,4,4,4.0
18664,3110,7,5,5.0
18665,3110,8,5,5.0
18666,3111,0,0,0.0
18667,3111,1,1,1.0
18668,3111,2,2,2.0
18669,3111,3,3,3.0
18670,3111,6,2,3.0
18671,3111,9,3,3.0
18672,3112,1,1,1.0
18673,3112,2,1,1.0
18674,3112,5,2,2.0
18675,3112,6,1,2.0
18676,3112,8,3,3.0
18677,3112,10,3,3.0
18678,3113,1,1,1.0
18679,3113,3,3,3.0
18680,3113,4,4,4.0
18681,3113,6,5,5.0
18682,3113,7,5,5.0
18683,3113,8,5,5.0
18684,3114,2,0,0.0
18685,3114,4,0,0.0
18686,3114,5,0,0.0
18687,3114,7,0,0.0
18688,3114,9,0,0.0
18689,3114,10,0,0.0
18690,3115,1,0,0.0
18691,3115,2,0,0.0
18692,3115,3,0,0.0
18693,3115,4,0,0.0
18694,3115,9,0,0.0
18695,3115,10,0,0.0
18696,3116,2,0,0.0
18697,3116,3,1,1.0
18698,3116,6,1,1.0
18699,3116,7,1,1.0
18700,3116,9,1,1.0
18701,3116,10,2,2.0
18702,3117,0,0,0.0
18703,3117,1,0,0.0
18704,3117,2,0,0.0
18705,3117,6,1,1.0
18706,3117,7,1,1.0
18707,3117,10,0,1.0
18708,3118,0,0,0.0
18709,3118,1,1,1.0
18710,3118,5,1,1.0
18711,3118,7,3,3.0
18712,3118,9,1,3.0
18713,3118,10,2,3.0
18714,3119,0,0,0.0
18715,3119,1,0,0.0
18716,3119,3,0,0.0
18717,3119,4,0,0.0
18718,3119,5,0,0.0
18719,3119,8,0,0.0
18720,3120,0,0,0.0
18721,3120,1,0,0.0
18722,3120,4,1,1.0
18723,3120,7,0,1.0
18724,3120,8,0,1.0
18725,3120,9,1,1.0
18726,3121,0,0,0.0
18727,3121,2,2,2.0
18728,3121,3,1,2.0
18729,3121,4,2,2.0
18730,3121,7,1,2.0
18731,3121,9,1,2.0
18732,3122,1,0,0.0
18733,3122,2,0,0.0
18734,3122,3,1,1.0
18735,3122,5,0,1.0
18736,3122,8,0,1.0
18737,3122,10,1,1.0
18738,3123,0,0,0.0
18739,3123,1,1,1.0
18740,3123,5,0,1.0
18741,3123,7,2,2.0
18742,3123,9,2,2.0
18743,3123,10,1,2.0
18744,3124,0,0,0.0
18745,3124,1,0,0.0
18746,3124,2,0,0.0
18747,3124,3,0,0.0
18748,3124,5,0,0.0
18749,3124,10,0,0.0
18750,3125,0,0,0.0
18751,3125,1,0,0.0
18752,3125,3,1,1.0
18753,3125,6,1,1.0
18754,3125,9,2,2.0
18755,3125,10,3,3.0
18756,3126,0,0,0.0
18757,3126,3,3,3.0
18758,3126,4,2,3.0
18759,3126,6,2,3.0
18760,3126,7,3,3.0
18761,3126,9,3,3.0
18762,3127,1,1,1.0
18763,3127,2,0,1.0
18764,3127,4,0,1.0
18765,3127,8,1,1.0
18766,3127,9,1,1.0
18767,3127,10,1,1.0
18768,3128,1,0,0.0
18769,3128,3,0,0.0
18770,3128,6,0,0.0
18771,3128,7,0,0.0
18772,3128,9,0,0.0
18773,3128,10,1,1.0
18774,3129,0,0,0.0
18775,3129,1,1,1.0
18776,3129,5,3,3.0
18777,3129,6,4,4.0
18778,3129,7,5,5.0
18779,3129,10,5,5.0
18780,3130,2,0,0.0
18781,3130,4,0,0.0
18782,3130,5,1,1.0
18783,3130,6,2,2.0
18784,3130,7,1,2.0
18785,3130,9,0,2.0
18786,3131,0,0,0.0
18787,3131,1,0,0.0
18788,3131,2,0,0.0
18789,3131,3,0,0.0
18790,3131,5,0,0.0
18791,3131,7,0,0.0
18792,3132,1,0,0.0
18793,3132,2,0,0.0
18794,3132,3,0,0.0
18795,3132,4,0,0.0
18796,3132,7,0,0.0
18797,3132,8,0,0.0
18798,3133,0,0,0.0
18799,3133,2,0,0.0
18800,3133,3,1,1.0
18801,3133,8,0,1.0
18802,3133,9,1,1.0
18803,3133,10,0,1.0
18804,3134,1,1,1.0
18805,3134,4,1,1.0
18806,3134,5,0,1.0
18807,3134,6,1,1.0
18808,3134,7,1,1.0
18809,3134,9,1,1.0
18810,3135,0,0,0.0
18811,3135,5,1,1.0
18812,3135,6,0,1.0
18813,3135,8,0,1.0
18814,3135,9,1,1.0
18815,3135,10,0,1.0
18816,3136,0,0,0.0
18817,3136,1,1,1.0
18818,3136,3,1,1.0
18819,3136,4,0,1.0
18820,3136,6,0,1.0
18821,3136,9,1,1.0
18822,3137,0,0,0.0
18823,3137,3,3,3.0
18824,3137,4,2,3.0
18825,3137,6,2,3.0
18826,3137,7,1,3.0
18827,3137,8,2,3.0
18828,3138,4,2,2.0
18829,3138,5,3,3.0
18830,3138,6,4,4.0
18831,3138,7,5,5.0
18832,3138,9,5,5.0
18833,3138,10,5,5.0
18834,3139,1,0,0.0
18835,3139,2,0,0.0
18836,3139,5,0,0.0
18837,3139,7,0,0.0
18838,3139,8,1,1.0
18839,3139,10,1,1.0
18840,3140,0,0,0.0
18841,3140,2,1,1.0
18842,3140,3,2,2.0
18843,3140,5,4,4.0
18844,3140,8,3,4.0
18845,3140,9,2,4.0
18846,3141,1,1,1.0
18847,3141,5,0,1.0
18848,3141,6,1,1.0
18849,3141,8,2,2.0
18850,3141,9,2,2.0
18851,3141,10,2,2.0
18852,3142,2,0,0.0
18853,3142,3,0,0.0
18854,3142,4,0,0.0
18855,3142,8,2,2.0
18856,3142,9,3,3.0
18857,3142,10,3,3.0
18858,3143,1,1,1.0
18859,3143,2,0,1.0
18860,3143,4,1,1.0
18861,3143,7,2,2.0
18862,3143,9,2,2.0
18863,3143,10,1,2.0
18864,3144,0,0,0.0
18865,3144,1,1,1.0
18866,3144,2,0,1.0
18867,3144,6,2,2.0
18868,3144,9,1,2.0
18869,3144,10,2,2.0
18870,3145,0,0,0.0
18871,3145,2,2,2.0
18872,3145,3,1,2.0
18873,3145,4,2,2.0
18874,3145,6,2,2.0
18875,3145,7,1,2.0
18876,3146,0,0,0.0
18877,3146,2,2,2.0
18878,3146,4,4,4.0
18879,3146,5,4,4.0
18880,3146,7,4,4.0
18881,3146,8,4,4.0
18882,3147,1,0,0.0
18883,3147,3,0,0.0
18884,3147,6,0,0.0
18885,3147,7,0,0.0
18886,3147,9,0,0.0
18887,3147,10,0,0.0
18888,3148,0,0,0.0
18889,3148,2,0,0.0
18890,3148,4,1,1.0
18891,3148,5,2,2.0
18892,3148,8,0,2.0
18893,3148,10,2,2.0
18894,3149,0,0,0.0
18895,3149,2,1,1.0
18896,3149,3,1,1.0
18897,3149,5,1,1.0
18898,3149,7,1,1.0
18899,3149,9,1,1.0
18900,3150,0,0,0.0
18901,3150,1,1,1.0
18902,3150,7,1,1.0
18903,3150,8,2,2.0
18904,3150,9,1,2.0
18905,3150,10,2,2.0
18906,3151,0,0,0.0
18907,3151,2,1,1.0
18908,3151,3,1,1.0
18909,3151,4,1,1.0
18910,3151,8,1,1.0
18911,3151,10,0,1.0
18912,3152,0,0,0.0
18913,3152,3,0,0.0
18914,3152,4,0,0.0
18915,3152,7,0,0.0
18916,3152,8,0,0.0
18917,3152,9,0,0.0
18918,3153,3,0,0.0
18919,3153,4,1,1.0
18920,3153,5,1,1.0
18921,3153,7,0,1.0
18922,3153,9,0,1.0
18923,3153,10,1,1.0
18924,3154,0,0,0.0
18925,3154,1,1,1.0
18926,3154,3,1,1.0
18927,3154,7,1,1.0
18928,3154,8,2,2.0
18929,3154,9,3,3.0
18930,3155,0,0,0.0
18931,3155,1,1,1.0
18932,3155,2,2,2.0
18933,3155,3,1,2.0
18934,3155,4,0,2.0
18935,3155,10,2,2.0
18936,3156,3,0,0.0
18937,3156,5,0,0.0
18938,3156,7,0,0.0
18939,3156,8,0,0.0
18940,3156,9,0,0.0
18941,3156,10,0,0.0
18942,3157,3,0,0.0
18943,3157,5,0,0.0
18944,3157,6,1,1.0
18945,3157,8,1,1.0
18946,3157,9,0,1.0
18947,3157,10,1,1.0
18948,3158,0,0,0.0
18949,3158,1,1,1.0
18950,3158,3,1,1.0
18951,3158,4,1,1.0
18952,3158,7,1,1.0
18953,3158,10,0,1.0
18954,3159,0,0,0.0
18955,3159,1,1,1.0
18956,3159,2,2,2.0
18957,3159,3,2,2.0
18958,3159,7,2,2.0
18959,3159,9,4,4.0
18960,3160,0,0,0.0
18961,3160,1,0,0.0
18962,3160,6,0,0.0
18963,3160,7,0,0.0
18964,3160,9,0,0.0
18965,3160,10,0,0.0
18966,3161,4,0,0.0
18967,3161,5,0,0.0
18968,3161,6,0,0.0
18969,3161,7,0,0.0
18970,3161,8,0,0.0
18971,3161,9,0,0.0
18972,3162,1,0,0.0
18973,3162,2,0,0.0
18974,3162,3,0,0.0
18975,3162,6,0,0.0
18976,3162,7,0,0.0
18977,3162,9,0,0.0
18978,3163,1,0,0.0
18979,3163,2,0,0.0
18980,3163,3,0,0.0
18981,3163,4,0,0.0
18982,3163,5,0,0.0
18983,3163,7,0,0.0
18984,3164,1,1,1.0
18985,3164,3,1,1.0
18986,3164,5,1,1.0
18987,3164,6,2,2.0
18988,3164,8,2,2.0
18989,3164,10,2,2.0
18990,3165,0,0,0.0
18991,3165,1,1,1.0
18992,3165,2,2,2.0
18993,3165,3,1,2.0
18994,3165,6,4,4.0
18995,3165,7,5,5.0
18996,3166,0,0,0.0
18997,3166,1,1,1.0
18998,3166,5,2,2.0
18999,3166,6,3,3.0
19000,3166,7,2,3.0
19001,3166,9,2,3.0
19002,3167,0,0,0.0
19003,3167,1,1,1.0
19004,3167,2,0,1.0
19005,3167,5,1,1.0
19006,3167,6,0,1.0
19007,3167,8,0,1.0
19008,3168,0,0,0.0
19009,3168,2,2,2.0
19010,3168,4,4,4.0
19011,3168,7,3,4.0
19012,3168,8,4,4.0
19013,3168,10,5,5.0
19014,3169,1,1,1.0
19015,3169,4,2,2.0
19016,3169,5,3,3.0
19017,3169,6,4,4.0
19018,3169,8,4,4.0
19019,3169,10,4,4.0
19020,3170,0,0,0.0
19021,3170,3,0,0.0
19022,3170,4,0,0.0
19023,3170,6,0,0.0
19024,3170,7,0,0.0
19025,3170,10,0,0.0
19026,3171,0,0,0.0
19027,3171,1,0,0.0
19028,3171,5,0,0.0
19029,3171,6,0,0.0
19030,3171,9,0,0.0
19031,3171,10,0,0.0
19032,3172,0,0,0.0
19033,3172,2,1,1.0
19034,3172,4,1,1.0
19035,3172,5,1,1.0
19036,3172,8,1,1.0
19037,3172,9,0,1.0
19038,3173,0,0,0.0
19039,3173,1,1,1.0
19040,3173,3,3,3.0
19041,3173,5,5,5.0
19042,3173,7,5,5.0
19043,3173,10,5,5.0
19044,3174,2,2,2.0
19045,3174,4,2,2.0
19046,3174,5,3,3.0
19047,3174,6,4,4.0
19048,3174,7,3,4.0
19049,3174,8,2,4.0
19050,3175,0,0,0.0
19051,3175,4,0,0.0
19052,3175,6,0,0.0
19053,3175,7,0,0.0
19054,3175,9,0,0.0
19055,3175,10,0,0.0
19056,3176,0,0,0.0
19057,3176,1,0,0.0
19058,3176,5,1,1.0
19059,3176,7,1,1.0
19060,3176,8,0,1.0
19061,3176,9,1,1.0
19062,3177,0,0,0.0
19063,3177,4,0,0.0
19064,3177,7,1,1.0
19065,3177,8,1,1.0
19066,3177,9,1,1.0
19067,3177,10,1,1.0
19068,3178,0,0,0.0
19069,3178,1,0,0.0
19070,3178,2,1,1.0
19071,3178,5,4,4.0
19072,3178,8,4,4.0
19073,3178,9,3,4.0
19074,3179,0,0,0.0
19075,3179,1,0,0.0
19076,3179,5,0,0.0
19077,3179,7,0,0.0
19078,3179,8,0,0.0
19079,3179,9,0,0.0
19080,3180,2,0,0.0
19081,3180,3,1,1.0
19082,3180,6,1,1.0
19083,3180,7,1,1.0
19084,3180,8,1,1.0
19085,3180,10,1,1.0
19086,3181,1,0,0.0
19087,3181,2,0,0.0
19088,3181,5,0,0.0
19089,3181,7,0,0.0
19090,3181,9,0,0.0
19091,3181,10,0,0.0
19092,3182,0,0,0.0
19093,3182,1,0,0.0
19094,3182,2,0,0.0
19095,3182,4,0,0.0
19096,3182,5,0,0.0
19097,3182,9,1,1.0
19098,3183,0,0,0.0
19099,3183,2,0,0.0
19100,3183,4,0,0.0
19101,3183,5,0,0.0
19102,3183,6,0,0.0
19103,3183,8,0,0.0
19104,3184,1,0,0.0
19105,3184,2,0,0.0
19106,3184,5,0,0.0
19107,3184,7,0,0.0
19108,3184,8,0,0.0
19109,3184,9,0,0.0
19110,3185,0,0,0.0
19111,3185,3,1,1.0
19112,3185,4,0,1.0
19113,3185,6,0,1.0
19114,3185,7,1,1.0
19115,3185,8,0,1.0
19116,3186,0,0,0.0
19117,3186,1,0,0.0
19118,3186,4,0,0.0
19119,3186,7,0,0.0
19120,3186,9,0,0.0
19121,3186,10,0,0.0
19122,3187,1,1,1.0
19123,3187,2,0,1.0
19124,3187,5,1,1.0
19125,3187,6,0,1.0
19126,3187,7,1,1.0
19127,3187,9,2,2.0
19128,3188,0,0,0.0
19129,3188,2,2,2.0
19130,3188,4,2,2.0
19131,3188,6,2,2.0
19132,3188,8,2,2.0
19133,3188,10,4,4.0
19134,3189,2,0,0.0
19135,3189,4,1,1.0
19136,3189,5,0,1.0
19137,3189,6,0,1.0
19138,3189,7,1,1.0
19139,3189,10,0,1.0
19140,3190,0,0,0.0
19141,3190,3,3,3.0
19142,3190,4,2,3.0
19143,3190,5,1,3.0
19144,3190,6,2,3.0
19145,3190,7,3,3.0
19146,3191,1,0,0.0
19147,3191,2,0,0.0
19148,3191,3,0,0.0
19149,3191,4,0,0.0
19150,3191,6,0,0.0
19151,3191,10,0,0.0
19152,3192,0,0,0.0
19153,3192,1,1,1.0
19154,3192,2,2,2.0
19155,3192,5,1,2.0
19156,3192,8,4,4.0
19157,3192,10,4,4.0
19158,3193,0,0,0.0
19159,3193,2,2,2.0
19160,3193,6,4,4.0
19161,3193,7,5,5.0
19162,3193,9,5,5.0
19163,3193,10,5,5.0
19164,3194,0,0,0.0
19165,3194,1,0,0.0
19166,3194,2,1,1.0
19167,3194,4,0,1.0
19168,3194,8,0,1.0
19169,3194,10,0,1.0
19170,3195,2,0,0.0
19171,3195,3,1,1.0
19172,3195,6,2,2.0
19173,3195,7,3,3.0
19174,3195,8,2,3.0
19175,3195,10,4,4.0
19176,3196,0,0,0.0
19177,3196,2,1,1.0
19178,3196,6,4,4.0
19179,3196,7,4,4.0
19180,3196,8,4,4.0
19181,3196,10,3,4.0
19182,3197,0,0,0.0
19183,3197,1,1,1.0
19184,3197,2,2,2.0
19185,3197,4,2,2.0
19186,3197,5,1,2.0
19187,3197,7,1,2.0
19188,3198,0,0,0.0
19189,3198,2,0,0.0
19190,3198,5,3,3.0
19191,3198,7,5,5.0
19192,3198,8,5,5.0
19193,3198,9,5,5.0
19194,3199,0,0,0.0
19195,3199,3,0,0.0
19196,3199,4,1,1.0
19197,3199,6,1,1.0
19198,3199,9,1,1.0
19199,3199,10,1,1.0
19200,3200,0,0,0.0
19201,3200,2,1,1.0
19202,3200,3,2,2.0
19203,3200,8,5,5.0
19204,3200,9,5,5.0
19205,3200,10,5,5.0
19206,3201,0,0,0.0
19207,3201,3,1,1.0
19208,3201,4,2,2.0
19209,3201,5,1,2.0
19210,3201,8,2,2.0
19211,3201,10,2,2.0
19212,3202,0,0,0.0
19213,3202,3,1,1.0
19214,3202,5,3,3.0
19215,3202,6,2,3.0
19216,3202,7,3,3.0
19217,3202,10,5,5.0
19218,3203,1,0,0.0
19219,3203,2,0,0.0
19220,3203,3,0,0.0
19221,3203,6,0,0.0
19222,3203,8,0,0.0
19223,3203,9,0,0.0
19224,3204,0,0,0.0
19225,3204,1,1,1.0
19226,3204,3,3,3.0
19227,3204,4,2,3.0
19228,3204,9,1,3.0
19229,3204,10,2,3.0
19230,3205,0,0,0.0
19231,3205,1,0,0.0
19232,3205,3,1,1.0
19233,3205,4,2,2.0
19234,3205,8,2,2.0
19235,3205,10,2,2.0
19236,3206,1,0,0.0
19237,3206,3,2,2.0
19238,3206,4,3,3.0
19239,3206,6,3,3.0
19240,3206,8,3,3.0
19241,3206,10,3,3.0
19242,3207,1,0,0.0
19243,3207,2,1,1.0
19244,3207,5,1,1.0
19245,3207,6,1,1.0
19246,3207,7,1,1.0
19247,3207,8,1,1.0
19248,3208,0,0,0.0
19249,3208,1,0,0.0
19250,3208,2,0,0.0
19251,3208,3,0,0.0
19252,3208,6,0,0.0
19253,3208,8,0,0.0
19254,3209,0,0,0.0
19255,3209,1,0,0.0
19256,3209,2,0,0.0
19257,3209,3,0,0.0
19258,3209,5,0,0.0
19259,3209,8,1,1.0
19260,3210,1,0,0.0
19261,3210,2,0,0.0
19262,3210,3,0,0.0
19263,3210,6,0,0.0
19264,3210,7,0,0.0
19265,3210,8,0,0.0
19266,3211,0,0,0.0
19267,3211,4,1,1.0
19268,3211,5,2,2.0
19269,3211,6,1,2.0
19270,3211,9,2,2.0
19271,3211,10,1,2.0
19272,3212,0,0,0.0
19273,3212,1,0,0.0
19274,3212,6,0,0.0
19275,3212,7,0,0.0
19276,3212,8,0,0.0
19277,3212,9,0,0.0
19278,3213,0,0,0.0
19279,3213,1,1,1.0
19280,3213,3,1,1.0
19281,3213,4,2,2.0
19282,3213,5,1,2.0
19283,3213,6,0,2.0
19284,3214,1,0,0.0
19285,3214,2,0,0.0
19286,3214,4,0,0.0
19287,3214,5,0,0.0
19288,3214,8,0,0.0
19289,3214,9,0,0.0
19290,3215,1,0,0.0
19291,3215,2,0,0.0
19292,3215,6,0,0.0
19293,3215,8,1,1.0
19294,3215,9,0,1.0
19295,3215,10,0,1.0
19296,3216,0,0,0.0
19297,3216,1,0,0.0
19298,3216,2,0,0.0
19299,3216,3,0,0.0
19300,3216,4,0,0.0
19301,3216,5,0,0.0
19302,3217,0,0,0.0
19303,3217,5,4,4.0
19304,3217,7,5,5.0
19305,3217,8,5,5.0
19306,3217,9,5,5.0
19307,3217,10,5,5.0
19308,3218,0,0,0.0
19309,3218,2,2,2.0
19310,3218,3,1,2.0
19311,3218,4,2,2.0
19312,3218,5,1,2.0
19313,3218,8,2,2.0
19314,3219,0,0,0.0
19315,3219,2,2,2.0
19316,3219,4,1,2.0
19317,3219,5,0,2.0
19318,3219,9,2,2.0
19319,3219,10,1,2.0
19320,3220,0,0,0.0
19321,3220,2,0,0.0
19322,3220,3,0,0.0
19323,3220,5,0,0.0
19324,3220,8,0,0.0
19325,3220,10,0,0.0
19326,3221,1,1,1.0
19327,3221,4,3,3.0
19328,3221,6,4,4.0
19329,3221,7,5,5.0
19330,3221,8,5,5.0
19331,3221,10,5,5.0
19332,3222,1,0,0.0
19333,3222,2,0,0.0
19334,3222,3,0,0.0
19335,3222,6,1,1.0
19336,3222,7,0,1.0
19337,3222,8,0,1.0
19338,3223,0,0,0.0
19339,3223,1,1,1.0
19340,3223,2,2,2.0
19341,3223,6,2,2.0
19342,3223,8,4,4.0
19343,3223,10,4,4.0
19344,3224,0,0,0.0
19345,3224,1,1,1.0
19346,3224,4,1,1.0
19347,3224,5,1,1.0
19348,3224,8,1,1.0
19349,3224,9,1,1.0
19350,3225,1,0,0.0
19351,3225,2,0,0.0
19352,3225,3,1,1.0
19353,3225,4,0,1.0
19354,3225,6,0,1.0
19355,3225,9,1,1.0
19356,3226,0,0,0.0
19357,3226,1,0,0.0
19358,3226,5,1,1.0
19359,3226,7,1,1.0
19360,3226,9,0,1.0
19361,3226,10,1,1.0
19362,3227,0,0,0.0
19363,3227,2,0,0.0
19364,3227,3,1,1.0
19365,3227,4,2,2.0
19366,3227,6,0,2.0
19367,3227,10,0,2.0
19368,3228,1,0,0.0
19369,3228,2,0,0.0
19370,3228,3,0,0.0
19371,3228,5,0,0.0
19372,3228,8,0,0.0
19373,3228,9,0,0.0
19374,3229,0,0,0.0
19375,3229,4,1,1.0
19376,3229,5,0,1.0
19377,3229,6,1,1.0
19378,3229,7,0,1.0
19379,3229,9,0,1.0
19380,3230,1,1,1.0
19381,3230,2,2,2.0
19382,3230,3,1,2.0
19383,3230,6,2,2.0
19384,3230,7,1,2.0
19385,3230,9,1,2.0
19386,3231,1,1,1.0
19387,3231,4,4,4.0
19388,3231,5,3,4.0
19389,3231,8,4,4.0
19390,3231,9,3,4.0
19391,3231,10,4,4.0
19392,3232,1,0,0.0
19393,3232,4,0,0.0
19394,3232,7,0,0.0
19395,3232,8,0,0.0
19396,3232,9,0,0.0
19397,3232,10,0,0.0
19398,3233,0,0,0.0
19399,3233,3,0,0.0
19400,3233,4,0,0.0
19401,3233,7,0,0.0
19402,3233,9,0,0.0
19403,3233,10,0,0.0
19404,3234,1,0,0.0
19405,3234,5,1,1.0
19406,3234,6,2,2.0
19407,3234,7,3,3.0
19408,3234,9,3,3.0
19409,3234,10,2,3.0
19410,3235,0,0,0.0
19411,3235,1,1,1.0
19412,3235,5,5,5.0
19413,3235,6,5,5.0
19414,3235,9,5,5.0
19415,3235,10,5,5.0
19416,3236,0,0,0.0
19417,3236,1,1,1.0
19418,3236,3,1,1.0
19419,3236,4,2,2.0
19420,3236,6,4,4.0
19421,3236,8,3,4.0
19422,3237,1,1,1.0
19423,3237,2,0,1.0
19424,3237,4,0,1.0
19425,3237,6,0,1.0
19426,3237,7,1,1.0
19427,3237,10,2,2.0
19428,3238,0,0,0.0
19429,3238,1,1,1.0
19430,3238,3,1,1.0
19431,3238,6,0,1.0
19432,3238,7,1,1.0
19433,3238,9,1,1.0
19434,3239,0,0,0.0
19435,3239,2,0,0.0
19436,3239,3,0,0.0
19437,3239,6,0,0.0
19438,3239,8,0,0.0
19439,3239,9,0,0.0
19440,3240,1,0,0.0
19441,3240,2,0,0.0
19442,3240,3,0,0.0
19443,3240,4,0,0.0
19444,3240,6,0,0.0
19445,3240,9,0,0.0
19446,3241,2,2,2.0
19447,3241,3,3,3.0
19448,3241,5,3,3.0
19449,3241,6,4,4.0
19450,3241,7,5,5.0
19451,3241,9,5,5.0
19452,3242,0,0,0.0
19453,3242,1,1,1.0
19454,3242,2,0,1.0
19455,3242,4,2,2.0
19456,3242,6,2,2.0
19457,3242,10,2,2.0
19458,3243,1,1,1.0
19459,3243,2,0,1.0
19460,3243,4,1,1.0
19461,3243,7,1,1.0
19462,3243,8,0,1.0
19463,3243,10,1,1.0
19464,3244,1,1,1.0
19465,3244,2,2,2.0
19466,3244,5,3,3.0
19467,3244,8,4,4.0
19468,3244,9,3,4.0
19469,3244,10,2,4.0
19470,3245,0,0,0.0
19471,3245,1,1,1.0
19472,3245,2,0,1.0
19473,3245,3,1,1.0
19474,3245,8,0,1.0
19475,3245,10,1,1.0
19476,3246,0,0,0.0
19477,3246,2,0,0.0
19478,3246,3,0,0.0
19479,3246,4,0,0.0
19480,3246,5,0,0.0
19481,3246,8,0,0.0
19482,3247,0,0,0.0
19483,3247,4,0,0.0
19484,3247,6,1,1.0
19485,3247,8,2,2.0
19486,3247,9,2,2.0
19487,3247,10,2,2.0
19488,3248,0,0,0.0
19489,3248,2,0,0.0
19490,3248,6,2,2.0
19491,3248,7,2,2.0
19492,3248,9,3,3.0
19493,3248,10,4,4.0
19494,3249,0,0,0.0
19495,3249,1,1,1.0
19496,3249,2,0,1.0
19497,3249,4,0,1.0
19498,3249,7,1,1.0
19499,3249,8,0,1.0
19500,3250,0,0,0.0
19501,3250,1,1,1.0
19502,3250,5,1,1.0
19503,3250,7,0,1.0
19504,3250,8,0,1.0
19505,3250,9,1,1.0
19506,3251,1,0,0.0
19507,3251,3,0,0.0
19508,3251,4,0,0.0
19509,3251,6,0,0.0
19510,3251,7,0,0.0
19511,3251,10,0,0.0
19512,3252,0,0,0.0
19513,3252,1,1,1.0
19514,3252,3,1,1.0
19515,3252,5,1,1.0
19516,3252,8,2,2.0
19517,3252,9,1,2.0
19518,3253,2,0,0.0
19519,3253,3,0,0.0
19520,3253,6,0,0.0
19521,3253,7,0,0.0
19522,3253,8,0,0.0
19523,3253,9,0,0.0
19524,3254,4,1,1.0
19525,3254,6,3,3.0
19526,3254,7,2,3.0
19527,3254,8,3,3.0
19528,3254,9,4,4.0
19529,3254,10,4,4.0
19530,3255,4,0,0.0
19531,3255,5,0,0.0
19532,3255,6,0,0.0
19533,3255,7,0,0.0
19534,3255,9,0,0.0
19535,3255,10,0,0.0
19536,3256,2,0,0.0
19537,3256,4,0,0.0
19538,3256,6,2,2.0
19539,3256,7,1,2.0
19540,3256,8,2,2.0
19541,3256,10,0,2.0
19542,3257,0,0,0.0
19543,3257,2,0,0.0
19544,3257,5,0,0.0
19545,3257,6,0,0.0
19546,3257,7,0,0.0
19547,3257,10,0,0.0
19548,3258,3,3,3.0
19549,3258,5,3,3.0
19550,3258,6,4,4.0
19551,3258,8,5,5.0
19552,3258,9,5,5.0
19553,3258,10,5,5.0
19554,3259,2,2,2.0
19555,3259,4,2,2.0
19556,3259,5,3,3.0
19557,3259,6,2,3.0
19558,3259,8,2,3.0
19559,3259,9,3,3.0
19560,3260,1,1,1.0
19561,3260,2,0,1.0
19562,3260,4,1,1.0
19563,3260,5,0,1.0
19564,3260,6,1,1.0
19565,3260,8,1,1.0
19566,3261,1,0,0.0
19567,3261,2,0,0.0
19568,3261,3,0,0.0
19569,3261,7,0,0.0
19570,3261,8,0,0.0
19571,3261,10,0,0.0
19572,3262,0,0,0.0
19573,3262,1,0,0.0
19574,3262,4,0,0.0
19575,3262,6,0,0.0
19576,3262,8,0,0.0
19577,3262,9,0,0.0
19578,3263,0,0,0.0
19579,3263,1,1,1.0
19580,3263,3,0,1.0
19581,3263,4,0,1.0
19582,3263,7,0,1.0
19583,3263,9,1,1.0
19584,3264,1,0,0.0
19585,3264,2,0,0.0
19586,3264,3,0,0.0
19587,3264,4,1,1.0
19588,3264,9,3,3.0
19589,3264,10,2,3.0
19590,3265,0,0,0.0
19591,3265,1,1,1.0
19592,3265,5,2,2.0
19593,3265,6,3,3.0
19594,3265,7,2,3.0
19595,3265,8,1,3.0
19596,3266,0,0,0.0
19597,3266,1,0,0.0
19598,3266,2,0,0.0
19599,3266,3,1,1.0
19600,3266,4,1,1.0
19601,3266,7,1,1.0
19602,3267,1,0,0.0
19603,3267,5,0,0.0
19604,3267,6,0,0.0
19605,3267,8,0,0.0
19606,3267,9,0,0.0
19607,3267,10,0,0.0
19608,3268,1,1,1.0
19609,3268,2,2,2.0
19610,3268,5,1,2.0
19611,3268,6,2,2.0
19612,3268,8,0,2.0
19613,3268,10,0,2.0
19614,3269,0,0,0.0
19615,3269,1,1,1.0
19616,3269,3,3,3.0
19617,3269,4,4,4.0
19618,3269,7,5,5.0
19619,3269,8,5,5.0
19620,3270,0,0,0.0
19621,3270,1,0,0.0
19622,3270,6,0,0.0
19623,3270,7,0,0.0
19624,3270,8,0,0.0
19625,3270,9,0,0.0
19626,3271,1,1,1.0
19627,3271,3,0,1.0
19628,3271,6,0,1.0
19629,3271,8,0,1.0
19630,3271,9,1,1.0
19631,3271,10,2,2.0
19632,3272,0,0,0.0
19633,3272,2,0,0.0
19634,3272,4,0,0.0
19635,3272,5,1,1.0
19636,3272,7,0,1.0
19637,3272,8,1,1.0
19638,3273,0,0,0.0
19639,3273,1,0,0.0
19640,3273,2,0,0.0
19641,3273,3,0,0.0
19642,3273,5,0,0.0
19643,3273,6,0,0.0
19644,3274,0,0,0.0
19645,3274,1,1,1.0
19646,3274,4,2,2.0
19647,3274,5,3,3.0
19648,3274,7,4,4.0
19649,3274,9,5,5.0
19650,3275,2,0,0.0
19651,3275,3,0,0.0
19652,3275,4,0,0.0
19653,3275,6,0,0.0
19654,3275,7,0,0.0
19655,3275,10,0,0.0
19656,3276,0,0,0.0
19657,3276,1,0,0.0
19658,3276,2,1,1.0
19659,3276,3,0,1.0
19660,3276,6,0,1.0
19661,3276,8,1,1.0
19662,3277,0,0,0.0
19663,3277,1,0,0.0
19664,3277,3,1,1.0
19665,3277,7,0,1.0
19666,3277,9,1,1.0
19667,3277,10,1,1.0
19668,3278,0,0,0.0
19669,3278,3,1,1.0
19670,3278,4,0,1.0
19671,3278,6,2,2.0
19672,3278,9,1,2.0
19673,3278,10,0,2.0
19674,3279,1,0,0.0
19675,3279,2,0,0.0
19676,3279,4,0,0.0
19677,3279,5,0,0.0
19678,3279,6,0,0.0
19679,3279,9,0,0.0
19680,3280,0,0,0.0
19681,3280,2,1,1.0
19682,3280,6,0,1.0
19683,3280,7,1,1.0
19684,3280,8,1,1.0
19685,3280,9,0,1.0
19686,3281,0,0,0.0
19687,3281,1,1,1.0
19688,3281,4,1,1.0
19689,3281,7,0,1.0
19690,3281,9,1,1.0
19691,3281,10,1,1.0
19692,3282,1,1,1.0
19693,3282,4,0,1.0
19694,3282,5,0,1.0
19695,3282,6,0,1.0
19696,3282,8,0,1.0
19697,3282,9,1,1.0
19698,3283,1,1,1.0
19699,3283,3,1,1.0
19700,3283,4,0,1.0
19701,3283,8,1,1.0
19702,3283,9,1,1.0
19703,3283,10,2,2.0
19704,3284,1,1,1.0
19705,3284,2,0,1.0
19706,3284,3,1,1.0
19707,3284,4,0,1.0
19708,3284,6,1,1.0
19709,3284,10,1,1.0
19710,3285,0,0,0.0
19711,3285,2,0,0.0
19712,3285,3,0,0.0
19713,3285,4,0,0.0
19714,3285,8,0,0.0
19715,3285,10,0,0.0
19716,3286,0,0,0.0
19717,3286,2,2,2.0
19718,3286,4,1,2.0
19719,3286,7,1,2.0
19720,3286,9,1,2.0
19721,3286,10,2,2.0
19722,3287,0,0,0.0
19723,3287,3,1,1.0
19724,3287,5,1,1.0
19725,3287,6,0,1.0
19726,3287,8,0,1.0
19727,3287,10,2,2.0
19728,3288,0,0,0.0
19729,3288,2,2,2.0
19730,3288,3,2,2.0
19731,3288,5,1,2.0
19732,3288,7,0,2.0
19733,3288,10,1,2.0
19734,3289,0,0,0.0
19735,3289,1,0,0.0
19736,3289,3,0,0.0
19737,3289,6,0,0.0
19738,3289,8,0,0.0
19739,3289,10,0,0.0
19740,3290,0,0,0.0
19741,3290,2,2,2.0
19742,3290,3,3,3.0
19743,3290,7,3,3.0
19744,3290,8,2,3.0
19745,3290,9,1,3.0
19746,3291,1,1,1.0
19747,3291,2,2,2.0
19748,3291,3,3,3.0
19749,3291,5,3,3.0
19750,3291,7,3,3.0
19751,3291,9,3,3.0
19752,3292,0,0,0.0
19753,3292,3,3,3.0
19754,3292,4,2,3.0
19755,3292,7,4,4.0
19756,3292,8,3,4.0
19757,3292,9,2,4.0
19758,3293,0,0,0.0
19759,3293,3,0,0.0
19760,3293,4,0,0.0
19761,3293,7,0,0.0
19762,3293,9,0,0.0
19763,3293,10,0,0.0
19764,3294,0,0,0.0
19765,3294,1,1,1.0
19766,3294,3,3,3.0
19767,3294,7,1,3.0
19768,3294,8,2,3.0
19769,3294,9,3,3.0
19770,3295,1,1,1.0
19771,3295,3,1,1.0
19772,3295,6,1,1.0
19773,3295,8,1,1.0
19774,3295,9,2,2.0
19775,3295,10,3,3.0
19776,3296,1,1,1.0
19777,3296,2,0,1.0
19778,3296,5,1,1.0
19779,3296,6,2,2.0
19780,3296,8,3,3.0
19781,3296,9,3,3.0
19782,3297,0,0,0.0
19783,3297,1,1,1.0
19784,3297,2,0,1.0
19785,3297,6,0,1.0
19786,3297,8,0,1.0
19787,3297,10,0,1.0
19788,3298,0,0,0.0
19789,3298,1,0,0.0
19790,3298,4,0,0.0
19791,3298,5,1,1.0
19792,3298,7,0,1.0
19793,3298,8,0,1.0
19794,3299,0,0,0.0
19795,3299,4,0,0.0
19796,3299,6,0,0.0
19797,3299,8,0,0.0
19798,3299,9,0,0.0
19799,3299,10,0,0.0
19800,3300,0,0,0.0
19801,3300,4,2,2.0
19802,3300,5,3,3.0
19803,3300,6,3,3.0
19804,3300,9,2,3.0
19805,3300,10,2,3.0
19806,3301,0,0,0.0
19807,3301,1,1,1.0
19808,3301,4,2,2.0
19809,3301,6,2,2.0
19810,3301,8,0,2.0
19811,3301,9,1,2.0
19812,3302,0,0,0.0
19813,3302,1,0,0.0
19814,3302,2,0,0.0
19815,3302,4,0,0.0
19816,3302,5,0,0.0
19817,3302,6,0,0.0
19818,3303,2,0,0.0
19819,3303,3,0,0.0
19820,3303,4,0,0.0
19821,3303,5,0,0.0
19822,3303,8,0,0.0
19823,3303,10,0,0.0
19824,3304,0,0,0.0
19825,3304,1,1,1.0
19826,3304,2,2,2.0
19827,3304,4,2,2.0
19828,3304,9,5,5.0
19829,3304,10,5,5.0
19830,3305,0,0,0.0
19831,3305,1,0,0.0
19832,3305,3,0,0.0
19833,3305,5,1,1.0
19834,3305,9,3,3.0
19835,3305,10,3,3.0
19836,3306,0,0,0.0
19837,3306,1,0,0.0
19838,3306,2,1,1.0
19839,3306,6,0,1.0
19840,3306,7,1,1.0
19841,3306,8,0,1.0
19842,3307,2,0,0.0
19843,3307,6,0,0.0
19844,3307,7,0,0.0
19845,3307,8,0,0.0
19846,3307,9,0,0.0
19847,3307,10,0,0.0
19848,3308,0,0,0.0
19849,3308,1,1,1.0
19850,3308,3,1,1.0
19851,3308,4,2,2.0
19852,3308,6,2,2.0
19853,3308,9,5,5.0
19854,3309,0,0,0.0
19855,3309,3,1,1.0
19856,3309,4,2,2.0
19857,3309,5,3,3.0
19858,3309,6,4,4.0
19859,3309,9,5,5.0
19860,3310,0,0,0.0
19861,3310,1,1,1.0
19862,3310,3,0,1.0
19863,3310,5,1,1.0
19864,3310,7,1,1.0
19865,3310,9,1,1.0
19866,3311,0,0,0.0
19867,3311,2,2,2.0
19868,3311,4,2,2.0
19869,3311,5,1,2.0
19870,3311,7,2,2.0
19871,3311,8,1,2.0
19872,3312,2,1,1.0
19873,3312,3,1,1.0
19874,3312,4,1,1.0
19875,3312,6,1,1.0
19876,3312,7,1,1.0
19877,3312,10,0,1.0
19878,3313,0,0,0.0
19879,3313,2,2,2.0
19880,3313,4,4,4.0
19881,3313,7,3,4.0
19882,3313,9,3,4.0
19883,3313,10,4,4.0
19884,3314,0,0,0.0
19885,3314,3,1,1.0
19886,3314,4,1,1.0
19887,3314,5,2,2.0
19888,3314,8,3,3.0
19889,3314,10,3,3.0
19890,3315,0,0,0.0
19891,3315,3,1,1.0
19892,3315,4,2,2.0
19893,3315,5,2,2.0
19894,3315,9,0,2.0
19895,3315,10,0,2.0
19896,3316,0,0,0.0
19897,3316,1,0,0.0
19898,3316,2,1,1.0
19899,3316,4,1,1.0
19900,3316,8,1,1.0
19901,3316,10,1,1.0
19902,3317,1,1,1.0
19903,3317,2,2,2.0
19904,3317,3,1,2.0
19905,3317,4,2,2.0
19906,3317,7,2,2.0
19907,3317,8,1,2.0
19908,3318,0,0,0.0
19909,3318,1,1,1.0
19910,3318,2,1,1.0
19911,3318,3,1,1.0
19912,3318,7,1,1.0
19913,3318,8,0,1.0
19914,3319,3,0,0.0
19915,3319,4,0,0.0
19916,3319,5,0,0.0
19917,3319,7,0,0.0
19918,3319,9,0,0.0
19919,3319,10,0,0.0
19920,3320,0,0,0.0
19921,3320,1,1,1.0
19922,3320,2,2,2.0
19923,3320,7,4,4.0
19924,3320,8,5,5.0
19925,3320,9,5,5.0
19926,3321,0,0,0.0
19927,3321,1,1,1.0
19928,3321,5,4,4.0
19929,3321,7,4,4.0
19930,3321,8,5,5.0
19931,3321,9,5,5.0
19932,3322,3,1,1.0
19933,3322,4,2,2.0
19934,3322,5,1,2.0
19935,3322,6,2,2.0
19936,3322,7,1,2.0
19937,3322,8,2,2.0
19938,3323,1,1,1.0
19939,3323,2,0,1.0
19940,3323,3,0,1.0
19941,3323,4,1,1.0
19942,3323,8,1,1.0
19943,3323,9,0,1.0
19944,3324,1,1,1.0
19945,3324,2,1,1.0
19946,3324,3,1,1.0
19947,3324,4,1,1.0
19948,3324,6,2,2.0
19949,3324,8,2,2.0
19950,3325,2,0,0.0
19951,3325,3,1,1.0
19952,3325,4,0,1.0
19953,3325,7,1,1.0
19954,3325,8,0,1.0
19955,3325,10,0,1.0
19956,3326,2,0,0.0
19957,3326,3,1,1.0
19958,3326,4,0,1.0
19959,3326,5,1,1.0
19960,3326,8,0,1.0
19961,3326,9,1,1.0
19962,3327,0,0,0.0
19963,3327,3,1,1.0
19964,3327,5,1,1.0
19965,3327,6,2,2.0
19966,3327,9,1,2.0
19967,3327,10,2,2.0
19968,3328,0,0,0.0
19969,3328,3,1,1.0
19970,3328,4,2,2.0
19971,3328,5,1,2.0
19972,3328,9,1,2.0
19973,3328,10,2,2.0
19974,3329,1,0,0.0
19975,3329,2,1,1.0
19976,3329,3,0,1.0
19977,3329,4,1,1.0
19978,3329,8,1,1.0
19979,3329,10,1,1.0
19980,3330,0,0,0.0
19981,3330,1,0,0.0
19982,3330,4,0,0.0
19983,3330,5,0,0.0
19984,3330,9,1,1.0
19985,3330,10,2,2.0
19986,3331,0,0,0.0
19987,3331,1,0,0.0
19988,3331,4,2,2.0
19989,3331,5,1,2.0
19990,3331,6,2,2.0
19991,3331,7,1,2.0
19992,3332,1,1,1.0
19993,3332,3,3,3.0
19994,3332,5,1,3.0
19995,3332,6,2,3.0
19996,3332,7,3,3.0
19997,3332,8,2,3.0
19998,3333,0,0,0.0
19999,3333,2,1,1.0
20000,3333,5,1,1.0
20001,3333,7,1,1.0
20002,3333,8,1,1.0
20003,3333,10,2,2.0
20004,3334,0,0,0.0
20005,3334,2,0,0.0
20006,3334,4,0,0.0
20007,3334,5,1,1.0
20008,3334,7,1,1.0
20009,3334,10,0,1.0
20010,3335,1,1,1.0
20011,3335,3,1,1.0
20012,3335,6,2,2.0
20013,3335,7,2,2.0
20014,3335,9,1,2.0
20015,3335,10,1,2.0
20016,3336,0,0,0.0
20017,3336,1,1,1.0
20018,3336,6,2,2.0
20019,3336,7,2,2.0
20020,3336,9,1,2.0
20021,3336,10,2,2.0
20022,3337,0,0,0.0
20023,3337,3,1,1.0
20024,3337,4,0,1.0
20025,3337,6,2,2.0
20026,3337,8,2,2.0
20027,3337,9,1,2.0
20028,3338,1,0,0.0
20029,3338,2,0,0.0
20030,3338,3,0,0.0
20031,3338,6,0,0.0
20032,3338,8,0,0.0
20033,3338,10,0,0.0
20034,3339,0,0,0.0
20035,3339,5,2,2.0
20036,3339,6,3,3.0
20037,3339,8,5,5.0
20038,3339,9,5,5.0
20039,3339,10,5,5.0
20040,3340,0,0,0.0
20041,3340,3,1,1.0
20042,3340,5,3,3.0
20043,3340,8,5,5.0
20044,3340,9,5,5.0
20045,3340,10,5,5.0
20046,3341,1,0,0.0
20047,3341,3,0,0.0
20048,3341,5,0,0.0
20049,3341,6,0,0.0
20050,3341,8,1,1.0
20051,3341,9,0,1.0
20052,3342,0,0,0.0
20053,3342,1,1,1.0
20054,3342,3,1,1.0
20055,3342,5,1,1.0
20056,3342,8,2,2.0
20057,3342,10,2,2.0
20058,3343,1,0,0.0
20059,3343,4,0,0.0
20060,3343,6,0,0.0
20061,3343,7,0,0.0
20062,3343,8,0,0.0
20063,3343,9,0,0.0
20064,3344,0,0,0.0
20065,3344,2,0,0.0
20066,3344,3,1,1.0
20067,3344,6,2,2.0
20068,3344,7,2,2.0
20069,3344,9,2,2.0
20070,3345,0,0,0.0
20071,3345,2,0,0.0
20072,3345,3,0,0.0
20073,3345,4,0,0.0
20074,3345,5,0,0.0
20075,3345,6,0,0.0
20076,3346,1,1,1.0
20077,3346,2,1,1.0
20078,3346,5,1,1.0
20079,3346,8,0,1.0
20080,3346,9,1,1.0
20081,3346,10,1,1.0
20082,3347,1,0,0.0
20083,3347,2,0,0.0
20084,3347,4,0,0.0
20085,3347,5,1,1.0
20086,3347,6,2,2.0
20087,3347,7,3,3.0
20088,3348,1,1,1.0
20089,3348,2,0,1.0
20090,3348,6,3,3.0
20091,3348,7,3,3.0
20092,3348,9,3,3.0
20093,3348,10,3,3.0
20094,3349,0,0,0.0
20095,3349,2,0,0.0
20096,3349,4,0,0.0
20097,3349,6,0,0.0
20098,3349,9,0,0.0
20099,3349,10,0,0.0
20100,3350,0,0,0.0
20101,3350,1,1,1.0
20102,3350,2,2,2.0
20103,3350,3,3,3.0
20104,3350,8,2,3.0
20105,3350,9,1,3.0
20106,3351,0,0,0.0
20107,3351,3,2,2.0
20108,3351,4,1,2.0
20109,3351,5,1,2.0
20110,3351,6,0,2.0
20111,3351,8,0,2.0
20112,3352,0,0,0.0
20113,3352,1,0,0.0
20114,3352,3,0,0.0
20115,3352,6,1,1.0
20116,3352,8,0,1.0
20117,3352,10,1,1.0
20118,3353,1,1,1.0
20119,3353,2,0,1.0
20120,3353,3,1,1.0
20121,3353,4,0,1.0
20122,3353,6,2,2.0
20123,3353,9,1,2.0
20124,3354,0,0,0.0
20125,3354,1,1,1.0
20126,3354,2,0,1.0
20127,3354,6,2,2.0
20128,3354,9,1,2.0
20129,3354,10,0,2.0
20130,3355,0,0,0.0
20131,3355,2,1,1.0
20132,3355,3,1,1.0
20133,3355,4,1,1.0
20134,3355,5,0,1.0
20135,3355,9,1,1.0
20136,3356,1,1,1.0
20137,3356,5,3,3.0
20138,3356,6,4,4.0
20139,3356,7,3,4.0
20140,3356,9,3,4.0
20141,3356,10,2,4.0
20142,3357,1,0,0.0
20143,3357,2,0,0.0
20144,3357,5,0,0.0
20145,3357,6,0,0.0
20146,3357,9,0,0.0
20147,3357,10,0,0.0
20148,3358,1,1,1.0
20149,3358,2,1,1.0
20150,3358,5,1,1.0
20151,3358,7,1,1.0
20152,3358,9,2,2.0
20153,3358,10,1,2.0
20154,3359,2,0,0.0
20155,3359,4,0,0.0
20156,3359,6,0,0.0
20157,3359,7,0,0.0
20158,3359,9,0,0.0
20159,3359,10,0,0.0
20160,3360,0,0,0.0
20161,3360,1,0,0.0
20162,3360,3,0,0.0
20163,3360,5,0,0.0
20164,3360,9,0,0.0
20165,3360,10,0,0.0
20166,3361,0,0,0.0
20167,3361,3,0,0.0
20168,3361,6,0,0.0
20169,3361,7,0,0.0
20170,3361,9,0,0.0
20171,3361,10,0,0.0
20172,3362,2,1,1.0
20173,3362,3,2,2.0
20174,3362,4,3,3.0
20175,3362,6,4,4.0
20176,3362,9,5,5.0
20177,3362,10,5,5.0
20178,3363,0,0,0.0
20179,3363,1,0,0.0
20180,3363,2,1,1.0
20181,3363,5,2,2.0
20182,3363,9,2,2.0
20183,3363,10,3,3.0
20184,3364,0,0,0.0
20185,3364,3,1,1.0
20186,3364,4,0,1.0
20187,3364,5,1,1.0
20188,3364,7,1,1.0
20189,3364,10,0,1.0
20190,3365,1,0,0.0
20191,3365,3,0,0.0
20192,3365,6,1,1.0
20193,3365,8,3,3.0
20194,3365,9,2,3.0
20195,3365,10,3,3.0
20196,3366,0,0,0.0
20197,3366,1,1,1.0
20198,3366,5,1,1.0
20199,3366,6,0,1.0
20200,3366,8,0,1.0
20201,3366,9,1,1.0
20202,3367,1,0,0.0
20203,3367,2,0,0.0
20204,3367,5,1,1.0
20205,3367,7,2,2.0
20206,3367,8,1,2.0
20207,3367,10,0,2.0
20208,3368,0,0,0.0
20209,3368,4,4,4.0
20210,3368,5,4,4.0
20211,3368,7,5,5.0
20212,3368,8,5,5.0
20213,3368,10,5,5.0
20214,3369,0,0,0.0
20215,3369,1,1,1.0
20216,3369,3,1,1.0
20217,3369,5,1,1.0
20218,3369,6,2,2.0
20219,3369,7,1,2.0
20220,3370,4,4,4.0
20221,3370,5,5,5.0
20222,3370,6,5,5.0
20223,3370,8,5,5.0
20224,3370,9,5,5.0
20225,3370,10,5,5.0
20226,3371,1,1,1.0
20227,3371,3,2,2.0
20228,3371,4,3,3.0
20229,3371,5,2,3.0
20230,3371,8,3,3.0
20231,3371,9,4,4.0
20232,3372,0,0,0.0
20233,3372,1,0,0.0
20234,3372,4,1,1.0
20235,3372,6,1,1.0
20236,3372,8,0,1.0
20237,3372,9,0,1.0
20238,3373,0,0,0.0
20239,3373,5,0,0.0
20240,3373,6,0,0.0
20241,3373,7,0,0.0
20242,3373,8,0,0.0
20243,3373,10,0,0.0
20244,3374,0,0,0.0
20245,3374,3,0,0.0
20246,3374,6,0,0.0
20247,3374,7,0,0.0
20248,3374,9,0,0.0
20249,3374,10,0,0.0
20250,3375,0,0,0.0
20251,3375,4,3,3.0
20252,3375,5,4,4.0
20253,3375,7,5,5.0
20254,3375,8,5,5.0
20255,3375,9,5,5.0
20256,3376,0,0,0.0
20257,3376,1,1,1.0
20258,3376,2,2,2.0
20259,3376,3,1,2.0
20260,3376,6,3,3.0
20261,3376,9,3,3.0
20262,3377,0,0,0.0
20263,3377,1,0,0.0
20264,3377,3,0,0.0
20265,3377,6,0,0.0
20266,3377,7,0,0.0
20267,3377,9,0,0.0
20268,3378,0,0,0.0
20269,3378,1,1,1.0
20270,3378,2,1,1.0
20271,3378,3,1,1.0
20272,3378,4,0,1.0
20273,3378,8,1,1.0
20274,3379,0,0,0.0
20275,3379,1,1,1.0
20276,3379,4,4,4.0
20277,3379,7,5,5.0
20278,3379,8,5,5.0
20279,3379,9,5,5.0
20280,3380,1,1,1.0
20281,3380,2,1,1.0
20282,3380,3,2,2.0
20283,3380,8,3,3.0
20284,3380,9,2,3.0
20285,3380,10,3,3.0
20286,3381,0,0,0.0
20287,3381,1,1,1.0
20288,3381,2,1,1.0
20289,3381,6,0,1.0
20290,3381,8,1,1.0
20291,3381,10,2,2.0
20292,3382,2,0,0.0
20293,3382,4,0,0.0
20294,3382,6,0,0.0
20295,3382,7,0,0.0
20296,3382,9,0,0.0
20297,3382,10,0,0.0
20298,3383,4,0,0.0
20299,3383,5,1,1.0
20300,3383,6,0,1.0
20301,3383,7,1,1.0
20302,3383,9,1,1.0
20303,3383,10,0,1.0
20304,3384,0,0,0.0
20305,3384,1,0,0.0
20306,3384,5,0,0.0
20307,3384,6,0,0.0
20308,3384,8,0,0.0
20309,3384,10,0,0.0
20310,3385,0,0,0.0
20311,3385,1,1,1.0
20312,3385,7,1,1.0
20313,3385,8,2,2.0
20314,3385,9,1,2.0
20315,3385,10,2,2.0
20316,3386,0,0,0.0
20317,3386,1,1,1.0
20318,3386,4,0,1.0
20319,3386,5,0,1.0
20320,3386,7,0,1.0
20321,3386,8,0,1.0
20322,3387,0,0,0.0
20323,3387,1,1,1.0
20324,3387,4,4,4.0
20325,3387,5,3,4.0
20326,3387,7,3,4.0
20327,3387,8,4,4.0
20328,3388,0,0,0.0
20329,3388,1,1,1.0
20330,3388,2,2,2.0
20331,3388,3,3,3.0
20332,3388,8,0,3.0
20333,3388,9,1,3.0
20334,3389,1,1,1.0
20335,3389,2,2,2.0
20336,3389,3,1,2.0
20337,3389,4,2,2.0
20338,3389,5,1,2.0
20339,3389,8,2,2.0
20340,3390,0,0,0.0
20341,3390,1,0,0.0
20342,3390,3,0,0.0
20343,3390,5,0,0.0
20344,3390,7,0,0.0
20345,3390,10,0,0.0
20346,3391,0,0,0.0
20347,3391,1,0,0.0
20348,3391,2,1,1.0
20349,3391,6,3,3.0
20350,3391,7,2,3.0
20351,3391,9,2,3.0
20352,3392,0,0,0.0
20353,3392,3,0,0.0
20354,3392,6,0,0.0
20355,3392,7,0,0.0
20356,3392,9,0,0.0
20357,3392,10,0,0.0
20358,3393,2,2,2.0
20359,3393,3,3,3.0
20360,3393,4,4,4.0
20361,3393,6,3,4.0
20362,3393,7,4,4.0
20363,3393,9,4,4.0
20364,3394,0,0,0.0
20365,3394,1,1,1.0
20366,3394,2,2,2.0
20367,3394,4,2,2.0
20368,3394,5,1,2.0
20369,3394,10,5,5.0
20370,3395,1,1,1.0
20371,3395,2,1,1.0
20372,3395,3,0,1.0
20373,3395,4,1,1.0
20374,3395,6,1,1.0
20375,3395,7,2,2.0
20376,3396,2,2,2.0
20377,3396,3,3,3.0
20378,3396,4,2,3.0
20379,3396,5,3,3.0
20380,3396,6,2,3.0
20381,3396,8,2,3.0
20382,3397,3,2,2.0
20383,3397,4,3,3.0
20384,3397,5,2,3.0
20385,3397,7,4,4.0
20386,3397,9,5,5.0
20387,3397,10,5,5.0
20388,3398,0,0,0.0
20389,3398,2,0,0.0
20390,3398,3,0,0.0
20391,3398,5,0,0.0
20392,3398,8,0,0.0
20393,3398,10,0,0.0
20394,3399,1,1,1.0
20395,3399,2,2,2.0
20396,3399,3,1,2.0
20397,3399,5,3,3.0
20398,3399,6,4,4.0
20399,3399,9,5,5.0
20400,3400,2,0,0.0
20401,3400,3,0,0.0
20402,3400,6,0,0.0
20403,3400,8,0,0.0
20404,3400,9,0,0.0
20405,3400,10,0,0.0
20406,3401,3,1,1.0
20407,3401,5,1,1.0
20408,3401,6,0,1.0
20409,3401,7,1,1.0
20410,3401,8,2,2.0
20411,3401,10,0,2.0
20412,3402,2,0,0.0
20413,3402,3,0,0.0
20414,3402,4,0,0.0
20415,3402,6,0,0.0
20416,3402,7,0,0.0
20417,3402,10,0,0.0
20418,3403,0,0,0.0
20419,3403,2,0,0.0
20420,3403,3,1,1.0
20421,3403,7,3,3.0
20422,3403,9,3,3.0
20423,3403,10,4,4.0
20424,3404,0,0,0.0
20425,3404,1,1,1.0
20426,3404,2,1,1.0
20427,3404,3,1,1.0
20428,3404,6,0,1.0
20429,3404,9,1,1.0
20430,3405,0,0,0.0
20431,3405,1,1,1.0
20432,3405,3,1,1.0
20433,3405,4,2,2.0
20434,3405,5,3,3.0
20435,3405,7,3,3.0
20436,3406,0,0,0.0
20437,3406,1,0,0.0
20438,3406,4,0,0.0
20439,3406,5,0,0.0
20440,3406,8,1,1.0
20441,3406,9,1,1.0
20442,3407,0,0,0.0
20443,3407,3,3,3.0
20444,3407,4,4,4.0
20445,3407,5,5,5.0
20446,3407,6,5,5.0
20447,3407,10,5,5.0
20448,3408,0,0,0.0
20449,3408,2,0,0.0
20450,3408,3,0,0.0
20451,3408,5,0,0.0
20452,3408,6,0,0.0
20453,3408,10,1,1.0
20454,3409,4,1,1.0
20455,3409,6,3,3.0
20456,3409,7,4,4.0
20457,3409,8,5,5.0
20458,3409,9,5,5.0
20459,3409,10,5,5.0
20460,3410,1,0,0.0
20461,3410,2,0,0.0
20462,3410,4,0,0.0
20463,3410,6,1,1.0
20464,3410,7,2,2.0
20465,3410,9,4,4.0
20466,3411,0,0,0.0
20467,3411,2,0,0.0
20468,3411,4,2,2.0
20469,3411,6,2,2.0
20470,3411,9,4,4.0
20471,3411,10,3,4.0
20472,3412,1,1,1.0
20473,3412,3,0,1.0
20474,3412,4,1,1.0
20475,3412,7,0,1.0
20476,3412,9,0,1.0
20477,3412,10,1,1.0
20478,3413,1,0,0.0
20479,3413,3,0,0.0
20480,3413,4,0,0.0
20481,3413,5,0,0.0
20482,3413,9,0,0.0
20483,3413,10,0,0.0
20484,3414,1,1,1.0
20485,3414,6,0,1.0
20486,3414,7,1,1.0
20487,3414,8,0,1.0
20488,3414,9,0,1.0
20489,3414,10,1,1.0
20490,3415,1,0,0.0
20491,3415,4,2,2.0
20492,3415,5,3,3.0
20493,3415,6,2,3.0
20494,3415,7,3,3.0
20495,3415,8,2,3.0
20496,3416,1,1,1.0
20497,3416,2,2,2.0
20498,3416,6,2,2.0
20499,3416,7,3,3.0
20500,3416,8,4,4.0
20501,3416,10,3,4.0
20502,3417,1,1,1.0
20503,3417,3,1,1.0
20504,3417,5,3,3.0
20505,3417,7,3,3.0
20506,3417,9,3,3.0
20507,3417,10,3,3.0
20508,3418,0,0,0.0
20509,3418,1,1,1.0
20510,3418,2,0,1.0
20511,3418,6,1,1.0
20512,3418,8,1,1.0
20513,3418,10,0,1.0
20514,3419,0,0,0.0
20515,3419,3,0,0.0
20516,3419,6,0,0.0
20517,3419,7,0,0.0
20518,3419,8,0,0.0
20519,3419,9,0,0.0
20520,3420,0,0,0.0
20521,3420,4,1,1.0
20522,3420,5,1,1.0
20523,3420,7,0,1.0
20524,3420,8,1,1.0
20525,3420,9,1,1.0
20526,3421,0,0,0.0
20527,3421,2,0,0.0
20528,3421,3,0,0.0
20529,3421,5,0,0.0
20530,3421,7,0,0.0
20531,3421,9,0,0.0
20532,3422,5,1,1.0
20533,3422,6,2,2.0
20534,3422,7,1,2.0
20535,3422,8,0,2.0
20536,3422,9,1,2.0
20537,3422,10,0,2.0
20538,3423,1,0,0.0
20539,3423,2,0,0.0
20540,3423,3,0,0.0
20541,3423,5,0,0.0
20542,3423,8,0,0.0
20543,3423,9,0,0.0
20544,3424,1,0,0.0
20545,3424,2,0,0.0
20546,3424,4,2,2.0
20547,3424,6,2,2.0
20548,3424,9,2,2.0
20549,3424,10,1,2.0
20550,3425,2,0,0.0
20551,3425,3,0,0.0
20552,3425,6,0,0.0
20553,3425,8,0,0.0
20554,3425,9,0,0.0
20555,3425,10,0,0.0
20556,3426,0,0,0.0
20557,3426,3,0,0.0
20558,3426,4,0,0.0
20559,3426,5,0,0.0
20560,3426,8,1,1.0
20561,3426,9,2,2.0
20562,3427,0,0,0.0
20563,3427,2,0,0.0
20564,3427,4,0,0.0
20565,3427,5,1,1.0
20566,3427,6,0,1.0
20567,3427,8,0,1.0
20568,3428,0,0,0.0
20569,3428,1,1,1.0
20570,3428,2,1,1.0
20571,3428,3,1,1.0
20572,3428,5,0,1.0
20573,3428,7,0,1.0
20574,3429,0,0,0.0
20575,3429,5,3,3.0
20576,3429,7,3,3.0
20577,3429,8,4,4.0
20578,3429,9,5,5.0
20579,3429,10,5,5.0
20580,3430,1,1,1.0
20581,3430,2,2,2.0
20582,3430,3,2,2.0
20583,3430,8,3,3.0
20584,3430,9,2,3.0
20585,3430,10,1,3.0
20586,3431,0,0,0.0
20587,3431,3,3,3.0
20588,3431,4,3,3.0
20589,3431,7,3,3.0
20590,3431,8,2,3.0
20591,3431,10,2,3.0
20592,3432,1,0,0.0
20593,3432,4,0,0.0
20594,3432,5,0,0.0
20595,3432,7,0,0.0
20596,3432,8,0,0.0
20597,3432,10,0,0.0
20598,3433,0,0,0.0
20599,3433,2,2,2.0
20600,3433,3,1,2.0
20601,3433,4,2,2.0
20602,3433,5,1,2.0
20603,3433,10,0,2.0
20604,3434,0,0,0.0
20605,3434,1,0,0.0
20606,3434,3,0,0.0
20607,3434,4,0,0.0
20608,3434,6,0,0.0
20609,3434,7,0,0.0
20610,3435,1,1,1.0
20611,3435,4,1,1.0
20612,3435,5,2,2.0
20613,3435,7,2,2.0
20614,3435,9,2,2.0
20615,3435,10,1,2.0
20616,3436,1,0,0.0
20617,3436,2,0,0.0
20618,3436,5,0,0.0
20619,3436,6,0,0.0
20620,3436,7,1,1.0
20621,3436,9,0,1.0
20622,3437,0,0,0.0
20623,3437,1,0,0.0
20624,3437,2,0,0.0
20625,3437,3,1,1.0
20626,3437,4,2,2.0
20627,3437,9,3,3.0
20628,3438,0,0,0.0
20629,3438,2,1,1.0
20630,3438,4,1,1.0
20631,3438,5,1,1.0
20632,3438,8,1,1.0
20633,3438,10,0,1.0
20634,3439,1,1,1.0
20635,3439,2,1,1.0
20636,3439,4,0,1.0
20637,3439,5,1,1.0
20638,3439,8,0,1.0
20639,3439,10,2,2.0
20640,3440,1,0,0.0
20641,3440,2,0,0.0
20642,3440,4,0,0.0
20643,3440,6,0,0.0
20644,3440,7,0,0.0
20645,3440,9,0,0.0
20646,3441,0,0,0.0
20647,3441,2,1,1.0
20648,3441,4,1,1.0
20649,3441,6,1,1.0
20650,3441,8,1,1.0
20651,3441,9,2,2.0
20652,3442,0,0,0.0
20653,3442,2,2,2.0
20654,3442,3,1,2.0
20655,3442,7,1,2.0
20656,3442,8,2,2.0
20657,3442,10,2,2.0
20658,3443,0,0,0.0
20659,3443,1,1,1.0
20660,3443,4,1,1.0
20661,3443,5,1,1.0
20662,3443,8,3,3.0
20663,3443,9,2,3.0
20664,3444,0,0,0.0
20665,3444,3,3,3.0
20666,3444,4,2,3.0
20667,3444,5,3,3.0
20668,3444,6,4,4.0
20669,3444,8,5,5.0
20670,3445,0,0,0.0
20671,3445,1,0,0.0
20672,3445,2,1,1.0
20673,3445,3,2,2.0
20674,3445,4,3,3.0
20675,3445,8,3,3.0
20676,3446,1,0,0.0
20677,3446,2,0,0.0
20678,3446,4,0,0.0
20679,3446,5,0,0.0
20680,3446,6,0,0.0
20681,3446,8,0,0.0
20682,3447,0,0,0.0
20683,3447,5,1,1.0
20684,3447,6,2,2.0
20685,3447,7,3,3.0
20686,3447,8,2,3.0
20687,3447,10,3,3.0
20688,3448,3,0,0.0
20689,3448,5,2,2.0
20690,3448,6,3,3.0
20691,3448,7,4,4.0
20692,3448,9,4,4.0
20693,3448,10,5,5.0
20694,3449,0,0,0.0
20695,3449,2,0,0.0
20696,3449,3,1,1.0
20697,3449,8,1,1.0
20698,3449,9,0,1.0
20699,3449,10,1,1.0
20700,3450,1,0,0.0
20701,3450,2,0,0.0
20702,3450,3,0,0.0
20703,3450,4,1,1.0
20704,3450,5,0,1.0
20705,3450,10,0,1.0
20706,3451,0,0,0.0
20707,3451,1,1,1.0
20708,3451,2,1,1.0
20709,3451,7,1,1.0
20710,3451,8,0,1.0
20711,3451,9,1,1.0
20712,3452,1,0,0.0
20713,3452,2,0,0.0
20714,3452,3,0,0.0
20715,3452,4,0,0.0
20716,3452,7,0,0.0
20717,3452,9,0,0.0
20718,3453,0,0,0.0
20719,3453,1,0,0.0
20720,3453,4,2,2.0
20721,3453,6,2,2.0
20722,3453,8,0,2.0
20723,3453,9,1,2.0
20724,3454,2,1,1.0
20725,3454,3,1,1.0
20726,3454,5,1,1.0
20727,3454,8,2,2.0
20728,3454,9,2,2.0
20729,3454,10,2,2.0
20730,3455,0,0,0.0
20731,3455,1,0,0.0
20732,3455,2,0,0.0
20733,3455,8,0,0.0
20734,3455,9,0,0.0
20735,3455,10,0,0.0
20736,3456,0,0,0.0
20737,3456,1,1,1.0
20738,3456,2,2,2.0
20739,3456,5,1,2.0
20740,3456,7,3,3.0
20741,3456,8,2,3.0
20742,3457,2,2,2.0
20743,3457,5,3,3.0
20744,3457,6,2,3.0
20745,3457,7,1,3.0
20746,3457,8,2,3.0
20747,3457,10,2,3.0
20748,3458,1,0,0.0
20749,3458,2,0,0.0
20750,3458,3,0,0.0
20751,3458,4,0,0.0
20752,3458,5,0,0.0
20753,3458,9,0,0.0
20754,3459,0,0,0.0
20755,3459,1,1,1.0
20756,3459,2,1,1.0
20757,3459,4,0,1.0
20758,3459,5,1,1.0
20759,3459,10,1,1.0
20760,3460,0,0,0.0
20761,3460,1,0,0.0
20762,3460,2,0,0.0
20763,3460,4,0,0.0
20764,3460,7,1,1.0
20765,3460,10,0,1.0
20766,3461,0,0,0.0
20767,3461,2,0,0.0
20768,3461,3,0,0.0
20769,3461,7,0,0.0
20770,3461,9,0,0.0
20771,3461,10,0,0.0
20772,3462,0,0,0.0
20773,3462,4,1,1.0
20774,3462,5,0,1.0
20775,3462,6,1,1.0
20776,3462,8,1,1.0
20777,3462,9,0,1.0
20778,3463,2,0,0.0
20779,3463,4,0,0.0
20780,3463,6,0,0.0
20781,3463,8,0,0.0
20782,3463,9,0,0.0
20783,3463,10,0,0.0
20784,3464,1,1,1.0
20785,3464,2,0,1.0
20786,3464,5,1,1.0
20787,3464,6,1,1.0
20788,3464,8,0,1.0
20789,3464,9,1,1.0
20790,3465,0,0,0.0
20791,3465,1,1,1.0
20792,3465,4,2,2.0
20793,3465,6,2,2.0
20794,3465,8,2,2.0
20795,3465,10,2,2.0
20796,3466,3,0,0.0
20797,3466,4,0,0.0
20798,3466,5,0,0.0
20799,3466,6,0,0.0
20800,3466,7,0,0.0
20801,3466,9,0,0.0
20802,3467,1,1,1.0
20803,3467,4,4,4.0
20804,3467,6,2,4.0
20805,3467,7,3,4.0
20806,3467,8,4,4.0
20807,3467,10,4,4.0
20808,3468,0,0,0.0
20809,3468,1,1,1.0
20810,3468,4,4,4.0
20811,3468,5,3,4.0
20812,3468,7,3,4.0
20813,3468,10,4,4.0
20814,3469,2,0,0.0
20815,3469,4,1,1.0
20816,3469,5,0,1.0
20817,3469,6,0,1.0
20818,3469,9,1,1.0
20819,3469,10,2,2.0
20820,3470,0,0,0.0
20821,3470,2,1,1.0
20822,3470,5,2,2.0
20823,3470,6,3,3.0
20824,3470,8,3,3.0
20825,3470,9,2,3.0
20826,3471,0,0,0.0
20827,3471,3,0,0.0
20828,3471,4,1,1.0
20829,3471,7,3,3.0
20830,3471,8,3,3.0
20831,3471,9,4,4.0
20832,3472,1,0,0.0
20833,3472,2,0,0.0
20834,3472,3,0,0.0
20835,3472,6,0,0.0
20836,3472,9,0,0.0
20837,3472,10,0,0.0
20838,3473,0,0,0.0
20839,3473,2,2,2.0
20840,3473,3,1,2.0
20841,3473,8,3,3.0
20842,3473,9,2,3.0
20843,3473,10,1,3.0
20844,3474,0,0,0.0
20845,3474,3,0,0.0
20846,3474,6,1,1.0
20847,3474,8,0,1.0
20848,3474,9,0,1.0
20849,3474,10,1,1.0
20850,3475,0,0,0.0
20851,3475,3,3,3.0
20852,3475,5,3,3.0
20853,3475,7,3,3.0
20854,3475,8,2,3.0
20855,3475,10,2,3.0
20856,3476,0,0,0.0
20857,3476,3,0,0.0
20858,3476,4,1,1.0
20859,3476,7,2,2.0
20860,3476,9,4,4.0
20861,3476,10,5,5.0
20862,3477,0,0,0.0
20863,3477,2,2,2.0
20864,3477,5,3,3.0
20865,3477,6,4,4.0
20866,3477,7,3,4.0
20867,3477,9,1,4.0
20868,3478,0,0,0.0
20869,3478,1,1,1.0
20870,3478,3,0,1.0
20871,3478,4,0,1.0
20872,3478,7,2,2.0
20873,3478,9,4,4.0
20874,3479,0,0,0.0
20875,3479,1,1,1.0
20876,3479,2,2,2.0
20877,3479,3,2,2.0
20878,3479,7,2,2.0
20879,3479,8,2,2.0
20880,3480,0,0,0.0
20881,3480,1,0,0.0
20882,3480,3,2,2.0
20883,3480,7,2,2.0
20884,3480,8,1,2.0
20885,3480,9,2,2.0
20886,3481,0,0,0.0
20887,3481,4,0,0.0
20888,3481,5,0,0.0
20889,3481,6,0,0.0
20890,3481,7,0,0.0
20891,3481,8,0,0.0
20892,3482,0,0,0.0
20893,3482,3,0,0.0
20894,3482,7,0,0.0
20895,3482,8,0,0.0
20896,3482,9,0,0.0
20897,3482,10,0,0.0
20898,3483,0,0,0.0
20899,3483,1,0,0.0
20900,3483,2,0,0.0
20901,3483,7,0,0.0
20902,3483,8,0,0.0
20903,3483,9,0,0.0
20904,3484,3,0,0.0
20905,3484,4,0,0.0
20906,3484,5,0,0.0
20907,3484,6,0,0.0
20908,3484,9,0,0.0
20909,3484,10,0,0.0
20910,3485,1,1,1.0
20911,3485,2,1,1.0
20912,3485,3,1,1.0
20913,3485,6,1,1.0
20914,3485,9,2,2.0
20915,3485,10,1,2.0
20916,3486,0,0,0.0
20917,3486,1,0,0.0
20918,3486,3,0,0.0
20919,3486,4,0,0.0
20920,3486,5,0,0.0
20921,3486,6,0,0.0
20922,3487,1,0,0.0
20923,3487,2,0,0.0
20924,3487,5,0,0.0
20925,3487,7,0,0.0
20926,3487,8,0,0.0
20927,3487,9,0,0.0
20928,3488,4,0,0.0
20929,3488,5,1,1.0
20930,3488,7,0,1.0
20931,3488,8,0,1.0
20932,3488,9,0,1.0
20933,3488,10,0,1.0
20934,3489,0,0,0.0
20935,3489,2,1,1.0
20936,3489,6,3,3.0
20937,3489,7,2,3.0
20938,3489,9,2,3.0
20939,3489,10,3,3.0
20940,3490,0,0,0.0
20941,3490,1,1,1.0
20942,3490,2,2,2.0
20943,3490,4,3,3.0
20944,3490,6,3,3.0
20945,3490,10,5,5.0
20946,3491,2,2,2.0
20947,3491,4,2,2.0
20948,3491,5,1,2.0
20949,3491,6,2,2.0
20950,3491,8,2,2.0
20951,3491,10,2,2.0
20952,3492,2,2,2.0
20953,3492,3,1,2.0
20954,3492,6,0,2.0
20955,3492,8,2,2.0
20956,3492,9,1,2.0
20957,3492,10,2,2.0
20958,3493,0,0,0.0
20959,3493,3,0,0.0
20960,3493,5,0,0.0
20961,3493,7,0,0.0
20962,3493,9,0,0.0
20963,3493,10,0,0.0
20964,3494,4,2,2.0
20965,3494,6,2,2.0
20966,3494,7,1,2.0
20967,3494,8,2,2.0
20968,3494,9,1,2.0
20969,3494,10,2,2.0
20970,3495,1,0,0.0
20971,3495,3,0,0.0
20972,3495,5,0,0.0
20973,3495,6,0,0.0
20974,3495,8,0,0.0
20975,3495,10,0,0.0
20976,3496,0,0,0.0
20977,3496,2,2,2.0
20978,3496,3,3,3.0
20979,3496,7,5,5.0
20980,3496,8,5,5.0
20981,3496,9,5,5.0
20982,3497,0,0,0.0
20983,3497,2,0,0.0
20984,3497,4,0,0.0
20985,3497,5,0,0.0
20986,3497,9,0,0.0
20987,3497,10,0,0.0
20988,3498,1,0,0.0
20989,3498,2,1,1.0
20990,3498,5,3,3.0
20991,3498,8,5,5.0
20992,3498,9,5,5.0
20993,3498,10,5,5.0
20994,3499,1,1,1.0
20995,3499,3,0,1.0
20996,3499,4,0,1.0
20997,3499,5,0,1.0
20998,3499,7,1,1.0
20999,3499,10,2,2.0
21000,3500,0,0,0.0
21001,3500,2,0,0.0
21002,3500,4,2,2.0
21003,3500,7,3,3.0
21004,3500,8,4,4.0
21005,3500,10,5,5.0
21006,3501,0,0,0.0
21007,3501,1,1,1.0
21008,3501,2,2,2.0
21009,3501,4,2,2.0
21010,3501,5,3,3.0
21011,3501,9,3,3.0
21012,3502,0,0,0.0
21013,3502,1,0,0.0
21014,3502,4,0,0.0
21015,3502,5,0,0.0
21016,3502,8,0,0.0
21017,3502,10,0,0.0
21018,3503,0,0,0.0
21019,3503,2,0,0.0
21020,3503,6,0,0.0
21021,3503,7,0,0.0
21022,3503,8,1,1.0
21023,3503,9,1,1.0
21024,3504,0,0,0.0
21025,3504,2,0,0.0
21026,3504,3,1,1.0
21027,3504,5,3,3.0
21028,3504,6,2,3.0
21029,3504,10,4,4.0
21030,3505,0,0,0.0
21031,3505,3,1,1.0
21032,3505,6,2,2.0
21033,3505,8,0,2.0
21034,3505,9,1,2.0
21035,3505,10,2,2.0
21036,3506,0,0,0.0
21037,3506,1,1,1.0
21038,3506,4,1,1.0
21039,3506,7,1,1.0
21040,3506,9,1,1.0
21041,3506,10,1,1.0
21042,3507,1,1,1.0
21043,3507,3,0,1.0
21044,3507,4,1,1.0
21045,3507,6,1,1.0
21046,3507,7,2,2.0
21047,3507,9,4,4.0
21048,3508,0,0,0.0
21049,3508,1,1,1.0
21050,3508,3,3,3.0
21051,3508,4,2,3.0
21052,3508,7,3,3.0
21053,3508,9,3,3.0
21054,3509,1,0,0.0
21055,3509,2,0,0.0
21056,3509,3,0,0.0
21057,3509,5,0,0.0
21058,3509,8,1,1.0
21059,3509,9,0,1.0
21060,3510,1,1,1.0
21061,3510,3,3,3.0
21062,3510,4,4,4.0
21063,3510,6,2,4.0
21064,3510,7,1,4.0
21065,3510,10,2,4.0
21066,3511,0,0,0.0
21067,3511,1,0,0.0
21068,3511,2,0,0.0
21069,3511,4,0,0.0
21070,3511,6,1,1.0
21071,3511,7,2,2.0
21072,3512,1,1,1.0
21073,3512,4,0,1.0
21074,3512,5,0,1.0
21075,3512,6,0,1.0
21076,3512,7,0,1.0
21077,3512,10,0,1.0
21078,3513,0,0,0.0
21079,3513,2,0,0.0
21080,3513,3,0,0.0
21081,3513,6,0,0.0
21082,3513,8,0,0.0
21083,3513,9,0,0.0
21084,3514,0,0,0.0
21085,3514,5,2,2.0
21086,3514,6,1,2.0
21087,3514,7,2,2.0
21088,3514,9,2,2.0
21089,3514,10,1,2.0
21090,3515,0,0,0.0
21091,3515,1,1,1.0
21092,3515,2,1,1.0
21093,3515,4,3,3.0
21094,3515,8,4,4.0
21095,3515,9,4,4.0
21096,3516,2,0,0.0
21097,3516,3,0,0.0
21098,3516,5,0,0.0
21099,3516,6,0,0.0
21100,3516,7,0,0.0
21101,3516,8,0,0.0
21102,3517,0,0,0.0
21103,3517,1,1,1.0
21104,3517,4,2,2.0
21105,3517,6,2,2.0
21106,3517,7,1,2.0
21107,3517,8,2,2.0
21108,3518,0,0,0.0
21109,3518,2,0,0.0
21110,3518,3,0,0.0
21111,3518,4,0,0.0
21112,3518,6,0,0.0
21113,3518,10,0,0.0
21114,3519,1,1,1.0
21115,3519,2,1,1.0
21116,3519,6,3,3.0
21117,3519,7,4,4.0
21118,3519,8,5,5.0
21119,3519,9,5,5.0
21120,3520,0,0,0.0
21121,3520,2,2,2.0
21122,3520,3,3,3.0
21123,3520,5,3,3.0
21124,3520,6,4,4.0
21125,3520,8,5,5.0
21126,3521,0,0,0.0
21127,3521,1,1,1.0
21128,3521,2,2,2.0
21129,3521,5,3,3.0
21130,3521,7,3,3.0
21131,3521,8,4,4.0
21132,3522,2,0,0.0
21133,3522,5,1,1.0
21134,3522,6,2,2.0
21135,3522,8,0,2.0
21136,3522,9,1,2.0
21137,3522,10,0,2.0
21138,3523,0,0,0.0
21139,3523,3,1,1.0
21140,3523,5,1,1.0
21141,3523,6,2,2.0
21142,3523,7,1,2.0
21143,3523,8,2,2.0
21144,3524,1,0,0.0
21145,3524,2,0,0.0
21146,3524,3,0,0.0
21147,3524,5,1,1.0
21148,3524,7,1,1.0
21149,3524,10,0,1.0
21150,3525,0,0,0.0
21151,3525,3,3,3.0
21152,3525,5,5,5.0
21153,3525,6,5,5.0
21154,3525,7,5,5.0
21155,3525,10,5,5.0
21156,3526,0,0,0.0
21157,3526,1,1,1.0
21158,3526,4,3,3.0
21159,3526,6,4,4.0
21160,3526,7,3,4.0
21161,3526,9,3,4.0
21162,3527,0,0,0.0
21163,3527,1,0,0.0
21164,3527,2,0,0.0
21165,3527,4,0,0.0
21166,3527,6,1,1.0
21167,3527,9,0,1.0
21168,3528,0,0,0.0
21169,3528,1,1,1.0
21170,3528,2,2,2.0
21171,3528,3,3,3.0
21172,3528,5,3,3.0
21173,3528,8,4,4.0
21174,3529,0,0,0.0
21175,3529,1,1,1.0
21176,3529,4,0,1.0
21177,3529,5,1,1.0
21178,3529,8,0,1.0
21179,3529,9,1,1.0
21180,3530,0,0,0.0
21181,3530,3,0,0.0
21182,3530,4,0,0.0
21183,3530,8,1,1.0
21184,3530,9,0,1.0
21185,3530,10,0,1.0
21186,3531,0,0,0.0
21187,3531,2,0,0.0
21188,3531,3,0,0.0
21189,3531,7,0,0.0
21190,3531,9,0,0.0
21191,3531,10,0,0.0
21192,3532,1,0,0.0
21193,3532,2,0,0.0
21194,3532,3,0,0.0
21195,3532,6,0,0.0
21196,3532,7,0,0.0
21197,3532,9,0,0.0
21198,3533,0,0,0.0
21199,3533,1,1,1.0
21200,3533,5,3,3.0
21201,3533,7,5,5.0
21202,3533,8,5,5.0
21203,3533,10,5,5.0
21204,3534,0,0,0.0
21205,3534,2,0,0.0
21206,3534,3,0,0.0
21207,3534,4,0,0.0
21208,3534,5,0,0.0
21209,3534,8,0,0.0
21210,3535,1,1,1.0
21211,3535,3,1,1.0
21212,3535,4,0,1.0
21213,3535,6,0,1.0
21214,3535,7,1,1.0
21215,3535,9,1,1.0
21216,3536,0,0,0.0
21217,3536,4,2,2.0
21218,3536,5,3,3.0
21219,3536,7,3,3.0
21220,3536,9,3,3.0
21221,3536,10,4,4.0
21222,3537,1,1,1.0
21223,3537,2,2,2.0
21224,3537,3,1,2.0
21225,3537,5,1,2.0
21226,3537,6,2,2.0
21227,3537,10,2,2.0
21228,3538,1,1,1.0
21229,3538,2,0,1.0
21230,3538,5,1,1.0
21231,3538,6,0,1.0
21232,3538,9,1,1.0
21233,3538,10,0,1.0
21234,3539,0,0,0.0
21235,3539,2,0,0.0
21236,3539,3,1,1.0
21237,3539,4,0,1.0
21238,3539,5,1,1.0
21239,3539,10,0,1.0
21240,3540,2,2,2.0
21241,3540,3,1,2.0
21242,3540,5,1,2.0
21243,3540,6,2,2.0
21244,3540,7,3,3.0
21245,3540,8,2,3.0
21246,3541,2,0,0.0
21247,3541,3,0,0.0
21248,3541,4,0,0.0
21249,3541,6,0,0.0
21250,3541,9,0,0.0
21251,3541,10,0,0.0
21252,3542,1,1,1.0
21253,3542,2,1,1.0
21254,3542,3,1,1.0
21255,3542,4,0,1.0
21256,3542,5,1,1.0
21257,3542,6,1,1.0
21258,3543,0,0,0.0
21259,3543,1,1,1.0
21260,3543,2,2,2.0
21261,3543,3,3,3.0
21262,3543,5,5,5.0
21263,3543,7,5,5.0
21264,3544,1,0,0.0
21265,3544,4,3,3.0
21266,3544,5,3,3.0
21267,3544,6,3,3.0
21268,3544,8,3,3.0
21269,3544,9,3,3.0
21270,3545,0,0,0.0
21271,3545,1,1,1.0
21272,3545,4,0,1.0
21273,3545,5,1,1.0
21274,3545,6,1,1.0
21275,3545,7,1,1.0
21276,3546,1,1,1.0
21277,3546,2,2,2.0
21278,3546,3,3,3.0
21279,3546,8,2,3.0
21280,3546,9,3,3.0
21281,3546,10,4,4.0
21282,3547,1,1,1.0
21283,3547,2,1,1.0
21284,3547,4,1,1.0
21285,3547,5,1,1.0
21286,3547,6,0,1.0
21287,3547,10,0,1.0
21288,3548,3,1,1.0
21289,3548,4,1,1.0
21290,3548,5,1,1.0
21291,3548,6,1,1.0
21292,3548,9,0,1.0
21293,3548,10,1,1.0
21294,3549,2,0,0.0
21295,3549,3,0,0.0
21296,3549,4,0,0.0
21297,3549,5,0,0.0
21298,3549,6,0,0.0
21299,3549,9,0,0.0
21300,3550,1,1,1.0
21301,3550,4,4,4.0
21302,3550,5,5,5.0
21303,3550,6,5,5.0
21304,3550,7,5,5.0
21305,3550,10,5,5.0
21306,3551,1,1,1.0
21307,3551,4,2,2.0
21308,3551,5,1,2.0
21309,3551,6,2,2.0
21310,3551,7,3,3.0
21311,3551,10,4,4.0
21312,3552,0,0,0.0
21313,3552,1,1,1.0
21314,3552,2,2,2.0
21315,3552,5,3,3.0
21316,3552,7,4,4.0
21317,3552,10,5,5.0
21318,3553,0,0,0.0
21319,3553,2,2,2.0
21320,3553,5,4,4.0
21321,3553,6,4,4.0
21322,3553,7,3,4.0
21323,3553,9,5,5.0
21324,3554,0,0,0.0
21325,3554,2,0,0.0
21326,3554,4,0,0.0
21327,3554,6,0,0.0
21328,3554,8,0,0.0
21329,3554,9,0,0.0
21330,3555,0,0,0.0
21331,3555,2,0,0.0
21332,3555,3,0,0.0
21333,3555,7,0,0.0
21334,3555,8,0,0.0
21335,3555,10,0,0.0
21336,3556,2,2,2.0
21337,3556,4,2,2.0
21338,3556,5,1,2.0
21339,3556,6,2,2.0
21340,3556,8,2,2.0
21341,3556,10,2,2.0
21342,3557,0,0,0.0
21343,3557,2,0,0.0
21344,3557,3,1,1.0
21345,3557,4,0,1.0
21346,3557,6,0,1.0
21347,3557,8,0,1.0
21348,3558,0,0,0.0
21349,3558,1,1,1.0
21350,3558,2,2,2.0
21351,3558,6,2,2.0
21352,3558,7,1,2.0
21353,3558,10,2,2.0
21354,3559,1,0,0.0
21355,3559,3,0,0.0
21356,3559,4,0,0.0
21357,3559,6,0,0.0
21358,3559,9,0,0.0
21359,3559,10,0,0.0
21360,3560,4,0,0.0
21361,3560,6,0,0.0
21362,3560,7,1,1.0
21363,3560,8,0,1.0
21364,3560,9,1,1.0
21365,3560,10,2,2.0
21366,3561,1,0,0.0
21367,3561,3,0,0.0
21368,3561,6,1,1.0
21369,3561,7,2,2.0
21370,3561,8,1,2.0
21371,3561,10,1,2.0
21372,3562,0,0,0.0
21373,3562,1,1,1.0
21374,3562,2,2,2.0
21375,3562,3,1,2.0
21376,3562,8,1,2.0
21377,3562,9,2,2.0
21378,3563,0,0,0.0
21379,3563,2,2,2.0
21380,3563,5,3,3.0
21381,3563,8,2,3.0
21382,3563,9,1,3.0
21383,3563,10,2,3.0
21384,3564,1,0,0.0
21385,3564,2,0,0.0
21386,3564,4,1,1.0
21387,3564,5,0,1.0
21388,3564,7,0,1.0
21389,3564,9,1,1.0
21390,3565,1,1,1.0
21391,3565,2,0,1.0
21392,3565,5,1,1.0
21393,3565,6,1,1.0
21394,3565,7,1,1.0
21395,3565,8,1,1.0
21396,3566,2,0,0.0
21397,3566,3,1,1.0
21398,3566,6,0,1.0
21399,3566,7,1,1.0
21400,3566,8,0,1.0
21401,3566,9,1,1.0
21402,3567,0,0,0.0
21403,3567,2,2,2.0
21404,3567,4,3,3.0
21405,3567,5,4,4.0
21406,3567,9,5,5.0
21407,3567,10,5,5.0
21408,3568,0,0,0.0
21409,3568,1,0,0.0
21410,3568,4,0,0.0
21411,3568,5,0,0.0
21412,3568,6,1,1.0
21413,3568,9,0,1.0
21414,3569,1,1,1.0
21415,3569,2,2,2.0
21416,3569,3,3,3.0
21417,3569,6,2,3.0
21418,3569,8,3,3.0
21419,3569,10,3,3.0
21420,3570,1,1,1.0
21421,3570,2,1,1.0
21422,3570,3,2,2.0
21423,3570,6,5,5.0
21424,3570,8,5,5.0
21425,3570,9,5,5.0
21426,3571,0,0,0.0
21427,3571,1,1,1.0
21428,3571,2,0,1.0
21429,3571,3,1,1.0
21430,3571,4,1,1.0
21431,3571,7,0,1.0
21432,3572,1,1,1.0
21433,3572,2,0,1.0
21434,3572,3,1,1.0
21435,3572,4,2,2.0
21436,3572,7,1,2.0
21437,3572,9,1,2.0
21438,3573,0,0,0.0
21439,3573,2,2,2.0
21440,3573,5,1,2.0
21441,3573,6,2,2.0
21442,3573,7,1,2.0
21443,3573,8,2,2.0
21444,3574,0,0,0.0
21445,3574,1,1,1.0
21446,3574,3,1,1.0
21447,3574,4,0,1.0
21448,3574,5,0,1.0
21449,3574,10,0,1.0
21450,3575,3,1,1.0
21451,3575,4,0,1.0
21452,3575,5,1,1.0
21453,3575,7,1,1.0
21454,3575,8,0,1.0
21455,3575,10,0,1.0
21456,3576,2,0,0.0
21457,3576,4,0,0.0
21458,3576,7,1,1.0
21459,3576,8,0,1.0
21460,3576,9,0,1.0
21461,3576,10,0,1.0
21462,3577,1,0,0.0
21463,3577,2,0,0.0
21464,3577,3,1,1.0
21465,3577,5,0,1.0
21466,3577,6,0,1.0
21467,3577,8,1,1.0
21468,3578,0,0,0.0
21469,3578,1,1,1.0
21470,3578,3,3,3.0
21471,3578,4,4,4.0
21472,3578,6,2,4.0
21473,3578,7,1,4.0
21474,3579,1,1,1.0
21475,3579,3,1,1.0
21476,3579,4,2,2.0
21477,3579,7,3,3.0
21478,3579,8,3,3.0
21479,3579,9,3,3.0
21480,3580,0,0,0.0
21481,3580,2,0,0.0
21482,3580,4,0,0.0
21483,3580,7,3,3.0
21484,3580,9,3,3.0
21485,3580,10,2,3.0
21486,3581,1,1,1.0
21487,3581,4,0,1.0
21488,3581,6,0,1.0
21489,3581,7,1,1.0
21490,3581,8,2,2.0
21491,3581,9,1,2.0
21492,3582,1,0,0.0
21493,3582,3,0,0.0
21494,3582,6,0,0.0
21495,3582,7,0,0.0
21496,3582,8,0,0.0
21497,3582,10,0,0.0
21498,3583,1,1,1.0
21499,3583,3,2,2.0
21500,3583,4,3,3.0
21501,3583,5,3,3.0
21502,3583,6,2,3.0
21503,3583,9,3,3.0
21504,3584,1,0,0.0
21505,3584,3,0,0.0
21506,3584,4,0,0.0
21507,3584,5,0,0.0
21508,3584,7,0,0.0
21509,3584,10,0,0.0
21510,3585,1,0,0.0
21511,3585,2,1,1.0
21512,3585,3,0,1.0
21513,3585,4,0,1.0
21514,3585,8,0,1.0
21515,3585,9,0,1.0
21516,3586,0,0,0.0
21517,3586,1,0,0.0
21518,3586,3,0,0.0
21519,3586,5,0,0.0
21520,3586,8,0,0.0
21521,3586,10,0,0.0
21522,3587,0,0,0.0
21523,3587,2,1,1.0
21524,3587,3,1,1.0
21525,3587,4,0,1.0
21526,3587,5,1,1.0
21527,3587,7,0,1.0
21528,3588,0,0,0.0
21529,3588,2,2,2.0
21530,3588,3,3,3.0
21531,3588,5,1,3.0
21532,3588,8,2,3.0
21533,3588,10,2,3.0
21534,3589,4,0,0.0
21535,3589,5,0,0.0
21536,3589,6,0,0.0
21537,3589,8,1,1.0
21538,3589,9,0,1.0
21539,3589,10,0,1.0
21540,3590,0,0,0.0
21541,3590,3,1,1.0
21542,3590,4,1,1.0
21543,3590,6,0,1.0
21544,3590,7,0,1.0
21545,3590,8,1,1.0
21546,3591,1,0,0.0
21547,3591,3,1,1.0
21548,3591,4,2,2.0
21549,3591,5,1,2.0
21550,3591,6,0,2.0
21551,3591,9,2,2.0
21552,3592,0,0,0.0
21553,3592,1,1,1.0
21554,3592,2,1,1.0
21555,3592,4,1,1.0
21556,3592,6,1,1.0
21557,3592,7,0,1.0
21558,3593,3,3,3.0
21559,3593,5,3,3.0
21560,3593,6,4,4.0
21561,3593,7,3,4.0
21562,3593,8,4,4.0
21563,3593,9,3,4.0
21564,3594,0,0,0.0
21565,3594,2,1,1.0
21566,3594,5,0,1.0
21567,3594,6,1,1.0
21568,3594,8,1,1.0
21569,3594,9,1,1.0
21570,3595,0,0,0.0
21571,3595,1,1,1.0
21572,3595,4,0,1.0
21573,3595,6,0,1.0
21574,3595,7,1,1.0
21575,3595,9,1,1.0
21576,3596,0,0,0.0
21577,3596,2,0,0.0
21578,3596,7,1,1.0
21579,3596,8,2,2.0
21580,3596,9,3,3.0
21581,3596,10,4,4.0
21582,3597,0,0,0.0
21583,3597,2,0,0.0
21584,3597,4,0,0.0
21585,3597,5,0,0.0
21586,3597,8,0,0.0
21587,3597,9,0,0.0
21588,3598,0,0,0.0
21589,3598,1,1,1.0
21590,3598,3,1,1.0
21591,3598,5,1,1.0
21592,3598,7,1,1.0
21593,3598,10,2,2.0
21594,3599,0,0,0.0
21595,3599,1,1,1.0
21596,3599,2,2,2.0
21597,3599,3,3,3.0
21598,3599,4,4,4.0
21599,3599,9,5,5.0
21600,3600,0,0,0.0
21601,3600,2,2,2.0
21602,3600,5,5,5.0
21603,3600,6,5,5.0
21604,3600,8,5,5.0
21605,3600,9,5,5.0
21606,3601,0,0,0.0
21607,3601,5,1,1.0
21608,3601,6,1,1.0
21609,3601,7,1,1.0
21610,3601,8,1,1.0
21611,3601,10,1,1.0
21612,3602,2,2,2.0
21613,3602,4,2,2.0
21614,3602,5,3,3.0
21615,3602,7,1,3.0
21616,3602,8,2,3.0
21617,3602,10,4,4.0
21618,3603,1,0,0.0
21619,3603,2,0,0.0
21620,3603,3,0,0.0
21621,3603,4,0,0.0
21622,3603,5,0,0.0
21623,3603,6,0,0.0
21624,3604,1,0,0.0
21625,3604,4,0,0.0
21626,3604,6,0,0.0
21627,3604,8,0,0.0
21628,3604,9,1,1.0
21629,3604,10,0,1.0
21630,3605,1,1,1.0
21631,3605,2,0,1.0
21632,3605,4,1,1.0
21633,3605,5,0,1.0
21634,3605,8,0,1.0
21635,3605,10,1,1.0
21636,3606,0,0,0.0
21637,3606,2,1,1.0
21638,3606,4,3,3.0
21639,3606,5,2,3.0
21640,3606,6,3,3.0
21641,3606,10,3,3.0
21642,3607,0,0,0.0
21643,3607,3,0,0.0
21644,3607,5,0,0.0
21645,3607,6,0,0.0
21646,3607,8,0,0.0
21647,3607,9,0,0.0
21648,3608,0,0,0.0
21649,3608,1,1,1.0
21650,3608,4,4,4.0
21651,3608,5,3,4.0
21652,3608,8,0,4.0
21653,3608,10,0,4.0
21654,3609,0,0,0.0
21655,3609,1,1,1.0
21656,3609,6,2,2.0
21657,3609,7,1,2.0
21658,3609,8,2,2.0
21659,3609,10,2,2.0
21660,3610,2,2,2.0
21661,3610,3,1,2.0
21662,3610,5,3,3.0
21663,3610,6,2,3.0
21664,3610,8,2,3.0
21665,3610,9,3,3.0
21666,3611,1,1,1.0
21667,3611,2,0,1.0
21668,3611,5,2,2.0
21669,3611,7,2,2.0
21670,3611,9,3,3.0
21671,3611,10,3,3.0
21672,3612,0,0,0.0
21673,3612,2,2,2.0
21674,3612,4,2,2.0
21675,3612,5,1,2.0
21676,3612,6,2,2.0
21677,3612,9,1,2.0
21678,3613,1,0,0.0
21679,3613,2,0,0.0
21680,3613,3,0,0.0
21681,3613,4,0,0.0
21682,3613,5,0,0.0
21683,3613,6,0,0.0
21684,3614,2,2,2.0
21685,3614,3,1,2.0
21686,3614,4,0,2.0
21687,3614,8,4,4.0
21688,3614,9,3,4.0
21689,3614,10,4,4.0
21690,3615,0,0,0.0
21691,3615,3,0,0.0
21692,3615,5,2,2.0
21693,3615,8,3,3.0
21694,3615,9,4,4.0
21695,3615,10,5,5.0
21696,3616,0,0,0.0
21697,3616,1,1,1.0
21698,3616,2,2,2.0
21699,3616,4,4,4.0
21700,3616,6,5,5.0
21701,3616,10,5,5.0
21702,3617,0,0,0.0
21703,3617,2,0,0.0
21704,3617,4,0,0.0
21705,3617,7,0,0.0
21706,3617,9,0,0.0
21707,3617,10,0,0.0
21708,3618,2,0,0.0
21709,3618,3,1,1.0
21710,3618,5,3,3.0
21711,3618,6,4,4.0
21712,3618,8,2,4.0
21713,3618,10,2,4.0
21714,3619,1,1,1.0
21715,3619,2,0,1.0
21716,3619,3,1,1.0
21717,3619,4,0,1.0
21718,3619,7,1,1.0
21719,3619,10,0,1.0
21720,3620,0,0,0.0
21721,3620,1,0,0.0
21722,3620,2,0,0.0
21723,3620,3,0,0.0
21724,3620,4,0,0.0
21725,3620,8,0,0.0
21726,3621,1,0,0.0
21727,3621,4,0,0.0
21728,3621,5,0,0.0
21729,3621,7,0,0.0
21730,3621,9,0,0.0
21731,3621,10,0,0.0
21732,3622,1,1,1.0
21733,3622,2,2,2.0
21734,3622,5,2,2.0
21735,3622,7,1,2.0
21736,3622,9,2,2.0
21737,3622,10,1,2.0
21738,3623,0,0,0.0
21739,3623,1,0,0.0
21740,3623,3,0,0.0
21741,3623,5,0,0.0
21742,3623,6,1,1.0
21743,3623,10,3,3.0
21744,3624,1,1,1.0
21745,3624,2,2,2.0
21746,3624,4,2,2.0
21747,3624,6,4,4.0
21748,3624,8,5,5.0
21749,3624,9,5,5.0
21750,3625,0,0,0.0
21751,3625,1,1,1.0
21752,3625,2,0,1.0
21753,3625,4,0,1.0
21754,3625,5,1,1.0
21755,3625,9,1,1.0
21756,3626,3,0,0.0
21757,3626,5,0,0.0
21758,3626,6,0,0.0
21759,3626,7,0,0.0
21760,3626,8,0,0.0
21761,3626,9,0,0.0
21762,3627,0,0,0.0
21763,3627,1,0,0.0
21764,3627,4,0,0.0
21765,3627,5,0,0.0
21766,3627,6,0,0.0
21767,3627,8,0,0.0
21768,3628,1,1,1.0
21769,3628,2,0,1.0
21770,3628,3,1,1.0
21771,3628,4,0,1.0
21772,3628,7,0,1.0
21773,3628,10,1,1.0
21774,3629,0,0,0.0
21775,3629,2,0,0.0
21776,3629,6,0,0.0
21777,3629,7,0,0.0
21778,3629,8,0,0.0
21779,3629,9,0,0.0
21780,3630,1,1,1.0
21781,3630,3,0,1.0
21782,3630,4,1,1.0
21783,3630,5,2,2.0
21784,3630,6,3,3.0
21785,3630,9,3,3.0
21786,3631,2,0,0.0
21787,3631,3,0,0.0
21788,3631,4,0,0.0
21789,3631,6,0,0.0
21790,3631,9,0,0.0
21791,3631,10,0,0.0
21792,3632,1,0,0.0
21793,3632,2,0,0.0
21794,3632,4,0,0.0
21795,3632,5,0,0.0
21796,3632,6,0,0.0
21797,3632,8,0,0.0
21798,3633,0,0,0.0
21799,3633,2,0,0.0
21800,3633,3,0,0.0
21801,3633,5,0,0.0
21802,3633,8,0,0.0
21803,3633,9,0,0.0
21804,3634,1,1,1.0
21805,3634,3,0,1.0
21806,3634,6,1,1.0
21807,3634,7,0,1.0
21808,3634,9,2,2.0
21809,3634,10,3,3.0
21810,3635,1,1,1.0
21811,3635,5,1,1.0
21812,3635,6,2,2.0
21813,3635,7,1,2.0
21814,3635,8,2,2.0
21815,3635,9,1,2.0
21816,3636,0,0,0.0
21817,3636,2,0,0.0
21818,3636,5,0,0.0
21819,3636,8,0,0.0
21820,3636,9,0,0.0
21821,3636,10,0,0.0
21822,3637,2,1,1.0
21823,3637,3,2,2.0
21824,3637,5,2,2.0
21825,3637,6,3,3.0
21826,3637,7,2,3.0
21827,3637,10,3,3.0
21828,3638,1,0,0.0
21829,3638,2,0,0.0
21830,3638,4,2,2.0
21831,3638,6,0,2.0
21832,3638,8,0,2.0
21833,3638,10,0,2.0
21834,3639,2,0,0.0
21835,3639,4,0,0.0
21836,3639,6,0,0.0
21837,3639,8,0,0.0
21838,3639,9,0,0.0
21839,3639,10,0,0.0
21840,3640,0,0,0.0
21841,3640,4,2,2.0
21842,3640,6,2,2.0
21843,3640,7,3,3.0
21844,3640,9,3,3.0
21845,3640,10,4,4.0
21846,3641,1,1,1.0
21847,3641,4,2,2.0
21848,3641,6,2,2.0
21849,3641,7,1,2.0
21850,3641,8,2,2.0
21851,3641,9,1,2.0
21852,3642,0,0,0.0
21853,3642,3,1,1.0
21854,3642,6,1,1.0
21855,3642,8,1,1.0
21856,3642,9,1,1.0
21857,3642,10,1,1.0
21858,3643,0,0,0.0
21859,3643,3,3,3.0
21860,3643,5,4,4.0
21861,3643,7,5,5.0
21862,3643,9,5,5.0
21863,3643,10,5,5.0
21864,3644,0,0,0.0
21865,3644,1,1,1.0
21866,3644,3,1,1.0
21867,3644,7,1,1.0
21868,3644,8,0,1.0
21869,3644,9,1,1.0
21870,3645,0,0,0.0
21871,3645,2,1,1.0
21872,3645,3,2,2.0
21873,3645,4,3,3.0
21874,3645,8,5,5.0
21875,3645,10,5,5.0
21876,3646,0,0,0.0
21877,3646,1,1,1.0
21878,3646,4,1,1.0
21879,3646,5,1,1.0
21880,3646,9,1,1.0
21881,3646,10,0,1.0
21882,3647,1,0,0.0
21883,3647,2,0,0.0
21884,3647,5,0,0.0
21885,3647,7,0,0.0
21886,3647,8,0,0.0
21887,3647,10,0,0.0
21888,3648,1,1,1.0
21889,3648,2,2,2.0
21890,3648,4,2,2.0
21891,3648,5,3,3.0
21892,3648,6,2,3.0
21893,3648,9,3,3.0
21894,3649,1,1,1.0
21895,3649,2,1,1.0
21896,3649,4,0,1.0
21897,3649,6,1,1.0
21898,3649,7,0,1.0
21899,3649,8,1,1.0
21900,3650,3,1,1.0
21901,3650,5,1,1.0
21902,3650,6,0,1.0
21903,3650,7,0,1.0
21904,3650,8,1,1.0
21905,3650,9,2,2.0
21906,3651,1,0,0.0
21907,3651,2,0,0.0
21908,3651,3,0,0.0
21909,3651,6,0,0.0
21910,3651,8,0,0.0
21911,3651,10,0,0.0
21912,3652,2,2,2.0
21913,3652,3,3,3.0
21914,3652,4,4,4.0
21915,3652,5,3,4.0
21916,3652,7,2,4.0
21917,3652,9,4,4.0
21918,3653,0,0,0.0
21919,3653,1,0,0.0
21920,3653,2,0,0.0
21921,3653,5,0,0.0
21922,3653,7,0,0.0
21923,3653,9,0,0.0
21924,3654,0,0,0.0
21925,3654,3,1,1.0
21926,3654,4,0,1.0
21927,3654,5,0,1.0
21928,3654,8,1,1.0
21929,3654,10,3,3.0
21930,3655,0,0,0.0
21931,3655,1,0,0.0
21932,3655,2,0,0.0
21933,3655,5,0,0.0
21934,3655,8,0,0.0
21935,3655,10,0,0.0
21936,3656,0,0,0.0
21937,3656,2,0,0.0
21938,3656,4,0,0.0
21939,3656,5,0,0.0
21940,3656,6,0,0.0
21941,3656,7,0,0.0
21942,3657,0,0,0.0
21943,3657,4,3,3.0
21944,3657,5,4,4.0
21945,3657,6,3,4.0
21946,3657,7,4,4.0
21947,3657,9,3,4.0
21948,3658,0,0,0.0
21949,3658,2,0,0.0
21950,3658,3,0,0.0
21951,3658,5,0,0.0
21952,3658,7,0,0.0
21953,3658,9,1,1.0
21954,3659,0,0,0.0
21955,3659,1,1,1.0
21956,3659,3,1,1.0
21957,3659,4,0,1.0
21958,3659,8,2,2.0
21959,3659,9,1,2.0
21960,3660,3,0,0.0
21961,3660,4,1,1.0
21962,3660,5,2,2.0
21963,3660,7,4,4.0
21964,3660,9,4,4.0
21965,3660,10,5,5.0
21966,3661,2,0,0.0
21967,3661,4,0,0.0
21968,3661,6,0,0.0
21969,3661,7,0,0.0
21970,3661,9,0,0.0
21971,3661,10,0,0.0
21972,3662,0,0,0.0
21973,3662,4,0,0.0
21974,3662,5,1,1.0
21975,3662,6,0,1.0
21976,3662,7,1,1.0
21977,3662,8,1,1.0
21978,3663,2,0,0.0
21979,3663,4,0,0.0
21980,3663,6,0,0.0
21981,3663,7,0,0.0
21982,3663,8,0,0.0
21983,3663,9,0,0.0
21984,3664,0,0,0.0
21985,3664,1,1,1.0
21986,3664,3,1,1.0
21987,3664,4,2,2.0
21988,3664,5,1,2.0
21989,3664,10,1,2.0
21990,3665,0,0,0.0
21991,3665,1,1,1.0
21992,3665,3,1,1.0
21993,3665,5,1,1.0
21994,3665,6,0,1.0
21995,3665,10,2,2.0
21996,3666,0,0,0.0
21997,3666,1,1,1.0
21998,3666,3,0,1.0
21999,3666,4,0,1.0
22000,3666,8,0,1.0
22001,3666,10,0,1.0
22002,3667,1,0,0.0
22003,3667,5,1,1.0
22004,3667,6,1,1.0
22005,3667,7,2,2.0
22006,3667,8,1,2.0
22007,3667,10,2,2.0
22008,3668,0,0,0.0
22009,3668,3,1,1.0
22010,3668,4,2,2.0
22011,3668,5,3,3.0
22012,3668,6,4,4.0
22013,3668,10,4,4.0
22014,3669,0,0,0.0
22015,3669,1,1,1.0
22016,3669,4,2,2.0
22017,3669,5,1,2.0
22018,3669,9,3,3.0
22019,3669,10,4,4.0
22020,3670,1,1,1.0
22021,3670,2,2,2.0
22022,3670,5,3,3.0
22023,3670,6,2,3.0
22024,3670,9,1,3.0
22025,3670,10,2,3.0
22026,3671,2,0,0.0
22027,3671,3,1,1.0
22028,3671,4,1,1.0
22029,3671,5,0,1.0
22030,3671,8,1,1.0
22031,3671,10,1,1.0
22032,3672,1,0,0.0
22033,3672,2,0,0.0
22034,3672,3,0,0.0
22035,3672,8,0,0.0
22036,3672,9,0,0.0
22037,3672,10,0,0.0
22038,3673,0,0,0.0
22039,3673,1,1,1.0
22040,3673,2,0,1.0
22041,3673,3,1,1.0
22042,3673,5,1,1.0
22043,3673,6,0,1.0
22044,3674,0,0,0.0
22045,3674,1,0,0.0
22046,3674,3,0,0.0
22047,3674,4,0,0.0
22048,3674,6,0,0.0
22049,3674,10,0,0.0
22050,3675,1,1,1.0
22051,3675,2,2,2.0
22052,3675,6,2,2.0
22053,3675,7,3,3.0
22054,3675,8,2,3.0
22055,3675,9,1,3.0
22056,3676,0,0,0.0
22057,3676,1,0,0.0
22058,3676,3,0,0.0
22059,3676,4,0,0.0
22060,3676,8,0,0.0
22061,3676,9,0,0.0
22062,3677,0,0,0.0
22063,3677,1,1,1.0
22064,3677,2,2,2.0
22065,3677,4,2,2.0
22066,3677,5,3,3.0
22067,3677,10,4,4.0
22068,3678,0,0,0.0
22069,3678,2,0,0.0
22070,3678,3,1,1.0
22071,3678,5,3,3.0
22072,3678,7,4,4.0
22073,3678,9,5,5.0
22074,3679,4,0,0.0
22075,3679,5,1,1.0
22076,3679,6,0,1.0
22077,3679,8,0,1.0
22078,3679,9,0,1.0
22079,3679,10,0,1.0
22080,3680,0,0,0.0
22081,3680,1,1,1.0
22082,3680,2,0,1.0
22083,3680,5,3,3.0
22084,3680,8,4,4.0
22085,3680,10,5,5.0
22086,3681,1,0,0.0
22087,3681,3,0,0.0
22088,3681,5,0,0.0
22089,3681,7,0,0.0
22090,3681,8,0,0.0
22091,3681,10,0,0.0
22092,3682,2,0,0.0
22093,3682,4,0,0.0
22094,3682,7,0,0.0
22095,3682,8,0,0.0
22096,3682,9,0,0.0
22097,3682,10,0,0.0
22098,3683,0,0,0.0
22099,3683,2,1,1.0
22100,3683,3,2,2.0
22101,3683,8,1,2.0
22102,3683,9,2,2.0
22103,3683,10,1,2.0
22104,3684,0,0,0.0
22105,3684,2,1,1.0
22106,3684,5,1,1.0
22107,3684,8,3,3.0
22108,3684,9,3,3.0
22109,3684,10,2,3.0
22110,3685,0,0,0.0
22111,3685,2,2,2.0
22112,3685,4,4,4.0
22113,3685,7,5,5.0
22114,3685,8,5,5.0
22115,3685,10,5,5.0
22116,3686,1,1,1.0
22117,3686,3,1,1.0
22118,3686,5,3,3.0
22119,3686,6,4,4.0
22120,3686,8,5,5.0
22121,3686,9,5,5.0
22122,3687,1,1,1.0
22123,3687,3,3,3.0
22124,3687,4,4,4.0
22125,3687,5,3,4.0
22126,3687,7,1,4.0
22127,3687,10,4,4.0
22128,3688,2,1,1.0
22129,3688,3,0,1.0
22130,3688,4,1,1.0
22131,3688,5,0,1.0
22132,3688,9,1,1.0
22133,3688,10,0,1.0
22134,3689,0,0,0.0
22135,3689,1,0,0.0
22136,3689,2,0,0.0
22137,3689,3,0,0.0
22138,3689,5,0,0.0
22139,3689,8,0,0.0
22140,3690,0,0,0.0
22141,3690,1,1,1.0
22142,3690,4,2,2.0
22143,3690,5,1,2.0
22144,3690,6,2,2.0
22145,3690,8,2,2.0
22146,3691,4,1,1.0
22147,3691,5,2,2.0
22148,3691,6,3,3.0
22149,3691,8,3,3.0
22150,3691,9,2,3.0
22151,3691,10,1,3.0
22152,3692,1,1,1.0
22153,3692,3,1,1.0
22154,3692,4,0,1.0
22155,3692,6,0,1.0
22156,3692,7,1,1.0
22157,3692,10,2,2.0
22158,3693,0,0,0.0
22159,3693,1,1,1.0
22160,3693,2,1,1.0
22161,3693,4,2,2.0
22162,3693,7,3,3.0
22163,3693,10,2,3.0
22164,3694,0,0,0.0
22165,3694,3,0,0.0
22166,3694,6,0,0.0
22167,3694,8,0,0.0
22168,3694,9,0,0.0
22169,3694,10,0,0.0
22170,3695,0,0,0.0
22171,3695,1,1,1.0
22172,3695,2,0,1.0
22173,3695,4,2,2.0
22174,3695,8,4,4.0
22175,3695,10,5,5.0
22176,3696,0,0,0.0
22177,3696,1,1,1.0
22178,3696,2,0,1.0
22179,3696,3,1,1.0
22180,3696,6,2,2.0
22181,3696,10,4,4.0
22182,3697,1,0,0.0
22183,3697,2,0,0.0
22184,3697,3,0,0.0
22185,3697,4,0,0.0
22186,3697,7,0,0.0
22187,3697,9,0,0.0
22188,3698,1,0,0.0
22189,3698,2,0,0.0
22190,3698,5,0,0.0
22191,3698,6,0,0.0
22192,3698,8,0,0.0
22193,3698,10,0,0.0
22194,3699,2,0,0.0
22195,3699,3,1,1.0
22196,3699,4,0,1.0
22197,3699,6,0,1.0
22198,3699,7,1,1.0
22199,3699,10,0,1.0
22200,3700,0,0,0.0
22201,3700,1,1,1.0
22202,3700,3,1,1.0
22203,3700,5,2,2.0
22204,3700,7,0,2.0
22205,3700,10,1,2.0
22206,3701,1,1,1.0
22207,3701,2,0,1.0
22208,3701,4,1,1.0
22209,3701,5,0,1.0
22210,3701,6,1,1.0
22211,3701,10,0,1.0
22212,3702,0,0,0.0
22213,3702,1,0,0.0
22214,3702,2,0,0.0
22215,3702,5,0,0.0
22216,3702,6,0,0.0
22217,3702,7,0,0.0
22218,3703,1,1,1.0
22219,3703,2,2,2.0
22220,3703,4,0,2.0
22221,3703,7,1,2.0
22222,3703,8,0,2.0
22223,3703,9,1,2.0
22224,3704,0,0,0.0
22225,3704,3,2,2.0
22226,3704,4,2,2.0
22227,3704,5,2,2.0
22228,3704,9,1,2.0
22229,3704,10,2,2.0
22230,3705,1,1,1.0
22231,3705,4,4,4.0
22232,3705,5,3,4.0
22233,3705,6,2,4.0
22234,3705,9,1,4.0
22235,3705,10,0,4.0
22236,3706,0,0,0.0
22237,3706,3,0,0.0
22238,3706,4,0,0.0
22239,3706,6,0,0.0
22240,3706,7,0,0.0
22241,3706,9,0,0.0
22242,3707,0,0,0.0
22243,3707,1,0,0.0
22244,3707,2,0,0.0
22245,3707,4,0,0.0
22246,3707,6,0,0.0
22247,3707,9,0,0.0
22248,3708,0,0,0.0
22249,3708,5,3,3.0
22250,3708,6,2,3.0
22251,3708,7,1,3.0
22252,3708,9,3,3.0
22253,3708,10,4,4.0
22254,3709,2,1,1.0
22255,3709,4,0,1.0
22256,3709,5,0,1.0
22257,3709,8,0,1.0
22258,3709,9,0,1.0
22259,3709,10,0,1.0
22260,3710,1,1,1.0
22261,3710,3,3,3.0
22262,3710,5,2,3.0
22263,3710,6,3,3.0
22264,3710,8,3,3.0
22265,3710,9,4,4.0
22266,3711,0,0,0.0
22267,3711,1,1,1.0
22268,3711,4,3,3.0
22269,3711,6,2,3.0
22270,3711,9,2,3.0
22271,3711,10,1,3.0
22272,3712,0,0,0.0
22273,3712,1,0,0.0
22274,3712,4,0,0.0
22275,3712,5,0,0.0
22276,3712,6,0,0.0
22277,3712,9,0,0.0
22278,3713,1,0,0.0
22279,3713,3,0,0.0
22280,3713,5,0,0.0
22281,3713,6,0,0.0
22282,3713,8,0,0.0
22283,3713,9,0,0.0
22284,3714,1,1,1.0
22285,3714,2,2,2.0
22286,3714,5,1,2.0
22287,3714,6,2,2.0
22288,3714,7,3,3.0
22289,3714,9,1,3.0
22290,3715,0,0,0.0
22291,3715,3,1,1.0
22292,3715,4,1,1.0
22293,3715,5,1,1.0
22294,3715,6,1,1.0
22295,3715,9,1,1.0
22296,3716,0,0,0.0
22297,3716,2,0,0.0
22298,3716,3,0,0.0
22299,3716,6,0,0.0
22300,3716,9,0,0.0
22301,3716,10,1,1.0
22302,3717,0,0,0.0
22303,3717,1,1,1.0
22304,3717,2,2,2.0
22305,3717,6,4,4.0
22306,3717,7,3,4.0
22307,3717,10,2,4.0
22308,3718,3,1,1.0
22309,3718,4,0,1.0
22310,3718,6,0,1.0
22311,3718,8,0,1.0
22312,3718,9,1,1.0
22313,3718,10,0,1.0
22314,3719,1,1,1.0
22315,3719,4,0,1.0
22316,3719,5,1,1.0
22317,3719,6,2,2.0
22318,3719,8,2,2.0
22319,3719,10,2,2.0
22320,3720,0,0,0.0
22321,3720,4,0,0.0
22322,3720,5,0,0.0
22323,3720,6,1,1.0
22324,3720,9,0,1.0
22325,3720,10,1,1.0
22326,3721,1,1,1.0
22327,3721,4,4,4.0
22328,3721,5,3,4.0
22329,3721,6,4,4.0
22330,3721,8,4,4.0
22331,3721,10,4,4.0
22332,3722,1,0,0.0
22333,3722,2,0,0.0
22334,3722,4,1,1.0
22335,3722,7,0,1.0
22336,3722,8,0,1.0
22337,3722,9,1,1.0
22338,3723,1,1,1.0
22339,3723,4,2,2.0
22340,3723,5,1,2.0
22341,3723,6,2,2.0
22342,3723,9,1,2.0
22343,3723,10,2,2.0
22344,3724,4,0,0.0
22345,3724,6,0,0.0
22346,3724,7,1,1.0
22347,3724,8,0,1.0
22348,3724,9,1,1.0
22349,3724,10,1,1.0
22350,3725,0,0,0.0
22351,3725,1,0,0.0
22352,3725,2,0,0.0
22353,3725,4,0,0.0
22354,3725,5,0,0.0
22355,3725,9,0,0.0
22356,3726,1,1,1.0
22357,3726,3,3,3.0
22358,3726,5,4,4.0
22359,3726,7,2,4.0
22360,3726,8,3,4.0
22361,3726,10,3,4.0
22362,3727,1,1,1.0
22363,3727,3,1,1.0
22364,3727,4,0,1.0
22365,3727,5,1,1.0
22366,3727,7,1,1.0
22367,3727,9,1,1.0
22368,3728,1,1,1.0
22369,3728,2,2,2.0
22370,3728,3,1,2.0
22371,3728,8,4,4.0
22372,3728,9,3,4.0
22373,3728,10,4,4.0
22374,3729,1,1,1.0
22375,3729,6,1,1.0
22376,3729,7,1,1.0
22377,3729,8,0,1.0
22378,3729,9,1,1.0
22379,3729,10,1,1.0
22380,3730,0,0,0.0
22381,3730,1,1,1.0
22382,3730,2,2,2.0
22383,3730,3,3,3.0
22384,3730,7,5,5.0
22385,3730,9,5,5.0
22386,3731,1,1,1.0
22387,3731,3,3,3.0
22388,3731,5,3,3.0
22389,3731,7,3,3.0
22390,3731,8,2,3.0
22391,3731,10,4,4.0
22392,3732,2,2,2.0
22393,3732,3,1,2.0
22394,3732,4,2,2.0
22395,3732,6,2,2.0
22396,3732,7,1,2.0
22397,3732,8,2,2.0
22398,3733,1,1,1.0
22399,3733,2,2,2.0
22400,3733,3,1,2.0
22401,3733,7,3,3.0
22402,3733,9,3,3.0
22403,3733,10,2,3.0
22404,3734,1,1,1.0
22405,3734,2,2,2.0
22406,3734,3,3,3.0
22407,3734,4,3,3.0
22408,3734,6,3,3.0
22409,3734,10,2,3.0
22410,3735,0,0,0.0
22411,3735,2,0,0.0
22412,3735,3,1,1.0
22413,3735,6,2,2.0
22414,3735,9,3,3.0
22415,3735,10,2,3.0
22416,3736,0,0,0.0
22417,3736,1,0,0.0
22418,3736,2,1,1.0
22419,3736,5,1,1.0
22420,3736,6,1,1.0
22421,3736,7,1,1.0
22422,3737,0,0,0.0
22423,3737,3,1,1.0
22424,3737,4,2,2.0
22425,3737,5,3,3.0
22426,3737,7,3,3.0
22427,3737,9,3,3.0
22428,3738,1,1,1.0
22429,3738,3,0,1.0
22430,3738,4,0,1.0
22431,3738,5,1,1.0
22432,3738,6,0,1.0
22433,3738,8,0,1.0
22434,3739,1,1,1.0
22435,3739,4,4,4.0
22436,3739,5,3,4.0
22437,3739,6,2,4.0
22438,3739,9,1,4.0
22439,3739,10,2,4.0
22440,3740,0,0,0.0
22441,3740,1,1,1.0
22442,3740,4,2,2.0
22443,3740,5,1,2.0
22444,3740,6,2,2.0
22445,3740,10,2,2.0
22446,3741,0,0,0.0
22447,3741,2,0,0.0
22448,3741,4,0,0.0
22449,3741,8,0,0.0
22450,3741,9,0,0.0
22451,3741,10,0,0.0
22452,3742,1,1,1.0
22453,3742,2,2,2.0
22454,3742,4,4,4.0
22455,3742,5,3,4.0
22456,3742,8,4,4.0
22457,3742,9,3,4.0
22458,3743,1,0,0.0
22459,3743,2,1,1.0
22460,3743,3,1,1.0
22461,3743,5,0,1.0
22462,3743,6,0,1.0
22463,3743,7,1,1.0
22464,3744,1,1,1.0
22465,3744,3,1,1.0
22466,3744,5,1,1.0
22467,3744,8,0,1.0
22468,3744,9,1,1.0
22469,3744,10,2,2.0
22470,3745,1,0,0.0
22471,3745,2,1,1.0
22472,3745,6,1,1.0
22473,3745,7,0,1.0
22474,3745,9,0,1.0
22475,3745,10,1,1.0
22476,3746,2,0,0.0
22477,3746,3,0,0.0
22478,3746,4,0,0.0
22479,3746,7,0,0.0
22480,3746,8,0,0.0
22481,3746,10,0,0.0
22482,3747,0,0,0.0
22483,3747,2,2,2.0
22484,3747,3,3,3.0
22485,3747,4,2,3.0
22486,3747,8,2,3.0
22487,3747,9,1,3.0
22488,3748,0,0,0.0
22489,3748,1,1,1.0
22490,3748,4,4,4.0
22491,3748,6,5,5.0
22492,3748,8,5,5.0
22493,3748,10,5,5.0
22494,3749,1,0,0.0
22495,3749,2,0,0.0
22496,3749,3,0,0.0
22497,3749,4,0,0.0
22498,3749,7,0,0.0
22499,3749,10,0,0.0
22500,3750,0,0,0.0
22501,3750,3,1,1.0
22502,3750,4,2,2.0
22503,3750,5,1,2.0
22504,3750,6,0,2.0
22505,3750,7,1,2.0
22506,3751,1,0,0.0
22507,3751,2,1,1.0
22508,3751,4,1,1.0
22509,3751,6,3,3.0
22510,3751,9,2,3.0
22511,3751,10,1,3.0
22512,3752,0,0,0.0
22513,3752,5,1,1.0
22514,3752,6,0,1.0
22515,3752,8,0,1.0
22516,3752,9,1,1.0
22517,3752,10,0,1.0
22518,3753,3,1,1.0
22519,3753,4,2,2.0
22520,3753,5,3,3.0
22521,3753,7,3,3.0
22522,3753,8,4,4.0
22523,3753,10,5,5.0
22524,3754,1,0,0.0
22525,3754,3,1,1.0
22526,3754,5,1,1.0
22527,3754,6,2,2.0
22528,3754,7,1,2.0
22529,3754,9,1,2.0
22530,3755,0,0,0.0
22531,3755,4,0,0.0
22532,3755,6,0,0.0
22533,3755,7,0,0.0
22534,3755,8,0,0.0
22535,3755,10,0,0.0
22536,3756,2,2,2.0
22537,3756,4,0,2.0
22538,3756,5,1,2.0
22539,3756,7,1,2.0
22540,3756,8,0,2.0
22541,3756,10,0,2.0
22542,3757,0,0,0.0
22543,3757,3,3,3.0
22544,3757,5,3,3.0
22545,3757,6,4,4.0
22546,3757,9,5,5.0
22547,3757,10,5,5.0
22548,3758,1,0,0.0
22549,3758,3,0,0.0
22550,3758,5,0,0.0
22551,3758,7,0,0.0
22552,3758,8,0,0.0
22553,3758,10,0,0.0
22554,3759,1,0,0.0
22555,3759,4,0,0.0
22556,3759,5,0,0.0
22557,3759,7,0,0.0
22558,3759,8,0,0.0
22559,3759,10,0,0.0
22560,3760,0,0,0.0
22561,3760,1,0,0.0
22562,3760,2,0,0.0
22563,3760,6,0,0.0
22564,3760,7,0,0.0
22565,3760,10,0,0.0
22566,3761,0,0,0.0
22567,3761,2,0,0.0
22568,3761,3,1,1.0
22569,3761,4,0,1.0
22570,3761,8,0,1.0
22571,3761,10,0,1.0
22572,3762,0,0,0.0
22573,3762,1,0,0.0
22574,3762,4,0,0.0
22575,3762,5,0,0.0
22576,3762,7,1,1.0
22577,3762,10,1,1.0
22578,3763,1,0,0.0
22579,3763,2,0,0.0
22580,3763,4,0,0.0
22581,3763,7,0,0.0
22582,3763,9,0,0.0
22583,3763,10,0,0.0
22584,3764,3,1,1.0
22585,3764,4,2,2.0
22586,3764,5,3,3.0
22587,3764,8,3,3.0
22588,3764,9,4,4.0
22589,3764,10,5,5.0
22590,3765,1,1,1.0
22591,3765,3,2,2.0
22592,3765,4,3,3.0
22593,3765,5,2,3.0
22594,3765,7,4,4.0
22595,3765,8,5,5.0
22596,3766,0,0,0.0
22597,3766,2,0,0.0
22598,3766,6,0,0.0
22599,3766,7,1,1.0
22600,3766,9,1,1.0
22601,3766,10,2,2.0
22602,3767,0,0,0.0
22603,3767,5,1,1.0
22604,3767,6,1,1.0
22605,3767,7,1,1.0
22606,3767,8,1,1.0
22607,3767,10,0,1.0
22608,3768,0,0,0.0
22609,3768,2,0,0.0
22610,3768,3,0,0.0
22611,3768,4,0,0.0
22612,3768,5,0,0.0
22613,3768,9,0,0.0
22614,3769,0,0,0.0
22615,3769,1,1,1.0
22616,3769,2,0,1.0
22617,3769,5,0,1.0
22618,3769,8,1,1.0
22619,3769,9,0,1.0
22620,3770,0,0,0.0
22621,3770,1,1,1.0
22622,3770,7,3,3.0
22623,3770,8,2,3.0
22624,3770,9,3,3.0
22625,3770,10,2,3.0
22626,3771,0,0,0.0
22627,3771,2,2,2.0
22628,3771,4,2,2.0
22629,3771,5,1,2.0
22630,3771,7,1,2.0
22631,3771,10,2,2.0
22632,3772,0,0,0.0
22633,3772,4,0,0.0
22634,3772,5,0,0.0
22635,3772,6,0,0.0
22636,3772,7,0,0.0
22637,3772,9,0,0.0
22638,3773,0,0,0.0
22639,3773,2,1,1.0
22640,3773,4,1,1.0
22641,3773,6,2,2.0
22642,3773,8,4,4.0
22643,3773,9,5,5.0
22644,3774,1,1,1.0
22645,3774,3,1,1.0
22646,3774,4,0,1.0
22647,3774,7,1,1.0
22648,3774,9,1,1.0
22649,3774,10,0,1.0
22650,3775,2,0,0.0
22651,3775,3,1,1.0
22652,3775,4,0,1.0
22653,3775,8,2,2.0
22654,3775,9,1,2.0
22655,3775,10,1,2.0
22656,3776,1,1,1.0
22657,3776,3,0,1.0
22658,3776,6,0,1.0
22659,3776,7,1,1.0
22660,3776,8,0,1.0
22661,3776,10,0,1.0
22662,3777,0,0,0.0
22663,3777,1,1,1.0
22664,3777,2,2,2.0
22665,3777,3,1,2.0
22666,3777,4,1,2.0
22667,3777,9,1,2.0
22668,3778,0,0,0.0
22669,3778,1,1,1.0
22670,3778,2,0,1.0
22671,3778,3,1,1.0
22672,3778,5,1,1.0
22673,3778,9,1,1.0
22674,3779,0,0,0.0
22675,3779,3,1,1.0
22676,3779,4,2,2.0
22677,3779,6,2,2.0
22678,3779,7,1,2.0
22679,3779,9,1,2.0
22680,3780,0,0,0.0
22681,3780,2,2,2.0
22682,3780,5,0,2.0
22683,3780,6,1,2.0
22684,3780,8,2,2.0
22685,3780,10,2,2.0
22686,3781,0,0,0.0
22687,3781,2,1,1.0
22688,3781,7,1,1.0
22689,3781,8,1,1.0
22690,3781,9,0,1.0
22691,3781,10,1,1.0
22692,3782,0,0,0.0
22693,3782,1,1,1.0
22694,3782,2,0,1.0
22695,3782,4,0,1.0
22696,3782,7,1,1.0
22697,3782,8,0,1.0
22698,3783,0,0,0.0
22699,3783,1,1,1.0
22700,3783,3,1,1.0
22701,3783,6,0,1.0
22702,3783,8,0,1.0
22703,3783,9,1,1.0
22704,3784,0,0,0.0
22705,3784,3,1,1.0
22706,3784,5,3,3.0
22707,3784,6,4,4.0
22708,3784,7,5,5.0
22709,3784,9,5,5.0
22710,3785,0,0,0.0
22711,3785,2,2,2.0
22712,3785,4,2,2.0
22713,3785,5,3,3.0
22714,3785,7,5,5.0
22715,3785,10,5,5.0
22716,3786,0,0,0.0
22717,3786,6,1,1.0
22718,3786,7,2,2.0
22719,3786,8,2,2.0
22720,3786,9,1,2.0
22721,3786,10,1,2.0
22722,3787,0,0,0.0
22723,3787,1,1,1.0
22724,3787,2,2,2.0
22725,3787,4,4,4.0
22726,3787,7,5,5.0
22727,3787,8,5,5.0
22728,3788,0,0,0.0
22729,3788,2,0,0.0
22730,3788,5,0,0.0
22731,3788,7,0,0.0
22732,3788,8,0,0.0
22733,3788,9,1,1.0
22734,3789,1,0,0.0
22735,3789,2,0,0.0
22736,3789,5,0,0.0
22737,3789,6,0,0.0
22738,3789,9,0,0.0
22739,3789,10,0,0.0
22740,3790,1,1,1.0
22741,3790,3,1,1.0
22742,3790,4,2,2.0
22743,3790,6,2,2.0
22744,3790,7,3,3.0
22745,3790,10,2,3.0
22746,3791,1,0,0.0
22747,3791,3,1,1.0
22748,3791,4,1,1.0
22749,3791,6,1,1.0
22750,3791,8,1,1.0
22751,3791,9,0,1.0
22752,3792,1,1,1.0
22753,3792,3,1,1.0
22754,3792,4,0,1.0
22755,3792,5,1,1.0
22756,3792,6,0,1.0
22757,3792,9,3,3.0
22758,3793,1,1,1.0
22759,3793,2,2,2.0
22760,3793,4,1,2.0
22761,3793,5,0,2.0
22762,3793,6,1,2.0
22763,3793,10,3,3.0
22764,3794,1,1,1.0
22765,3794,3,0,1.0
22766,3794,5,1,1.0
22767,3794,7,1,1.0
22768,3794,8,1,1.0
22769,3794,10,0,1.0
22770,3795,1,1,1.0
22771,3795,3,1,1.0
22772,3795,4,0,1.0
22773,3795,5,1,1.0
22774,3795,7,1,1.0
22775,3795,10,2,2.0
22776,3796,1,0,0.0
22777,3796,3,0,0.0
22778,3796,5,0,0.0
22779,3796,7,0,0.0
22780,3796,8,0,0.0
22781,3796,10,0,0.0
22782,3797,1,0,0.0
22783,3797,2,1,1.0
22784,3797,3,0,1.0
22785,3797,4,1,1.0
22786,3797,5,0,1.0
22787,3797,6,0,1.0
22788,3798,0,0,0.0
22789,3798,1,1,1.0
22790,3798,2,1,1.0
22791,3798,6,1,1.0
22792,3798,7,1,1.0
22793,3798,9,1,1.0
22794,3799,2,2,2.0
22795,3799,4,3,3.0
22796,3799,5,4,4.0
22797,3799,6,5,5.0
22798,3799,7,5,5.0
22799,3799,10,5,5.0
22800,3800,1,1,1.0
22801,3800,3,3,3.0
22802,3800,4,2,3.0
22803,3800,8,2,3.0
22804,3800,9,3,3.0
22805,3800,10,2,3.0
22806,3801,2,0,0.0
22807,3801,4,0,0.0
22808,3801,5,0,0.0
22809,3801,7,1,1.0
22810,3801,9,0,1.0
22811,3801,10,1,1.0
22812,3802,0,0,0.0
22813,3802,4,0,0.0
22814,3802,5,1,1.0
22815,3802,8,1,1.0
22816,3802,9,0,1.0
22817,3802,10,0,1.0
22818,3803,0,0,0.0
22819,3803,3,0,0.0
22820,3803,4,0,0.0
22821,3803,6,0,0.0
22822,3803,8,0,0.0
22823,3803,9,0,0.0
22824,3804,0,0,0.0
22825,3804,2,0,0.0
22826,3804,3,1,1.0
22827,3804,4,2,2.0
22828,3804,9,3,3.0
22829,3804,10,4,4.0
22830,3805,0,0,0.0
22831,3805,2,0,0.0
22832,3805,3,1,1.0
22833,3805,5,1,1.0
22834,3805,6,2,2.0
22835,3805,8,3,3.0
22836,3806,1,1,1.0
22837,3806,2,1,1.0
22838,3806,6,1,1.0
22839,3806,7,0,1.0
22840,3806,8,1,1.0
22841,3806,10,2,2.0
22842,3807,0,0,0.0
22843,3807,2,0,0.0
22844,3807,5,1,1.0
22845,3807,7,1,1.0
22846,3807,9,1,1.0
22847,3807,10,0,1.0
22848,3808,0,0,0.0
22849,3808,2,0,0.0
22850,3808,4,0,0.0
22851,3808,6,0,0.0
22852,3808,9,0,0.0
22853,3808,10,0,0.0
22854,3809,0,0,0.0
22855,3809,3,0,0.0
22856,3809,4,0,0.0
22857,3809,8,1,1.0
22858,3809,9,1,1.0
22859,3809,10,2,2.0
22860,3810,1,1,1.0
22861,3810,2,2,2.0
22862,3810,6,0,2.0
22863,3810,7,1,2.0
22864,3810,8,0,2.0
22865,3810,10,0,2.0
22866,3811,0,0,0.0
22867,3811,2,0,0.0
22868,3811,3,0,0.0
22869,3811,4,0,0.0
22870,3811,7,0,0.0
22871,3811,10,0,0.0
22872,3812,2,2,2.0
22873,3812,3,1,2.0
22874,3812,4,2,2.0
22875,3812,6,2,2.0
22876,3812,7,3,3.0
22877,3812,8,2,3.0
22878,3813,2,1,1.0
22879,3813,4,1,1.0
22880,3813,5,0,1.0
22881,3813,7,1,1.0
22882,3813,8,1,1.0
22883,3813,10,1,1.0
22884,3814,0,0,0.0
22885,3814,4,1,1.0
22886,3814,5,2,2.0
22887,3814,6,1,2.0
22888,3814,8,1,2.0
22889,3814,9,0,2.0
22890,3815,0,0,0.0
22891,3815,2,0,0.0
22892,3815,6,4,4.0
22893,3815,8,2,4.0
22894,3815,9,3,4.0
22895,3815,10,4,4.0
22896,3816,0,0,0.0
22897,3816,1,1,1.0
22898,3816,3,1,1.0
22899,3816,4,2,2.0
22900,3816,5,1,2.0
22901,3816,6,2,2.0
22902,3817,3,1,1.0
22903,3817,4,2,2.0
22904,3817,5,1,2.0
22905,3817,6,2,2.0
22906,3817,7,1,2.0
22907,3817,8,2,2.0
22908,3818,0,0,0.0
22909,3818,2,2,2.0
22910,3818,4,2,2.0
22911,3818,6,2,2.0
22912,3818,8,2,2.0
22913,3818,10,2,2.0
22914,3819,0,0,0.0
22915,3819,2,2,2.0
22916,3819,3,3,3.0
22917,3819,7,3,3.0
22918,3819,8,4,4.0
22919,3819,10,4,4.0
22920,3820,3,0,0.0
22921,3820,5,0,0.0
22922,3820,6,0,0.0
22923,3820,7,0,0.0
22924,3820,8,0,0.0
22925,3820,9,0,0.0
22926,3821,2,0,0.0
22927,3821,3,0,0.0
22928,3821,4,0,0.0
22929,3821,5,0,0.0
22930,3821,9,0,0.0
22931,3821,10,0,0.0
22932,3822,1,1,1.0
22933,3822,3,1,1.0
22934,3822,5,1,1.0
22935,3822,7,3,3.0
22936,3822,8,4,4.0
22937,3822,10,2,4.0
22938,3823,1,0,0.0
22939,3823,2,0,0.0
22940,3823,3,0,0.0
22941,3823,4,0,0.0
22942,3823,5,0,0.0
22943,3823,6,0,0.0
22944,3824,1,0,0.0
22945,3824,3,0,0.0
22946,3824,5,0,0.0
22947,3824,6,0,0.0
22948,3824,8,0,0.0
22949,3824,10,0,0.0
22950,3825,2,1,1.0
22951,3825,3,1,1.0
22952,3825,4,2,2.0
22953,3825,5,1,2.0
22954,3825,8,1,2.0
22955,3825,9,2,2.0
22956,3826,1,0,0.0
22957,3826,2,0,0.0
22958,3826,3,0,0.0
22959,3826,8,0,0.0
22960,3826,9,0,0.0
22961,3826,10,0,0.0
22962,3827,0,0,0.0
22963,3827,1,0,0.0
22964,3827,2,0,0.0
22965,3827,3,0,0.0
22966,3827,6,0,0.0
22967,3827,8,0,0.0
22968,3828,0,0,0.0
22969,3828,2,2,2.0
22970,3828,3,3,3.0
22971,3828,4,2,3.0
22972,3828,6,4,4.0
22973,3828,8,5,5.0
22974,3829,1,0,0.0
22975,3829,3,0,0.0
22976,3829,5,0,0.0
22977,3829,6,0,0.0
22978,3829,7,0,0.0
22979,3829,10,0,0.0
22980,3830,3,1,1.0
22981,3830,4,0,1.0
22982,3830,6,0,1.0
22983,3830,7,1,1.0
22984,3830,9,1,1.0
22985,3830,10,0,1.0
22986,3831,1,1,1.0
22987,3831,3,1,1.0
22988,3831,4,0,1.0
22989,3831,6,1,1.0
22990,3831,9,2,2.0
22991,3831,10,3,3.0
22992,3832,2,0,0.0
22993,3832,3,0,0.0
22994,3832,4,0,0.0
22995,3832,6,0,0.0
22996,3832,7,0,0.0
22997,3832,8,0,0.0
22998,3833,0,0,0.0
22999,3833,2,0,0.0
23000,3833,4,2,2.0
23001,3833,6,2,2.0
23002,3833,7,3,3.0
23003,3833,10,5,5.0
23004,3834,1,0,0.0
23005,3834,3,0,0.0
23006,3834,5,2,2.0
23007,3834,6,3,3.0
23008,3834,8,3,3.0
23009,3834,9,2,3.0
23010,3835,3,0,0.0
23011,3835,4,0,0.0
23012,3835,6,1,1.0
23013,3835,7,0,1.0
23014,3835,9,0,1.0
23015,3835,10,1,1.0
23016,3836,0,0,0.0
23017,3836,1,1,1.0
23018,3836,2,1,1.0
23019,3836,4,3,3.0
23020,3836,5,2,3.0
23021,3836,9,5,5.0
23022,3837,0,0,0.0
23023,3837,2,0,0.0
23024,3837,5,0,0.0
23025,3837,6,0,0.0
23026,3837,9,0,0.0
23027,3837,10,0,0.0
23028,3838,2,0,0.0
23029,3838,6,1,1.0
23030,3838,7,0,1.0
23031,3838,8,1,1.0
23032,3838,9,0,1.0
23033,3838,10,0,1.0
23034,3839,0,0,0.0
23035,3839,1,1,1.0
23036,3839,3,3,3.0
23037,3839,4,4,4.0
23038,3839,8,4,4.0
23039,3839,10,3,4.0
23040,3840,0,0,0.0
23041,3840,4,1,1.0
23042,3840,6,1,1.0
23043,3840,7,1,1.0
23044,3840,9,1,1.0
23045,3840,10,1,1.0
23046,3841,0,0,0.0
23047,3841,1,1,1.0
23048,3841,3,3,3.0
23049,3841,4,4,4.0
23050,3841,9,4,4.0
23051,3841,10,3,4.0
23052,3842,1,0,0.0
23053,3842,2,0,0.0
23054,3842,4,0,0.0
23055,3842,5,0,0.0
23056,3842,6,0,0.0
23057,3842,9,0,0.0
23058,3843,0,0,0.0
23059,3843,2,2,2.0
23060,3843,3,3,3.0
23061,3843,4,2,3.0
23062,3843,9,3,3.0
23063,3843,10,2,3.0
23064,3844,1,0,0.0
23065,3844,3,0,0.0
23066,3844,4,0,0.0
23067,3844,6,0,0.0
23068,3844,7,0,0.0
23069,3844,8,0,0.0
23070,3845,3,1,1.0
23071,3845,4,1,1.0
23072,3845,5,1,1.0
23073,3845,8,1,1.0
23074,3845,9,1,1.0
23075,3845,10,1,1.0
23076,3846,0,0,0.0
23077,3846,2,0,0.0
23078,3846,4,0,0.0
23079,3846,6,0,0.0
23080,3846,9,0,0.0
23081,3846,10,0,0.0
23082,3847,2,0,0.0
23083,3847,3,1,1.0
23084,3847,4,0,1.0
23085,3847,7,0,1.0
23086,3847,8,1,1.0
23087,3847,10,0,1.0
23088,3848,0,0,0.0
23089,3848,3,0,0.0
23090,3848,7,0,0.0
23091,3848,8,0,0.0
23092,3848,9,0,0.0
23093,3848,10,0,0.0
23094,3849,1,0,0.0
23095,3849,2,0,0.0
23096,3849,3,0,0.0
23097,3849,5,0,0.0
23098,3849,6,0,0.0
23099,3849,8,0,0.0
23100,3850,1,0,0.0
23101,3850,2,0,0.0
23102,3850,5,0,0.0
23103,3850,7,0,0.0
23104,3850,8,0,0.0
23105,3850,10,0,0.0
23106,3851,0,0,0.0
23107,3851,1,1,1.0
23108,3851,5,1,1.0
23109,3851,6,2,2.0
23110,3851,9,5,5.0
23111,3851,10,5,5.0
23112,3852,1,1,1.0
23113,3852,2,2,2.0
23114,3852,4,2,2.0
23115,3852,5,1,2.0
23116,3852,6,0,2.0
23117,3852,10,2,2.0
23118,3853,1,0,0.0
23119,3853,3,0,0.0
23120,3853,4,0,0.0
23121,3853,6,0,0.0
23122,3853,7,0,0.0
23123,3853,8,0,0.0
23124,3854,0,0,0.0
23125,3854,1,1,1.0
23126,3854,4,2,2.0
23127,3854,5,1,2.0
23128,3854,9,1,2.0
23129,3854,10,2,2.0
23130,3855,0,0,0.0
23131,3855,2,2,2.0
23132,3855,4,2,2.0
23133,3855,5,1,2.0
23134,3855,7,3,3.0
23135,3855,9,3,3.0
23136,3856,0,0,0.0
23137,3856,2,2,2.0
23138,3856,3,3,3.0
23139,3856,5,3,3.0
23140,3856,7,3,3.0
23141,3856,10,5,5.0
23142,3857,0,0,0.0
23143,3857,2,2,2.0
23144,3857,4,2,2.0
23145,3857,6,1,2.0
23146,3857,9,4,4.0
23147,3857,10,3,4.0
23148,3858,2,2,2.0
23149,3858,4,2,2.0
23150,3858,5,3,3.0
23151,3858,7,5,5.0
23152,3858,8,5,5.0
23153,3858,9,5,5.0
23154,3859,0,0,0.0
23155,3859,1,1,1.0
23156,3859,4,2,2.0
23157,3859,5,3,3.0
23158,3859,6,2,3.0
23159,3859,10,2,3.0
23160,3860,1,0,0.0
23161,3860,2,0,0.0
23162,3860,4,0,0.0
23163,3860,5,0,0.0
23164,3860,6,0,0.0
23165,3860,7,0,0.0
23166,3861,0,0,0.0
23167,3861,1,0,0.0
23168,3861,4,1,1.0
23169,3861,5,0,1.0
23170,3861,7,0,1.0
23171,3861,10,0,1.0
23172,3862,0,0,0.0
23173,3862,1,0,0.0
23174,3862,3,0,0.0
23175,3862,4,0,0.0
23176,3862,7,3,3.0
23177,3862,10,2,3.0
23178,3863,3,3,3.0
23179,3863,4,2,3.0
23180,3863,5,3,3.0
23181,3863,7,3,3.0
23182,3863,9,3,3.0
23183,3863,10,2,3.0
23184,3864,1,0,0.0
23185,3864,2,0,0.0
23186,3864,3,0,0.0
23187,3864,5,0,0.0
23188,3864,7,0,0.0
23189,3864,8,0,0.0
23190,3865,1,1,1.0
23191,3865,2,2,2.0
23192,3865,4,2,2.0
23193,3865,5,3,3.0
23194,3865,6,4,4.0
23195,3865,10,5,5.0
23196,3866,2,0,0.0
23197,3866,4,0,0.0
23198,3866,5,0,0.0
23199,3866,7,0,0.0
23200,3866,9,0,0.0
23201,3866,10,0,0.0
23202,3867,1,1,1.0
23203,3867,2,1,1.0
23204,3867,3,0,1.0
23205,3867,5,0,1.0
23206,3867,7,0,1.0
23207,3867,9,0,1.0
23208,3868,0,0,0.0
23209,3868,3,1,1.0
23210,3868,4,1,1.0
23211,3868,5,0,1.0
23212,3868,8,1,1.0
23213,3868,9,0,1.0
23214,3869,0,0,0.0
23215,3869,1,0,0.0
23216,3869,2,0,0.0
23217,3869,4,2,2.0
23218,3869,9,3,3.0
23219,3869,10,4,4.0
23220,3870,3,1,1.0
23221,3870,4,0,1.0
23222,3870,5,0,1.0
23223,3870,8,1,1.0
23224,3870,9,2,2.0
23225,3870,10,3,3.0
23226,3871,2,0,0.0
23227,3871,3,0,0.0
23228,3871,4,0,0.0
23229,3871,5,0,0.0
23230,3871,6,0,0.0
23231,3871,8,0,0.0
23232,3872,1,0,0.0
23233,3872,3,0,0.0
23234,3872,4,0,0.0
23235,3872,6,0,0.0
23236,3872,7,0,0.0
23237,3872,10,0,0.0
23238,3873,0,0,0.0
23239,3873,1,1,1.0
23240,3873,2,2,2.0
23241,3873,4,2,2.0
23242,3873,7,1,2.0
23243,3873,8,2,2.0
23244,3874,0,0,0.0
23245,3874,1,1,1.0
23246,3874,3,0,1.0
23247,3874,6,0,1.0
23248,3874,7,0,1.0
23249,3874,8,0,1.0
23250,3875,2,0,0.0
23251,3875,3,0,0.0
23252,3875,5,0,0.0
23253,3875,6,0,0.0
23254,3875,7,1,1.0
23255,3875,9,0,1.0
23256,3876,0,0,0.0
23257,3876,3,2,2.0
23258,3876,4,3,3.0
23259,3876,5,4,4.0
23260,3876,9,5,5.0
23261,3876,10,5,5.0
23262,3877,0,0,0.0
23263,3877,2,2,2.0
23264,3877,3,3,3.0
23265,3877,4,2,3.0
23266,3877,7,3,3.0
23267,3877,9,3,3.0
23268,3878,1,1,1.0
23269,3878,4,1,1.0
23270,3878,5,1,1.0
23271,3878,8,1,1.0
23272,3878,9,1,1.0
23273,3878,10,0,1.0
23274,3879,0,0,0.0
23275,3879,4,0,0.0
23276,3879,6,0,0.0
23277,3879,7,0,0.0
23278,3879,9,0,0.0
23279,3879,10,0,0.0
23280,3880,1,1,1.0
23281,3880,5,2,2.0
23282,3880,6,2,2.0
23283,3880,7,2,2.0
23284,3880,8,3,3.0
23285,3880,10,3,3.0
23286,3881,0,0,0.0
23287,3881,1,0,0.0
23288,3881,2,1,1.0
23289,3881,7,2,2.0
23290,3881,8,2,2.0
23291,3881,10,1,2.0
23292,3882,2,0,0.0
23293,3882,3,0,0.0
23294,3882,4,0,0.0
23295,3882,7,0,0.0
23296,3882,9,0,0.0
23297,3882,10,0,0.0
23298,3883,1,1,1.0
23299,3883,2,2,2.0
23300,3883,3,3,3.0
23301,3883,4,4,4.0
23302,3883,8,4,4.0
23303,3883,9,3,4.0
23304,3884,1,1,1.0
23305,3884,2,1,1.0
23306,3884,3,1,1.0
23307,3884,5,1,1.0
23308,3884,7,1,1.0
23309,3884,10,2,2.0
23310,3885,1,0,0.0
23311,3885,3,0,0.0
23312,3885,4,0,0.0
23313,3885,5,0,0.0
23314,3885,6,0,0.0
23315,3885,7,1,1.0
23316,3886,2,1,1.0
23317,3886,4,3,3.0
23318,3886,6,4,4.0
23319,3886,7,5,5.0
23320,3886,9,5,5.0
23321,3886,10,5,5.0
23322,3887,0,0,0.0
23323,3887,1,1,1.0
23324,3887,5,3,3.0
23325,3887,7,3,3.0
23326,3887,8,4,4.0
23327,3887,10,2,4.0
23328,3888,3,1,1.0
23329,3888,4,2,2.0
23330,3888,5,3,3.0
23331,3888,6,2,3.0
23332,3888,9,3,3.0
23333,3888,10,2,3.0
23334,3889,0,0,0.0
23335,3889,1,0,0.0
23336,3889,2,0,0.0
23337,3889,5,1,1.0
23338,3889,8,0,1.0
23339,3889,10,0,1.0
23340,3890,3,3,3.0
23341,3890,4,4,4.0
23342,3890,5,3,4.0
23343,3890,6,2,4.0
23344,3890,7,3,4.0
23345,3890,8,4,4.0
23346,3891,3,1,1.0
23347,3891,4,0,1.0
23348,3891,5,1,1.0
23349,3891,6,0,1.0
23350,3891,7,1,1.0
23351,3891,8,0,1.0
23352,3892,0,0,0.0
23353,3892,4,3,3.0
23354,3892,5,4,4.0
23355,3892,6,5,5.0
23356,3892,7,5,5.0
23357,3892,8,5,5.0
23358,3893,2,2,2.0
23359,3893,3,1,2.0
23360,3893,7,1,2.0
23361,3893,8,2,2.0
23362,3893,9,1,2.0
23363,3893,10,2,2.0
23364,3894,2,0,0.0
23365,3894,4,0,0.0
23366,3894,5,0,0.0
23367,3894,6,1,1.0
23368,3894,7,0,1.0
23369,3894,8,1,1.0
23370,3895,0,0,0.0
23371,3895,1,1,1.0
23372,3895,3,1,1.0
23373,3895,4,2,2.0
23374,3895,9,1,2.0
23375,3895,10,2,2.0
23376,3896,1,0,0.0
23377,3896,2,0,0.0
23378,3896,6,0,0.0
23379,3896,8,0,0.0
23380,3896,9,0,0.0
23381,3896,10,0,0.0
23382,3897,1,0,0.0
23383,3897,3,0,0.0
23384,3897,4,0,0.0
23385,3897,5,0,0.0
23386,3897,7,0,0.0
23387,3897,10,0,0.0
23388,3898,2,2,2.0
23389,3898,4,2,2.0
23390,3898,5,1,2.0
23391,3898,6,2,2.0
23392,3898,7,1,2.0
23393,3898,8,2,2.0
23394,3899,0,0,0.0
23395,3899,1,1,1.0
23396,3899,2,2,2.0
23397,3899,4,3,3.0
23398,3899,5,4,4.0
23399,3899,7,5,5.0
23400,3900,0,0,0.0
23401,3900,1,1,1.0
23402,3900,3,1,1.0
23403,3900,8,1,1.0
23404,3900,9,1,1.0
23405,3900,10,2,2.0
23406,3901,0,0,0.0
23407,3901,2,2,2.0
23408,3901,4,4,4.0
23409,3901,5,5,5.0
23410,3901,6,5,5.0
23411,3901,7,5,5.0
23412,3902,0,0,0.0
23413,3902,1,1,1.0
23414,3902,2,2,2.0
23415,3902,5,3,3.0
23416,3902,6,4,4.0
23417,3902,7,5,5.0
23418,3903,1,1,1.0
23419,3903,2,2,2.0
23420,3903,6,2,2.0
23421,3903,7,1,2.0
23422,3903,8,2,2.0
23423,3903,9,1,2.0
23424,3904,0,0,0.0
23425,3904,2,0,0.0
23426,3904,3,1,1.0
23427,3904,5,1,1.0
23428,3904,6,1,1.0
23429,3904,8,1,1.0
23430,3905,2,0,0.0
23431,3905,3,1,1.0
23432,3905,4,0,1.0
23433,3905,5,0,1.0
23434,3905,8,3,3.0
23435,3905,10,3,3.0
23436,3906,0,0,0.0
23437,3906,3,1,1.0
23438,3906,6,0,1.0
23439,3906,7,1,1.0
23440,3906,8,2,2.0
23441,3906,9,3,3.0
23442,3907,0,0,0.0
23443,3907,1,0,0.0
23444,3907,2,0,0.0
23445,3907,3,0,0.0
23446,3907,4,0,0.0
23447,3907,9,0,0.0
23448,3908,1,0,0.0
23449,3908,3,0,0.0
23450,3908,4,0,0.0
23451,3908,8,0,0.0
23452,3908,9,0,0.0
23453,3908,10,0,0.0
23454,3909,0,0,0.0
23455,3909,3,1,1.0
23456,3909,4,0,1.0
23457,3909,6,2,2.0
23458,3909,7,1,2.0
23459,3909,10,0,2.0
23460,3910,1,0,0.0
23461,3910,4,1,1.0
23462,3910,5,0,1.0
23463,3910,6,0,1.0
23464,3910,7,0,1.0
23465,3910,10,0,1.0
23466,3911,0,0,0.0
23467,3911,3,1,1.0
23468,3911,4,2,2.0
23469,3911,8,1,2.0
23470,3911,9,2,2.0
23471,3911,10,1,2.0
23472,3912,0,0,0.0
23473,3912,1,0,0.0
23474,3912,2,0,0.0
23475,3912,3,0,0.0
23476,3912,4,1,1.0
23477,3912,9,0,1.0
23478,3913,0,0,0.0
23479,3913,3,1,1.0
23480,3913,4,2,2.0
23481,3913,6,1,2.0
23482,3913,8,1,2.0
23483,3913,9,1,2.0
23484,3914,1,1,1.0
23485,3914,2,1,1.0
23486,3914,3,2,2.0
23487,3914,5,0,2.0
23488,3914,6,1,2.0
23489,3914,10,1,2.0
23490,3915,0,0,0.0
23491,3915,3,0,0.0
23492,3915,6,0,0.0
23493,3915,7,0,0.0
23494,3915,9,1,1.0
23495,3915,10,0,1.0
23496,3916,1,0,0.0
23497,3916,3,1,1.0
23498,3916,5,0,1.0
23499,3916,6,0,1.0
23500,3916,7,1,1.0
23501,3916,8,0,1.0
23502,3917,1,1,1.0
23503,3917,2,2,2.0
23504,3917,4,2,2.0
23505,3917,6,2,2.0
23506,3917,8,2,2.0
23507,3917,9,1,2.0
23508,3918,0,0,0.0
23509,3918,2,1,1.0
23510,3918,4,1,1.0
23511,3918,6,1,1.0
23512,3918,8,1,1.0
23513,3918,9,1,1.0
23514,3919,2,0,0.0
23515,3919,3,1,1.0
23516,3919,6,0,1.0
23517,3919,7,1,1.0
23518,3919,8,0,1.0
23519,3919,9,1,1.0
23520,3920,1,0,0.0
23521,3920,2,0,0.0
23522,3920,4,0,0.0
23523,3920,6,0,0.0
23524,3920,7,0,0.0
23525,3920,9,0,0.0
23526,3921,0,0,0.0
23527,3921,1,0,0.0
23528,3921,3,0,0.0
23529,3921,4,0,0.0
23530,3921,7,0,0.0
23531,3921,10,0,0.0
23532,3922,0,0,0.0
23533,3922,4,0,0.0
23534,3922,5,1,1.0
23535,3922,6,0,1.0
23536,3922,7,1,1.0
23537,3922,9,1,1.0
23538,3923,1,0,0.0
23539,3923,5,0,0.0
23540,3923,7,0,0.0
23541,3923,8,0,0.0
23542,3923,9,0,0.0
23543,3923,10,0,0.0
23544,3924,2,1,1.0
23545,3924,5,0,1.0
23546,3924,6,0,1.0
23547,3924,8,1,1.0
23548,3924,9,1,1.0
23549,3924,10,1,1.0
23550,3925,0,0,0.0
23551,3925,3,1,1.0
23552,3925,4,1,1.0
23553,3925,5,1,1.0
23554,3925,6,0,1.0
23555,3925,10,1,1.0
23556,3926,2,0,0.0
23557,3926,4,0,0.0
23558,3926,5,0,0.0
23559,3926,6,0,0.0
23560,3926,7,0,0.0
23561,3926,9,0,0.0
23562,3927,0,0,0.0
23563,3927,2,0,0.0
23564,3927,4,0,0.0
23565,3927,5,0,0.0
23566,3927,6,0,0.0
23567,3927,9,0,0.0
23568,3928,0,0,0.0
23569,3928,1,0,0.0
23570,3928,3,0,0.0
23571,3928,6,0,0.0
23572,3928,8,0,0.0
23573,3928,9,0,0.0
23574,3929,0,0,0.0
23575,3929,1,1,1.0
23576,3929,2,0,1.0
23577,3929,3,1,1.0
23578,3929,6,1,1.0
23579,3929,7,1,1.0
23580,3930,0,0,0.0
23581,3930,2,0,0.0
23582,3930,3,1,1.0
23583,3930,5,0,1.0
23584,3930,6,1,1.0
23585,3930,8,0,1.0
23586,3931,0,0,0.0
23587,3931,3,2,2.0
23588,3931,4,1,2.0
23589,3931,5,2,2.0
23590,3931,9,2,2.0
23591,3931,10,2,2.0
23592,3932,0,0,0.0
23593,3932,4,0,0.0
23594,3932,6,1,1.0
23595,3932,7,0,1.0
23596,3932,8,0,1.0
23597,3932,10,0,1.0
23598,3933,0,0,0.0
23599,3933,2,0,0.0
23600,3933,3,1,1.0
23601,3933,4,0,1.0
23602,3933,8,1,1.0
23603,3933,9,2,2.0
23604,3934,0,0,0.0
23605,3934,3,3,3.0
23606,3934,4,4,4.0
23607,3934,6,5,5.0
23608,3934,7,5,5.0
23609,3934,8,5,5.0
23610,3935,4,0,0.0
23611,3935,5,1,1.0
23612,3935,7,1,1.0
23613,3935,8,0,1.0
23614,3935,9,1,1.0
23615,3935,10,1,1.0
23616,3936,1,0,0.0
23617,3936,6,2,2.0
23618,3936,7,1,2.0
23619,3936,8,2,2.0
23620,3936,9,1,2.0
23621,3936,10,2,2.0
23622,3937,0,0,0.0
23623,3937,3,0,0.0
23624,3937,4,0,0.0
23625,3937,6,0,0.0
23626,3937,9,0,0.0
23627,3937,10,0,0.0
23628,3938,2,2,2.0
23629,3938,3,1,2.0
23630,3938,4,2,2.0
23631,3938,5,1,2.0
23632,3938,7,1,2.0
23633,3938,9,1,2.0
23634,3939,0,0,0.0
23635,3939,1,1,1.0
23636,3939,4,2,2.0
23637,3939,6,2,2.0
23638,3939,8,4,4.0
23639,3939,9,5,5.0
23640,3940,1,1,1.0
23641,3940,2,2,2.0
23642,3940,3,3,3.0
23643,3940,4,2,3.0
23644,3940,5,3,3.0
23645,3940,6,4,4.0
23646,3941,1,0,0.0
23647,3941,3,0,0.0
23648,3941,4,0,0.0
23649,3941,6,0,0.0
23650,3941,8,0,0.0
23651,3941,9,0,0.0
23652,3942,1,1,1.0
23653,3942,2,1,1.0
23654,3942,3,1,1.0
23655,3942,4,0,1.0
23656,3942,6,0,1.0
23657,3942,7,0,1.0
23658,3943,1,1,1.0
23659,3943,3,1,1.0
23660,3943,4,0,1.0
23661,3943,5,1,1.0
23662,3943,6,1,1.0
23663,3943,8,1,1.0
23664,3944,1,0,0.0
23665,3944,3,1,1.0
23666,3944,5,1,1.0
23667,3944,6,0,1.0
23668,3944,9,1,1.0
23669,3944,10,0,1.0
23670,3945,1,0,0.0
23671,3945,2,0,0.0
23672,3945,3,0,0.0
23673,3945,6,2,2.0
23674,3945,9,3,3.0
23675,3945,10,3,3.0
23676,3946,2,0,0.0
23677,3946,3,1,1.0
23678,3946,4,2,2.0
23679,3946,5,2,2.0
23680,3946,7,3,3.0
23681,3946,8,4,4.0
23682,3947,0,0,0.0
23683,3947,2,2,2.0
23684,3947,5,1,2.0
23685,3947,6,0,2.0
23686,3947,7,1,2.0
23687,3947,9,1,2.0
23688,3948,0,0,0.0
23689,3948,3,1,1.0
23690,3948,7,5,5.0
23691,3948,8,5,5.0
23692,3948,9,5,5.0
23693,3948,10,5,5.0
23694,3949,0,0,0.0
23695,3949,2,0,0.0
23696,3949,4,1,1.0
23697,3949,7,2,2.0
23698,3949,9,0,2.0
23699,3949,10,1,2.0
23700,3950,1,1,1.0
23701,3950,3,2,2.0
23702,3950,5,2,2.0
23703,3950,6,1,2.0
23704,3950,7,1,2.0
23705,3950,10,2,2.0
23706,3951,2,0,0.0
23707,3951,4,0,0.0
23708,3951,6,0,0.0
23709,3951,8,0,0.0
23710,3951,9,0,0.0
23711,3951,10,0,0.0
23712,3952,2,1,1.0
23713,3952,4,3,3.0
23714,3952,7,2,3.0
23715,3952,8,3,3.0
23716,3952,9,2,3.0
23717,3952,10,3,3.0
23718,3953,0,0,0.0
23719,3953,1,1,1.0
23720,3953,2,2,2.0
23721,3953,4,2,2.0
23722,3953,9,1,2.0
23723,3953,10,0,2.0
23724,3954,1,1,1.0
23725,3954,3,1,1.0
23726,3954,5,1,1.0
23727,3954,6,2,2.0
23728,3954,7,1,2.0
23729,3954,8,2,2.0
23730,3955,2,0,0.0
23731,3955,4,0,0.0
23732,3955,5,0,0.0
23733,3955,7,1,1.0
23734,3955,8,0,1.0
23735,3955,10,0,1.0
23736,3956,0,0,0.0
23737,3956,1,1,1.0
23738,3956,2,0,1.0
23739,3956,5,1,1.0
23740,3956,8,2,2.0
23741,3956,10,2,2.0
23742,3957,2,0,0.0
23743,3957,5,1,1.0
23744,3957,6,0,1.0
23745,3957,7,1,1.0
23746,3957,8,0,1.0
23747,3957,9,1,1.0
23748,3958,3,1,1.0
23749,3958,4,0,1.0
23750,3958,5,1,1.0
23751,3958,8,1,1.0
23752,3958,9,0,1.0
23753,3958,10,1,1.0
23754,3959,2,2,2.0
23755,3959,4,1,2.0
23756,3959,6,1,2.0
23757,3959,7,1,2.0
23758,3959,9,0,2.0
23759,3959,10,1,2.0
23760,3960,1,1,1.0
23761,3960,2,2,2.0
23762,3960,5,3,3.0
23763,3960,6,4,4.0
23764,3960,8,5,5.0
23765,3960,9,5,5.0
23766,3961,0,0,0.0
23767,3961,2,0,0.0
23768,3961,4,1,1.0
23769,3961,5,1,1.0
23770,3961,7,1,1.0
23771,3961,8,0,1.0
23772,3962,2,2,2.0
23773,3962,5,1,2.0
23774,3962,7,1,2.0
23775,3962,8,0,2.0
23776,3962,9,1,2.0
23777,3962,10,0,2.0
23778,3963,1,1,1.0
23779,3963,2,2,2.0
23780,3963,4,2,2.0
23781,3963,5,3,3.0
23782,3963,6,4,4.0
23783,3963,9,5,5.0
23784,3964,0,0,0.0
23785,3964,4,2,2.0
23786,3964,7,1,2.0
23787,3964,8,0,2.0
23788,3964,9,1,2.0
23789,3964,10,0,2.0
23790,3965,1,1,1.0
23791,3965,2,1,1.0
23792,3965,7,4,4.0
23793,3965,8,4,4.0
23794,3965,9,3,4.0
23795,3965,10,2,4.0
23796,3966,1,0,0.0
23797,3966,2,0,0.0
23798,3966,3,0,0.0
23799,3966,6,0,0.0
23800,3966,7,0,0.0
23801,3966,8,0,0.0
23802,3967,1,1,1.0
23803,3967,2,2,2.0
23804,3967,3,1,2.0
23805,3967,4,2,2.0
23806,3967,7,1,2.0
23807,3967,10,2,2.0
23808,3968,0,0,0.0
23809,3968,1,0,0.0
23810,3968,2,0,0.0
23811,3968,3,0,0.0
23812,3968,8,0,0.0
23813,3968,9,0,0.0
23814,3969,0,0,0.0
23815,3969,1,0,0.0
23816,3969,4,2,2.0
23817,3969,6,4,4.0
23818,3969,8,4,4.0
23819,3969,9,4,4.0
23820,3970,1,1,1.0
23821,3970,2,0,1.0
23822,3970,3,1,1.0
23823,3970,4,0,1.0
23824,3970,9,1,1.0
23825,3970,10,0,1.0
23826,3971,0,0,0.0
23827,3971,1,0,0.0
23828,3971,3,0,0.0
23829,3971,5,0,0.0
23830,3971,7,0,0.0
23831,3971,9,0,0.0
23832,3972,0,0,0.0
23833,3972,2,0,0.0
23834,3972,5,0,0.0
23835,3972,6,0,0.0
23836,3972,7,0,0.0
23837,3972,9,0,0.0
23838,3973,0,0,0.0
23839,3973,1,1,1.0
23840,3973,2,1,1.0
23841,3973,4,0,1.0
23842,3973,6,2,2.0
23843,3973,10,0,2.0
23844,3974,0,0,0.0
23845,3974,2,0,0.0
23846,3974,4,0,0.0
23847,3974,6,0,0.0
23848,3974,7,1,1.0
23849,3974,8,2,2.0
23850,3975,0,0,0.0
23851,3975,1,1,1.0
23852,3975,4,4,4.0
23853,3975,7,3,4.0
23854,3975,9,1,4.0
23855,3975,10,2,4.0
23856,3976,0,0,0.0
23857,3976,1,1,1.0
23858,3976,2,0,1.0
23859,3976,6,0,1.0
23860,3976,7,1,1.0
23861,3976,9,1,1.0
23862,3977,2,0,0.0
23863,3977,3,1,1.0
23864,3977,4,0,1.0
23865,3977,7,1,1.0
23866,3977,8,0,1.0
23867,3977,10,0,1.0
23868,3978,1,1,1.0
23869,3978,5,3,3.0
23870,3978,6,4,4.0
23871,3978,7,3,4.0
23872,3978,9,4,4.0
23873,3978,10,3,4.0
23874,3979,1,0,0.0
23875,3979,2,0,0.0
23876,3979,3,0,0.0
23877,3979,4,0,0.0
23878,3979,5,0,0.0
23879,3979,7,0,0.0
23880,3980,0,0,0.0
23881,3980,2,0,0.0
23882,3980,3,1,1.0
23883,3980,5,1,1.0
23884,3980,8,1,1.0
23885,3980,9,2,2.0
23886,3981,3,0,0.0
23887,3981,4,1,1.0
23888,3981,5,1,1.0
23889,3981,6,0,1.0
23890,3981,7,1,1.0
23891,3981,10,1,1.0
23892,3982,0,0,0.0
23893,3982,1,1,1.0
23894,3982,2,2,2.0
23895,3982,5,1,2.0
23896,3982,7,3,3.0
23897,3982,9,1,3.0
23898,3983,2,0,0.0
23899,3983,3,0,0.0
23900,3983,4,0,0.0
23901,3983,6,0,0.0
23902,3983,7,0,0.0
23903,3983,10,0,0.0
23904,3984,0,0,0.0
23905,3984,1,0,0.0
23906,3984,4,0,0.0
23907,3984,6,0,0.0
23908,3984,7,0,0.0
23909,3984,9,0,0.0
23910,3985,0,0,0.0
23911,3985,1,0,0.0
23912,3985,2,0,0.0
23913,3985,4,0,0.0
23914,3985,5,0,0.0
23915,3985,9,0,0.0
23916,3986,0,0,0.0
23917,3986,4,0,0.0
23918,3986,5,0,0.0
23919,3986,8,0,0.0
23920,3986,9,0,0.0
23921,3986,10,0,0.0
23922,3987,0,0,0.0
23923,3987,5,0,0.0
23924,3987,6,0,0.0
23925,3987,7,0,0.0
23926,3987,8,0,0.0
23927,3987,10,0,0.0
23928,3988,0,0,0.0
23929,3988,1,0,0.0
23930,3988,4,0,0.0
23931,3988,8,1,1.0
23932,3988,9,1,1.0
23933,3988,10,1,1.0
23934,3989,0,0,0.0
23935,3989,1,1,1.0
23936,3989,3,1,1.0
23937,3989,4,2,2.0
23938,3989,6,4,4.0
23939,3989,9,3,4.0
23940,3990,2,0,0.0
23941,3990,6,1,1.0
23942,3990,7,2,2.0
23943,3990,8,3,3.0
23944,3990,9,3,3.0
23945,3990,10,4,4.0
23946,3991,3,0,0.0
23947,3991,4,1,1.0
23948,3991,7,0,1.0
23949,3991,8,0,1.0
23950,3991,9,0,1.0
23951,3991,10,1,1.0
23952,3992,0,0,0.0
23953,3992,3,2,2.0
23954,3992,5,2,2.0
23955,3992,8,3,3.0
23956,3992,9,3,3.0
23957,3992,10,2,3.0
23958,3993,0,0,0.0
23959,3993,2,1,1.0
23960,3993,4,1,1.0
23961,3993,7,0,1.0
23962,3993,9,1,1.0
23963,3993,10,0,1.0
23964,3994,1,1,1.0
23965,3994,2,0,1.0
23966,3994,3,1,1.0
23967,3994,4,0,1.0
23968,3994,5,1,1.0
23969,3994,9,1,1.0
23970,3995,0,0,0.0
23971,3995,1,1,1.0
23972,3995,2,2,2.0
23973,3995,3,3,3.0
23974,3995,7,3,3.0
23975,3995,9,3,3.0
23976,3996,0,0,0.0
23977,3996,3,1,1.0
23978,3996,4,2,2.0
23979,3996,6,3,3.0
23980,3996,7,3,3.0
23981,3996,9,5,5.0
23982,3997,3,0,0.0
23983,3997,5,1,1.0
23984,3997,6,0,1.0
23985,3997,7,1,1.0
23986,3997,9,1,1.0
23987,3997,10,0,1.0
23988,3998,2,0,0.0
23989,3998,3,0,0.0
23990,3998,4,0,0.0
23991,3998,7,1,1.0
23992,3998,8,1,1.0
23993,3998,10,3,3.0
23994,3999,0,0,0.0
23995,3999,2,2,2.0
23996,3999,5,2,2.0
23997,3999,6,1,2.0
23998,3999,7,1,2.0
23999,3999,9,1,2.0
