,subject,time,state
0,0,0,0
1,0,1,1
2,0,2,0
3,0,3,1
4,0,4,0
5,0,5,1
6,0,6,0
7,0,7,1
8,0,8,0
9,0,9,1
10,0,10,0
11,1,0,0
12,1,1,1
13,1,2,2
14,1,3,1
15,1,4,2
16,1,5,2
17,1,6,3
18,1,7,2
19,1,8,2
20,1,9,3
21,1,10,4
22,2,0,0
23,2,1,1
24,2,2,0
25,2,3,1
26,2,4,1
27,2,5,2
28,2,6,3
29,2,7,3
30,2,8,4
31,2,9,5
32,2,10,5
33,3,0,0
34,3,1,1
35,3,2,2
36,3,3,1
37,3,4,2
38,3,5,3
39,3,6,2
40,3,7,1
41,3,8,2
42,3,9,1
43,3,10,2
44,4,0,0
45,4,1,0
46,4,2,1
47,4,3,2
48,4,4,3
49,4,5,2
50,4,6,3
51,4,7,4
52,4,8,4
53,4,9,4
54,4,10,4
55,5,0,0
56,5,1,0
57,5,2,0
58,5,3,0
59,5,4,0
60,5,5,0
61,5,6,0
62,5,7,0
63,5,8,0
64,5,9,0
65,5,10,0
66,6,0,0
67,6,1,1
68,6,2,0
69,6,3,1
70,6,4,1
71,6,5,0
72,6,6,1
73,6,7,1
74,6,8,1
75,6,9,2
76,6,10,1
77,7,0,0
78,7,1,1
79,7,2,0
80,7,3,1
81,7,4,1
82,7,5,1
83,7,6,0
84,7,7,0
85,7,8,0
86,7,9,1
87,7,10,1
88,8,0,0
89,8,1,0
90,8,2,1
91,8,3,1
92,8,4,1
93,8,5,1
94,8,6,2
95,8,7,2
96,8,8,3
97,8,9,4
98,8,10,3
99,9,0,0
100,9,1,0
101,9,2,0
102,9,3,0
103,9,4,0
104,9,5,0
105,9,6,0
106,9,7,0
107,9,8,0
108,9,9,0
109,9,10,0
110,10,0,0
111,10,1,1
112,10,2,2
113,10,3,3
114,10,4,4
115,10,5,3
116,10,6,4
117,10,7,5
118,10,8,5
119,10,9,5
120,10,10,5
121,11,0,0
122,11,1,1
123,11,2,2
124,11,3,1
125,11,4,2
126,11,5,1
127,11,6,2
128,11,7,3
129,11,8,3
130,11,9,3
131,11,10,3
132,12,0,0
133,12,1,0
134,12,2,1
135,12,3,2
136,12,4,1
137,12,5,2
138,12,6,1
139,12,7,2
140,12,8,1
141,12,9,2
142,12,10,3
143,13,0,0
144,13,1,0
145,13,2,0
146,13,3,0
147,13,4,0
148,13,5,0
149,13,6,0
150,13,7,0
151,13,8,0
152,13,9,0
153,13,10,0
154,14,0,0
155,14,1,1
156,14,2,0
157,14,3,1
158,14,4,1
159,14,5,0
160,14,6,1
161,14,7,0
162,14,8,1
163,14,9,2
164,14,10,3
165,15,0,0
166,15,1,0
167,15,2,0
168,15,3,0
169,15,4,0
170,15,5,0
171,15,6,0
172,15,7,0
173,15,8,0
174,15,9,0
175,15,10,0
176,16,0,0
177,16,1,1
178,16,2,1
179,16,3,1
180,16,4,1
181,16,5,0
182,16,6,1
183,16,7,1
184,16,8,0
185,16,9,1
186,16,10,0
187,17,0,0
188,17,1,1
189,17,2,2
190,17,3,3
191,17,4,4
192,17,5,3
193,17,6,2
194,17,7,3
195,17,8,4
196,17,9,3
197,17,10,4
198,18,0,0
199,18,1,1
200,18,2,2
201,18,3,3
202,18,4,2
203,18,5,3
204,18,6,4
205,18,7,5
206,18,8,5
207,18,9,5
208,18,10,5
209,19,0,0
210,19,1,1
211,19,2,0
212,19,3,1
213,19,4,2
214,19,5,1
215,19,6,0
216,19,7,1
217,19,8,2
218,19,9,1
219,19,10,2
220,20,0,0
221,20,1,0
222,20,2,0
223,20,3,0
224,20,4,0
225,20,5,0
226,20,6,0
227,20,7,0
228,20,8,0
229,20,9,0
230,20,10,0
231,21,0,0
232,21,1,0
233,21,2,0
234,21,3,0
235,21,4,0
236,21,5,0
237,21,6,0
238,21,7,0
239,21,8,0
240,21,9,0
241,21,10,0
242,22,0,0
243,22,1,0
244,22,2,0
245,22,3,0
246,22,4,0
247,22,5,0
248,22,6,0
249,22,7,0
250,22,8,0
251,22,9,0
252,22,10,0
253,23,0,0
254,23,1,1
255,23,2,2
256,23,3,3
257,23,4,4
258,23,5,3
259,23,6,4
260,23,7,4
261,23,8,3
262,23,9,2
263,23,10,1
264,24,0,0
265,24,1,1
266,24,2,0
267,24,3,1
268,24,4,0
269,24,5,1
270,24,6,0
271,24,7,0
272,24,8,1
273,24,9,0
274,24,10,1
275,25,0,0
276,25,1,0
277,25,2,0
278,25,3,0
279,25,4,0
280,25,5,0
281,25,6,0
282,25,7,0
283,25,8,0
284,25,9,0
285,25,10,0
286,26,0,0
287,26,1,0
288,26,2,0
289,26,3,1
290,26,4,0
291,26,5,0
292,26,6,0
293,26,7,0
294,26,8,0
295,26,9,0
296,26,10,0
297,27,0,0
298,27,1,1
299,27,2,0
300,27,3,1
301,27,4,2
302,27,5,1
303,27,6,0
304,27,7,1
305,27,8,0
306,27,9,1
307,27,10,0
308,28,0,0
309,28,1,1
310,28,2,2
311,28,3,3
312,28,4,4
313,28,5,3
314,28,6,4
315,28,7,3
316,28,8,4
317,28,9,5
318,28,10,5
319,29,0,0
320,29,1,1
321,29,2,2
322,29,3,1
323,29,4,2
324,29,5,3
325,29,6,4
326,29,7,5
327,29,8,5
328,29,9,5
329,29,10,5
330,30,0,0
331,30,1,1
332,30,2,1
333,30,3,1
334,30,4,1
335,30,5,1
336,30,6,1
337,30,7,1
338,30,8,1
339,30,9,1
340,30,10,1
341,31,0,0
342,31,1,1
343,31,2,0
344,31,3,1
345,31,4,0
346,31,5,1
347,31,6,0
348,31,7,1
349,31,8,0
350,31,9,1
351,31,10,2
352,32,0,0
353,32,1,1
354,32,2,1
355,32,3,0
356,32,4,0
357,32,5,0
358,32,6,0
359,32,7,1
360,32,8,0
361,32,9,0
362,32,10,0
363,33,0,0
364,33,1,0
365,33,2,1
366,33,3,2
367,33,4,3
368,33,5,2
369,33,6,3
370,33,7,2
371,33,8,1
372,33,9,2
373,33,10,3
374,34,0,0
375,34,1,1
376,34,2,0
377,34,3,1
378,34,4,0
379,34,5,1
380,34,6,0
381,34,7,1
382,34,8,0
383,34,9,1
384,34,10,0
385,35,0,0
386,35,1,0
387,35,2,0
388,35,3,1
389,35,4,1
390,35,5,1
391,35,6,1
392,35,7,2
393,35,8,3
394,35,9,4
395,35,10,4
396,36,0,0
397,36,1,1
398,36,2,1
399,36,3,2
400,36,4,3
401,36,5,4
402,36,6,3
403,36,7,2
404,36,8,3
405,36,9,4
406,36,10,3
407,37,0,0
408,37,1,1
409,37,2,2
410,37,3,3
411,37,4,4
412,37,5,3
413,37,6,4
414,37,7,3
415,37,8,4
416,37,9,3
417,37,10,4
418,38,0,0
419,38,1,0
420,38,2,1
421,38,3,1
422,38,4,0
423,38,5,1
424,38,6,0
425,38,7,1
426,38,8,0
427,38,9,1
428,38,10,0
429,39,0,0
430,39,1,1
431,39,2,2
432,39,3,3
433,39,4,2
434,39,5,1
435,39,6,2
436,39,7,3
437,39,8,2
438,39,9,3
439,39,10,2
440,40,0,0
441,40,1,1
442,40,2,1
443,40,3,1
444,40,4,1
445,40,5,1
446,40,6,1
447,40,7,1
448,40,8,2
449,40,9,1
450,40,10,1
451,41,0,0
452,41,1,0
453,41,2,0
454,41,3,0
455,41,4,0
456,41,5,0
457,41,6,0
458,41,7,0
459,41,8,0
460,41,9,0
461,41,10,0
462,42,0,0
463,42,1,0
464,42,2,0
465,42,3,0
466,42,4,0
467,42,5,1
468,42,6,0
469,42,7,0
470,42,8,0
471,42,9,0
472,42,10,0
473,43,0,0
474,43,1,1
475,43,2,2
476,43,3,1
477,43,4,0
478,43,5,0
479,43,6,0
480,43,7,0
481,43,8,0
482,43,9,1
483,43,10,0
484,44,0,0
485,44,1,0
486,44,2,1
487,44,3,2
488,44,4,3
489,44,5,4
490,44,6,5
491,44,7,5
492,44,8,5
493,44,9,5
494,44,10,5
495,45,0,0
496,45,1,1
497,45,2,2
498,45,3,2
499,45,4,2
500,45,5,1
501,45,6,2
502,45,7,2
503,45,8,2
504,45,9,3
505,45,10,4
506,46,0,0
507,46,1,1
508,46,2,2
509,46,3,3
510,46,4,2
511,46,5,1
512,46,6,2
513,46,7,1
514,46,8,2
515,46,9,1
516,46,10,2
517,47,0,0
518,47,1,1
519,47,2,0
520,47,3,1
521,47,4,0
522,47,5,0
523,47,6,1
524,47,7,0
525,47,8,0
526,47,9,1
527,47,10,2
528,48,0,0
529,48,1,0
530,48,2,0
531,48,3,0
532,48,4,0
533,48,5,0
534,48,6,0
535,48,7,0
536,48,8,0
537,48,9,0
538,48,10,0
539,49,0,0
540,49,1,1
541,49,2,2
542,49,3,3
543,49,4,4
544,49,5,5
545,49,6,5
546,49,7,5
547,49,8,5
548,49,9,5
549,49,10,5
550,50,0,0
551,50,1,0
552,50,2,0
553,50,3,1
554,50,4,1
555,50,5,2
556,50,6,1
557,50,7,1
558,50,8,1
559,50,9,1
560,50,10,2
561,51,0,0
562,51,1,1
563,51,2,2
564,51,3,1
565,51,4,2
566,51,5,3
567,51,6,4
568,51,7,3
569,51,8,4
570,51,9,3
571,51,10,4
572,52,0,0
573,52,1,0
574,52,2,0
575,52,3,0
576,52,4,0
577,52,5,0
578,52,6,1
579,52,7,2
580,52,8,3
581,52,9,2
582,52,10,3
583,53,0,0
584,53,1,0
585,53,2,0
586,53,3,0
587,53,4,0
588,53,5,0
589,53,6,0
590,53,7,0
591,53,8,0
592,53,9,0
593,53,10,1
594,54,0,0
595,54,1,0
596,54,2,0
597,54,3,0
598,54,4,0
599,54,5,0
600,54,6,0
601,54,7,0
602,54,8,0
603,54,9,0
604,54,10,0
605,55,0,0
606,55,1,1
607,55,2,2
608,55,3,1
609,55,4,2
610,55,5,1
611,55,6,2
612,55,7,1
613,55,8,2
614,55,9,1
615,55,10,2
616,56,0,0
617,56,1,1
618,56,2,0
619,56,3,0
620,56,4,0
621,56,5,0
622,56,6,0
623,56,7,0
624,56,8,0
625,56,9,0
626,56,10,0
627,57,0,0
628,57,1,1
629,57,2,2
630,57,3,3
631,57,4,2
632,57,5,1
633,57,6,2
634,57,7,3
635,57,8,2
636,57,9,1
637,57,10,2
638,58,0,0
639,58,1,1
640,58,2,2
641,58,3,3
642,58,4,2
643,58,5,3
644,58,6,2
645,58,7,2
646,58,8,3
647,58,9,2
648,58,10,3
649,59,0,0
650,59,1,1
651,59,2,0
652,59,3,1
653,59,4,0
654,59,5,1
655,59,6,0
656,59,7,1
657,59,8,0
658,59,9,1
659,59,10,0
660,60,0,0
661,60,1,1
662,60,2,0
663,60,3,1
664,60,4,2
665,60,5,3
666,60,6,4
667,60,7,5
668,60,8,5
669,60,9,5
670,60,10,5
671,61,0,0
672,61,1,0
673,61,2,0
674,61,3,0
675,61,4,0
676,61,5,0
677,61,6,0
678,61,7,0
679,61,8,0
680,61,9,0
681,61,10,0
682,62,0,0
683,62,1,1
684,62,2,2
685,62,3,1
686,62,4,2
687,62,5,1
688,62,6,2
689,62,7,1
690,62,8,2
691,62,9,1
692,62,10,2
693,63,0,0
694,63,1,0
695,63,2,0
696,63,3,0
697,63,4,1
698,63,5,1
699,63,6,1
700,63,7,1
701,63,8,1
702,63,9,1
703,63,10,1
704,64,0,0
705,64,1,0
706,64,2,1
707,64,3,2
708,64,4,3
709,64,5,4
710,64,6,5
711,64,7,5
712,64,8,5
713,64,9,5
714,64,10,5
715,65,0,0
716,65,1,0
717,65,2,1
718,65,3,0
719,65,4,0
720,65,5,1
721,65,6,0
722,65,7,1
723,65,8,1
724,65,9,1
725,65,10,0
726,66,0,0
727,66,1,0
728,66,2,0
729,66,3,0
730,66,4,0
731,66,5,0
732,66,6,0
733,66,7,0
734,66,8,0
735,66,9,0
736,66,10,0
737,67,0,0
738,67,1,1
739,67,2,0
740,67,3,0
741,67,4,1
742,67,5,0
743,67,6,1
744,67,7,0
745,67,8,0
746,67,9,1
747,67,10,0
748,68,0,0
749,68,1,1
750,68,2,2
751,68,3,3
752,68,4,4
753,68,5,5
754,68,6,5
755,68,7,5
756,68,8,5
757,68,9,5
758,68,10,5
759,69,0,0
760,69,1,0
761,69,2,0
762,69,3,0
763,69,4,0
764,69,5,0
765,69,6,0
766,69,7,0
767,69,8,0
768,69,9,0
769,69,10,0
770,70,0,0
771,70,1,1
772,70,2,2
773,70,3,1
774,70,4,2
775,70,5,3
776,70,6,4
777,70,7,3
778,70,8,2
779,70,9,1
780,70,10,2
781,71,0,0
782,71,1,0
783,71,2,0
784,71,3,0
785,71,4,0
786,71,5,0
787,71,6,0
788,71,7,0
789,71,8,0
790,71,9,0
791,71,10,0
792,72,0,0
793,72,1,1
794,72,2,1
795,72,3,1
796,72,4,2
797,72,5,3
798,72,6,4
799,72,7,5
800,72,8,5
801,72,9,5
802,72,10,5
803,73,0,0
804,73,1,0
805,73,2,0
806,73,3,0
807,73,4,0
808,73,5,0
809,73,6,0
810,73,7,0
811,73,8,0
812,73,9,0
813,73,10,0
814,74,0,0
815,74,1,0
816,74,2,0
817,74,3,0
818,74,4,0
819,74,5,0
820,74,6,0
821,74,7,0
822,74,8,0
823,74,9,0
824,74,10,0
825,75,0,0
826,75,1,0
827,75,2,0
828,75,3,0
829,75,4,0
830,75,5,0
831,75,6,0
832,75,7,0
833,75,8,0
834,75,9,0
835,75,10,0
836,76,0,0
837,76,1,1
838,76,2,2
839,76,3,2
840,76,4,3
841,76,5,4
842,76,6,3
843,76,7,3
844,76,8,3
845,76,9,3
846,76,10,3
847,77,0,0
848,77,1,0
849,77,2,0
850,77,3,0
851,77,4,0
852,77,5,0
853,77,6,0
854,77,7,0
855,77,8,0
856,77,9,0
857,77,10,0
858,78,0,0
859,78,1,1
860,78,2,1
861,78,3,2
862,78,4,3
863,78,5,3
864,78,6,3
865,78,7,4
866,78,8,5
867,78,9,5
868,78,10,5
869,79,0,0
870,79,1,0
871,79,2,0
872,79,3,0
873,79,4,0
874,79,5,1
875,79,6,0
876,79,7,0
877,79,8,0
878,79,9,0
879,79,10,0
880,80,0,0
881,80,1,1
882,80,2,2
883,80,3,1
884,80,4,0
885,80,5,0
886,80,6,1
887,80,7,0
888,80,8,0
889,80,9,1
890,80,10,2
891,81,0,0
892,81,1,1
893,81,2,2
894,81,3,1
895,81,4,0
896,81,5,1
897,81,6,0
898,81,7,1
899,81,8,0
900,81,9,1
901,81,10,0
902,82,0,0
903,82,1,1
904,82,2,2
905,82,3,1
906,82,4,2
907,82,5,1
908,82,6,2
909,82,7,1
910,82,8,2
911,82,9,3
912,82,10,4
913,83,0,0
914,83,1,1
915,83,2,2
916,83,3,1
917,83,4,2
918,83,5,1
919,83,6,2
920,83,7,1
921,83,8,2
922,83,9,1
923,83,10,2
924,84,0,0
925,84,1,0
926,84,2,0
927,84,3,0
928,84,4,1
929,84,5,2
930,84,6,1
931,84,7,1
932,84,8,1
933,84,9,0
934,84,10,0
935,85,0,0
936,85,1,1
937,85,2,2
938,85,3,1
939,85,4,2
940,85,5,3
941,85,6,4
942,85,7,3
943,85,8,4
944,85,9,5
945,85,10,5
946,86,0,0
947,86,1,1
948,86,2,0
949,86,3,1
950,86,4,1
951,86,5,1
952,86,6,0
953,86,7,1
954,86,8,0
955,86,9,1
956,86,10,0
957,87,0,0
958,87,1,0
959,87,2,0
960,87,3,0
961,87,4,0
962,87,5,0
963,87,6,0
964,87,7,0
965,87,8,0
966,87,9,0
967,87,10,0
968,88,0,0
969,88,1,0
970,88,2,0
971,88,3,0
972,88,4,0
973,88,5,0
974,88,6,0
975,88,7,0
976,88,8,0
977,88,9,0
978,88,10,0
979,89,0,0
980,89,1,1
981,89,2,0
982,89,3,1
983,89,4,0
984,89,5,1
985,89,6,0
986,89,7,1
987,89,8,0
988,89,9,1
989,89,10,2
990,90,0,0
991,90,1,1
992,90,2,0
993,90,3,1
994,90,4,2
995,90,5,2
996,90,6,3
997,90,7,4
998,90,8,5
999,90,9,5
1000,90,10,5
1001,91,0,0
1002,91,1,0
1003,91,2,0
1004,91,3,0
1005,91,4,0
1006,91,5,0
1007,91,6,0
1008,91,7,0
1009,91,8,0
1010,91,9,0
1011,91,10,0
1012,92,0,0
1013,92,1,0
1014,92,2,0
1015,92,3,0
1016,92,4,1
1017,92,5,2
1018,92,6,1
1019,92,7,2
1020,92,8,1
1021,92,9,1
1022,92,10,1
1023,93,0,0
1024,93,1,1
1025,93,2,2
1026,93,3,1
1027,93,4,2
1028,93,5,3
1029,93,6,4
1030,93,7,3
1031,93,8,2
1032,93,9,1
1033,93,10,2
1034,94,0,0
1035,94,1,1
1036,94,2,0
1037,94,3,1
1038,94,4,0
1039,94,5,1
1040,94,6,2
1041,94,7,1
1042,94,8,0
1043,94,9,1
1044,94,10,0
1045,95,0,0
1046,95,1,1
1047,95,2,1
1048,95,3,0
1049,95,4,1
1050,95,5,0
1051,95,6,1
1052,95,7,1
1053,95,8,1
1054,95,9,2
1055,95,10,2
1056,96,0,0
1057,96,1,1
1058,96,2,1
1059,96,3,1
1060,96,4,1
1061,96,5,1
1062,96,6,1
1063,96,7,1
1064,96,8,1
1065,96,9,1
1066,96,10,1
1067,97,0,0
1068,97,1,0
1069,97,2,0
1070,97,3,0
1071,97,4,0
1072,97,5,0
1073,97,6,0
1074,97,7,0
1075,97,8,0
1076,97,9,0
1077,97,10,0
1078,98,0,0
1079,98,1,1
1080,98,2,2
1081,98,3,1
1082,98,4,2
1083,98,5,3
1084,98,6,4
1085,98,7,5
1086,98,8,5
1087,98,9,5
1088,98,10,5
1089,99,0,0
1090,99,1,1
1091,99,2,0
1092,99,3,1
1093,99,4,0
1094,99,5,1
1095,99,6,0
1096,99,7,1
1097,99,8,2
1098,99,9,3
1099,99,10,4
1100,100,0,0
1101,100,1,1
1102,100,2,2
1103,100,3,3
1104,100,4,2
1105,100,5,3
1106,100,6,2
1107,100,7,3
1108,100,8,2
1109,100,9,1
1110,100,10,2
1111,101,0,0
1112,101,1,1
1113,101,2,2
1114,101,3,3
1115,101,4,2
1116,101,5,1
1117,101,6,2
1118,101,7,3
1119,101,8,4
1120,101,9,5
1121,101,10,5
1122,102,0,0
1123,102,1,0
1124,102,2,0
1125,102,3,0
1126,102,4,0
1127,102,5,0
1128,102,6,0
1129,102,7,0
1130,102,8,0
1131,102,9,0
1132,102,10,0
1133,103,0,0
1134,103,1,0
1135,103,2,0
1136,103,3,0
1137,103,4,0
1138,103,5,0
1139,103,6,0
1140,103,7,0
1141,103,8,0
1142,103,9,0
1143,103,10,0
1144,104,0,0
1145,104,1,0
1146,104,2,0
1147,104,3,0
1148,104,4,0
1149,104,5,0
1150,104,6,0
1151,104,7,0
1152,104,8,0
1153,104,9,0
1154,104,10,0
1155,105,0,0
1156,105,1,1
1157,105,2,2
1158,105,3,3
1159,105,4,4
1160,105,5,4
1161,105,6,3
1162,105,7,4
1163,105,8,3
1164,105,9,4
1165,105,10,4
1166,106,0,0
1167,106,1,1
1168,106,2,2
1169,106,3,1
1170,106,4,2
1171,106,5,1
1172,106,6,2
1173,106,7,1
1174,106,8,2
1175,106,9,1
1176,106,10,2
1177,107,0,0
1178,107,1,1
1179,107,2,1
1180,107,3,1
1181,107,4,0
1182,107,5,1
1183,107,6,0
1184,107,7,1
1185,107,8,0
1186,107,9,1
1187,107,10,0
1188,108,0,0
1189,108,1,1
1190,108,2,2
1191,108,3,3
1192,108,4,3
1193,108,5,2
1194,108,6,3
1195,108,7,2
1196,108,8,1
1197,108,9,2
1198,108,10,1
1199,109,0,0
1200,109,1,0
1201,109,2,0
1202,109,3,0
1203,109,4,0
1204,109,5,0
1205,109,6,0
1206,109,7,0
1207,109,8,0
1208,109,9,0
1209,109,10,0
1210,110,0,0
1211,110,1,1
1212,110,2,0
1213,110,3,1
1214,110,4,0
1215,110,5,1
1216,110,6,0
1217,110,7,1
1218,110,8,1
1219,110,9,0
1220,110,10,1
1221,111,0,0
1222,111,1,1
1223,111,2,2
1224,111,3,3
1225,111,4,4
1226,111,5,5
1227,111,6,5
1228,111,7,5
1229,111,8,5
1230,111,9,5
1231,111,10,5
1232,112,0,0
1233,112,1,1
1234,112,2,2
1235,112,3,1
1236,112,4,2
1237,112,5,1
1238,112,6,2
1239,112,7,1
1240,112,8,2
1241,112,9,1
1242,112,10,2
1243,113,0,0
1244,113,1,1
1245,113,2,0
1246,113,3,0
1247,113,4,1
1248,113,5,0
1249,113,6,1
1250,113,7,0
1251,113,8,1
1252,113,9,0
1253,113,10,1
1254,114,0,0
1255,114,1,1
1256,114,2,2
1257,114,3,3
1258,114,4,2
1259,114,5,1
1260,114,6,2
1261,114,7,3
1262,114,8,2
1263,114,9,3
1264,114,10,2
1265,115,0,0
1266,115,1,1
1267,115,2,2
1268,115,3,3
1269,115,4,2
1270,115,5,1
1271,115,6,2
1272,115,7,1
1273,115,8,2
1274,115,9,1
1275,115,10,2
1276,116,0,0
1277,116,1,0
1278,116,2,0
1279,116,3,0
1280,116,4,0
1281,116,5,0
1282,116,6,0
1283,116,7,1
1284,116,8,0
1285,116,9,1
1286,116,10,0
1287,117,0,0
1288,117,1,0
1289,117,2,0
1290,117,3,0
1291,117,4,1
1292,117,5,1
1293,117,6,0
1294,117,7,1
1295,117,8,1
1296,117,9,1
1297,117,10,1
1298,118,0,0
1299,118,1,0
1300,118,2,0
1301,118,3,0
1302,118,4,0
1303,118,5,0
1304,118,6,0
1305,118,7,0
1306,118,8,0
1307,118,9,0
1308,118,10,0
1309,119,0,0
1310,119,1,1
1311,119,2,2
1312,119,3,1
1313,119,4,2
1314,119,5,1
1315,119,6,2
1316,119,7,1
1317,119,8,2
1318,119,9,1
1319,119,10,2
1320,120,0,0
1321,120,1,0
1322,120,2,0
1323,120,3,0
1324,120,4,1
1325,120,5,2
1326,120,6,1
1327,120,7,2
1328,120,8,1
1329,120,9,2
1330,120,10,1
1331,121,0,0
1332,121,1,0
1333,121,2,0
1334,121,3,0
1335,121,4,0
1336,121,5,1
1337,121,6,2
1338,121,7,1
1339,121,8,2
1340,121,9,3
1341,121,10,4
1342,122,0,0
1343,122,1,0
1344,122,2,1
1345,122,3,2
1346,122,4,3
1347,122,5,2
1348,122,6,2
1349,122,7,1
1350,122,8,1
1351,122,9,2
1352,122,10,1
1353,123,0,0
1354,123,1,1
1355,123,2,0
1356,123,3,1
1357,123,4,1
1358,123,5,1
1359,123,6,0
1360,123,7,1
1361,123,8,1
1362,123,9,1
1363,123,10,0
1364,124,0,0
1365,124,1,1
1366,124,2,2
1367,124,3,2
1368,124,4,3
1369,124,5,4
1370,124,6,3
1371,124,7,2
1372,124,8,2
1373,124,9,2
1374,124,10,3
1375,125,0,0
1376,125,1,1
1377,125,2,0
1378,125,3,1
1379,125,4,2
1380,125,5,1
1381,125,6,2
1382,125,7,1
1383,125,8,2
1384,125,9,1
1385,125,10,2
1386,126,0,0
1387,126,1,1
1388,126,2,0
1389,126,3,1
1390,126,4,1
1391,126,5,0
1392,126,6,1
1393,126,7,1
1394,126,8,1
1395,126,9,2
1396,126,10,1
1397,127,0,0
1398,127,1,1
1399,127,2,2
1400,127,3,1
1401,127,4,2
1402,127,5,1
1403,127,6,2
1404,127,7,1
1405,127,8,2
1406,127,9,1
1407,127,10,2
1408,128,0,0
1409,128,1,1
1410,128,2,2
1411,128,3,3
1412,128,4,4
1413,128,5,5
1414,128,6,5
1415,128,7,5
1416,128,8,5
1417,128,9,5
1418,128,10,5
1419,129,0,0
1420,129,1,0
1421,129,2,0
1422,129,3,0
1423,129,4,0
1424,129,5,0
1425,129,6,0
1426,129,7,0
1427,129,8,0
1428,129,9,0
1429,129,10,0
1430,130,0,0
1431,130,1,1
1432,130,2,2
1433,130,3,3
1434,130,4,2
1435,130,5,3
1436,130,6,3
1437,130,7,4
1438,130,8,5
1439,130,9,5
1440,130,10,5
1441,131,0,0
1442,131,1,0
1443,131,2,0
1444,131,3,0
1445,131,4,0
1446,131,5,0
1447,131,6,0
1448,131,7,0
1449,131,8,0
1450,131,9,0
1451,131,10,0
1452,132,0,0
1453,132,1,0
1454,132,2,0
1455,132,3,0
1456,132,4,0
1457,132,5,1
1458,132,6,2
1459,132,7,1
1460,132,8,2
1461,132,9,1
1462,132,10,2
1463,133,0,0
1464,133,1,1
1465,133,2,1
1466,133,3,1
1467,133,4,2
1468,133,5,3
1469,133,6,2
1470,133,7,3
1471,133,8,4
1472,133,9,4
1473,133,10,3
1474,134,0,0
1475,134,1,1
1476,134,2,1
1477,134,3,1
1478,134,4,2
1479,134,5,2
1480,134,6,3
1481,134,7,2
1482,134,8,3
1483,134,9,2
1484,134,10,2
1485,135,0,0
1486,135,1,1
1487,135,2,0
1488,135,3,1
1489,135,4,0
1490,135,5,0
1491,135,6,0
1492,135,7,1
1493,135,8,2
1494,135,9,1
1495,135,10,0
1496,136,0,0
1497,136,1,1
1498,136,2,0
1499,136,3,1
1500,136,4,2
1501,136,5,1
1502,136,6,0
1503,136,7,1
1504,136,8,0
1505,136,9,1
1506,136,10,0
1507,137,0,0
1508,137,1,1
1509,137,2,2
1510,137,3,3
1511,137,4,4
1512,137,5,5
1513,137,6,5
1514,137,7,5
1515,137,8,5
1516,137,9,5
1517,137,10,5
1518,138,0,0
1519,138,1,0
1520,138,2,1
1521,138,3,2
1522,138,4,3
1523,138,5,4
1524,138,6,5
1525,138,7,5
1526,138,8,5
1527,138,9,5
1528,138,10,5
1529,139,0,0
1530,139,1,1
1531,139,2,1
1532,139,3,1
1533,139,4,1
1534,139,5,2
1535,139,6,3
1536,139,7,2
1537,139,8,2
1538,139,9,3
1539,139,10,4
1540,140,0,0
1541,140,1,1
1542,140,2,2
1543,140,3,3
1544,140,4,2
1545,140,5,3
1546,140,6,4
1547,140,7,3
1548,140,8,4
1549,140,9,3
1550,140,10,4
1551,141,0,0
1552,141,1,0
1553,141,2,0
1554,141,3,0
1555,141,4,0
1556,141,5,0
1557,141,6,0
1558,141,7,0
1559,141,8,0
1560,141,9,0
1561,141,10,0
1562,142,0,0
1563,142,1,0
1564,142,2,0
1565,142,3,0
1566,142,4,0
1567,142,5,0
1568,142,6,0
1569,142,7,0
1570,142,8,0
1571,142,9,0
1572,142,10,0
1573,143,0,0
1574,143,1,1
1575,143,2,0
1576,143,3,1
1577,143,4,0
1578,143,5,1
1579,143,6,0
1580,143,7,1
1581,143,8,0
1582,143,9,1
1583,143,10,0
1584,144,0,0
1585,144,1,0
1586,144,2,0
1587,144,3,0
1588,144,4,0
1589,144,5,0
1590,144,6,0
1591,144,7,0
1592,144,8,0
1593,144,9,0
1594,144,10,0
1595,145,0,0
1596,145,1,1
1597,145,2,0
1598,145,3,1
1599,145,4,2
1600,145,5,1
1601,145,6,0
1602,145,7,1
1603,145,8,0
1604,145,9,1
1605,145,10,0
1606,146,0,0
1607,146,1,1
1608,146,2,2
1609,146,3,1
1610,146,4,1
1611,146,5,1
1612,146,6,1
1613,146,7,1
1614,146,8,2
1615,146,9,1
1616,146,10,1
1617,147,0,0
1618,147,1,0
1619,147,2,0
1620,147,3,0
1621,147,4,0
1622,147,5,0
1623,147,6,0
1624,147,7,0
1625,147,8,0
1626,147,9,0
1627,147,10,0
1628,148,0,0
1629,148,1,1
1630,148,2,0
1631,148,3,0
1632,148,4,1
1633,148,5,0
1634,148,6,0
1635,148,7,0
1636,148,8,1
1637,148,9,0
1638,148,10,0
1639,149,0,0
1640,149,1,0
1641,149,2,0
1642,149,3,0
1643,149,4,0
1644,149,5,1
1645,149,6,2
1646,149,7,1
1647,149,8,2
1648,149,9,1
1649,149,10,2
1650,150,0,0
1651,150,1,0
1652,150,2,0
1653,150,3,0
1654,150,4,0
1655,150,5,0
1656,150,6,0
1657,150,7,0
1658,150,8,0
1659,150,9,0
1660,150,10,0
1661,151,0,0
1662,151,1,1
1663,151,2,0
1664,151,3,1
1665,151,4,2
1666,151,5,2
1667,151,6,1
1668,151,7,2
1669,151,8,2
1670,151,9,1
1671,151,10,2
1672,152,0,0
1673,152,1,1
1674,152,2,2
1675,152,3,3
1676,152,4,4
1677,152,5,3
1678,152,6,4
1679,152,7,3
1680,152,8,4
1681,152,9,3
1682,152,10,2
1683,153,0,0
1684,153,1,1
1685,153,2,2
1686,153,3,1
1687,153,4,2
1688,153,5,1
1689,153,6,2
1690,153,7,1
1691,153,8,2
1692,153,9,1
1693,153,10,2
1694,154,0,0
1695,154,1,1
1696,154,2,2
1697,154,3,3
1698,154,4,4
1699,154,5,3
1700,154,6,2
1701,154,7,1
1702,154,8,2
1703,154,9,1
1704,154,10,2
1705,155,0,0
1706,155,1,1
1707,155,2,2
1708,155,3,1
1709,155,4,2
1710,155,5,1
1711,155,6,2
1712,155,7,1
1713,155,8,1
1714,155,9,2
1715,155,10,1
1716,156,0,0
1717,156,1,1
1718,156,2,1
1719,156,3,1
1720,156,4,1
1721,156,5,1
1722,156,6,1
1723,156,7,1
1724,156,8,1
1725,156,9,1
1726,156,10,1
1727,157,0,0
1728,157,1,1
1729,157,2,2
1730,157,3,1
1731,157,4,2
1732,157,5,1
1733,157,6,2
1734,157,7,1
1735,157,8,2
1736,157,9,1
1737,157,10,2
1738,158,0,0
1739,158,1,1
1740,158,2,0
1741,158,3,1
1742,158,4,2
1743,158,5,1
1744,158,6,2
1745,158,7,1
1746,158,8,2
1747,158,9,3
1748,158,10,4
1749,159,0,0
1750,159,1,1
1751,159,2,0
1752,159,3,1
1753,159,4,0
1754,159,5,0
1755,159,6,1
1756,159,7,0
1757,159,8,1
1758,159,9,0
1759,159,10,1
1760,160,0,0
1761,160,1,1
1762,160,2,0
1763,160,3,1
1764,160,4,0
1765,160,5,1
1766,160,6,0
1767,160,7,1
1768,160,8,0
1769,160,9,1
1770,160,10,0
1771,161,0,0
1772,161,1,0
1773,161,2,0
1774,161,3,1
1775,161,4,2
1776,161,5,1
1777,161,6,2
1778,161,7,1
1779,161,8,0
1780,161,9,0
1781,161,10,0
1782,162,0,0
1783,162,1,1
1784,162,2,0
1785,162,3,1
1786,162,4,0
1787,162,5,1
1788,162,6,1
1789,162,7,2
1790,162,8,3
1791,162,9,4
1792,162,10,5
1793,163,0,0
1794,163,1,0
1795,163,2,0
1796,163,3,1
1797,163,4,0
1798,163,5,0
1799,163,6,0
1800,163,7,0
1801,163,8,0
1802,163,9,1
1803,163,10,0
1804,164,0,0
1805,164,1,1
1806,164,2,0
1807,164,3,1
1808,164,4,1
1809,164,5,0
1810,164,6,1
1811,164,7,0
1812,164,8,1
1813,164,9,1
1814,164,10,1
1815,165,0,0
1816,165,1,0
1817,165,2,0
1818,165,3,0
1819,165,4,0
1820,165,5,0
1821,165,6,0
1822,165,7,1
1823,165,8,2
1824,165,9,2
1825,165,10,3
1826,166,0,0
1827,166,1,1
1828,166,2,0
1829,166,3,1
1830,166,4,0
1831,166,5,1
1832,166,6,2
1833,166,7,1
1834,166,8,2
1835,166,9,3
1836,166,10,2
1837,167,0,0
1838,167,1,0
1839,167,2,0
1840,167,3,0
1841,167,4,0
1842,167,5,0
1843,167,6,0
1844,167,7,0
1845,167,8,0
1846,167,9,0
1847,167,10,0
1848,168,0,0
1849,168,1,1
1850,168,2,2
1851,168,3,1
1852,168,4,0
1853,168,5,0
1854,168,6,0
1855,168,7,1
1856,168,8,2
1857,168,9,1
1858,168,10,1
1859,169,0,0
1860,169,1,1
1861,169,2,0
1862,169,3,1
1863,169,4,0
1864,169,5,1
1865,169,6,2
1866,169,7,1
1867,169,8,0
1868,169,9,1
1869,169,10,0
1870,170,0,0
1871,170,1,1
1872,170,2,2
1873,170,3,1
1874,170,4,0
1875,170,5,1
1876,170,6,2
1877,170,7,3
1878,170,8,2
1879,170,9,1
1880,170,10,0
1881,171,0,0
1882,171,1,1
1883,171,2,2
1884,171,3,3
1885,171,4,2
1886,171,5,1
1887,171,6,2
1888,171,7,1
1889,171,8,2
1890,171,9,1
1891,171,10,2
1892,172,0,0
1893,172,1,1
1894,172,2,2
1895,172,3,3
1896,172,4,4
1897,172,5,4
1898,172,6,4
1899,172,7,4
1900,172,8,4
1901,172,9,4
1902,172,10,4
1903,173,0,0
1904,173,1,1
1905,173,2,1
1906,173,3,1
1907,173,4,1
1908,173,5,1
1909,173,6,1
1910,173,7,1
1911,173,8,1
1912,173,9,1
1913,173,10,1
1914,174,0,0
1915,174,1,1
1916,174,2,0
1917,174,3,1
1918,174,4,2
1919,174,5,1
1920,174,6,2
1921,174,7,1
1922,174,8,2
1923,174,9,1
1924,174,10,2
1925,175,0,0
1926,175,1,0
1927,175,2,0
1928,175,3,0
1929,175,4,0
1930,175,5,0
1931,175,6,0
1932,175,7,0
1933,175,8,0
1934,175,9,0
1935,175,10,0
1936,176,0,0
1937,176,1,0
1938,176,2,0
1939,176,3,0
1940,176,4,0
1941,176,5,0
1942,176,6,0
1943,176,7,0
1944,176,8,0
1945,176,9,0
1946,176,10,0
1947,177,0,0
1948,177,1,1
1949,177,2,2
1950,177,3,1
1951,177,4,2
1952,177,5,3
1953,177,6,2
1954,177,7,3
1955,177,8,2
1956,177,9,1
1957,177,10,2
1958,178,0,0
1959,178,1,1
1960,178,2,1
1961,178,3,1
1962,178,4,1
1963,178,5,1
1964,178,6,1
1965,178,7,0
1966,178,8,1
1967,178,9,0
1968,178,10,1
1969,179,0,0
1970,179,1,1
1971,179,2,2
1972,179,3,3
1973,179,4,4
1974,179,5,3
1975,179,6,3
1976,179,7,4
1977,179,8,3
1978,179,9,2
1979,179,10,3
1980,180,0,0
1981,180,1,1
1982,180,2,2
1983,180,3,1
1984,180,4,2
1985,180,5,1
1986,180,6,2
1987,180,7,1
1988,180,8,2
1989,180,9,1
1990,180,10,2
1991,181,0,0
1992,181,1,1
1993,181,2,0
1994,181,3,1
1995,181,4,0
1996,181,5,1
1997,181,6,0
1998,181,7,1
1999,181,8,0
2000,181,9,1
2001,181,10,0
2002,182,0,0
2003,182,1,1
2004,182,2,0
2005,182,3,1
2006,182,4,0
2007,182,5,1
2008,182,6,0
2009,182,7,1
2010,182,8,1
2011,182,9,0
2012,182,10,1
2013,183,0,0
2014,183,1,0
2015,183,2,1
2016,183,3,2
2017,183,4,3
2018,183,5,4
2019,183,6,3
2020,183,7,4
2021,183,8,5
2022,183,9,5
2023,183,10,5
2024,184,0,0
2025,184,1,1
2026,184,2,2
2027,184,3,1
2028,184,4,2
2029,184,5,3
2030,184,6,4
2031,184,7,5
2032,184,8,5
2033,184,9,5
2034,184,10,5
2035,185,0,0
2036,185,1,1
2037,185,2,0
2038,185,3,1
2039,185,4,1
2040,185,5,0
2041,185,6,1
2042,185,7,1
2043,185,8,0
2044,185,9,1
2045,185,10,1
2046,186,0,0
2047,186,1,1
2048,186,2,2
2049,186,3,3
2050,186,4,2
2051,186,5,1
2052,186,6,2
2053,186,7,1
2054,186,8,2
2055,186,9,3
2056,186,10,2
2057,187,0,0
2058,187,1,1
2059,187,2,2
2060,187,3,1
2061,187,4,2
2062,187,5,2
2063,187,6,2
2064,187,7,1
2065,187,8,0
2066,187,9,1
2067,187,10,2
2068,188,0,0
2069,188,1,0
2070,188,2,1
2071,188,3,0
2072,188,4,1
2073,188,5,0
2074,188,6,1
2075,188,7,0
2076,188,8,1
2077,188,9,0
2078,188,10,1
2079,189,0,0
2080,189,1,0
2081,189,2,0
2082,189,3,0
2083,189,4,0
2084,189,5,0
2085,189,6,1
2086,189,7,1
2087,189,8,2
2088,189,9,3
2089,189,10,4
2090,190,0,0
2091,190,1,0
2092,190,2,0
2093,190,3,0
2094,190,4,1
2095,190,5,1
2096,190,6,0
2097,190,7,1
2098,190,8,0
2099,190,9,0
2100,190,10,1
2101,191,0,0
2102,191,1,1
2103,191,2,0
2104,191,3,0
2105,191,4,1
2106,191,5,0
2107,191,6,1
2108,191,7,0
2109,191,8,1
2110,191,9,2
2111,191,10,1
2112,192,0,0
2113,192,1,1
2114,192,2,2
2115,192,3,3
2116,192,4,2
2117,192,5,3
2118,192,6,4
2119,192,7,3
2120,192,8,2
2121,192,9,1
2122,192,10,2
2123,193,0,0
2124,193,1,0
2125,193,2,0
2126,193,3,0
2127,193,4,0
2128,193,5,0
2129,193,6,0
2130,193,7,0
2131,193,8,0
2132,193,9,0
2133,193,10,0
2134,194,0,0
2135,194,1,1
2136,194,2,0
2137,194,3,1
2138,194,4,0
2139,194,5,1
2140,194,6,0
2141,194,7,1
2142,194,8,2
2143,194,9,1
2144,194,10,2
2145,195,0,0
2146,195,1,1
2147,195,2,0
2148,195,3,1
2149,195,4,2
2150,195,5,3
2151,195,6,4
2152,195,7,5
2153,195,8,5
2154,195,9,5
2155,195,10,5
2156,196,0,0
2157,196,1,1
2158,196,2,2
2159,196,3,3
2160,196,4,2
2161,196,5,3
2162,196,6,2
2163,196,7,1
2164,196,8,0
2165,196,9,1
2166,196,10,2
2167,197,0,0
2168,197,1,1
2169,197,2,2
2170,197,3,1
2171,197,4,2
2172,197,5,3
2173,197,6,2
2174,197,7,3
2175,197,8,2
2176,197,9,3
2177,197,10,4
2178,198,0,0
2179,198,1,0
2180,198,2,0
2181,198,3,0
2182,198,4,0
2183,198,5,0
2184,198,6,0
2185,198,7,0
2186,198,8,0
2187,198,9,0
2188,198,10,0
2189,199,0,0
2190,199,1,0
2191,199,2,1
2192,199,3,1
2193,199,4,2
2194,199,5,1
2195,199,6,2
2196,199,7,1
2197,199,8,1
2198,199,9,2
2199,199,10,1
2200,200,0,0
2201,200,1,0
2202,200,2,0
2203,200,3,0
2204,200,4,0
2205,200,5,0
2206,200,6,0
2207,200,7,0
2208,200,8,0
2209,200,9,0
2210,200,10,0
2211,201,0,0
2212,201,1,1
2213,201,2,1
2214,201,3,0
2215,201,4,1
2216,201,5,0
2217,201,6,1
2218,201,7,0
2219,201,8,1
2220,201,9,1
2221,201,10,2
2222,202,0,0
2223,202,1,0
2224,202,2,0
2225,202,3,0
2226,202,4,0
2227,202,5,0
2228,202,6,1
2229,202,7,0
2230,202,8,0
2231,202,9,0
2232,202,10,1
2233,203,0,0
2234,203,1,1
2235,203,2,1
2236,203,3,1
2237,203,4,1
2238,203,5,0
2239,203,6,0
2240,203,7,0
2241,203,8,0
2242,203,9,0
2243,203,10,0
2244,204,0,0
2245,204,1,0
2246,204,2,0
2247,204,3,0
2248,204,4,0
2249,204,5,0
2250,204,6,0
2251,204,7,0
2252,204,8,0
2253,204,9,0
2254,204,10,0
2255,205,0,0
2256,205,1,0
2257,205,2,0
2258,205,3,0
2259,205,4,0
2260,205,5,0
2261,205,6,0
2262,205,7,0
2263,205,8,0
2264,205,9,0
2265,205,10,0
2266,206,0,0
2267,206,1,1
2268,206,2,1
2269,206,3,2
2270,206,4,3
2271,206,5,3
2272,206,6,2
2273,206,7,3
2274,206,8,4
2275,206,9,5
2276,206,10,5
2277,207,0,0
2278,207,1,0
2279,207,2,0
2280,207,3,0
2281,207,4,0
2282,207,5,0
2283,207,6,0
2284,207,7,0
2285,207,8,0
2286,207,9,0
2287,207,10,0
2288,208,0,0
2289,208,1,1
2290,208,2,2
2291,208,3,3
2292,208,4,3
2293,208,5,3
2294,208,6,3
2295,208,7,3
2296,208,8,3
2297,208,9,3
2298,208,10,3
2299,209,0,0
2300,209,1,1
2301,209,2,0
2302,209,3,1
2303,209,4,0
2304,209,5,1
2305,209,6,1
2306,209,7,0
2307,209,8,1
2308,209,9,0
2309,209,10,1
2310,210,0,0
2311,210,1,0
2312,210,2,0
2313,210,3,1
2314,210,4,1
2315,210,5,0
2316,210,6,1
2317,210,7,2
2318,210,8,2
2319,210,9,2
2320,210,10,3
2321,211,0,0
2322,211,1,1
2323,211,2,2
2324,211,3,3
2325,211,4,2
2326,211,5,3
2327,211,6,4
2328,211,7,5
2329,211,8,5
2330,211,9,5
2331,211,10,5
2332,212,0,0
2333,212,1,1
2334,212,2,0
2335,212,3,1
2336,212,4,0
2337,212,5,1
2338,212,6,0
2339,212,7,1
2340,212,8,0
2341,212,9,0
2342,212,10,1
2343,213,0,0
2344,213,1,0
2345,213,2,0
2346,213,3,0
2347,213,4,0
2348,213,5,0
2349,213,6,0
2350,213,7,0
2351,213,8,0
2352,213,9,0
2353,213,10,0
2354,214,0,0
2355,214,1,1
2356,214,2,2
2357,214,3,2
2358,214,4,1
2359,214,5,2
2360,214,6,2
2361,214,7,1
2362,214,8,2
2363,214,9,1
2364,214,10,2
2365,215,0,0
2366,215,1,1
2367,215,2,2
2368,215,3,3
2369,215,4,4
2370,215,5,3
2371,215,6,4
2372,215,7,3
2373,215,8,4
2374,215,9,3
2375,215,10,4
2376,216,0,0
2377,216,1,0
2378,216,2,1
2379,216,3,2
2380,216,4,3
2381,216,5,4
2382,216,6,5
2383,216,7,5
2384,216,8,5
2385,216,9,5
2386,216,10,5
2387,217,0,0
2388,217,1,0
2389,217,2,1
2390,217,3,2
2391,217,4,1
2392,217,5,2
2393,217,6,2
2394,217,7,3
2395,217,8,3
2396,217,9,3
2397,217,10,3
2398,218,0,0
2399,218,1,1
2400,218,2,0
2401,218,3,1
2402,218,4,0
2403,218,5,1
2404,218,6,0
2405,218,7,1
2406,218,8,0
2407,218,9,1
2408,218,10,0
2409,219,0,0
2410,219,1,1
2411,219,2,0
2412,219,3,1
2413,219,4,0
2414,219,5,1
2415,219,6,0
2416,219,7,1
2417,219,8,0
2418,219,9,1
2419,219,10,0
2420,220,0,0
2421,220,1,1
2422,220,2,2
2423,220,3,3
2424,220,4,2
2425,220,5,1
2426,220,6,0
2427,220,7,1
2428,220,8,2
2429,220,9,3
2430,220,10,2
2431,221,0,0
2432,221,1,1
2433,221,2,2
2434,221,3,1
2435,221,4,2
2436,221,5,1
2437,221,6,2
2438,221,7,1
2439,221,8,2
2440,221,9,3
2441,221,10,4
2442,222,0,0
2443,222,1,0
2444,222,2,0
2445,222,3,0
2446,222,4,0
2447,222,5,0
2448,222,6,0
2449,222,7,0
2450,222,8,0
2451,222,9,0
2452,222,10,0
2453,223,0,0
2454,223,1,1
2455,223,2,2
2456,223,3,3
2457,223,4,4
2458,223,5,5
2459,223,6,5
2460,223,7,5
2461,223,8,5
2462,223,9,5
2463,223,10,5
2464,224,0,0
2465,224,1,1
2466,224,2,2
2467,224,3,1
2468,224,4,2
2469,224,5,3
2470,224,6,4
2471,224,7,3
2472,224,8,4
2473,224,9,5
2474,224,10,5
2475,225,0,0
2476,225,1,1
2477,225,2,1
2478,225,3,0
2479,225,4,1
2480,225,5,1
2481,225,6,1
2482,225,7,2
2483,225,8,2
2484,225,9,2
2485,225,10,2
2486,226,0,0
2487,226,1,0
2488,226,2,1
2489,226,3,2
2490,226,4,1
2491,226,5,2
2492,226,6,1
2493,226,7,2
2494,226,8,1
2495,226,9,2
2496,226,10,3
2497,227,0,0
2498,227,1,1
2499,227,2,2
2500,227,3,1
2501,227,4,2
2502,227,5,3
2503,227,6,4
2504,227,7,5
2505,227,8,5
2506,227,9,5
2507,227,10,5
2508,228,0,0
2509,228,1,1
2510,228,2,0
2511,228,3,1
2512,228,4,2
2513,228,5,1
2514,228,6,0
2515,228,7,1
2516,228,8,1
2517,228,9,0
2518,228,10,1
2519,229,0,0
2520,229,1,1
2521,229,2,0
2522,229,3,1
2523,229,4,2
2524,229,5,1
2525,229,6,0
2526,229,7,1
2527,229,8,2
2528,229,9,1
2529,229,10,0
2530,230,0,0
2531,230,1,1
2532,230,2,1
2533,230,3,2
2534,230,4,1
2535,230,5,1
2536,230,6,1
2537,230,7,1
2538,230,8,2
2539,230,9,3
2540,230,10,2
2541,231,0,0
2542,231,1,1
2543,231,2,2
2544,231,3,3
2545,231,4,4
2546,231,5,3
2547,231,6,4
2548,231,7,3
2549,231,8,2
2550,231,9,3
2551,231,10,2
2552,232,0,0
2553,232,1,0
2554,232,2,0
2555,232,3,0
2556,232,4,0
2557,232,5,0
2558,232,6,0
2559,232,7,0
2560,232,8,0
2561,232,9,0
2562,232,10,0
2563,233,0,0
2564,233,1,1
2565,233,2,1
2566,233,3,0
2567,233,4,1
2568,233,5,1
2569,233,6,1
2570,233,7,0
2571,233,8,0
2572,233,9,0
2573,233,10,1
2574,234,0,0
2575,234,1,1
2576,234,2,0
2577,234,3,1
2578,234,4,0
2579,234,5,1
2580,234,6,2
2581,234,7,1
2582,234,8,2
2583,234,9,1
2584,234,10,2
2585,235,0,0
2586,235,1,0
2587,235,2,0
2588,235,3,0
2589,235,4,0
2590,235,5,0
2591,235,6,0
2592,235,7,0
2593,235,8,0
2594,235,9,0
2595,235,10,0
2596,236,0,0
2597,236,1,1
2598,236,2,2
2599,236,3,3
2600,236,4,4
2601,236,5,5
2602,236,6,5
2603,236,7,5
2604,236,8,5
2605,236,9,5
2606,236,10,5
2607,237,0,0
2608,237,1,0
2609,237,2,0
2610,237,3,0
2611,237,4,0
2612,237,5,0
2613,237,6,0
2614,237,7,0
2615,237,8,0
2616,237,9,0
2617,237,10,0
2618,238,0,0
2619,238,1,0
2620,238,2,0
2621,238,3,0
2622,238,4,0
2623,238,5,0
2624,238,6,0
2625,238,7,0
2626,238,8,0
2627,238,9,0
2628,238,10,0
2629,239,0,0
2630,239,1,1
2631,239,2,2
2632,239,3,3
2633,239,4,4
2634,239,5,5
2635,239,6,5
2636,239,7,5
2637,239,8,5
2638,239,9,5
2639,239,10,5
2640,240,0,0
2641,240,1,0
2642,240,2,0
2643,240,3,0
2644,240,4,0
2645,240,5,0
2646,240,6,0
2647,240,7,0
2648,240,8,0
2649,240,9,0
2650,240,10,0
2651,241,0,0
2652,241,1,1
2653,241,2,2
2654,241,3,2
2655,241,4,1
2656,241,5,1
2657,241,6,1
2658,241,7,1
2659,241,8,1
2660,241,9,0
2661,241,10,1
2662,242,0,0
2663,242,1,0
2664,242,2,0
2665,242,3,0
2666,242,4,0
2667,242,5,0
2668,242,6,0
2669,242,7,0
2670,242,8,0
2671,242,9,0
2672,242,10,0
2673,243,0,0
2674,243,1,0
2675,243,2,0
2676,243,3,0
2677,243,4,0
2678,243,5,0
2679,243,6,0
2680,243,7,0
2681,243,8,0
2682,243,9,0
2683,243,10,0
2684,244,0,0
2685,244,1,1
2686,244,2,1
2687,244,3,1
2688,244,4,0
2689,244,5,1
2690,244,6,0
2691,244,7,1
2692,244,8,0
2693,244,9,1
2694,244,10,0
2695,245,0,0
2696,245,1,1
2697,245,2,1
2698,245,3,0
2699,245,4,1
2700,245,5,1
2701,245,6,0
2702,245,7,1
2703,245,8,0
2704,245,9,1
2705,245,10,0
2706,246,0,0
2707,246,1,0
2708,246,2,0
2709,246,3,0
2710,246,4,0
2711,246,5,0
2712,246,6,0
2713,246,7,0
2714,246,8,0
2715,246,9,0
2716,246,10,0
2717,247,0,0
2718,247,1,0
2719,247,2,0
2720,247,3,0
2721,247,4,1
2722,247,5,0
2723,247,6,1
2724,247,7,1
2725,247,8,0
2726,247,9,1
2727,247,10,1
2728,248,0,0
2729,248,1,0
2730,248,2,0
2731,248,3,0
2732,248,4,0
2733,248,5,0
2734,248,6,0
2735,248,7,0
2736,248,8,0
2737,248,9,0
2738,248,10,0
2739,249,0,0
2740,249,1,0
2741,249,2,0
2742,249,3,1
2743,249,4,0
2744,249,5,0
2745,249,6,0
2746,249,7,0
2747,249,8,0
2748,249,9,0
2749,249,10,0
2750,250,0,0
2751,250,1,1
2752,250,2,2
2753,250,3,3
2754,250,4,4
2755,250,5,3
2756,250,6,4
2757,250,7,3
2758,250,8,4
2759,250,9,3
2760,250,10,4
2761,251,0,0
2762,251,1,0
2763,251,2,0
2764,251,3,0
2765,251,4,0
2766,251,5,0
2767,251,6,0
2768,251,7,0
2769,251,8,1
2770,251,9,0
2771,251,10,0
2772,252,0,0
2773,252,1,1
2774,252,2,0
2775,252,3,1
2776,252,4,0
2777,252,5,1
2778,252,6,1
2779,252,7,1
2780,252,8,1
2781,252,9,1
2782,252,10,1
2783,253,0,0
2784,253,1,1
2785,253,2,2
2786,253,3,1
2787,253,4,2
2788,253,5,1
2789,253,6,2
2790,253,7,1
2791,253,8,0
2792,253,9,1
2793,253,10,0
2794,254,0,0
2795,254,1,0
2796,254,2,0
2797,254,3,0
2798,254,4,0
2799,254,5,0
2800,254,6,1
2801,254,7,0
2802,254,8,1
2803,254,9,1
2804,254,10,2
2805,255,0,0
2806,255,1,1
2807,255,2,2
2808,255,3,1
2809,255,4,1
2810,255,5,1
2811,255,6,1
2812,255,7,1
2813,255,8,1
2814,255,9,1
2815,255,10,2
2816,256,0,0
2817,256,1,1
2818,256,2,2
2819,256,3,1
2820,256,4,2
2821,256,5,3
2822,256,6,2
2823,256,7,3
2824,256,8,4
2825,256,9,5
2826,256,10,5
2827,257,0,0
2828,257,1,1
2829,257,2,0
2830,257,3,1
2831,257,4,0
2832,257,5,1
2833,257,6,0
2834,257,7,1
2835,257,8,0
2836,257,9,1
2837,257,10,0
2838,258,0,0
2839,258,1,1
2840,258,2,2
2841,258,3,3
2842,258,4,3
2843,258,5,2
2844,258,6,3
2845,258,7,2
2846,258,8,3
2847,258,9,2
2848,258,10,3
2849,259,0,0
2850,259,1,1
2851,259,2,0
2852,259,3,0
2853,259,4,1
2854,259,5,0
2855,259,6,1
2856,259,7,0
2857,259,8,0
2858,259,9,1
2859,259,10,0
2860,260,0,0
2861,260,1,1
2862,260,2,0
2863,260,3,0
2864,260,4,0
2865,260,5,0
2866,260,6,1
2867,260,7,0
2868,260,8,1
2869,260,9,0
2870,260,10,1
2871,261,0,0
2872,261,1,1
2873,261,2,1
2874,261,3,1
2875,261,4,1
2876,261,5,0
2877,261,6,0
2878,261,7,1
2879,261,8,2
2880,261,9,3
2881,261,10,2
2882,262,0,0
2883,262,1,0
2884,262,2,0
2885,262,3,0
2886,262,4,1
2887,262,5,0
2888,262,6,0
2889,262,7,0
2890,262,8,0
2891,262,9,0
2892,262,10,1
2893,263,0,0
2894,263,1,1
2895,263,2,0
2896,263,3,1
2897,263,4,0
2898,263,5,1
2899,263,6,0
2900,263,7,1
2901,263,8,0
2902,263,9,1
2903,263,10,0
2904,264,0,0
2905,264,1,1
2906,264,2,2
2907,264,3,2
2908,264,4,2
2909,264,5,1
2910,264,6,2
2911,264,7,1
2912,264,8,2
2913,264,9,1
2914,264,10,2
2915,265,0,0
2916,265,1,1
2917,265,2,0
2918,265,3,1
2919,265,4,0
2920,265,5,1
2921,265,6,0
2922,265,7,1
2923,265,8,0
2924,265,9,1
2925,265,10,0
2926,266,0,0
2927,266,1,0
2928,266,2,1
2929,266,3,2
2930,266,4,3
2931,266,5,3
2932,266,6,2
2933,266,7,3
2934,266,8,3
2935,266,9,4
2936,266,10,5
2937,267,0,0
2938,267,1,1
2939,267,2,1
2940,267,3,1
2941,267,4,0
2942,267,5,1
2943,267,6,0
2944,267,7,1
2945,267,8,1
2946,267,9,0
2947,267,10,1
2948,268,0,0
2949,268,1,1
2950,268,2,2
2951,268,3,2
2952,268,4,2
2953,268,5,2
2954,268,6,2
2955,268,7,1
2956,268,8,2
2957,268,9,1
2958,268,10,2
2959,269,0,0
2960,269,1,0
2961,269,2,0
2962,269,3,0
2963,269,4,0
2964,269,5,0
2965,269,6,0
2966,269,7,0
2967,269,8,0
2968,269,9,0
2969,269,10,0
2970,270,0,0
2971,270,1,0
2972,270,2,0
2973,270,3,0
2974,270,4,0
2975,270,5,0
2976,270,6,0
2977,270,7,0
2978,270,8,0
2979,270,9,0
2980,270,10,0
2981,271,0,0
2982,271,1,1
2983,271,2,2
2984,271,3,3
2985,271,4,2
2986,271,5,3
2987,271,6,2
2988,271,7,3
2989,271,8,4
2990,271,9,5
2991,271,10,5
2992,272,0,0
2993,272,1,1
2994,272,2,2
2995,272,3,1
2996,272,4,2
2997,272,5,3
2998,272,6,4
2999,272,7,4
3000,272,8,4
3001,272,9,5
3002,272,10,5
3003,273,0,0
3004,273,1,0
3005,273,2,0
3006,273,3,0
3007,273,4,1
3008,273,5,0
3009,273,6,1
3010,273,7,0
3011,273,8,0
3012,273,9,0
3013,273,10,0
3014,274,0,0
3015,274,1,0
3016,274,2,0
3017,274,3,0
3018,274,4,0
3019,274,5,0
3020,274,6,0
3021,274,7,0
3022,274,8,0
3023,274,9,0
3024,274,10,0
3025,275,0,0
3026,275,1,0
3027,275,2,0
3028,275,3,0
3029,275,4,0
3030,275,5,0
3031,275,6,0
3032,275,7,0
3033,275,8,0
3034,275,9,0
3035,275,10,0
3036,276,0,0
3037,276,1,1
3038,276,2,0
3039,276,3,1
3040,276,4,0
3041,276,5,1
3042,276,6,0
3043,276,7,1
3044,276,8,1
3045,276,9,1
3046,276,10,0
3047,277,0,0
3048,277,1,1
3049,277,2,0
3050,277,3,1
3051,277,4,0
3052,277,5,1
3053,277,6,1
3054,277,7,1
3055,277,8,1
3056,277,9,0
3057,277,10,1
3058,278,0,0
3059,278,1,0
3060,278,2,0
3061,278,3,0
3062,278,4,0
3063,278,5,0
3064,278,6,0
3065,278,7,0
3066,278,8,0
3067,278,9,0
3068,278,10,0
3069,279,0,0
3070,279,1,0
3071,279,2,1
3072,279,3,2
3073,279,4,3
3074,279,5,2
3075,279,6,3
3076,279,7,2
3077,279,8,3
3078,279,9,2
3079,279,10,3
3080,280,0,0
3081,280,1,1
3082,280,2,2
3083,280,3,3
3084,280,4,2
3085,280,5,1
3086,280,6,2
3087,280,7,3
3088,280,8,4
3089,280,9,3
3090,280,10,4
3091,281,0,0
3092,281,1,1
3093,281,2,1
3094,281,3,2
3095,281,4,1
3096,281,5,2
3097,281,6,3
3098,281,7,4
3099,281,8,5
3100,281,9,5
3101,281,10,5
3102,282,0,0
3103,282,1,0
3104,282,2,0
3105,282,3,0
3106,282,4,0
3107,282,5,0
3108,282,6,0
3109,282,7,0
3110,282,8,0
3111,282,9,0
3112,282,10,0
3113,283,0,0
3114,283,1,0
3115,283,2,0
3116,283,3,0
3117,283,4,0
3118,283,5,0
3119,283,6,0
3120,283,7,0
3121,283,8,0
3122,283,9,0
3123,283,10,0
3124,284,0,0
3125,284,1,1
3126,284,2,2
3127,284,3,1
3128,284,4,0
3129,284,5,1
3130,284,6,0
3131,284,7,1
3132,284,8,2
3133,284,9,1
3134,284,10,0
3135,285,0,0
3136,285,1,1
3137,285,2,0
3138,285,3,1
3139,285,4,0
3140,285,5,1
3141,285,6,0
3142,285,7,1
3143,285,8,1
3144,285,9,0
3145,285,10,0
3146,286,0,0
3147,286,1,1
3148,286,2,0
3149,286,3,1
3150,286,4,1
3151,286,5,0
3152,286,6,1
3153,286,7,0
3154,286,8,1
3155,286,9,1
3156,286,10,0
3157,287,0,0
3158,287,1,0
3159,287,2,0
3160,287,3,0
3161,287,4,0
3162,287,5,0
3163,287,6,0
3164,287,7,0
3165,287,8,0
3166,287,9,0
3167,287,10,0
3168,288,0,0
3169,288,1,0
3170,288,2,0
3171,288,3,1
3172,288,4,0
3173,288,5,0
3174,288,6,0
3175,288,7,0
3176,288,8,0
3177,288,9,0
3178,288,10,0
3179,289,0,0
3180,289,1,0
3181,289,2,0
3182,289,3,0
3183,289,4,0
3184,289,5,0
3185,289,6,0
3186,289,7,0
3187,289,8,0
3188,289,9,0
3189,289,10,0
3190,290,0,0
3191,290,1,0
3192,290,2,1
3193,290,3,2
3194,290,4,3
3195,290,5,4
3196,290,6,3
3197,290,7,2
3198,290,8,1
3199,290,9,0
3200,290,10,1
3201,291,0,0
3202,291,1,1
3203,291,2,0
3204,291,3,1
3205,291,4,1
3206,291,5,1
3207,291,6,0
3208,291,7,1
3209,291,8,1
3210,291,9,0
3211,291,10,1
3212,292,0,0
3213,292,1,0
3214,292,2,1
3215,292,3,2
3216,292,4,1
3217,292,5,2
3218,292,6,3
3219,292,7,2
3220,292,8,1
3221,292,9,2
3222,292,10,1
3223,293,0,0
3224,293,1,1
3225,293,2,2
3226,293,3,1
3227,293,4,2
3228,293,5,3
3229,293,6,4
3230,293,7,3
3231,293,8,4
3232,293,9,5
3233,293,10,5
3234,294,0,0
3235,294,1,1
3236,294,2,1
3237,294,3,1
3238,294,4,1
3239,294,5,0
3240,294,6,1
3241,294,7,1
3242,294,8,0
3243,294,9,1
3244,294,10,1
3245,295,0,0
3246,295,1,1
3247,295,2,0
3248,295,3,1
3249,295,4,2
3250,295,5,1
3251,295,6,2
3252,295,7,1
3253,295,8,2
3254,295,9,1
3255,295,10,2
3256,296,0,0
3257,296,1,0
3258,296,2,0
3259,296,3,0
3260,296,4,0
3261,296,5,0
3262,296,6,0
3263,296,7,0
3264,296,8,0
3265,296,9,0
3266,296,10,0
3267,297,0,0
3268,297,1,0
3269,297,2,0
3270,297,3,0
3271,297,4,0
3272,297,5,0
3273,297,6,0
3274,297,7,0
3275,297,8,0
3276,297,9,0
3277,297,10,0
3278,298,0,0
3279,298,1,0
3280,298,2,1
3281,298,3,1
3282,298,4,2
3283,298,5,1
3284,298,6,1
3285,298,7,2
3286,298,8,1
3287,298,9,2
3288,298,10,1
3289,299,0,0
3290,299,1,1
3291,299,2,0
3292,299,3,1
3293,299,4,0
3294,299,5,1
3295,299,6,0
3296,299,7,1
3297,299,8,0
3298,299,9,1
3299,299,10,0
3300,300,0,0
3301,300,1,1
3302,300,2,1
3303,300,3,0
3304,300,4,1
3305,300,5,0
3306,300,6,0
3307,300,7,0
3308,300,8,1
3309,300,9,0
3310,300,10,1
3311,301,0,0
3312,301,1,0
3313,301,2,1
3314,301,3,1
3315,301,4,2
3316,301,5,1
3317,301,6,0
3318,301,7,0
3319,301,8,0
3320,301,9,0
3321,301,10,0
3322,302,0,0
3323,302,1,0
3324,302,2,0
3325,302,3,0
3326,302,4,0
3327,302,5,0
3328,302,6,0
3329,302,7,0
3330,302,8,0
3331,302,9,0
3332,302,10,0
3333,303,0,0
3334,303,1,1
3335,303,2,1
3336,303,3,0
3337,303,4,1
3338,303,5,0
3339,303,6,1
3340,303,7,1
3341,303,8,0
3342,303,9,1
3343,303,10,0
3344,304,0,0
3345,304,1,1
3346,304,2,2
3347,304,3,1
3348,304,4,2
3349,304,5,1
3350,304,6,2
3351,304,7,1
3352,304,8,2
3353,304,9,1
3354,304,10,2
3355,305,0,0
3356,305,1,1
3357,305,2,2
3358,305,3,3
3359,305,4,4
3360,305,5,3
3361,305,6,2
3362,305,7,3
3363,305,8,4
3364,305,9,3
3365,305,10,2
3366,306,0,0
3367,306,1,0
3368,306,2,0
3369,306,3,0
3370,306,4,0
3371,306,5,0
3372,306,6,0
3373,306,7,0
3374,306,8,0
3375,306,9,0
3376,306,10,0
3377,307,0,0
3378,307,1,1
3379,307,2,1
3380,307,3,1
3381,307,4,1
3382,307,5,1
3383,307,6,0
3384,307,7,1
3385,307,8,0
3386,307,9,1
3387,307,10,1
3388,308,0,0
3389,308,1,1
3390,308,2,1
3391,308,3,0
3392,308,4,1
3393,308,5,2
3394,308,6,3
3395,308,7,4
3396,308,8,3
3397,308,9,2
3398,308,10,3
3399,309,0,0
3400,309,1,1
3401,309,2,2
3402,309,3,3
3403,309,4,2
3404,309,5,1
3405,309,6,2
3406,309,7,3
3407,309,8,4
3408,309,9,3
3409,309,10,4
3410,310,0,0
3411,310,1,1
3412,310,2,2
3413,310,3,1
3414,310,4,2
3415,310,5,3
3416,310,6,4
3417,310,7,5
3418,310,8,5
3419,310,9,5
3420,310,10,5
3421,311,0,0
3422,311,1,0
3423,311,2,0
3424,311,3,0
3425,311,4,0
3426,311,5,0
3427,311,6,0
3428,311,7,0
3429,311,8,1
3430,311,9,0
3431,311,10,0
3432,312,0,0
3433,312,1,1
3434,312,2,2
3435,312,3,3
3436,312,4,4
3437,312,5,5
3438,312,6,5
3439,312,7,5
3440,312,8,5
3441,312,9,5
3442,312,10,5
3443,313,0,0
3444,313,1,1
3445,313,2,2
3446,313,3,3
3447,313,4,4
3448,313,5,3
3449,313,6,4
3450,313,7,3
3451,313,8,4
3452,313,9,3
3453,313,10,4
3454,314,0,0
3455,314,1,1
3456,314,2,0
3457,314,3,0
3458,314,4,1
3459,314,5,0
3460,314,6,0
3461,314,7,1
3462,314,8,0
3463,314,9,1
3464,314,10,0
3465,315,0,0
3466,315,1,1
3467,315,2,2
3468,315,3,3
3469,315,4,2
3470,315,5,3
3471,315,6,2
3472,315,7,3
3473,315,8,2
3474,315,9,3
3475,315,10,2
3476,316,0,0
3477,316,1,1
3478,316,2,0
3479,316,3,1
3480,316,4,0
3481,316,5,1
3482,316,6,0
3483,316,7,1
3484,316,8,0
3485,316,9,0
3486,316,10,1
3487,317,0,0
3488,317,1,1
3489,317,2,1
3490,317,3,0
3491,317,4,1
3492,317,5,2
3493,317,6,2
3494,317,7,3
3495,317,8,4
3496,317,9,5
3497,317,10,5
3498,318,0,0
3499,318,1,1
3500,318,2,0
3501,318,3,1
3502,318,4,0
3503,318,5,1
3504,318,6,0
3505,318,7,1
3506,318,8,1
3507,318,9,0
3508,318,10,1
3509,319,0,0
3510,319,1,0
3511,319,2,1
3512,319,3,1
3513,319,4,0
3514,319,5,1
3515,319,6,1
3516,319,7,1
3517,319,8,1
3518,319,9,1
3519,319,10,1
3520,320,0,0
3521,320,1,1
3522,320,2,0
3523,320,3,1
3524,320,4,0
3525,320,5,1
3526,320,6,2
3527,320,7,1
3528,320,8,0
3529,320,9,1
3530,320,10,0
3531,321,0,0
3532,321,1,0
3533,321,2,1
3534,321,3,2
3535,321,4,2
3536,321,5,3
3537,321,6,3
3538,321,7,4
3539,321,8,5
3540,321,9,5
3541,321,10,5
3542,322,0,0
3543,322,1,0
3544,322,2,1
3545,322,3,2
3546,322,4,2
3547,322,5,1
3548,322,6,2
3549,322,7,3
3550,322,8,2
3551,322,9,1
3552,322,10,2
3553,323,0,0
3554,323,1,1
3555,323,2,0
3556,323,3,1
3557,323,4,0
3558,323,5,1
3559,323,6,0
3560,323,7,0
3561,323,8,0
3562,323,9,1
3563,323,10,0
3564,324,0,0
3565,324,1,0
3566,324,2,1
3567,324,3,2
3568,324,4,2
3569,324,5,2
3570,324,6,2
3571,324,7,2
3572,324,8,3
3573,324,9,3
3574,324,10,3
3575,325,0,0
3576,325,1,1
3577,325,2,2
3578,325,3,2
3579,325,4,1
3580,325,5,2
3581,325,6,3
3582,325,7,4
3583,325,8,5
3584,325,9,5
3585,325,10,5
3586,326,0,0
3587,326,1,0
3588,326,2,0
3589,326,3,0
3590,326,4,0
3591,326,5,0
3592,326,6,0
3593,326,7,0
3594,326,8,0
3595,326,9,0
3596,326,10,0
3597,327,0,0
3598,327,1,1
3599,327,2,0
3600,327,3,0
3601,327,4,1
3602,327,5,0
3603,327,6,0
3604,327,7,0
3605,327,8,1
3606,327,9,0
3607,327,10,1
3608,328,0,0
3609,328,1,0
3610,328,2,0
3611,328,3,0
3612,328,4,0
3613,328,5,0
3614,328,6,0
3615,328,7,0
3616,328,8,0
3617,328,9,0
3618,328,10,0
3619,329,0,0
3620,329,1,1
3621,329,2,2
3622,329,3,3
3623,329,4,4
3624,329,5,3
3625,329,6,2
3626,329,7,1
3627,329,8,2
3628,329,9,3
3629,329,10,2
3630,330,0,0
3631,330,1,0
3632,330,2,0
3633,330,3,0
3634,330,4,0
3635,330,5,0
3636,330,6,0
3637,330,7,0
3638,330,8,0
3639,330,9,1
3640,330,10,0
3641,331,0,0
3642,331,1,1
3643,331,2,2
3644,331,3,1
3645,331,4,2
3646,331,5,1
3647,331,6,2
3648,331,7,3
3649,331,8,2
3650,331,9,3
3651,331,10,2
3652,332,0,0
3653,332,1,1
3654,332,2,2
3655,332,3,3
3656,332,4,4
3657,332,5,5
3658,332,6,5
3659,332,7,5
3660,332,8,5
3661,332,9,5
3662,332,10,5
3663,333,0,0
3664,333,1,0
3665,333,2,0
3666,333,3,0
3667,333,4,0
3668,333,5,0
3669,333,6,0
3670,333,7,0
3671,333,8,1
3672,333,9,1
3673,333,10,0
3674,334,0,0
3675,334,1,0
3676,334,2,0
3677,334,3,1
3678,334,4,0
3679,334,5,0
3680,334,6,0
3681,334,7,0
3682,334,8,0
3683,334,9,0
3684,334,10,0
3685,335,0,0
3686,335,1,1
3687,335,2,0
3688,335,3,1
3689,335,4,1
3690,335,5,1
3691,335,6,1
3692,335,7,2
3693,335,8,3
3694,335,9,2
3695,335,10,3
3696,336,0,0
3697,336,1,1
3698,336,2,2
3699,336,3,3
3700,336,4,3
3701,336,5,3
3702,336,6,3
3703,336,7,3
3704,336,8,3
3705,336,9,3
3706,336,10,3
3707,337,0,0
3708,337,1,0
3709,337,2,0
3710,337,3,0
3711,337,4,0
3712,337,5,0
3713,337,6,0
3714,337,7,0
3715,337,8,0
3716,337,9,0
3717,337,10,0
3718,338,0,0
3719,338,1,0
3720,338,2,0
3721,338,3,0
3722,338,4,0
3723,338,5,0
3724,338,6,0
3725,338,7,0
3726,338,8,0
3727,338,9,0
3728,338,10,0
3729,339,0,0
3730,339,1,1
3731,339,2,2
3732,339,3,1
3733,339,4,2
3734,339,5,1
3735,339,6,2
3736,339,7,1
3737,339,8,2
3738,339,9,1
3739,339,10,2
3740,340,0,0
3741,340,1,0
3742,340,2,0
3743,340,3,0
3744,340,4,0
3745,340,5,0
3746,340,6,1
3747,340,7,1
3748,340,8,1
3749,340,9,0
3750,340,10,0
3751,341,0,0
3752,341,1,0
3753,341,2,0
3754,341,3,0
3755,341,4,0
3756,341,5,0
3757,341,6,0
3758,341,7,0
3759,341,8,0
3760,341,9,0
3761,341,10,0
3762,342,0,0
3763,342,1,0
3764,342,2,0
3765,342,3,0
3766,342,4,0
3767,342,5,0
3768,342,6,0
3769,342,7,0
3770,342,8,0
3771,342,9,0
3772,342,10,0
3773,343,0,0
3774,343,1,1
3775,343,2,1
3776,343,3,1
3777,343,4,0
3778,343,5,0
3779,343,6,0
3780,343,7,0
3781,343,8,0
3782,343,9,1
3783,343,10,0
3784,344,0,0
3785,344,1,1
3786,344,2,2
3787,344,3,1
3788,344,4,2
3789,344,5,3
3790,344,6,3
3791,344,7,4
3792,344,8,3
3793,344,9,2
3794,344,10,1
3795,345,0,0
3796,345,1,0
3797,345,2,0
3798,345,3,0
3799,345,4,0
3800,345,5,0
3801,345,6,0
3802,345,7,0
3803,345,8,0
3804,345,9,0
3805,345,10,0
3806,346,0,0
3807,346,1,1
3808,346,2,2
3809,346,3,1
3810,346,4,2
3811,346,5,1
3812,346,6,2
3813,346,7,1
3814,346,8,2
3815,346,9,1
3816,346,10,2
3817,347,0,0
3818,347,1,0
3819,347,2,1
3820,347,3,2
3821,347,4,1
3822,347,5,0
3823,347,6,1
3824,347,7,0
3825,347,8,1
3826,347,9,0
3827,347,10,1
3828,348,0,0
3829,348,1,1
3830,348,2,2
3831,348,3,3
3832,348,4,4
3833,348,5,5
3834,348,6,5
3835,348,7,5
3836,348,8,5
3837,348,9,5
3838,348,10,5
3839,349,0,0
3840,349,1,1
3841,349,2,0
3842,349,3,1
3843,349,4,2
3844,349,5,2
3845,349,6,3
3846,349,7,2
3847,349,8,2
3848,349,9,1
3849,349,10,2
3850,350,0,0
3851,350,1,0
3852,350,2,0
3853,350,3,0
3854,350,4,0
3855,350,5,0
3856,350,6,0
3857,350,7,0
3858,350,8,0
3859,350,9,0
3860,350,10,0
3861,351,0,0
3862,351,1,1
3863,351,2,2
3864,351,3,3
3865,351,4,4
3866,351,5,3
3867,351,6,4
3868,351,7,5
3869,351,8,5
3870,351,9,5
3871,351,10,5
3872,352,0,0
3873,352,1,1
3874,352,2,1
3875,352,3,0
3876,352,4,1
3877,352,5,2
3878,352,6,2
3879,352,7,3
3880,352,8,4
3881,352,9,3
3882,352,10,2
3883,353,0,0
3884,353,1,1
3885,353,2,2
3886,353,3,1
3887,353,4,2
3888,353,5,1
3889,353,6,2
3890,353,7,1
3891,353,8,2
3892,353,9,1
3893,353,10,2
3894,354,0,0
3895,354,1,1
3896,354,2,1
3897,354,3,0
3898,354,4,1
3899,354,5,2
3900,354,6,3
3901,354,7,4
3902,354,8,5
3903,354,9,5
3904,354,10,5
3905,355,0,0
3906,355,1,0
3907,355,2,0
3908,355,3,0
3909,355,4,0
3910,355,5,0
3911,355,6,0
3912,355,7,0
3913,355,8,0
3914,355,9,0
3915,355,10,0
3916,356,0,0
3917,356,1,0
3918,356,2,1
3919,356,3,0
3920,356,4,0
3921,356,5,0
3922,356,6,0
3923,356,7,1
3924,356,8,0
3925,356,9,0
3926,356,10,1
3927,357,0,0
3928,357,1,1
3929,357,2,0
3930,357,3,1
3931,357,4,1
3932,357,5,1
3933,357,6,2
3934,357,7,3
3935,357,8,2
3936,357,9,2
3937,357,10,1
3938,358,0,0
3939,358,1,1
3940,358,2,2
3941,358,3,3
3942,358,4,3
3943,358,5,3
3944,358,6,4
3945,358,7,5
3946,358,8,5
3947,358,9,5
3948,358,10,5
3949,359,0,0
3950,359,1,1
3951,359,2,2
3952,359,3,1
3953,359,4,2
3954,359,5,1
3955,359,6,2
3956,359,7,3
3957,359,8,3
3958,359,9,3
3959,359,10,3
3960,360,0,0
3961,360,1,0
3962,360,2,1
3963,360,3,1
3964,360,4,1
3965,360,5,2
3966,360,6,1
3967,360,7,2
3968,360,8,1
3969,360,9,1
3970,360,10,1
3971,361,0,0
3972,361,1,0
3973,361,2,0
3974,361,3,1
3975,361,4,2
3976,361,5,3
3977,361,6,3
3978,361,7,3
3979,361,8,3
3980,361,9,3
3981,361,10,3
3982,362,0,0
3983,362,1,1
3984,362,2,1
3985,362,3,0
3986,362,4,0
3987,362,5,0
3988,362,6,1
3989,362,7,0
3990,362,8,1
3991,362,9,0
3992,362,10,0
3993,363,0,0
3994,363,1,1
3995,363,2,0
3996,363,3,1
3997,363,4,1
3998,363,5,1
3999,363,6,1
4000,363,7,0
4001,363,8,1
4002,363,9,1
4003,363,10,0
4004,364,0,0
4005,364,1,0
4006,364,2,0
4007,364,3,0
4008,364,4,0
4009,364,5,0
4010,364,6,0
4011,364,7,0
4012,364,8,0
4013,364,9,0
4014,364,10,0
4015,365,0,0
4016,365,1,0
4017,365,2,0
4018,365,3,0
4019,365,4,0
4020,365,5,0
4021,365,6,0
4022,365,7,0
4023,365,8,0
4024,365,9,0
4025,365,10,0
4026,366,0,0
4027,366,1,0
4028,366,2,0
4029,366,3,0
4030,366,4,1
4031,366,5,0
4032,366,6,0
4033,366,7,0
4034,366,8,1
4035,366,9,0
4036,366,10,0
4037,367,0,0
4038,367,1,0
4039,367,2,0
4040,367,3,1
4041,367,4,0
4042,367,5,1
4043,367,6,2
4044,367,7,3
4045,367,8,4
4046,367,9,5
4047,367,10,5
4048,368,0,0
4049,368,1,1
4050,368,2,0
4051,368,3,1
4052,368,4,2
4053,368,5,3
4054,368,6,2
4055,368,7,2
4056,368,8,3
4057,368,9,3
4058,368,10,3
4059,369,0,0
4060,369,1,0
4061,369,2,0
4062,369,3,0
4063,369,4,0
4064,369,5,0
4065,369,6,0
4066,369,7,0
4067,369,8,0
4068,369,9,0
4069,369,10,0
4070,370,0,0
4071,370,1,1
4072,370,2,2
4073,370,3,1
4074,370,4,2
4075,370,5,1
4076,370,6,2
4077,370,7,3
4078,370,8,4
4079,370,9,3
4080,370,10,4
4081,371,0,0
4082,371,1,1
4083,371,2,2
4084,371,3,2
4085,371,4,3
4086,371,5,2
4087,371,6,2
4088,371,7,2
4089,371,8,2
4090,371,9,2
4091,371,10,2
4092,372,0,0
4093,372,1,0
4094,372,2,1
4095,372,3,0
4096,372,4,0
4097,372,5,0
4098,372,6,0
4099,372,7,0
4100,372,8,0
4101,372,9,0
4102,372,10,0
4103,373,0,0
4104,373,1,1
4105,373,2,0
4106,373,3,1
4107,373,4,0
4108,373,5,1
4109,373,6,1
4110,373,7,2
4111,373,8,2
4112,373,9,1
4113,373,10,0
4114,374,0,0
4115,374,1,1
4116,374,2,2
4117,374,3,1
4118,374,4,2
4119,374,5,3
4120,374,6,4
4121,374,7,3
4122,374,8,2
4123,374,9,3
4124,374,10,4
4125,375,0,0
4126,375,1,1
4127,375,2,2
4128,375,3,3
4129,375,4,3
4130,375,5,2
4131,375,6,3
4132,375,7,2
4133,375,8,3
4134,375,9,3
4135,375,10,2
4136,376,0,0
4137,376,1,1
4138,376,2,1
4139,376,3,2
4140,376,4,1
4141,376,5,0
4142,376,6,1
4143,376,7,2
4144,376,8,1
4145,376,9,2
4146,376,10,1
4147,377,0,0
4148,377,1,1
4149,377,2,2
4150,377,3,1
4151,377,4,2
4152,377,5,1
4153,377,6,0
4154,377,7,1
4155,377,8,2
4156,377,9,1
4157,377,10,2
4158,378,0,0
4159,378,1,1
4160,378,2,2
4161,378,3,1
4162,378,4,2
4163,378,5,1
4164,378,6,2
4165,378,7,2
4166,378,8,3
4167,378,9,4
4168,378,10,3
4169,379,0,0
4170,379,1,1
4171,379,2,2
4172,379,3,3
4173,379,4,2
4174,379,5,3
4175,379,6,2
4176,379,7,3
4177,379,8,2
4178,379,9,3
4179,379,10,2
4180,380,0,0
4181,380,1,0
4182,380,2,0
4183,380,3,0
4184,380,4,0
4185,380,5,0
4186,380,6,0
4187,380,7,0
4188,380,8,0
4189,380,9,0
4190,380,10,0
4191,381,0,0
4192,381,1,1
4193,381,2,2
4194,381,3,3
4195,381,4,2
4196,381,5,3
4197,381,6,2
4198,381,7,3
4199,381,8,2
4200,381,9,3
4201,381,10,2
4202,382,0,0
4203,382,1,0
4204,382,2,0
4205,382,3,0
4206,382,4,0
4207,382,5,0
4208,382,6,0
4209,382,7,0
4210,382,8,0
4211,382,9,0
4212,382,10,0
4213,383,0,0
4214,383,1,1
4215,383,2,0
4216,383,3,0
4217,383,4,1
4218,383,5,0
4219,383,6,1
4220,383,7,0
4221,383,8,0
4222,383,9,0
4223,383,10,1
4224,384,0,0
4225,384,1,1
4226,384,2,2
4227,384,3,3
4228,384,4,2
4229,384,5,2
4230,384,6,3
4231,384,7,4
4232,384,8,3
4233,384,9,3
4234,384,10,4
4235,385,0,0
4236,385,1,0
4237,385,2,0
4238,385,3,0
4239,385,4,0
4240,385,5,0
4241,385,6,0
4242,385,7,0
4243,385,8,0
4244,385,9,0
4245,385,10,0
4246,386,0,0
4247,386,1,1
4248,386,2,0
4249,386,3,1
4250,386,4,0
4251,386,5,1
4252,386,6,0
4253,386,7,1
4254,386,8,1
4255,386,9,1
4256,386,10,2
4257,387,0,0
4258,387,1,0
4259,387,2,0
4260,387,3,0
4261,387,4,1
4262,387,5,1
4263,387,6,0
4264,387,7,0
4265,387,8,0
4266,387,9,0
4267,387,10,0
4268,388,0,0
4269,388,1,0
4270,388,2,0
4271,388,3,1
4272,388,4,0
4273,388,5,0
4274,388,6,1
4275,388,7,0
4276,388,8,0
4277,388,9,0
4278,388,10,0
4279,389,0,0
4280,389,1,1
4281,389,2,2
4282,389,3,3
4283,389,4,4
4284,389,5,5
4285,389,6,5
4286,389,7,5
4287,389,8,5
4288,389,9,5
4289,389,10,5
4290,390,0,0
4291,390,1,0
4292,390,2,0
4293,390,3,0
4294,390,4,0
4295,390,5,0
4296,390,6,0
4297,390,7,0
4298,390,8,0
4299,390,9,0
4300,390,10,0
4301,391,0,0
4302,391,1,0
4303,391,2,0
4304,391,3,0
4305,391,4,0
4306,391,5,1
4307,391,6,0
4308,391,7,1
4309,391,8,1
4310,391,9,0
4311,391,10,1
4312,392,0,0
4313,392,1,0
4314,392,2,1
4315,392,3,0
4316,392,4,0
4317,392,5,1
4318,392,6,2
4319,392,7,1
4320,392,8,0
4321,392,9,1
4322,392,10,0
4323,393,0,0
4324,393,1,0
4325,393,2,0
4326,393,3,0
4327,393,4,0
4328,393,5,0
4329,393,6,0
4330,393,7,0
4331,393,8,0
4332,393,9,0
4333,393,10,0
4334,394,0,0
4335,394,1,0
4336,394,2,1
4337,394,3,2
4338,394,4,2
4339,394,5,2
4340,394,6,2
4341,394,7,2
4342,394,8,2
4343,394,9,2
4344,394,10,2
4345,395,0,0
4346,395,1,0
4347,395,2,0
4348,395,3,0
4349,395,4,0
4350,395,5,0
4351,395,6,0
4352,395,7,0
4353,395,8,0
4354,395,9,0
4355,395,10,0
4356,396,0,0
4357,396,1,1
4358,396,2,0
4359,396,3,1
4360,396,4,0
4361,396,5,1
4362,396,6,0
4363,396,7,1
4364,396,8,2
4365,396,9,2
4366,396,10,2
4367,397,0,0
4368,397,1,1
4369,397,2,2
4370,397,3,3
4371,397,4,2
4372,397,5,1
4373,397,6,2
4374,397,7,3
4375,397,8,4
4376,397,9,3
4377,397,10,4
4378,398,0,0
4379,398,1,1
4380,398,2,1
4381,398,3,2
4382,398,4,3
4383,398,5,4
4384,398,6,5
4385,398,7,5
4386,398,8,5
4387,398,9,5
4388,398,10,5
4389,399,0,0
4390,399,1,1
4391,399,2,2
4392,399,3,1
4393,399,4,2
4394,399,5,1
4395,399,6,2
4396,399,7,1
4397,399,8,2
4398,399,9,3
4399,399,10,4
4400,400,0,0
4401,400,1,1
4402,400,2,0
4403,400,3,1
4404,400,4,0
4405,400,5,1
4406,400,6,2
4407,400,7,1
4408,400,8,0
4409,400,9,1
4410,400,10,2
4411,401,0,0
4412,401,1,1
4413,401,2,0
4414,401,3,1
4415,401,4,2
4416,401,5,1
4417,401,6,2
4418,401,7,1
4419,401,8,2
4420,401,9,1
4421,401,10,2
4422,402,0,0
4423,402,1,1
4424,402,2,2
4425,402,3,1
4426,402,4,2
4427,402,5,1
4428,402,6,2
4429,402,7,1
4430,402,8,2
4431,402,9,1
4432,402,10,2
4433,403,0,0
4434,403,1,1
4435,403,2,2
4436,403,3,1
4437,403,4,2
4438,403,5,1
4439,403,6,2
4440,403,7,1
4441,403,8,0
4442,403,9,1
4443,403,10,2
4444,404,0,0
4445,404,1,1
4446,404,2,1
4447,404,3,1
4448,404,4,2
4449,404,5,1
4450,404,6,0
4451,404,7,1
4452,404,8,1
4453,404,9,0
4454,404,10,0
4455,405,0,0
4456,405,1,1
4457,405,2,0
4458,405,3,1
4459,405,4,2
4460,405,5,3
4461,405,6,4
4462,405,7,5
4463,405,8,5
4464,405,9,5
4465,405,10,5
4466,406,0,0
4467,406,1,0
4468,406,2,0
4469,406,3,1
4470,406,4,2
4471,406,5,3
4472,406,6,4
4473,406,7,3
4474,406,8,4
4475,406,9,3
4476,406,10,2
4477,407,0,0
4478,407,1,0
4479,407,2,1
4480,407,3,0
4481,407,4,0
4482,407,5,1
4483,407,6,1
4484,407,7,0
4485,407,8,0
4486,407,9,0
4487,407,10,0
4488,408,0,0
4489,408,1,0
4490,408,2,0
4491,408,3,0
4492,408,4,1
4493,408,5,2
4494,408,6,3
4495,408,7,4
4496,408,8,5
4497,408,9,5
4498,408,10,5
4499,409,0,0
4500,409,1,1
4501,409,2,2
4502,409,3,3
4503,409,4,4
4504,409,5,4
4505,409,6,4
4506,409,7,4
4507,409,8,5
4508,409,9,5
4509,409,10,5
4510,410,0,0
4511,410,1,1
4512,410,2,2
4513,410,3,1
4514,410,4,2
4515,410,5,1
4516,410,6,1
4517,410,7,2
4518,410,8,1
4519,410,9,2
4520,410,10,1
4521,411,0,0
4522,411,1,0
4523,411,2,0
4524,411,3,0
4525,411,4,0
4526,411,5,0
4527,411,6,0
4528,411,7,0
4529,411,8,0
4530,411,9,0
4531,411,10,0
4532,412,0,0
4533,412,1,0
4534,412,2,0
4535,412,3,0
4536,412,4,0
4537,412,5,1
4538,412,6,0
4539,412,7,1
4540,412,8,0
4541,412,9,0
4542,412,10,1
4543,413,0,0
4544,413,1,0
4545,413,2,0
4546,413,3,0
4547,413,4,0
4548,413,5,0
4549,413,6,0
4550,413,7,0
4551,413,8,0
4552,413,9,0
4553,413,10,0
4554,414,0,0
4555,414,1,1
4556,414,2,2
4557,414,3,3
4558,414,4,4
4559,414,5,3
4560,414,6,2
4561,414,7,3
4562,414,8,2
4563,414,9,3
4564,414,10,2
4565,415,0,0
4566,415,1,1
4567,415,2,1
4568,415,3,2
4569,415,4,1
4570,415,5,2
4571,415,6,3
4572,415,7,4
4573,415,8,4
4574,415,9,3
4575,415,10,4
4576,416,0,0
4577,416,1,1
4578,416,2,0
4579,416,3,1
4580,416,4,0
4581,416,5,1
4582,416,6,1
4583,416,7,0
4584,416,8,1
4585,416,9,1
4586,416,10,0
4587,417,0,0
4588,417,1,1
4589,417,2,0
4590,417,3,1
4591,417,4,0
4592,417,5,1
4593,417,6,1
4594,417,7,0
4595,417,8,1
4596,417,9,0
4597,417,10,1
4598,418,0,0
4599,418,1,0
4600,418,2,0
4601,418,3,0
4602,418,4,0
4603,418,5,0
4604,418,6,0
4605,418,7,1
4606,418,8,0
4607,418,9,0
4608,418,10,0
4609,419,0,0
4610,419,1,0
4611,419,2,0
4612,419,3,0
4613,419,4,0
4614,419,5,0
4615,419,6,0
4616,419,7,0
4617,419,8,0
4618,419,9,0
4619,419,10,0
4620,420,0,0
4621,420,1,0
4622,420,2,0
4623,420,3,0
4624,420,4,0
4625,420,5,0
4626,420,6,0
4627,420,7,0
4628,420,8,0
4629,420,9,0
4630,420,10,0
4631,421,0,0
4632,421,1,1
4633,421,2,2
4634,421,3,3
4635,421,4,2
4636,421,5,1
4637,421,6,2
4638,421,7,3
4639,421,8,2
4640,421,9,1
4641,421,10,2
4642,422,0,0
4643,422,1,0
4644,422,2,0
4645,422,3,0
4646,422,4,0
4647,422,5,0
4648,422,6,0
4649,422,7,0
4650,422,8,0
4651,422,9,0
4652,422,10,0
4653,423,0,0
4654,423,1,1
4655,423,2,0
4656,423,3,1
4657,423,4,0
4658,423,5,1
4659,423,6,0
4660,423,7,1
4661,423,8,0
4662,423,9,1
4663,423,10,1
4664,424,0,0
4665,424,1,0
4666,424,2,0
4667,424,3,0
4668,424,4,0
4669,424,5,0
4670,424,6,0
4671,424,7,0
4672,424,8,0
4673,424,9,0
4674,424,10,0
4675,425,0,0
4676,425,1,1
4677,425,2,1
4678,425,3,1
4679,425,4,1
4680,425,5,0
4681,425,6,1
4682,425,7,0
4683,425,8,1
4684,425,9,0
4685,425,10,1
4686,426,0,0
4687,426,1,1
4688,426,2,0
4689,426,3,1
4690,426,4,0
4691,426,5,1
4692,426,6,0
4693,426,7,1
4694,426,8,0
4695,426,9,1
4696,426,10,0
4697,427,0,0
4698,427,1,0
4699,427,2,0
4700,427,3,0
4701,427,4,0
4702,427,5,0
4703,427,6,0
4704,427,7,0
4705,427,8,0
4706,427,9,0
4707,427,10,0
4708,428,0,0
4709,428,1,0
4710,428,2,0
4711,428,3,0
4712,428,4,0
4713,428,5,0
4714,428,6,0
4715,428,7,0
4716,428,8,0
4717,428,9,0
4718,428,10,0
4719,429,0,0
4720,429,1,1
4721,429,2,0
4722,429,3,1
4723,429,4,0
4724,429,5,0
4725,429,6,1
4726,429,7,0
4727,429,8,1
4728,429,9,0
4729,429,10,1
4730,430,0,0
4731,430,1,1
4732,430,2,2
4733,430,3,3
4734,430,4,2
4735,430,5,3
4736,430,6,2
4737,430,7,3
4738,430,8,2
4739,430,9,2
4740,430,10,1
4741,431,0,0
4742,431,1,1
4743,431,2,2
4744,431,3,1
4745,431,4,2
4746,431,5,3
4747,431,6,2
4748,431,7,2
4749,431,8,3
4750,431,9,4
4751,431,10,3
4752,432,0,0
4753,432,1,1
4754,432,2,0
4755,432,3,1
4756,432,4,0
4757,432,5,1
4758,432,6,0
4759,432,7,1
4760,432,8,0
4761,432,9,1
4762,432,10,0
4763,433,0,0
4764,433,1,1
4765,433,2,2
4766,433,3,1
4767,433,4,2
4768,433,5,2
4769,433,6,1
4770,433,7,2
4771,433,8,1
4772,433,9,2
4773,433,10,1
4774,434,0,0
4775,434,1,1
4776,434,2,0
4777,434,3,1
4778,434,4,0
4779,434,5,1
4780,434,6,1
4781,434,7,1
4782,434,8,0
4783,434,9,1
4784,434,10,1
4785,435,0,0
4786,435,1,1
4787,435,2,0
4788,435,3,1
4789,435,4,0
4790,435,5,1
4791,435,6,0
4792,435,7,1
4793,435,8,2
4794,435,9,1
4795,435,10,2
4796,436,0,0
4797,436,1,0
4798,436,2,0
4799,436,3,0
4800,436,4,0
4801,436,5,0
4802,436,6,0
4803,436,7,1
4804,436,8,2
4805,436,9,2
4806,436,10,2
4807,437,0,0
4808,437,1,0
4809,437,2,0
4810,437,3,0
4811,437,4,0
4812,437,5,0
4813,437,6,0
4814,437,7,0
4815,437,8,0
4816,437,9,0
4817,437,10,0
4818,438,0,0
4819,438,1,1
4820,438,2,0
4821,438,3,1
4822,438,4,2
4823,438,5,1
4824,438,6,2
4825,438,7,1
4826,438,8,0
4827,438,9,1
4828,438,10,0
4829,439,0,0
4830,439,1,1
4831,439,2,2
4832,439,3,1
4833,439,4,2
4834,439,5,1
4835,439,6,2
4836,439,7,1
4837,439,8,2
4838,439,9,1
4839,439,10,0
4840,440,0,0
4841,440,1,1
4842,440,2,1
4843,440,3,1
4844,440,4,2
4845,440,5,1
4846,440,6,2
4847,440,7,3
4848,440,8,4
4849,440,9,3
4850,440,10,4
4851,441,0,0
4852,441,1,1
4853,441,2,2
4854,441,3,3
4855,441,4,4
4856,441,5,3
4857,441,6,3
4858,441,7,4
4859,441,8,3
4860,441,9,4
4861,441,10,3
4862,442,0,0
4863,442,1,1
4864,442,2,1
4865,442,3,1
4866,442,4,1
4867,442,5,1
4868,442,6,1
4869,442,7,1
4870,442,8,1
4871,442,9,1
4872,442,10,1
4873,443,0,0
4874,443,1,0
4875,443,2,0
4876,443,3,0
4877,443,4,0
4878,443,5,0
4879,443,6,0
4880,443,7,0
4881,443,8,0
4882,443,9,0
4883,443,10,0
4884,444,0,0
4885,444,1,1
4886,444,2,0
4887,444,3,1
4888,444,4,2
4889,444,5,2
4890,444,6,1
4891,444,7,1
4892,444,8,0
4893,444,9,1
4894,444,10,0
4895,445,0,0
4896,445,1,1
4897,445,2,2
4898,445,3,3
4899,445,4,3
4900,445,5,3
4901,445,6,3
4902,445,7,3
4903,445,8,3
4904,445,9,3
4905,445,10,3
4906,446,0,0
4907,446,1,1
4908,446,2,1
4909,446,3,2
4910,446,4,3
4911,446,5,4
4912,446,6,5
4913,446,7,5
4914,446,8,5
4915,446,9,5
4916,446,10,5
4917,447,0,0
4918,447,1,1
4919,447,2,0
4920,447,3,1
4921,447,4,0
4922,447,5,1
4923,447,6,0
4924,447,7,1
4925,447,8,0
4926,447,9,1
4927,447,10,0
4928,448,0,0
4929,448,1,1
4930,448,2,1
4931,448,3,1
4932,448,4,0
4933,448,5,1
4934,448,6,1
4935,448,7,1
4936,448,8,2
4937,448,9,3
4938,448,10,4
4939,449,0,0
4940,449,1,1
4941,449,2,2
4942,449,3,1
4943,449,4,2
4944,449,5,1
4945,449,6,2
4946,449,7,3
4947,449,8,4
4948,449,9,5
4949,449,10,5
4950,450,0,0
4951,450,1,0
4952,450,2,0
4953,450,3,0
4954,450,4,0
4955,450,5,0
4956,450,6,0
4957,450,7,0
4958,450,8,0
4959,450,9,0
4960,450,10,0
4961,451,0,0
4962,451,1,1
4963,451,2,2
4964,451,3,3
4965,451,4,4
4966,451,5,5
4967,451,6,5
4968,451,7,5
4969,451,8,5
4970,451,9,5
4971,451,10,5
4972,452,0,0
4973,452,1,1
4974,452,2,2
4975,452,3,3
4976,452,4,4
4977,452,5,4
4978,452,6,3
4979,452,7,2
4980,452,8,1
4981,452,9,2
4982,452,10,3
4983,453,0,0
4984,453,1,0
4985,453,2,0
4986,453,3,0
4987,453,4,0
4988,453,5,0
4989,453,6,0
4990,453,7,0
4991,453,8,0
4992,453,9,0
4993,453,10,0
4994,454,0,0
4995,454,1,1
4996,454,2,0
4997,454,3,1
4998,454,4,0
4999,454,5,1
5000,454,6,2
5001,454,7,3
5002,454,8,3
5003,454,9,2
5004,454,10,3
5005,455,0,0
5006,455,1,1
5007,455,2,0
5008,455,3,1
5009,455,4,0
5010,455,5,1
5011,455,6,0
5012,455,7,1
5013,455,8,1
5014,455,9,1
5015,455,10,1
5016,456,0,0
5017,456,1,0
5018,456,2,1
5019,456,3,2
5020,456,4,1
5021,456,5,2
5022,456,6,1
5023,456,7,2
5024,456,8,1
5025,456,9,2
5026,456,10,2
5027,457,0,0
5028,457,1,0
5029,457,2,0
5030,457,3,0
5031,457,4,0
5032,457,5,0
5033,457,6,0
5034,457,7,0
5035,457,8,0
5036,457,9,0
5037,457,10,0
5038,458,0,0
5039,458,1,0
5040,458,2,0
5041,458,3,0
5042,458,4,0
5043,458,5,0
5044,458,6,0
5045,458,7,0
5046,458,8,0
5047,458,9,0
5048,458,10,0
5049,459,0,0
5050,459,1,0
5051,459,2,0
5052,459,3,1
5053,459,4,2
5054,459,5,3
5055,459,6,4
5056,459,7,3
5057,459,8,4
5058,459,9,5
5059,459,10,5
5060,460,0,0
5061,460,1,0
5062,460,2,0
5063,460,3,0
5064,460,4,0
5065,460,5,0
5066,460,6,0
5067,460,7,0
5068,460,8,0
5069,460,9,0
5070,460,10,0
5071,461,0,0
5072,461,1,0
5073,461,2,1
5074,461,3,1
5075,461,4,1
5076,461,5,1
5077,461,6,1
5078,461,7,1
5079,461,8,1
5080,461,9,1
5081,461,10,1
5082,462,0,0
5083,462,1,1
5084,462,2,0
5085,462,3,1
5086,462,4,0
5087,462,5,1
5088,462,6,0
5089,462,7,1
5090,462,8,0
5091,462,9,1
5092,462,10,0
5093,463,0,0
5094,463,1,0
5095,463,2,0
5096,463,3,0
5097,463,4,0
5098,463,5,0
5099,463,6,0
5100,463,7,0
5101,463,8,0
5102,463,9,0
5103,463,10,0
5104,464,0,0
5105,464,1,1
5106,464,2,1
5107,464,3,0
5108,464,4,1
5109,464,5,1
5110,464,6,1
5111,464,7,0
5112,464,8,1
5113,464,9,0
5114,464,10,1
5115,465,0,0
5116,465,1,0
5117,465,2,0
5118,465,3,0
5119,465,4,0
5120,465,5,0
5121,465,6,0
5122,465,7,0
5123,465,8,0
5124,465,9,0
5125,465,10,0
5126,466,0,0
5127,466,1,1
5128,466,2,2
5129,466,3,3
5130,466,4,4
5131,466,5,5
5132,466,6,5
5133,466,7,5
5134,466,8,5
5135,466,9,5
5136,466,10,5
5137,467,0,0
5138,467,1,1
5139,467,2,0
5140,467,3,0
5141,467,4,1
5142,467,5,0
5143,467,6,1
5144,467,7,0
5145,467,8,1
5146,467,9,0
5147,467,10,0
5148,468,0,0
5149,468,1,0
5150,468,2,0
5151,468,3,0
5152,468,4,0
5153,468,5,0
5154,468,6,0
5155,468,7,0
5156,468,8,0
5157,468,9,0
5158,468,10,0
5159,469,0,0
5160,469,1,1
5161,469,2,1
5162,469,3,2
5163,469,4,3
5164,469,5,4
5165,469,6,3
5166,469,7,4
5167,469,8,3
5168,469,9,4
5169,469,10,3
5170,470,0,0
5171,470,1,0
5172,470,2,0
5173,470,3,0
5174,470,4,0
5175,470,5,0
5176,470,6,0
5177,470,7,0
5178,470,8,0
5179,470,9,0
5180,470,10,0
5181,471,0,0
5182,471,1,0
5183,471,2,0
5184,471,3,0
5185,471,4,0
5186,471,5,0
5187,471,6,0
5188,471,7,0
5189,471,8,0
5190,471,9,0
5191,471,10,0
5192,472,0,0
5193,472,1,1
5194,472,2,2
5195,472,3,3
5196,472,4,4
5197,472,5,3
5198,472,6,4
5199,472,7,3
5200,472,8,4
5201,472,9,3
5202,472,10,4
5203,473,0,0
5204,473,1,0
5205,473,2,0
5206,473,3,0
5207,473,4,1
5208,473,5,0
5209,473,6,0
5210,473,7,1
5211,473,8,2
5212,473,9,3
5213,473,10,2
5214,474,0,0
5215,474,1,1
5216,474,2,1
5217,474,3,2
5218,474,4,1
5219,474,5,1
5220,474,6,1
5221,474,7,1
5222,474,8,2
5223,474,9,1
5224,474,10,1
5225,475,0,0
5226,475,1,0
5227,475,2,0
5228,475,3,0
5229,475,4,0
5230,475,5,0
5231,475,6,0
5232,475,7,0
5233,475,8,0
5234,475,9,0
5235,475,10,0
5236,476,0,0
5237,476,1,1
5238,476,2,2
5239,476,3,3
5240,476,4,2
5241,476,5,3
5242,476,6,2
5243,476,7,3
5244,476,8,2
5245,476,9,3
5246,476,10,2
5247,477,0,0
5248,477,1,0
5249,477,2,0
5250,477,3,0
5251,477,4,0
5252,477,5,0
5253,477,6,0
5254,477,7,0
5255,477,8,0
5256,477,9,0
5257,477,10,0
5258,478,0,0
5259,478,1,1
5260,478,2,0
5261,478,3,1
5262,478,4,0
5263,478,5,1
5264,478,6,1
5265,478,7,0
5266,478,8,1
5267,478,9,0
5268,478,10,1
5269,479,0,0
5270,479,1,1
5271,479,2,2
5272,479,3,3
5273,479,4,2
5274,479,5,2
5275,479,6,3
5276,479,7,2
5277,479,8,3
5278,479,9,2
5279,479,10,3
5280,480,0,0
5281,480,1,1
5282,480,2,2
5283,480,3,3
5284,480,4,4
5285,480,5,5
5286,480,6,5
5287,480,7,5
5288,480,8,5
5289,480,9,5
5290,480,10,5
5291,481,0,0
5292,481,1,1
5293,481,2,2
5294,481,3,1
5295,481,4,0
5296,481,5,1
5297,481,6,0
5298,481,7,1
5299,481,8,2
5300,481,9,1
5301,481,10,2
5302,482,0,0
5303,482,1,1
5304,482,2,0
5305,482,3,1
5306,482,4,1
5307,482,5,2
5308,482,6,1
5309,482,7,0
5310,482,8,1
5311,482,9,0
5312,482,10,1
5313,483,0,0
5314,483,1,1
5315,483,2,2
5316,483,3,3
5317,483,4,4
5318,483,5,3
5319,483,6,2
5320,483,7,3
5321,483,8,2
5322,483,9,1
5323,483,10,2
5324,484,0,0
5325,484,1,0
5326,484,2,0
5327,484,3,0
5328,484,4,0
5329,484,5,0
5330,484,6,0
5331,484,7,0
5332,484,8,0
5333,484,9,0
5334,484,10,0
5335,485,0,0
5336,485,1,0
5337,485,2,0
5338,485,3,0
5339,485,4,0
5340,485,5,0
5341,485,6,0
5342,485,7,0
5343,485,8,0
5344,485,9,0
5345,485,10,0
5346,486,0,0
5347,486,1,0
5348,486,2,0
5349,486,3,0
5350,486,4,0
5351,486,5,0
5352,486,6,0
5353,486,7,1
5354,486,8,2
5355,486,9,2
5356,486,10,2
5357,487,0,0
5358,487,1,0
5359,487,2,1
5360,487,3,2
5361,487,4,3
5362,487,5,4
5363,487,6,5
5364,487,7,5
5365,487,8,5
5366,487,9,5
5367,487,10,5
5368,488,0,0
5369,488,1,1
5370,488,2,2
5371,488,3,3
5372,488,4,2
5373,488,5,1
5374,488,6,2
5375,488,7,3
5376,488,8,2
5377,488,9,3
5378,488,10,2
5379,489,0,0
5380,489,1,1
5381,489,2,2
5382,489,3,2
5383,489,4,2
5384,489,5,2
5385,489,6,3
5386,489,7,2
5387,489,8,2
5388,489,9,2
5389,489,10,2
5390,490,0,0
5391,490,1,1
5392,490,2,2
5393,490,3,3
5394,490,4,2
5395,490,5,1
5396,490,6,2
5397,490,7,1
5398,490,8,2
5399,490,9,3
5400,490,10,2
5401,491,0,0
5402,491,1,1
5403,491,2,2
5404,491,3,3
5405,491,4,4
5406,491,5,3
5407,491,6,4
5408,491,7,3
5409,491,8,2
5410,491,9,1
5411,491,10,2
5412,492,0,0
5413,492,1,1
5414,492,2,1
5415,492,3,2
5416,492,4,3
5417,492,5,2
5418,492,6,3
5419,492,7,3
5420,492,8,2
5421,492,9,3
5422,492,10,3
5423,493,0,0
5424,493,1,0
5425,493,2,0
5426,493,3,0
5427,493,4,0
5428,493,5,0
5429,493,6,0
5430,493,7,0
5431,493,8,0
5432,493,9,0
5433,493,10,0
5434,494,0,0
5435,494,1,1
5436,494,2,2
5437,494,3,1
5438,494,4,2
5439,494,5,1
5440,494,6,2
5441,494,7,1
5442,494,8,2
5443,494,9,3
5444,494,10,2
5445,495,0,0
5446,495,1,1
5447,495,2,0
5448,495,3,1
5449,495,4,0
5450,495,5,1
5451,495,6,2
5452,495,7,3
5453,495,8,2
5454,495,9,3
5455,495,10,2
5456,496,0,0
5457,496,1,1
5458,496,2,2
5459,496,3,3
5460,496,4,3
5461,496,5,4
5462,496,6,4
5463,496,7,3
5464,496,8,2
5465,496,9,3
5466,496,10,2
5467,497,0,0
5468,497,1,0
5469,497,2,0
5470,497,3,0
5471,497,4,0
5472,497,5,1
5473,497,6,1
5474,497,7,1
5475,497,8,0
5476,497,9,0
5477,497,10,0
5478,498,0,0
5479,498,1,0
5480,498,2,0
5481,498,3,0
5482,498,4,0
5483,498,5,0
5484,498,6,0
5485,498,7,0
5486,498,8,0
5487,498,9,0
5488,498,10,0
5489,499,0,0
5490,499,1,1
5491,499,2,2
5492,499,3,3
5493,499,4,4
5494,499,5,5
5495,499,6,5
5496,499,7,5
5497,499,8,5
5498,499,9,5
5499,499,10,5
5500,500,0,0
5501,500,1,1
5502,500,2,2
5503,500,3,3
5504,500,4,2
5505,500,5,3
5506,500,6,4
5507,500,7,3
5508,500,8,2
5509,500,9,3
5510,500,10,4
5511,501,0,0
5512,501,1,1
5513,501,2,2
5514,501,3,3
5515,501,4,2
5516,501,5,3
5517,501,6,4
5518,501,7,3
5519,501,8,4
5520,501,9,3
5521,501,10,4
5522,502,0,0
5523,502,1,1
5524,502,2,2
5525,502,3,3
5526,502,4,4
5527,502,5,4
5528,502,6,3
5529,502,7,4
5530,502,8,5
5531,502,9,5
5532,502,10,5
5533,503,0,0
5534,503,1,1
5535,503,2,2
5536,503,3,3
5537,503,4,4
5538,503,5,5
5539,503,6,5
5540,503,7,5
5541,503,8,5
5542,503,9,5
5543,503,10,5
5544,504,0,0
5545,504,1,0
5546,504,2,0
5547,504,3,0
5548,504,4,0
5549,504,5,0
5550,504,6,0
5551,504,7,0
5552,504,8,0
5553,504,9,0
5554,504,10,0
5555,505,0,0
5556,505,1,1
5557,505,2,0
5558,505,3,1
5559,505,4,0
5560,505,5,1
5561,505,6,0
5562,505,7,1
5563,505,8,0
5564,505,9,1
5565,505,10,0
5566,506,0,0
5567,506,1,1
5568,506,2,2
5569,506,3,3
5570,506,4,4
5571,506,5,5
5572,506,6,5
5573,506,7,5
5574,506,8,5
5575,506,9,5
5576,506,10,5
5577,507,0,0
5578,507,1,0
5579,507,2,1
5580,507,3,1
5581,507,4,1
5582,507,5,1
5583,507,6,1
5584,507,7,1
5585,507,8,2
5586,507,9,1
5587,507,10,1
5588,508,0,0
5589,508,1,0
5590,508,2,1
5591,508,3,2
5592,508,4,1
5593,508,5,2
5594,508,6,1
5595,508,7,2
5596,508,8,3
5597,508,9,4
5598,508,10,5
5599,509,0,0
5600,509,1,1
5601,509,2,0
5602,509,3,1
5603,509,4,1
5604,509,5,0
5605,509,6,1
5606,509,7,0
5607,509,8,1
5608,509,9,2
5609,509,10,3
5610,510,0,0
5611,510,1,0
5612,510,2,1
5613,510,3,0
5614,510,4,0
5615,510,5,0
5616,510,6,0
5617,510,7,1
5618,510,8,0
5619,510,9,0
5620,510,10,0
5621,511,0,0
5622,511,1,1
5623,511,2,1
5624,511,3,1
5625,511,4,2
5626,511,5,1
5627,511,6,2
5628,511,7,1
5629,511,8,1
5630,511,9,2
5631,511,10,1
5632,512,0,0
5633,512,1,0
5634,512,2,0
5635,512,3,0
5636,512,4,0
5637,512,5,0
5638,512,6,1
5639,512,7,0
5640,512,8,0
5641,512,9,0
5642,512,10,0
5643,513,0,0
5644,513,1,0
5645,513,2,0
5646,513,3,0
5647,513,4,0
5648,513,5,0
5649,513,6,0
5650,513,7,0
5651,513,8,0
5652,513,9,0
5653,513,10,0
5654,514,0,0
5655,514,1,1
5656,514,2,1
5657,514,3,2
5658,514,4,3
5659,514,5,2
5660,514,6,3
5661,514,7,3
5662,514,8,3
5663,514,9,2
5664,514,10,3
5665,515,0,0
5666,515,1,1
5667,515,2,1
5668,515,3,1
5669,515,4,0
5670,515,5,1
5671,515,6,1
5672,515,7,2
5673,515,8,3
5674,515,9,2
5675,515,10,3
5676,516,0,0
5677,516,1,0
5678,516,2,0
5679,516,3,0
5680,516,4,0
5681,516,5,0
5682,516,6,0
5683,516,7,0
5684,516,8,0
5685,516,9,0
5686,516,10,0
5687,517,0,0
5688,517,1,1
5689,517,2,0
5690,517,3,0
5691,517,4,0
5692,517,5,0
5693,517,6,0
5694,517,7,1
5695,517,8,2
5696,517,9,3
5697,517,10,2
5698,518,0,0
5699,518,1,0
5700,518,2,0
5701,518,3,0
5702,518,4,0
5703,518,5,0
5704,518,6,0
5705,518,7,0
5706,518,8,0
5707,518,9,0
5708,518,10,0
5709,519,0,0
5710,519,1,1
5711,519,2,2
5712,519,3,1
5713,519,4,2
5714,519,5,1
5715,519,6,2
5716,519,7,1
5717,519,8,2
5718,519,9,1
5719,519,10,2
5720,520,0,0
5721,520,1,1
5722,520,2,2
5723,520,3,1
5724,520,4,2
5725,520,5,1
5726,520,6,0
5727,520,7,1
5728,520,8,2
5729,520,9,3
5730,520,10,2
5731,521,0,0
5732,521,1,1
5733,521,2,2
5734,521,3,1
5735,521,4,2
5736,521,5,1
5737,521,6,2
5738,521,7,1
5739,521,8,2
5740,521,9,1
5741,521,10,2
5742,522,0,0
5743,522,1,0
5744,522,2,0
5745,522,3,0
5746,522,4,0
5747,522,5,0
5748,522,6,0
5749,522,7,0
5750,522,8,0
5751,522,9,0
5752,522,10,0
5753,523,0,0
5754,523,1,0
5755,523,2,1
5756,523,3,1
5757,523,4,0
5758,523,5,0
5759,523,6,1
5760,523,7,1
5761,523,8,0
5762,523,9,1
5763,523,10,0
5764,524,0,0
5765,524,1,1
5766,524,2,1
5767,524,3,1
5768,524,4,1
5769,524,5,2
5770,524,6,3
5771,524,7,4
5772,524,8,5
5773,524,9,5
5774,524,10,5
5775,525,0,0
5776,525,1,1
5777,525,2,2
5778,525,3,1
5779,525,4,2
5780,525,5,1
5781,525,6,2
5782,525,7,1
5783,525,8,2
5784,525,9,3
5785,525,10,4
5786,526,0,0
5787,526,1,1
5788,526,2,0
5789,526,3,0
5790,526,4,1
5791,526,5,2
5792,526,6,3
5793,526,7,2
5794,526,8,3
5795,526,9,2
5796,526,10,3
5797,527,0,0
5798,527,1,0
5799,527,2,0
5800,527,3,0
5801,527,4,0
5802,527,5,0
5803,527,6,0
5804,527,7,0
5805,527,8,0
5806,527,9,0
5807,527,10,0
5808,528,0,0
5809,528,1,1
5810,528,2,0
5811,528,3,1
5812,528,4,1
5813,528,5,1
5814,528,6,2
5815,528,7,3
5816,528,8,4
5817,528,9,3
5818,528,10,3
5819,529,0,0
5820,529,1,0
5821,529,2,1
5822,529,3,0
5823,529,4,1
5824,529,5,2
5825,529,6,3
5826,529,7,4
5827,529,8,4
5828,529,9,5
5829,529,10,5
5830,530,0,0
5831,530,1,1
5832,530,2,2
5833,530,3,1
5834,530,4,2
5835,530,5,1
5836,530,6,0
5837,530,7,1
5838,530,8,2
5839,530,9,1
5840,530,10,2
5841,531,0,0
5842,531,1,1
5843,531,2,2
5844,531,3,3
5845,531,4,4
5846,531,5,4
5847,531,6,3
5848,531,7,3
5849,531,8,3
5850,531,9,4
5851,531,10,3
5852,532,0,0
5853,532,1,0
5854,532,2,0
5855,532,3,1
5856,532,4,2
5857,532,5,1
5858,532,6,2
5859,532,7,1
5860,532,8,2
5861,532,9,1
5862,532,10,2
5863,533,0,0
5864,533,1,1
5865,533,2,1
5866,533,3,2
5867,533,4,3
5868,533,5,4
5869,533,6,3
5870,533,7,4
5871,533,8,3
5872,533,9,4
5873,533,10,3
5874,534,0,0
5875,534,1,1
5876,534,2,1
5877,534,3,1
5878,534,4,2
5879,534,5,2
5880,534,6,2
5881,534,7,2
5882,534,8,3
5883,534,9,2
5884,534,10,2
5885,535,0,0
5886,535,1,0
5887,535,2,1
5888,535,3,0
5889,535,4,1
5890,535,5,0
5891,535,6,1
5892,535,7,2
5893,535,8,2
5894,535,9,1
5895,535,10,1
5896,536,0,0
5897,536,1,1
5898,536,2,0
5899,536,3,0
5900,536,4,1
5901,536,5,2
5902,536,6,2
5903,536,7,3
5904,536,8,4
5905,536,9,3
5906,536,10,2
5907,537,0,0
5908,537,1,0
5909,537,2,1
5910,537,3,2
5911,537,4,3
5912,537,5,4
5913,537,6,4
5914,537,7,5
5915,537,8,5
5916,537,9,5
5917,537,10,5
5918,538,0,0
5919,538,1,0
5920,538,2,0
5921,538,3,0
5922,538,4,0
5923,538,5,0
5924,538,6,0
5925,538,7,0
5926,538,8,1
5927,538,9,0
5928,538,10,0
5929,539,0,0
5930,539,1,1
5931,539,2,1
5932,539,3,1
5933,539,4,0
5934,539,5,1
5935,539,6,0
5936,539,7,1
5937,539,8,0
5938,539,9,1
5939,539,10,0
5940,540,0,0
5941,540,1,1
5942,540,2,0
5943,540,3,1
5944,540,4,2
5945,540,5,2
5946,540,6,2
5947,540,7,3
5948,540,8,2
5949,540,9,2
5950,540,10,3
5951,541,0,0
5952,541,1,0
5953,541,2,1
5954,541,3,1
5955,541,4,2
5956,541,5,1
5957,541,6,2
5958,541,7,1
5959,541,8,2
5960,541,9,3
5961,541,10,2
5962,542,0,0
5963,542,1,0
5964,542,2,1
5965,542,3,0
5966,542,4,1
5967,542,5,0
5968,542,6,1
5969,542,7,0
5970,542,8,0
5971,542,9,1
5972,542,10,0
5973,543,0,0
5974,543,1,0
5975,543,2,1
5976,543,3,2
5977,543,4,1
5978,543,5,0
5979,543,6,1
5980,543,7,1
5981,543,8,0
5982,543,9,1
5983,543,10,1
5984,544,0,0
5985,544,1,0
5986,544,2,1
5987,544,3,2
5988,544,4,3
5989,544,5,4
5990,544,6,4
5991,544,7,3
5992,544,8,2
5993,544,9,3
5994,544,10,4
5995,545,0,0
5996,545,1,1
5997,545,2,0
5998,545,3,1
5999,545,4,2
6000,545,5,3
6001,545,6,2
6002,545,7,3
6003,545,8,2
6004,545,9,3
6005,545,10,3
6006,546,0,0
6007,546,1,1
6008,546,2,1
6009,546,3,0
6010,546,4,1
6011,546,5,1
6012,546,6,1
6013,546,7,1
6014,546,8,1
6015,546,9,0
6016,546,10,1
6017,547,0,0
6018,547,1,0
6019,547,2,1
6020,547,3,2
6021,547,4,3
6022,547,5,3
6023,547,6,4
6024,547,7,5
6025,547,8,5
6026,547,9,5
6027,547,10,5
6028,548,0,0
6029,548,1,0
6030,548,2,1
6031,548,3,2
6032,548,4,1
6033,548,5,2
6034,548,6,3
6035,548,7,4
6036,548,8,4
6037,548,9,4
6038,548,10,4
6039,549,0,0
6040,549,1,1
6041,549,2,1
6042,549,3,2
6043,549,4,1
6044,549,5,1
6045,549,6,1
6046,549,7,1
6047,549,8,1
6048,549,9,1
6049,549,10,1
6050,550,0,0
6051,550,1,0
6052,550,2,0
6053,550,3,0
6054,550,4,0
6055,550,5,0
6056,550,6,0
6057,550,7,0
6058,550,8,0
6059,550,9,0
6060,550,10,0
6061,551,0,0
6062,551,1,1
6063,551,2,2
6064,551,3,2
6065,551,4,2
6066,551,5,1
6067,551,6,2
6068,551,7,2
6069,551,8,1
6070,551,9,2
6071,551,10,1
6072,552,0,0
6073,552,1,0
6074,552,2,0
6075,552,3,0
6076,552,4,0
6077,552,5,0
6078,552,6,0
6079,552,7,0
6080,552,8,0
6081,552,9,0
6082,552,10,0
6083,553,0,0
6084,553,1,1
6085,553,2,0
6086,553,3,1
6087,553,4,0
6088,553,5,1
6089,553,6,2
6090,553,7,1
6091,553,8,2
6092,553,9,1
6093,553,10,2
6094,554,0,0
6095,554,1,1
6096,554,2,0
6097,554,3,1
6098,554,4,0
6099,554,5,1
6100,554,6,0
6101,554,7,1
6102,554,8,0
6103,554,9,1
6104,554,10,0
6105,555,0,0
6106,555,1,1
6107,555,2,0
6108,555,3,1
6109,555,4,0
6110,555,5,1
6111,555,6,2
6112,555,7,1
6113,555,8,0
6114,555,9,1
6115,555,10,1
6116,556,0,0
6117,556,1,1
6118,556,2,1
6119,556,3,1
6120,556,4,1
6121,556,5,1
6122,556,6,1
6123,556,7,1
6124,556,8,2
6125,556,9,3
6126,556,10,2
6127,557,0,0
6128,557,1,1
6129,557,2,2
6130,557,3,3
6131,557,4,3
6132,557,5,4
6133,557,6,5
6134,557,7,5
6135,557,8,5
6136,557,9,5
6137,557,10,5
6138,558,0,0
6139,558,1,1
6140,558,2,1
6141,558,3,1
6142,558,4,1
6143,558,5,1
6144,558,6,2
6145,558,7,1
6146,558,8,2
6147,558,9,1
6148,558,10,2
6149,559,0,0
6150,559,1,1
6151,559,2,0
6152,559,3,1
6153,559,4,0
6154,559,5,1
6155,559,6,1
6156,559,7,1
6157,559,8,2
6158,559,9,3
6159,559,10,3
6160,560,0,0
6161,560,1,1
6162,560,2,2
6163,560,3,1
6164,560,4,2
6165,560,5,1
6166,560,6,2
6167,560,7,1
6168,560,8,2
6169,560,9,1
6170,560,10,2
6171,561,0,0
6172,561,1,1
6173,561,2,2
6174,561,3,2
6175,561,4,2
6176,561,5,3
6177,561,6,2
6178,561,7,2
6179,561,8,2
6180,561,9,2
6181,561,10,2
6182,562,0,0
6183,562,1,0
6184,562,2,1
6185,562,3,0
6186,562,4,1
6187,562,5,0
6188,562,6,0
6189,562,7,0
6190,562,8,0
6191,562,9,1
6192,562,10,0
6193,563,0,0
6194,563,1,1
6195,563,2,2
6196,563,3,1
6197,563,4,2
6198,563,5,3
6199,563,6,4
6200,563,7,3
6201,563,8,4
6202,563,9,5
6203,563,10,5
6204,564,0,0
6205,564,1,1
6206,564,2,0
6207,564,3,1
6208,564,4,0
6209,564,5,1
6210,564,6,0
6211,564,7,1
6212,564,8,0
6213,564,9,1
6214,564,10,0
6215,565,0,0
6216,565,1,1
6217,565,2,1
6218,565,3,2
6219,565,4,3
6220,565,5,3
6221,565,6,2
6222,565,7,1
6223,565,8,1
6224,565,9,1
6225,565,10,1
6226,566,0,0
6227,566,1,1
6228,566,2,2
6229,566,3,2
6230,566,4,3
6231,566,5,2
6232,566,6,3
6233,566,7,4
6234,566,8,3
6235,566,9,4
6236,566,10,3
6237,567,0,0
6238,567,1,1
6239,567,2,2
6240,567,3,3
6241,567,4,4
6242,567,5,4
6243,567,6,3
6244,567,7,4
6245,567,8,3
6246,567,9,2
6247,567,10,3
6248,568,0,0
6249,568,1,1
6250,568,2,2
6251,568,3,1
6252,568,4,2
6253,568,5,1
6254,568,6,2
6255,568,7,1
6256,568,8,2
6257,568,9,1
6258,568,10,2
6259,569,0,0
6260,569,1,1
6261,569,2,2
6262,569,3,3
6263,569,4,4
6264,569,5,3
6265,569,6,4
6266,569,7,3
6267,569,8,2
6268,569,9,3
6269,569,10,4
6270,570,0,0
6271,570,1,1
6272,570,2,2
6273,570,3,3
6274,570,4,2
6275,570,5,3
6276,570,6,2
6277,570,7,3
6278,570,8,2
6279,570,9,3
6280,570,10,2
6281,571,0,0
6282,571,1,1
6283,571,2,2
6284,571,3,3
6285,571,4,4
6286,571,5,3
6287,571,6,4
6288,571,7,3
6289,571,8,2
6290,571,9,3
6291,571,10,4
6292,572,0,0
6293,572,1,1
6294,572,2,2
6295,572,3,3
6296,572,4,4
6297,572,5,3
6298,572,6,2
6299,572,7,3
6300,572,8,2
6301,572,9,3
6302,572,10,2
6303,573,0,0
6304,573,1,0
6305,573,2,1
6306,573,3,1
6307,573,4,0
6308,573,5,1
6309,573,6,1
6310,573,7,1
6311,573,8,1
6312,573,9,1
6313,573,10,0
6314,574,0,0
6315,574,1,1
6316,574,2,2
6317,574,3,1
6318,574,4,2
6319,574,5,1
6320,574,6,1
6321,574,7,2
6322,574,8,2
6323,574,9,1
6324,574,10,1
6325,575,0,0
6326,575,1,1
6327,575,2,2
6328,575,3,3
6329,575,4,2
6330,575,5,3
6331,575,6,4
6332,575,7,4
6333,575,8,4
6334,575,9,4
6335,575,10,4
6336,576,0,0
6337,576,1,0
6338,576,2,0
6339,576,3,0
6340,576,4,0
6341,576,5,0
6342,576,6,0
6343,576,7,0
6344,576,8,0
6345,576,9,0
6346,576,10,0
6347,577,0,0
6348,577,1,1
6349,577,2,2
6350,577,3,3
6351,577,4,3
6352,577,5,4
6353,577,6,3
6354,577,7,4
6355,577,8,3
6356,577,9,4
6357,577,10,4
6358,578,0,0
6359,578,1,1
6360,578,2,1
6361,578,3,2
6362,578,4,3
6363,578,5,2
6364,578,6,2
6365,578,7,2
6366,578,8,2
6367,578,9,2
6368,578,10,2
6369,579,0,0
6370,579,1,1
6371,579,2,2
6372,579,3,3
6373,579,4,4
6374,579,5,3
6375,579,6,4
6376,579,7,3
6377,579,8,4
6378,579,9,3
6379,579,10,4
6380,580,0,0
6381,580,1,1
6382,580,2,2
6383,580,3,2
6384,580,4,2
6385,580,5,3
6386,580,6,4
6387,580,7,5
6388,580,8,5
6389,580,9,5
6390,580,10,5
6391,581,0,0
6392,581,1,1
6393,581,2,2
6394,581,3,2
6395,581,4,1
6396,581,5,2
6397,581,6,1
6398,581,7,2
6399,581,8,1
6400,581,9,0
6401,581,10,1
6402,582,0,0
6403,582,1,0
6404,582,2,0
6405,582,3,0
6406,582,4,1
6407,582,5,0
6408,582,6,0
6409,582,7,0
6410,582,8,0
6411,582,9,0
6412,582,10,0
6413,583,0,0
6414,583,1,1
6415,583,2,1
6416,583,3,0
6417,583,4,1
6418,583,5,0
6419,583,6,1
6420,583,7,0
6421,583,8,1
6422,583,9,0
6423,583,10,1
6424,584,0,0
6425,584,1,1
6426,584,2,0
6427,584,3,1
6428,584,4,0
6429,584,5,1
6430,584,6,2
6431,584,7,3
6432,584,8,4
6433,584,9,3
6434,584,10,2
6435,585,0,0
6436,585,1,0
6437,585,2,0
6438,585,3,0
6439,585,4,0
6440,585,5,0
6441,585,6,0
6442,585,7,0
6443,585,8,0
6444,585,9,0
6445,585,10,0
6446,586,0,0
6447,586,1,0
6448,586,2,0
6449,586,3,0
6450,586,4,0
6451,586,5,0
6452,586,6,0
6453,586,7,0
6454,586,8,0
6455,586,9,0
6456,586,10,0
6457,587,0,0
6458,587,1,0
6459,587,2,0
6460,587,3,0
6461,587,4,0
6462,587,5,0
6463,587,6,0
6464,587,7,0
6465,587,8,0
6466,587,9,0
6467,587,10,0
6468,588,0,0
6469,588,1,0
6470,588,2,0
6471,588,3,0
6472,588,4,0
6473,588,5,0
6474,588,6,0
6475,588,7,0
6476,588,8,0
6477,588,9,0
6478,588,10,0
6479,589,0,0
6480,589,1,0
6481,589,2,0
6482,589,3,0
6483,589,4,0
6484,589,5,0
6485,589,6,0
6486,589,7,0
6487,589,8,0
6488,589,9,1
6489,589,10,0
6490,590,0,0
6491,590,1,1
6492,590,2,0
6493,590,3,1
6494,590,4,2
6495,590,5,1
6496,590,6,2
6497,590,7,1
6498,590,8,2
6499,590,9,1
6500,590,10,2
6501,591,0,0
6502,591,1,0
6503,591,2,1
6504,591,3,0
6505,591,4,0
6506,591,5,0
6507,591,6,0
6508,591,7,1
6509,591,8,0
6510,591,9,0
6511,591,10,0
6512,592,0,0
6513,592,1,1
6514,592,2,0
6515,592,3,1
6516,592,4,2
6517,592,5,2
6518,592,6,3
6519,592,7,3
6520,592,8,3
6521,592,9,3
6522,592,10,4
6523,593,0,0
6524,593,1,0
6525,593,2,1
6526,593,3,2
6527,593,4,1
6528,593,5,2
6529,593,6,1
6530,593,7,0
6531,593,8,1
6532,593,9,0
6533,593,10,1
6534,594,0,0
6535,594,1,0
6536,594,2,0
6537,594,3,0
6538,594,4,0
6539,594,5,1
6540,594,6,0
6541,594,7,1
6542,594,8,1
6543,594,9,1
6544,594,10,0
6545,595,0,0
6546,595,1,1
6547,595,2,1
6548,595,3,2
6549,595,4,3
6550,595,5,4
6551,595,6,4
6552,595,7,5
6553,595,8,5
6554,595,9,5
6555,595,10,5
6556,596,0,0
6557,596,1,0
6558,596,2,1
6559,596,3,0
6560,596,4,1
6561,596,5,1
6562,596,6,0
6563,596,7,0
6564,596,8,0
6565,596,9,1
6566,596,10,0
6567,597,0,0
6568,597,1,1
6569,597,2,0
6570,597,3,1
6571,597,4,1
6572,597,5,0
6573,597,6,1
6574,597,7,0
6575,597,8,1
6576,597,9,0
6577,597,10,1
6578,598,0,0
6579,598,1,0
6580,598,2,0
6581,598,3,0
6582,598,4,0
6583,598,5,0
6584,598,6,0
6585,598,7,0
6586,598,8,0
6587,598,9,0
6588,598,10,0
6589,599,0,0
6590,599,1,0
6591,599,2,1
6592,599,3,2
6593,599,4,3
6594,599,5,4
6595,599,6,3
6596,599,7,2
6597,599,8,3
6598,599,9,4
6599,599,10,5
6600,600,0,0
6601,600,1,1
6602,600,2,0
6603,600,3,1
6604,600,4,2
6605,600,5,3
6606,600,6,2
6607,600,7,3
6608,600,8,2
6609,600,9,3
6610,600,10,2
6611,601,0,0
6612,601,1,1
6613,601,2,2
6614,601,3,1
6615,601,4,2
6616,601,5,1
6617,601,6,2
6618,601,7,1
6619,601,8,2
6620,601,9,1
6621,601,10,2
6622,602,0,0
6623,602,1,0
6624,602,2,0
6625,602,3,0
6626,602,4,0
6627,602,5,0
6628,602,6,0
6629,602,7,0
6630,602,8,0
6631,602,9,0
6632,602,10,1
6633,603,0,0
6634,603,1,0
6635,603,2,0
6636,603,3,0
6637,603,4,0
6638,603,5,1
6639,603,6,0
6640,603,7,0
6641,603,8,1
6642,603,9,0
6643,603,10,1
6644,604,0,0
6645,604,1,1
6646,604,2,0
6647,604,3,1
6648,604,4,1
6649,604,5,1
6650,604,6,2
6651,604,7,1
6652,604,8,2
6653,604,9,3
6654,604,10,3
6655,605,0,0
6656,605,1,0
6657,605,2,1
6658,605,3,0
6659,605,4,1
6660,605,5,0
6661,605,6,1
6662,605,7,1
6663,605,8,2
6664,605,9,1
6665,605,10,2
6666,606,0,0
6667,606,1,0
6668,606,2,0
6669,606,3,0
6670,606,4,0
6671,606,5,0
6672,606,6,0
6673,606,7,0
6674,606,8,0
6675,606,9,0
6676,606,10,0
6677,607,0,0
6678,607,1,0
6679,607,2,0
6680,607,3,0
6681,607,4,0
6682,607,5,0
6683,607,6,0
6684,607,7,1
6685,607,8,2
6686,607,9,2
6687,607,10,2
6688,608,0,0
6689,608,1,1
6690,608,2,2
6691,608,3,3
6692,608,4,3
6693,608,5,3
6694,608,6,3
6695,608,7,2
6696,608,8,3
6697,608,9,2
6698,608,10,3
6699,609,0,0
6700,609,1,0
6701,609,2,0
6702,609,3,0
6703,609,4,0
6704,609,5,0
6705,609,6,0
6706,609,7,0
6707,609,8,0
6708,609,9,0
6709,609,10,0
6710,610,0,0
6711,610,1,0
6712,610,2,0
6713,610,3,0
6714,610,4,0
6715,610,5,0
6716,610,6,0
6717,610,7,0
6718,610,8,0
6719,610,9,0
6720,610,10,0
6721,611,0,0
6722,611,1,1
6723,611,2,2
6724,611,3,1
6725,611,4,2
6726,611,5,3
6727,611,6,4
6728,611,7,3
6729,611,8,4
6730,611,9,3
6731,611,10,4
6732,612,0,0
6733,612,1,0
6734,612,2,0
6735,612,3,0
6736,612,4,0
6737,612,5,1
6738,612,6,0
6739,612,7,0
6740,612,8,0
6741,612,9,0
6742,612,10,0
6743,613,0,0
6744,613,1,1
6745,613,2,2
6746,613,3,3
6747,613,4,4
6748,613,5,5
6749,613,6,5
6750,613,7,5
6751,613,8,5
6752,613,9,5
6753,613,10,5
6754,614,0,0
6755,614,1,1
6756,614,2,0
6757,614,3,1
6758,614,4,0
6759,614,5,1
6760,614,6,2
6761,614,7,3
6762,614,8,3
6763,614,9,3
6764,614,10,2
6765,615,0,0
6766,615,1,1
6767,615,2,0
6768,615,3,1
6769,615,4,0
6770,615,5,1
6771,615,6,0
6772,615,7,1
6773,615,8,1
6774,615,9,1
6775,615,10,1
6776,616,0,0
6777,616,1,1
6778,616,2,2
6779,616,3,1
6780,616,4,2
6781,616,5,1
6782,616,6,2
6783,616,7,1
6784,616,8,2
6785,616,9,1
6786,616,10,2
6787,617,0,0
6788,617,1,1
6789,617,2,2
6790,617,3,3
6791,617,4,2
6792,617,5,3
6793,617,6,4
6794,617,7,5
6795,617,8,5
6796,617,9,5
6797,617,10,5
6798,618,0,0
6799,618,1,1
6800,618,2,1
6801,618,3,0
6802,618,4,1
6803,618,5,2
6804,618,6,3
6805,618,7,4
6806,618,8,3
6807,618,9,4
6808,618,10,3
6809,619,0,0
6810,619,1,1
6811,619,2,2
6812,619,3,2
6813,619,4,3
6814,619,5,2
6815,619,6,3
6816,619,7,2
6817,619,8,3
6818,619,9,4
6819,619,10,5
6820,620,0,0
6821,620,1,1
6822,620,2,0
6823,620,3,1
6824,620,4,1
6825,620,5,0
6826,620,6,1
6827,620,7,1
6828,620,8,1
6829,620,9,1
6830,620,10,0
6831,621,0,0
6832,621,1,1
6833,621,2,2
6834,621,3,1
6835,621,4,2
6836,621,5,1
6837,621,6,2
6838,621,7,2
6839,621,8,3
6840,621,9,2
6841,621,10,1
6842,622,0,0
6843,622,1,0
6844,622,2,0
6845,622,3,0
6846,622,4,0
6847,622,5,0
6848,622,6,0
6849,622,7,0
6850,622,8,0
6851,622,9,0
6852,622,10,0
6853,623,0,0
6854,623,1,1
6855,623,2,0
6856,623,3,1
6857,623,4,2
6858,623,5,1
6859,623,6,2
6860,623,7,1
6861,623,8,2
6862,623,9,3
6863,623,10,4
6864,624,0,0
6865,624,1,1
6866,624,2,0
6867,624,3,0
6868,624,4,0
6869,624,5,0
6870,624,6,0
6871,624,7,0
6872,624,8,0
6873,624,9,0
6874,624,10,0
6875,625,0,0
6876,625,1,1
6877,625,2,2
6878,625,3,3
6879,625,4,4
6880,625,5,3
6881,625,6,2
6882,625,7,3
6883,625,8,2
6884,625,9,3
6885,625,10,4
6886,626,0,0
6887,626,1,1
6888,626,2,0
6889,626,3,1
6890,626,4,2
6891,626,5,3
6892,626,6,4
6893,626,7,3
6894,626,8,2
6895,626,9,3
6896,626,10,4
6897,627,0,0
6898,627,1,1
6899,627,2,1
6900,627,3,1
6901,627,4,1
6902,627,5,0
6903,627,6,0
6904,627,7,1
6905,627,8,2
6906,627,9,1
6907,627,10,1
6908,628,0,0
6909,628,1,1
6910,628,2,2
6911,628,3,3
6912,628,4,4
6913,628,5,3
6914,628,6,2
6915,628,7,1
6916,628,8,2
6917,628,9,3
6918,628,10,2
6919,629,0,0
6920,629,1,1
6921,629,2,0
6922,629,3,1
6923,629,4,0
6924,629,5,0
6925,629,6,1
6926,629,7,0
6927,629,8,1
6928,629,9,2
6929,629,10,1
6930,630,0,0
6931,630,1,0
6932,630,2,1
6933,630,3,2
6934,630,4,3
6935,630,5,4
6936,630,6,3
6937,630,7,4
6938,630,8,3
6939,630,9,3
6940,630,10,4
6941,631,0,0
6942,631,1,0
6943,631,2,0
6944,631,3,0
6945,631,4,0
6946,631,5,1
6947,631,6,0
6948,631,7,0
6949,631,8,0
6950,631,9,0
6951,631,10,0
6952,632,0,0
6953,632,1,0
6954,632,2,1
6955,632,3,0
6956,632,4,0
6957,632,5,1
6958,632,6,0
6959,632,7,1
6960,632,8,0
6961,632,9,0
6962,632,10,0
6963,633,0,0
6964,633,1,1
6965,633,2,2
6966,633,3,2
6967,633,4,3
6968,633,5,4
6969,633,6,5
6970,633,7,5
6971,633,8,5
6972,633,9,5
6973,633,10,5
6974,634,0,0
6975,634,1,1
6976,634,2,0
6977,634,3,1
6978,634,4,0
6979,634,5,1
6980,634,6,0
6981,634,7,0
6982,634,8,1
6983,634,9,0
6984,634,10,1
6985,635,0,0
6986,635,1,1
6987,635,2,2
6988,635,3,3
6989,635,4,2
6990,635,5,3
6991,635,6,2
6992,635,7,3
6993,635,8,2
6994,635,9,3
6995,635,10,2
6996,636,0,0
6997,636,1,1
6998,636,2,2
6999,636,3,1
7000,636,4,2
7001,636,5,1
7002,636,6,2
7003,636,7,1
7004,636,8,2
7005,636,9,1
7006,636,10,2
7007,637,0,0
7008,637,1,1
7009,637,2,0
7010,637,3,0
7011,637,4,1
7012,637,5,1
7013,637,6,1
7014,637,7,0
7015,637,8,0
7016,637,9,0
7017,637,10,0
7018,638,0,0
7019,638,1,0
7020,638,2,1
7021,638,3,0
7022,638,4,1
7023,638,5,0
7024,638,6,1
7025,638,7,0
7026,638,8,0
7027,638,9,1
7028,638,10,2
7029,639,0,0
7030,639,1,1
7031,639,2,2
7032,639,3,2
7033,639,4,2
7034,639,5,3
7035,639,6,4
7036,639,7,3
7037,639,8,3
7038,639,9,4
7039,639,10,5
7040,640,0,0
7041,640,1,1
7042,640,2,2
7043,640,3,1
7044,640,4,2
7045,640,5,3
7046,640,6,4
7047,640,7,3
7048,640,8,4
7049,640,9,3
7050,640,10,4
7051,641,0,0
7052,641,1,1
7053,641,2,1
7054,641,3,1
7055,641,4,1
7056,641,5,1
7057,641,6,1
7058,641,7,1
7059,641,8,1
7060,641,9,1
7061,641,10,1
7062,642,0,0
7063,642,1,1
7064,642,2,2
7065,642,3,1
7066,642,4,2
7067,642,5,1
7068,642,6,2
7069,642,7,1
7070,642,8,0
7071,642,9,1
7072,642,10,2
7073,643,0,0
7074,643,1,0
7075,643,2,0
7076,643,3,0
7077,643,4,0
7078,643,5,0
7079,643,6,1
7080,643,7,0
7081,643,8,1
7082,643,9,1
7083,643,10,2
7084,644,0,0
7085,644,1,1
7086,644,2,2
7087,644,3,1
7088,644,4,0
7089,644,5,1
7090,644,6,2
7091,644,7,1
7092,644,8,0
7093,644,9,1
7094,644,10,0
7095,645,0,0
7096,645,1,0
7097,645,2,0
7098,645,3,0
7099,645,4,0
7100,645,5,0
7101,645,6,0
7102,645,7,0
7103,645,8,0
7104,645,9,0
7105,645,10,0
7106,646,0,0
7107,646,1,0
7108,646,2,0
7109,646,3,0
7110,646,4,0
7111,646,5,0
7112,646,6,0
7113,646,7,1
7114,646,8,0
7115,646,9,0
7116,646,10,0
7117,647,0,0
7118,647,1,1
7119,647,2,1
7120,647,3,2
7121,647,4,1
7122,647,5,2
7123,647,6,1
7124,647,7,2
7125,647,8,1
7126,647,9,1
7127,647,10,2
7128,648,0,0
7129,648,1,0
7130,648,2,0
7131,648,3,0
7132,648,4,0
7133,648,5,0
7134,648,6,0
7135,648,7,0
7136,648,8,0
7137,648,9,0
7138,648,10,0
7139,649,0,0
7140,649,1,0
7141,649,2,0
7142,649,3,0
7143,649,4,0
7144,649,5,0
7145,649,6,0
7146,649,7,0
7147,649,8,0
7148,649,9,0
7149,649,10,0
7150,650,0,0
7151,650,1,0
7152,650,2,0
7153,650,3,0
7154,650,4,0
7155,650,5,0
7156,650,6,0
7157,650,7,0
7158,650,8,0
7159,650,9,0
7160,650,10,0
7161,651,0,0
7162,651,1,1
7163,651,2,1
7164,651,3,1
7165,651,4,0
7166,651,5,1
7167,651,6,1
7168,651,7,1
7169,651,8,1
7170,651,9,0
7171,651,10,1
7172,652,0,0
7173,652,1,1
7174,652,2,0
7175,652,3,1
7176,652,4,2
7177,652,5,3
7178,652,6,4
7179,652,7,5
7180,652,8,5
7181,652,9,5
7182,652,10,5
7183,653,0,0
7184,653,1,0
7185,653,2,0
7186,653,3,0
7187,653,4,0
7188,653,5,0
7189,653,6,0
7190,653,7,0
7191,653,8,0
7192,653,9,0
7193,653,10,0
7194,654,0,0
7195,654,1,0
7196,654,2,0
7197,654,3,1
7198,654,4,2
7199,654,5,3
7200,654,6,3
7201,654,7,3
7202,654,8,3
7203,654,9,3
7204,654,10,3
7205,655,0,0
7206,655,1,0
7207,655,2,0
7208,655,3,0
7209,655,4,0
7210,655,5,1
7211,655,6,0
7212,655,7,0
7213,655,8,0
7214,655,9,0
7215,655,10,1
7216,656,0,0
7217,656,1,0
7218,656,2,0
7219,656,3,0
7220,656,4,0
7221,656,5,1
7222,656,6,1
7223,656,7,0
7224,656,8,0
7225,656,9,0
7226,656,10,0
7227,657,0,0
7228,657,1,0
7229,657,2,0
7230,657,3,1
7231,657,4,0
7232,657,5,0
7233,657,6,0
7234,657,7,1
7235,657,8,1
7236,657,9,0
7237,657,10,0
7238,658,0,0
7239,658,1,1
7240,658,2,0
7241,658,3,1
7242,658,4,0
7243,658,5,1
7244,658,6,0
7245,658,7,1
7246,658,8,2
7247,658,9,3
7248,658,10,2
7249,659,0,0
7250,659,1,1
7251,659,2,0
7252,659,3,1
7253,659,4,1
7254,659,5,0
7255,659,6,1
7256,659,7,2
7257,659,8,3
7258,659,9,4
7259,659,10,5
7260,660,0,0
7261,660,1,1
7262,660,2,2
7263,660,3,3
7264,660,4,2
7265,660,5,3
7266,660,6,4
7267,660,7,3
7268,660,8,2
7269,660,9,3
7270,660,10,4
7271,661,0,0
7272,661,1,0
7273,661,2,0
7274,661,3,0
7275,661,4,0
7276,661,5,0
7277,661,6,0
7278,661,7,0
7279,661,8,0
7280,661,9,0
7281,661,10,0
7282,662,0,0
7283,662,1,1
7284,662,2,0
7285,662,3,1
7286,662,4,0
7287,662,5,1
7288,662,6,0
7289,662,7,1
7290,662,8,2
7291,662,9,3
7292,662,10,2
7293,663,0,0
7294,663,1,0
7295,663,2,0
7296,663,3,0
7297,663,4,0
7298,663,5,1
7299,663,6,0
7300,663,7,0
7301,663,8,0
7302,663,9,0
7303,663,10,0
7304,664,0,0
7305,664,1,0
7306,664,2,0
7307,664,3,0
7308,664,4,0
7309,664,5,0
7310,664,6,1
7311,664,7,1
7312,664,8,0
7313,664,9,0
7314,664,10,0
7315,665,0,0
7316,665,1,1
7317,665,2,0
7318,665,3,0
7319,665,4,1
7320,665,5,2
7321,665,6,3
7322,665,7,3
7323,665,8,4
7324,665,9,3
7325,665,10,4
7326,666,0,0
7327,666,1,0
7328,666,2,0
7329,666,3,0
7330,666,4,0
7331,666,5,0
7332,666,6,0
7333,666,7,0
7334,666,8,0
7335,666,9,0
7336,666,10,0
7337,667,0,0
7338,667,1,0
7339,667,2,0
7340,667,3,0
7341,667,4,0
7342,667,5,0
7343,667,6,0
7344,667,7,0
7345,667,8,0
7346,667,9,0
7347,667,10,0
7348,668,0,0
7349,668,1,1
7350,668,2,0
7351,668,3,1
7352,668,4,1
7353,668,5,2
7354,668,6,3
7355,668,7,4
7356,668,8,4
7357,668,9,4
7358,668,10,5
7359,669,0,0
7360,669,1,0
7361,669,2,0
7362,669,3,0
7363,669,4,0
7364,669,5,0
7365,669,6,0
7366,669,7,0
7367,669,8,0
7368,669,9,0
7369,669,10,0
7370,670,0,0
7371,670,1,0
7372,670,2,0
7373,670,3,0
7374,670,4,0
7375,670,5,0
7376,670,6,0
7377,670,7,0
7378,670,8,0
7379,670,9,0
7380,670,10,0
7381,671,0,0
7382,671,1,0
7383,671,2,0
7384,671,3,0
7385,671,4,0
7386,671,5,0
7387,671,6,0
7388,671,7,0
7389,671,8,0
7390,671,9,1
7391,671,10,0
7392,672,0,0
7393,672,1,1
7394,672,2,0
7395,672,3,0
7396,672,4,1
7397,672,5,0
7398,672,6,0
7399,672,7,1
7400,672,8,0
7401,672,9,0
7402,672,10,0
7403,673,0,0
7404,673,1,0
7405,673,2,0
7406,673,3,0
7407,673,4,1
7408,673,5,0
7409,673,6,1
7410,673,7,0
7411,673,8,0
7412,673,9,1
7413,673,10,2
7414,674,0,0
7415,674,1,0
7416,674,2,0
7417,674,3,0
7418,674,4,0
7419,674,5,0
7420,674,6,0
7421,674,7,0
7422,674,8,0
7423,674,9,0
7424,674,10,0
7425,675,0,0
7426,675,1,0
7427,675,2,0
7428,675,3,0
7429,675,4,0
7430,675,5,0
7431,675,6,0
7432,675,7,0
7433,675,8,0
7434,675,9,0
7435,675,10,0
7436,676,0,0
7437,676,1,0
7438,676,2,0
7439,676,3,0
7440,676,4,0
7441,676,5,0
7442,676,6,0
7443,676,7,0
7444,676,8,0
7445,676,9,0
7446,676,10,0
7447,677,0,0
7448,677,1,1
7449,677,2,2
7450,677,3,3
7451,677,4,3
7452,677,5,2
7453,677,6,2
7454,677,7,3
7455,677,8,3
7456,677,9,3
7457,677,10,4
7458,678,0,0
7459,678,1,0
7460,678,2,0
7461,678,3,0
7462,678,4,0
7463,678,5,0
7464,678,6,0
7465,678,7,0
7466,678,8,0
7467,678,9,0
7468,678,10,0
7469,679,0,0
7470,679,1,1
7471,679,2,1
7472,679,3,2
7473,679,4,3
7474,679,5,4
7475,679,6,5
7476,679,7,5
7477,679,8,5
7478,679,9,5
7479,679,10,5
7480,680,0,0
7481,680,1,0
7482,680,2,0
7483,680,3,0
7484,680,4,0
7485,680,5,0
7486,680,6,0
7487,680,7,0
7488,680,8,0
7489,680,9,0
7490,680,10,0
7491,681,0,0
7492,681,1,1
7493,681,2,2
7494,681,3,3
7495,681,4,3
7496,681,5,3
7497,681,6,2
7498,681,7,3
7499,681,8,4
7500,681,9,5
7501,681,10,5
7502,682,0,0
7503,682,1,1
7504,682,2,2
7505,682,3,1
7506,682,4,2
7507,682,5,3
7508,682,6,2
7509,682,7,1
7510,682,8,2
7511,682,9,1
7512,682,10,2
7513,683,0,0
7514,683,1,1
7515,683,2,2
7516,683,3,3
7517,683,4,4
7518,683,5,5
7519,683,6,5
7520,683,7,5
7521,683,8,5
7522,683,9,5
7523,683,10,5
7524,684,0,0
7525,684,1,1
7526,684,2,1
7527,684,3,2
7528,684,4,3
7529,684,5,2
7530,684,6,1
7531,684,7,2
7532,684,8,1
7533,684,9,2
7534,684,10,3
7535,685,0,0
7536,685,1,1
7537,685,2,0
7538,685,3,1
7539,685,4,1
7540,685,5,2
7541,685,6,2
7542,685,7,2
7543,685,8,1
7544,685,9,1
7545,685,10,0
7546,686,0,0
7547,686,1,1
7548,686,2,2
7549,686,3,1
7550,686,4,2
7551,686,5,1
7552,686,6,2
7553,686,7,1
7554,686,8,2
7555,686,9,3
7556,686,10,2
7557,687,0,0
7558,687,1,1
7559,687,2,1
7560,687,3,1
7561,687,4,1
7562,687,5,0
7563,687,6,1
7564,687,7,2
7565,687,8,2
7566,687,9,1
7567,687,10,1
7568,688,0,0
7569,688,1,0
7570,688,2,1
7571,688,3,2
7572,688,4,2
7573,688,5,3
7574,688,6,4
7575,688,7,4
7576,688,8,3
7577,688,9,4
7578,688,10,3
7579,689,0,0
7580,689,1,0
7581,689,2,0
7582,689,3,0
7583,689,4,0
7584,689,5,0
7585,689,6,0
7586,689,7,0
7587,689,8,0
7588,689,9,0
7589,689,10,0
7590,690,0,0
7591,690,1,1
7592,690,2,0
7593,690,3,1
7594,690,4,2
7595,690,5,2
7596,690,6,1
7597,690,7,1
7598,690,8,1
7599,690,9,0
7600,690,10,1
7601,691,0,0
7602,691,1,1
7603,691,2,0
7604,691,3,1
7605,691,4,2
7606,691,5,3
7607,691,6,3
7608,691,7,2
7609,691,8,3
7610,691,9,3
7611,691,10,3
7612,692,0,0
7613,692,1,0
7614,692,2,0
7615,692,3,0
7616,692,4,0
7617,692,5,0
7618,692,6,0
7619,692,7,0
7620,692,8,0
7621,692,9,0
7622,692,10,0
7623,693,0,0
7624,693,1,1
7625,693,2,2
7626,693,3,1
7627,693,4,0
7628,693,5,0
7629,693,6,0
7630,693,7,0
7631,693,8,0
7632,693,9,0
7633,693,10,0
7634,694,0,0
7635,694,1,1
7636,694,2,2
7637,694,3,1
7638,694,4,1
7639,694,5,2
7640,694,6,1
7641,694,7,2
7642,694,8,2
7643,694,9,2
7644,694,10,2
7645,695,0,0
7646,695,1,0
7647,695,2,1
7648,695,3,0
7649,695,4,1
7650,695,5,2
7651,695,6,3
7652,695,7,4
7653,695,8,4
7654,695,9,5
7655,695,10,5
7656,696,0,0
7657,696,1,0
7658,696,2,0
7659,696,3,0
7660,696,4,0
7661,696,5,0
7662,696,6,0
7663,696,7,0
7664,696,8,0
7665,696,9,0
7666,696,10,0
7667,697,0,0
7668,697,1,0
7669,697,2,0
7670,697,3,0
7671,697,4,1
7672,697,5,0
7673,697,6,0
7674,697,7,0
7675,697,8,0
7676,697,9,0
7677,697,10,0
7678,698,0,0
7679,698,1,1
7680,698,2,2
7681,698,3,3
7682,698,4,3
7683,698,5,4
7684,698,6,4
7685,698,7,5
7686,698,8,5
7687,698,9,5
7688,698,10,5
7689,699,0,0
7690,699,1,0
7691,699,2,0
7692,699,3,1
7693,699,4,2
7694,699,5,1
7695,699,6,0
7696,699,7,1
7697,699,8,0
7698,699,9,1
7699,699,10,2
7700,700,0,0
7701,700,1,0
7702,700,2,0
7703,700,3,0
7704,700,4,0
7705,700,5,0
7706,700,6,0
7707,700,7,0
7708,700,8,0
7709,700,9,0
7710,700,10,0
7711,701,0,0
7712,701,1,1
7713,701,2,2
7714,701,3,3
7715,701,4,2
7716,701,5,3
7717,701,6,4
7718,701,7,5
7719,701,8,5
7720,701,9,5
7721,701,10,5
7722,702,0,0
7723,702,1,1
7724,702,2,0
7725,702,3,1
7726,702,4,2
7727,702,5,1
7728,702,6,0
7729,702,7,1
7730,702,8,2
7731,702,9,3
7732,702,10,2
7733,703,0,0
7734,703,1,1
7735,703,2,0
7736,703,3,1
7737,703,4,2
7738,703,5,1
7739,703,6,2
7740,703,7,3
7741,703,8,2
7742,703,9,3
7743,703,10,4
7744,704,0,0
7745,704,1,0
7746,704,2,0
7747,704,3,0
7748,704,4,0
7749,704,5,0
7750,704,6,0
7751,704,7,0
7752,704,8,0
7753,704,9,0
7754,704,10,0
7755,705,0,0
7756,705,1,0
7757,705,2,0
7758,705,3,0
7759,705,4,0
7760,705,5,0
7761,705,6,0
7762,705,7,1
7763,705,8,1
7764,705,9,0
7765,705,10,1
7766,706,0,0
7767,706,1,1
7768,706,2,0
7769,706,3,1
7770,706,4,2
7771,706,5,3
7772,706,6,2
7773,706,7,3
7774,706,8,2
7775,706,9,1
7776,706,10,2
7777,707,0,0
7778,707,1,1
7779,707,2,2
7780,707,3,1
7781,707,4,1
7782,707,5,0
7783,707,6,0
7784,707,7,0
7785,707,8,1
7786,707,9,1
7787,707,10,2
7788,708,0,0
7789,708,1,0
7790,708,2,0
7791,708,3,0
7792,708,4,0
7793,708,5,0
7794,708,6,0
7795,708,7,0
7796,708,8,0
7797,708,9,0
7798,708,10,0
7799,709,0,0
7800,709,1,0
7801,709,2,0
7802,709,3,0
7803,709,4,0
7804,709,5,0
7805,709,6,0
7806,709,7,0
7807,709,8,0
7808,709,9,0
7809,709,10,0
7810,710,0,0
7811,710,1,0
7812,710,2,0
7813,710,3,0
7814,710,4,0
7815,710,5,0
7816,710,6,0
7817,710,7,0
7818,710,8,0
7819,710,9,0
7820,710,10,0
7821,711,0,0
7822,711,1,0
7823,711,2,0
7824,711,3,0
7825,711,4,0
7826,711,5,0
7827,711,6,0
7828,711,7,0
7829,711,8,0
7830,711,9,0
7831,711,10,0
7832,712,0,0
7833,712,1,1
7834,712,2,0
7835,712,3,0
7836,712,4,0
7837,712,5,0
7838,712,6,0
7839,712,7,1
7840,712,8,1
7841,712,9,2
7842,712,10,1
7843,713,0,0
7844,713,1,0
7845,713,2,1
7846,713,3,1
7847,713,4,1
7848,713,5,1
7849,713,6,1
7850,713,7,1
7851,713,8,1
7852,713,9,2
7853,713,10,1
7854,714,0,0
7855,714,1,1
7856,714,2,2
7857,714,3,2
7858,714,4,2
7859,714,5,3
7860,714,6,4
7861,714,7,4
7862,714,8,5
7863,714,9,5
7864,714,10,5
7865,715,0,0
7866,715,1,1
7867,715,2,0
7868,715,3,1
7869,715,4,0
7870,715,5,1
7871,715,6,1
7872,715,7,0
7873,715,8,1
7874,715,9,1
7875,715,10,0
7876,716,0,0
7877,716,1,1
7878,716,2,0
7879,716,3,1
7880,716,4,2
7881,716,5,3
7882,716,6,2
7883,716,7,3
7884,716,8,2
7885,716,9,3
7886,716,10,2
7887,717,0,0
7888,717,1,0
7889,717,2,0
7890,717,3,0
7891,717,4,0
7892,717,5,0
7893,717,6,0
7894,717,7,0
7895,717,8,0
7896,717,9,0
7897,717,10,0
7898,718,0,0
7899,718,1,1
7900,718,2,2
7901,718,3,3
7902,718,4,4
7903,718,5,5
7904,718,6,5
7905,718,7,5
7906,718,8,5
7907,718,9,5
7908,718,10,5
7909,719,0,0
7910,719,1,1
7911,719,2,0
7912,719,3,1
7913,719,4,2
7914,719,5,1
7915,719,6,2
7916,719,7,1
7917,719,8,2
7918,719,9,1
7919,719,10,2
7920,720,0,0
7921,720,1,1
7922,720,2,2
7923,720,3,3
7924,720,4,2
7925,720,5,3
7926,720,6,2
7927,720,7,3
7928,720,8,2
7929,720,9,1
7930,720,10,2
7931,721,0,0
7932,721,1,0
7933,721,2,1
7934,721,3,0
7935,721,4,0
7936,721,5,0
7937,721,6,1
7938,721,7,2
7939,721,8,3
7940,721,9,2
7941,721,10,1
7942,722,0,0
7943,722,1,1
7944,722,2,0
7945,722,3,1
7946,722,4,1
7947,722,5,1
7948,722,6,1
7949,722,7,1
7950,722,8,1
7951,722,9,0
7952,722,10,1
7953,723,0,0
7954,723,1,0
7955,723,2,0
7956,723,3,0
7957,723,4,0
7958,723,5,0
7959,723,6,0
7960,723,7,0
7961,723,8,0
7962,723,9,0
7963,723,10,0
7964,724,0,0
7965,724,1,1
7966,724,2,2
7967,724,3,1
7968,724,4,2
7969,724,5,1
7970,724,6,2
7971,724,7,3
7972,724,8,3
7973,724,9,2
7974,724,10,1
7975,725,0,0
7976,725,1,1
7977,725,2,0
7978,725,3,0
7979,725,4,0
7980,725,5,1
7981,725,6,2
7982,725,7,3
7983,725,8,2
7984,725,9,3
7985,725,10,2
7986,726,0,0
7987,726,1,1
7988,726,2,0
7989,726,3,1
7990,726,4,0
7991,726,5,1
7992,726,6,0
7993,726,7,1
7994,726,8,0
7995,726,9,1
7996,726,10,0
7997,727,0,0
7998,727,1,1
7999,727,2,0
8000,727,3,1
8001,727,4,0
8002,727,5,1
8003,727,6,0
8004,727,7,1
8005,727,8,2
8006,727,9,2
8007,727,10,1
8008,728,0,0
8009,728,1,0
8010,728,2,0
8011,728,3,0
8012,728,4,1
8013,728,5,1
8014,728,6,1
8015,728,7,1
8016,728,8,1
8017,728,9,2
8018,728,10,1
8019,729,0,0
8020,729,1,1
8021,729,2,2
8022,729,3,3
8023,729,4,4
8024,729,5,5
8025,729,6,5
8026,729,7,5
8027,729,8,5
8028,729,9,5
8029,729,10,5
8030,730,0,0
8031,730,1,1
8032,730,2,0
8033,730,3,1
8034,730,4,0
8035,730,5,0
8036,730,6,1
8037,730,7,0
8038,730,8,0
8039,730,9,0
8040,730,10,0
8041,731,0,0
8042,731,1,1
8043,731,2,1
8044,731,3,0
8045,731,4,1
8046,731,5,1
8047,731,6,0
8048,731,7,1
8049,731,8,2
8050,731,9,1
8051,731,10,1
8052,732,0,0
8053,732,1,1
8054,732,2,0
8055,732,3,1
8056,732,4,0
8057,732,5,1
8058,732,6,0
8059,732,7,1
8060,732,8,0
8061,732,9,1
8062,732,10,2
8063,733,0,0
8064,733,1,0
8065,733,2,0
8066,733,3,0
8067,733,4,0
8068,733,5,0
8069,733,6,0
8070,733,7,0
8071,733,8,0
8072,733,9,0
8073,733,10,0
8074,734,0,0
8075,734,1,0
8076,734,2,0
8077,734,3,0
8078,734,4,0
8079,734,5,1
8080,734,6,2
8081,734,7,1
8082,734,8,2
8083,734,9,3
8084,734,10,3
8085,735,0,0
8086,735,1,0
8087,735,2,0
8088,735,3,0
8089,735,4,0
8090,735,5,0
8091,735,6,1
8092,735,7,0
8093,735,8,0
8094,735,9,0
8095,735,10,0
8096,736,0,0
8097,736,1,0
8098,736,2,1
8099,736,3,2
8100,736,4,1
8101,736,5,2
8102,736,6,1
8103,736,7,2
8104,736,8,1
8105,736,9,2
8106,736,10,1
8107,737,0,0
8108,737,1,1
8109,737,2,2
8110,737,3,3
8111,737,4,4
8112,737,5,3
8113,737,6,2
8114,737,7,3
8115,737,8,4
8116,737,9,5
8117,737,10,5
8118,738,0,0
8119,738,1,1
8120,738,2,2
8121,738,3,3
8122,738,4,2
8123,738,5,1
8124,738,6,2
8125,738,7,1
8126,738,8,2
8127,738,9,1
8128,738,10,0
8129,739,0,0
8130,739,1,1
8131,739,2,2
8132,739,3,3
8133,739,4,2
8134,739,5,1
8135,739,6,2
8136,739,7,3
8137,739,8,2
8138,739,9,1
8139,739,10,2
8140,740,0,0
8141,740,1,0
8142,740,2,0
8143,740,3,0
8144,740,4,0
8145,740,5,0
8146,740,6,0
8147,740,7,0
8148,740,8,0
8149,740,9,0
8150,740,10,0
8151,741,0,0
8152,741,1,0
8153,741,2,0
8154,741,3,0
8155,741,4,1
8156,741,5,2
8157,741,6,2
8158,741,7,2
8159,741,8,2
8160,741,9,2
8161,741,10,2
8162,742,0,0
8163,742,1,0
8164,742,2,0
8165,742,3,0
8166,742,4,0
8167,742,5,0
8168,742,6,0
8169,742,7,0
8170,742,8,0
8171,742,9,0
8172,742,10,0
8173,743,0,0
8174,743,1,1
8175,743,2,2
8176,743,3,3
8177,743,4,2
8178,743,5,1
8179,743,6,2
8180,743,7,3
8181,743,8,2
8182,743,9,1
8183,743,10,2
8184,744,0,0
8185,744,1,0
8186,744,2,0
8187,744,3,1
8188,744,4,2
8189,744,5,3
8190,744,6,4
8191,744,7,3
8192,744,8,4
8193,744,9,3
8194,744,10,4
8195,745,0,0
8196,745,1,0
8197,745,2,0
8198,745,3,0
8199,745,4,1
8200,745,5,0
8201,745,6,0
8202,745,7,0
8203,745,8,0
8204,745,9,0
8205,745,10,1
8206,746,0,0
8207,746,1,0
8208,746,2,0
8209,746,3,0
8210,746,4,0
8211,746,5,0
8212,746,6,0
8213,746,7,0
8214,746,8,0
8215,746,9,0
8216,746,10,0
8217,747,0,0
8218,747,1,1
8219,747,2,1
8220,747,3,0
8221,747,4,1
8222,747,5,0
8223,747,6,1
8224,747,7,2
8225,747,8,2
8226,747,9,3
8227,747,10,4
8228,748,0,0
8229,748,1,1
8230,748,2,2
8231,748,3,1
8232,748,4,2
8233,748,5,1
8234,748,6,2
8235,748,7,3
8236,748,8,2
8237,748,9,1
8238,748,10,2
8239,749,0,0
8240,749,1,1
8241,749,2,2
8242,749,3,1
8243,749,4,2
8244,749,5,1
8245,749,6,2
8246,749,7,1
8247,749,8,2
8248,749,9,3
8249,749,10,4
8250,750,0,0
8251,750,1,0
8252,750,2,0
8253,750,3,0
8254,750,4,0
8255,750,5,0
8256,750,6,0
8257,750,7,0
8258,750,8,0
8259,750,9,0
8260,750,10,0
8261,751,0,0
8262,751,1,1
8263,751,2,0
8264,751,3,0
8265,751,4,0
8266,751,5,1
8267,751,6,0
8268,751,7,1
8269,751,8,0
8270,751,9,0
8271,751,10,0
8272,752,0,0
8273,752,1,1
8274,752,2,0
8275,752,3,1
8276,752,4,2
8277,752,5,1
8278,752,6,2
8279,752,7,1
8280,752,8,1
8281,752,9,2
8282,752,10,2
8283,753,0,0
8284,753,1,0
8285,753,2,1
8286,753,3,2
8287,753,4,1
8288,753,5,2
8289,753,6,1
8290,753,7,2
8291,753,8,1
8292,753,9,2
8293,753,10,1
8294,754,0,0
8295,754,1,0
8296,754,2,0
8297,754,3,0
8298,754,4,0
8299,754,5,0
8300,754,6,0
8301,754,7,0
8302,754,8,0
8303,754,9,0
8304,754,10,0
8305,755,0,0
8306,755,1,0
8307,755,2,0
8308,755,3,0
8309,755,4,0
8310,755,5,0
8311,755,6,1
8312,755,7,0
8313,755,8,0
8314,755,9,1
8315,755,10,0
8316,756,0,0
8317,756,1,1
8318,756,2,2
8319,756,3,1
8320,756,4,2
8321,756,5,1
8322,756,6,1
8323,756,7,2
8324,756,8,1
8325,756,9,2
8326,756,10,1
8327,757,0,0
8328,757,1,1
8329,757,2,2
8330,757,3,1
8331,757,4,2
8332,757,5,1
8333,757,6,2
8334,757,7,1
8335,757,8,2
8336,757,9,1
8337,757,10,2
8338,758,0,0
8339,758,1,1
8340,758,2,2
8341,758,3,2
8342,758,4,3
8343,758,5,4
8344,758,6,4
8345,758,7,4
8346,758,8,4
8347,758,9,3
8348,758,10,2
8349,759,0,0
8350,759,1,1
8351,759,2,0
8352,759,3,0
8353,759,4,1
8354,759,5,0
8355,759,6,0
8356,759,7,1
8357,759,8,0
8358,759,9,0
8359,759,10,0
8360,760,0,0
8361,760,1,1
8362,760,2,2
8363,760,3,3
8364,760,4,2
8365,760,5,3
8366,760,6,4
8367,760,7,5
8368,760,8,5
8369,760,9,5
8370,760,10,5
8371,761,0,0
8372,761,1,1
8373,761,2,2
8374,761,3,1
8375,761,4,2
8376,761,5,3
8377,761,6,4
8378,761,7,5
8379,761,8,5
8380,761,9,5
8381,761,10,5
8382,762,0,0
8383,762,1,1
8384,762,2,1
8385,762,3,1
8386,762,4,0
8387,762,5,1
8388,762,6,2
8389,762,7,2
8390,762,8,2
8391,762,9,1
8392,762,10,0
8393,763,0,0
8394,763,1,1
8395,763,2,2
8396,763,3,1
8397,763,4,2
8398,763,5,1
8399,763,6,2
8400,763,7,3
8401,763,8,4
8402,763,9,3
8403,763,10,4
8404,764,0,0
8405,764,1,1
8406,764,2,0
8407,764,3,1
8408,764,4,0
8409,764,5,1
8410,764,6,1
8411,764,7,1
8412,764,8,1
8413,764,9,1
8414,764,10,1
8415,765,0,0
8416,765,1,1
8417,765,2,2
8418,765,3,3
8419,765,4,2
8420,765,5,3
8421,765,6,2
8422,765,7,3
8423,765,8,2
8424,765,9,3
8425,765,10,2
8426,766,0,0
8427,766,1,1
8428,766,2,0
8429,766,3,1
8430,766,4,1
8431,766,5,0
8432,766,6,1
8433,766,7,1
8434,766,8,0
8435,766,9,1
8436,766,10,1
8437,767,0,0
8438,767,1,1
8439,767,2,2
8440,767,3,1
8441,767,4,2
8442,767,5,1
8443,767,6,2
8444,767,7,3
8445,767,8,4
8446,767,9,3
8447,767,10,4
8448,768,0,0
8449,768,1,0
8450,768,2,0
8451,768,3,0
8452,768,4,0
8453,768,5,0
8454,768,6,0
8455,768,7,0
8456,768,8,0
8457,768,9,0
8458,768,10,1
8459,769,0,0
8460,769,1,1
8461,769,2,0
8462,769,3,1
8463,769,4,0
8464,769,5,1
8465,769,6,0
8466,769,7,1
8467,769,8,0
8468,769,9,1
8469,769,10,0
8470,770,0,0
8471,770,1,1
8472,770,2,1
8473,770,3,1
8474,770,4,1
8475,770,5,1
8476,770,6,1
8477,770,7,0
8478,770,8,1
8479,770,9,1
8480,770,10,1
8481,771,0,0
8482,771,1,0
8483,771,2,0
8484,771,3,0
8485,771,4,0
8486,771,5,0
8487,771,6,0
8488,771,7,0
8489,771,8,0
8490,771,9,0
8491,771,10,0
8492,772,0,0
8493,772,1,0
8494,772,2,1
8495,772,3,0
8496,772,4,0
8497,772,5,0
8498,772,6,0
8499,772,7,0
8500,772,8,0
8501,772,9,1
8502,772,10,0
8503,773,0,0
8504,773,1,0
8505,773,2,0
8506,773,3,0
8507,773,4,1
8508,773,5,0
8509,773,6,0
8510,773,7,0
8511,773,8,0
8512,773,9,0
8513,773,10,0
8514,774,0,0
8515,774,1,1
8516,774,2,0
8517,774,3,0
8518,774,4,0
8519,774,5,1
8520,774,6,0
8521,774,7,0
8522,774,8,1
8523,774,9,2
8524,774,10,3
8525,775,0,0
8526,775,1,1
8527,775,2,2
8528,775,3,1
8529,775,4,2
8530,775,5,3
8531,775,6,4
8532,775,7,3
8533,775,8,4
8534,775,9,3
8535,775,10,4
8536,776,0,0
8537,776,1,1
8538,776,2,2
8539,776,3,1
8540,776,4,2
8541,776,5,1
8542,776,6,0
8543,776,7,1
8544,776,8,2
8545,776,9,1
8546,776,10,2
8547,777,0,0
8548,777,1,0
8549,777,2,0
8550,777,3,0
8551,777,4,0
8552,777,5,0
8553,777,6,0
8554,777,7,0
8555,777,8,0
8556,777,9,0
8557,777,10,0
8558,778,0,0
8559,778,1,1
8560,778,2,2
8561,778,3,3
8562,778,4,2
8563,778,5,3
8564,778,6,2
8565,778,7,3
8566,778,8,2
8567,778,9,3
8568,778,10,2
8569,779,0,0
8570,779,1,1
8571,779,2,2
8572,779,3,1
8573,779,4,2
8574,779,5,1
8575,779,6,2
8576,779,7,1
8577,779,8,2
8578,779,9,1
8579,779,10,1
8580,780,0,0
8581,780,1,1
8582,780,2,2
8583,780,3,3
8584,780,4,4
8585,780,5,3
8586,780,6,2
8587,780,7,3
8588,780,8,4
8589,780,9,3
8590,780,10,4
8591,781,0,0
8592,781,1,1
8593,781,2,2
8594,781,3,1
8595,781,4,2
8596,781,5,1
8597,781,6,2
8598,781,7,3
8599,781,8,2
8600,781,9,3
8601,781,10,2
8602,782,0,0
8603,782,1,1
8604,782,2,0
8605,782,3,1
8606,782,4,0
8607,782,5,1
8608,782,6,0
8609,782,7,1
8610,782,8,0
8611,782,9,1
8612,782,10,0
8613,783,0,0
8614,783,1,0
8615,783,2,0
8616,783,3,0
8617,783,4,0
8618,783,5,0
8619,783,6,0
8620,783,7,0
8621,783,8,0
8622,783,9,0
8623,783,10,0
8624,784,0,0
8625,784,1,1
8626,784,2,2
8627,784,3,3
8628,784,4,4
8629,784,5,3
8630,784,6,4
8631,784,7,5
8632,784,8,5
8633,784,9,5
8634,784,10,5
8635,785,0,0
8636,785,1,1
8637,785,2,2
8638,785,3,3
8639,785,4,4
8640,785,5,4
8641,785,6,3
8642,785,7,2
8643,785,8,3
8644,785,9,4
8645,785,10,4
8646,786,0,0
8647,786,1,1
8648,786,2,1
8649,786,3,2
8650,786,4,2
8651,786,5,3
8652,786,6,4
8653,786,7,4
8654,786,8,5
8655,786,9,5
8656,786,10,5
8657,787,0,0
8658,787,1,1
8659,787,2,0
8660,787,3,1
8661,787,4,2
8662,787,5,1
8663,787,6,2
8664,787,7,1
8665,787,8,0
8666,787,9,1
8667,787,10,0
8668,788,0,0
8669,788,1,1
8670,788,2,0
8671,788,3,1
8672,788,4,2
8673,788,5,3
8674,788,6,2
8675,788,7,2
8676,788,8,2
8677,788,9,2
8678,788,10,2
8679,789,0,0
8680,789,1,1
8681,789,2,0
8682,789,3,0
8683,789,4,1
8684,789,5,0
8685,789,6,1
8686,789,7,0
8687,789,8,1
8688,789,9,0
8689,789,10,1
8690,790,0,0
8691,790,1,0
8692,790,2,0
8693,790,3,0
8694,790,4,0
8695,790,5,0
8696,790,6,0
8697,790,7,0
8698,790,8,0
8699,790,9,0
8700,790,10,0
8701,791,0,0
8702,791,1,1
8703,791,2,0
8704,791,3,1
8705,791,4,1
8706,791,5,1
8707,791,6,0
8708,791,7,1
8709,791,8,0
8710,791,9,1
8711,791,10,1
8712,792,0,0
8713,792,1,1
8714,792,2,0
8715,792,3,1
8716,792,4,2
8717,792,5,3
8718,792,6,2
8719,792,7,3
8720,792,8,2
8721,792,9,3
8722,792,10,2
8723,793,0,0
8724,793,1,1
8725,793,2,2
8726,793,3,1
8727,793,4,2
8728,793,5,1
8729,793,6,2
8730,793,7,1
8731,793,8,2
8732,793,9,1
8733,793,10,2
8734,794,0,0
8735,794,1,1
8736,794,2,2
8737,794,3,3
8738,794,4,4
8739,794,5,3
8740,794,6,4
8741,794,7,3
8742,794,8,4
8743,794,9,5
8744,794,10,5
8745,795,0,0
8746,795,1,1
8747,795,2,2
8748,795,3,1
8749,795,4,2
8750,795,5,3
8751,795,6,4
8752,795,7,3
8753,795,8,4
8754,795,9,3
8755,795,10,4
8756,796,0,0
8757,796,1,0
8758,796,2,1
8759,796,3,2
8760,796,4,1
8761,796,5,2
8762,796,6,3
8763,796,7,3
8764,796,8,2
8765,796,9,3
8766,796,10,3
8767,797,0,0
8768,797,1,0
8769,797,2,0
8770,797,3,1
8771,797,4,1
8772,797,5,1
8773,797,6,1
8774,797,7,0
8775,797,8,1
8776,797,9,0
8777,797,10,0
8778,798,0,0
8779,798,1,1
8780,798,2,1
8781,798,3,1
8782,798,4,1
8783,798,5,1
8784,798,6,1
8785,798,7,0
8786,798,8,0
8787,798,9,0
8788,798,10,1
8789,799,0,0
8790,799,1,1
8791,799,2,2
8792,799,3,1
8793,799,4,2
8794,799,5,1
8795,799,6,0
8796,799,7,1
8797,799,8,2
8798,799,9,1
8799,799,10,2
8800,800,0,0
8801,800,1,0
8802,800,2,0
8803,800,3,0
8804,800,4,0
8805,800,5,0
8806,800,6,0
8807,800,7,1
8808,800,8,0
8809,800,9,0
8810,800,10,0
8811,801,0,0
8812,801,1,0
8813,801,2,0
8814,801,3,0
8815,801,4,0
8816,801,5,0
8817,801,6,0
8818,801,7,0
8819,801,8,0
8820,801,9,0
8821,801,10,0
8822,802,0,0
8823,802,1,1
8824,802,2,2
8825,802,3,1
8826,802,4,2
8827,802,5,1
8828,802,6,0
8829,802,7,1
8830,802,8,2
8831,802,9,1
8832,802,10,2
8833,803,0,0
8834,803,1,0
8835,803,2,1
8836,803,3,0
8837,803,4,0
8838,803,5,0
8839,803,6,0
8840,803,7,0
8841,803,8,0
8842,803,9,0
8843,803,10,1
8844,804,0,0
8845,804,1,0
8846,804,2,0
8847,804,3,1
8848,804,4,0
8849,804,5,0
8850,804,6,1
8851,804,7,0
8852,804,8,0
8853,804,9,0
8854,804,10,0
8855,805,0,0
8856,805,1,1
8857,805,2,0
8858,805,3,0
8859,805,4,0
8860,805,5,0
8861,805,6,0
8862,805,7,0
8863,805,8,0
8864,805,9,0
8865,805,10,0
8866,806,0,0
8867,806,1,1
8868,806,2,0
8869,806,3,0
8870,806,4,0
8871,806,5,0
8872,806,6,0
8873,806,7,0
8874,806,8,0
8875,806,9,0
8876,806,10,0
8877,807,0,0
8878,807,1,0
8879,807,2,0
8880,807,3,0
8881,807,4,0
8882,807,5,0
8883,807,6,0
8884,807,7,0
8885,807,8,0
8886,807,9,0
8887,807,10,0
8888,808,0,0
8889,808,1,0
8890,808,2,0
8891,808,3,0
8892,808,4,0
8893,808,5,0
8894,808,6,0
8895,808,7,0
8896,808,8,0
8897,808,9,1
8898,808,10,2
8899,809,0,0
8900,809,1,1
8901,809,2,0
8902,809,3,1
8903,809,4,0
8904,809,5,1
8905,809,6,0
8906,809,7,1
8907,809,8,1
8908,809,9,2
8909,809,10,2
8910,810,0,0
8911,810,1,0
8912,810,2,0
8913,810,3,1
8914,810,4,2
8915,810,5,3
8916,810,6,3
8917,810,7,3
8918,810,8,2
8919,810,9,3
8920,810,10,4
8921,811,0,0
8922,811,1,0
8923,811,2,0
8924,811,3,0
8925,811,4,1
8926,811,5,0
8927,811,6,0
8928,811,7,0
8929,811,8,0
8930,811,9,0
8931,811,10,0
8932,812,0,0
8933,812,1,1
8934,812,2,2
8935,812,3,1
8936,812,4,2
8937,812,5,3
8938,812,6,4
8939,812,7,3
8940,812,8,4
8941,812,9,3
8942,812,10,4
8943,813,0,0
8944,813,1,0
8945,813,2,0
8946,813,3,0
8947,813,4,1
8948,813,5,1
8949,813,6,1
8950,813,7,1
8951,813,8,1
8952,813,9,1
8953,813,10,1
8954,814,0,0
8955,814,1,0
8956,814,2,1
8957,814,3,0
8958,814,4,1
8959,814,5,1
8960,814,6,1
8961,814,7,1
8962,814,8,2
8963,814,9,3
8964,814,10,2
8965,815,0,0
8966,815,1,0
8967,815,2,0
8968,815,3,0
8969,815,4,0
8970,815,5,0
8971,815,6,0
8972,815,7,0
8973,815,8,0
8974,815,9,0
8975,815,10,0
8976,816,0,0
8977,816,1,0
8978,816,2,0
8979,816,3,0
8980,816,4,0
8981,816,5,0
8982,816,6,0
8983,816,7,0
8984,816,8,0
8985,816,9,0
8986,816,10,0
8987,817,0,0
8988,817,1,0
8989,817,2,0
8990,817,3,0
8991,817,4,0
8992,817,5,0
8993,817,6,0
8994,817,7,0
8995,817,8,0
8996,817,9,0
8997,817,10,0
8998,818,0,0
8999,818,1,1
9000,818,2,0
9001,818,3,0
9002,818,4,1
9003,818,5,0
9004,818,6,1
9005,818,7,2
9006,818,8,1
9007,818,9,0
9008,818,10,1
9009,819,0,0
9010,819,1,1
9011,819,2,1
9012,819,3,2
9013,819,4,2
9014,819,5,2
9015,819,6,3
9016,819,7,3
9017,819,8,4
9018,819,9,4
9019,819,10,5
9020,820,0,0
9021,820,1,1
9022,820,2,0
9023,820,3,0
9024,820,4,0
9025,820,5,0
9026,820,6,0
9027,820,7,0
9028,820,8,0
9029,820,9,0
9030,820,10,0
9031,821,0,0
9032,821,1,1
9033,821,2,2
9034,821,3,3
9035,821,4,4
9036,821,5,3
9037,821,6,2
9038,821,7,3
9039,821,8,4
9040,821,9,5
9041,821,10,5
9042,822,0,0
9043,822,1,1
9044,822,2,0
9045,822,3,1
9046,822,4,0
9047,822,5,1
9048,822,6,0
9049,822,7,0
9050,822,8,1
9051,822,9,1
9052,822,10,0
9053,823,0,0
9054,823,1,1
9055,823,2,2
9056,823,3,1
9057,823,4,1
9058,823,5,0
9059,823,6,1
9060,823,7,2
9061,823,8,1
9062,823,9,2
9063,823,10,1
9064,824,0,0
9065,824,1,0
9066,824,2,0
9067,824,3,0
9068,824,4,0
9069,824,5,0
9070,824,6,0
9071,824,7,0
9072,824,8,0
9073,824,9,0
9074,824,10,0
9075,825,0,0
9076,825,1,0
9077,825,2,1
9078,825,3,2
9079,825,4,1
9080,825,5,2
9081,825,6,1
9082,825,7,2
9083,825,8,1
9084,825,9,2
9085,825,10,1
9086,826,0,0
9087,826,1,0
9088,826,2,0
9089,826,3,0
9090,826,4,0
9091,826,5,0
9092,826,6,0
9093,826,7,0
9094,826,8,0
9095,826,9,0
9096,826,10,0
9097,827,0,0
9098,827,1,0
9099,827,2,0
9100,827,3,0
9101,827,4,1
9102,827,5,2
9103,827,6,3
9104,827,7,2
9105,827,8,3
9106,827,9,4
9107,827,10,3
9108,828,0,0
9109,828,1,0
9110,828,2,0
9111,828,3,0
9112,828,4,0
9113,828,5,0
9114,828,6,0
9115,828,7,0
9116,828,8,0
9117,828,9,0
9118,828,10,0
9119,829,0,0
9120,829,1,0
9121,829,2,1
9122,829,3,1
9123,829,4,0
9124,829,5,1
9125,829,6,0
9126,829,7,1
9127,829,8,0
9128,829,9,0
9129,829,10,1
9130,830,0,0
9131,830,1,0
9132,830,2,1
9133,830,3,2
9134,830,4,1
9135,830,5,0
9136,830,6,1
9137,830,7,2
9138,830,8,3
9139,830,9,2
9140,830,10,3
9141,831,0,0
9142,831,1,0
9143,831,2,0
9144,831,3,1
9145,831,4,2
9146,831,5,3
9147,831,6,4
9148,831,7,3
9149,831,8,2
9150,831,9,3
9151,831,10,4
9152,832,0,0
9153,832,1,0
9154,832,2,0
9155,832,3,0
9156,832,4,0
9157,832,5,0
9158,832,6,0
9159,832,7,0
9160,832,8,0
9161,832,9,0
9162,832,10,0
9163,833,0,0
9164,833,1,1
9165,833,2,0
9166,833,3,1
9167,833,4,0
9168,833,5,1
9169,833,6,0
9170,833,7,1
9171,833,8,0
9172,833,9,1
9173,833,10,0
9174,834,0,0
9175,834,1,0
9176,834,2,0
9177,834,3,0
9178,834,4,0
9179,834,5,0
9180,834,6,0
9181,834,7,0
9182,834,8,0
9183,834,9,0
9184,834,10,0
9185,835,0,0
9186,835,1,1
9187,835,2,2
9188,835,3,3
9189,835,4,2
9190,835,5,3
9191,835,6,4
9192,835,7,3
9193,835,8,4
9194,835,9,3
9195,835,10,4
9196,836,0,0
9197,836,1,0
9198,836,2,0
9199,836,3,1
9200,836,4,0
9201,836,5,1
9202,836,6,0
9203,836,7,0
9204,836,8,1
9205,836,9,0
9206,836,10,0
9207,837,0,0
9208,837,1,0
9209,837,2,1
9210,837,3,0
9211,837,4,0
9212,837,5,0
9213,837,6,0
9214,837,7,0
9215,837,8,1
9216,837,9,2
9217,837,10,1
9218,838,0,0
9219,838,1,1
9220,838,2,0
9221,838,3,1
9222,838,4,0
9223,838,5,1
9224,838,6,0
9225,838,7,1
9226,838,8,0
9227,838,9,1
9228,838,10,0
9229,839,0,0
9230,839,1,0
9231,839,2,0
9232,839,3,0
9233,839,4,0
9234,839,5,0
9235,839,6,0
9236,839,7,0
9237,839,8,0
9238,839,9,0
9239,839,10,0
9240,840,0,0
9241,840,1,1
9242,840,2,1
9243,840,3,2
9244,840,4,1
9245,840,5,2
9246,840,6,1
9247,840,7,0
9248,840,8,1
9249,840,9,2
9250,840,10,1
9251,841,0,0
9252,841,1,1
9253,841,2,0
9254,841,3,1
9255,841,4,2
9256,841,5,3
9257,841,6,4
9258,841,7,3
9259,841,8,4
9260,841,9,5
9261,841,10,5
9262,842,0,0
9263,842,1,1
9264,842,2,2
9265,842,3,3
9266,842,4,2
9267,842,5,1
9268,842,6,0
9269,842,7,1
9270,842,8,2
9271,842,9,3
9272,842,10,4
9273,843,0,0
9274,843,1,0
9275,843,2,1
9276,843,3,0
9277,843,4,1
9278,843,5,2
9279,843,6,3
9280,843,7,2
9281,843,8,3
9282,843,9,2
9283,843,10,1
9284,844,0,0
9285,844,1,1
9286,844,2,1
9287,844,3,1
9288,844,4,1
9289,844,5,1
9290,844,6,0
9291,844,7,1
9292,844,8,0
9293,844,9,1
9294,844,10,1
9295,845,0,0
9296,845,1,1
9297,845,2,2
9298,845,3,3
9299,845,4,2
9300,845,5,2
9301,845,6,3
9302,845,7,4
9303,845,8,5
9304,845,9,5
9305,845,10,5
9306,846,0,0
9307,846,1,0
9308,846,2,0
9309,846,3,0
9310,846,4,0
9311,846,5,0
9312,846,6,0
9313,846,7,0
9314,846,8,0
9315,846,9,0
9316,846,10,0
9317,847,0,0
9318,847,1,1
9319,847,2,1
9320,847,3,1
9321,847,4,0
9322,847,5,1
9323,847,6,1
9324,847,7,1
9325,847,8,0
9326,847,9,1
9327,847,10,0
9328,848,0,0
9329,848,1,1
9330,848,2,2
9331,848,3,2
9332,848,4,2
9333,848,5,3
9334,848,6,3
9335,848,7,2
9336,848,8,3
9337,848,9,4
9338,848,10,5
9339,849,0,0
9340,849,1,1
9341,849,2,1
9342,849,3,2
9343,849,4,3
9344,849,5,2
9345,849,6,3
9346,849,7,2
9347,849,8,2
9348,849,9,2
9349,849,10,2
9350,850,0,0
9351,850,1,1
9352,850,2,0
9353,850,3,1
9354,850,4,0
9355,850,5,0
9356,850,6,0
9357,850,7,0
9358,850,8,1
9359,850,9,0
9360,850,10,1
9361,851,0,0
9362,851,1,1
9363,851,2,1
9364,851,3,0
9365,851,4,1
9366,851,5,1
9367,851,6,1
9368,851,7,1
9369,851,8,0
9370,851,9,1
9371,851,10,1
9372,852,0,0
9373,852,1,0
9374,852,2,0
9375,852,3,0
9376,852,4,0
9377,852,5,0
9378,852,6,0
9379,852,7,0
9380,852,8,1
9381,852,9,2
9382,852,10,3
9383,853,0,0
9384,853,1,1
9385,853,2,2
9386,853,3,3
9387,853,4,4
9388,853,5,5
9389,853,6,5
9390,853,7,5
9391,853,8,5
9392,853,9,5
9393,853,10,5
9394,854,0,0
9395,854,1,1
9396,854,2,0
9397,854,3,1
9398,854,4,1
9399,854,5,1
9400,854,6,0
9401,854,7,0
9402,854,8,1
9403,854,9,0
9404,854,10,1
9405,855,0,0
9406,855,1,1
9407,855,2,2
9408,855,3,1
9409,855,4,2
9410,855,5,1
9411,855,6,2
9412,855,7,1
9413,855,8,0
9414,855,9,1
9415,855,10,2
9416,856,0,0
9417,856,1,1
9418,856,2,0
9419,856,3,1
9420,856,4,2
9421,856,5,2
9422,856,6,3
9423,856,7,4
9424,856,8,4
9425,856,9,5
9426,856,10,5
9427,857,0,0
9428,857,1,0
9429,857,2,0
9430,857,3,0
9431,857,4,0
9432,857,5,0
9433,857,6,0
9434,857,7,0
9435,857,8,0
9436,857,9,0
9437,857,10,0
9438,858,0,0
9439,858,1,1
9440,858,2,2
9441,858,3,1
9442,858,4,2
9443,858,5,1
9444,858,6,2
9445,858,7,1
9446,858,8,2
9447,858,9,3
9448,858,10,4
9449,859,0,0
9450,859,1,1
9451,859,2,1
9452,859,3,1
9453,859,4,2
9454,859,5,2
9455,859,6,1
9456,859,7,1
9457,859,8,2
9458,859,9,1
9459,859,10,1
9460,860,0,0
9461,860,1,1
9462,860,2,0
9463,860,3,1
9464,860,4,0
9465,860,5,0
9466,860,6,1
9467,860,7,0
9468,860,8,0
9469,860,9,1
9470,860,10,0
9471,861,0,0
9472,861,1,1
9473,861,2,0
9474,861,3,1
9475,861,4,0
9476,861,5,1
9477,861,6,1
9478,861,7,1
9479,861,8,1
9480,861,9,0
9481,861,10,0
9482,862,0,0
9483,862,1,1
9484,862,2,2
9485,862,3,1
9486,862,4,2
9487,862,5,3
9488,862,6,2
9489,862,7,1
9490,862,8,0
9491,862,9,1
9492,862,10,2
9493,863,0,0
9494,863,1,1
9495,863,2,0
9496,863,3,1
9497,863,4,2
9498,863,5,1
9499,863,6,0
9500,863,7,0
9501,863,8,1
9502,863,9,0
9503,863,10,1
9504,864,0,0
9505,864,1,0
9506,864,2,1
9507,864,3,2
9508,864,4,1
9509,864,5,2
9510,864,6,3
9511,864,7,4
9512,864,8,3
9513,864,9,4
9514,864,10,5
9515,865,0,0
9516,865,1,1
9517,865,2,1
9518,865,3,1
9519,865,4,1
9520,865,5,1
9521,865,6,1
9522,865,7,0
9523,865,8,1
9524,865,9,1
9525,865,10,1
9526,866,0,0
9527,866,1,0
9528,866,2,0
9529,866,3,0
9530,866,4,0
9531,866,5,0
9532,866,6,1
9533,866,7,2
9534,866,8,3
9535,866,9,2
9536,866,10,3
9537,867,0,0
9538,867,1,0
9539,867,2,1
9540,867,3,2
9541,867,4,1
9542,867,5,2
9543,867,6,1
9544,867,7,2
9545,867,8,1
9546,867,9,2
9547,867,10,1
9548,868,0,0
9549,868,1,1
9550,868,2,0
9551,868,3,1
9552,868,4,2
9553,868,5,2
9554,868,6,2
9555,868,7,1
9556,868,8,0
9557,868,9,1
9558,868,10,1
9559,869,0,0
9560,869,1,1
9561,869,2,2
9562,869,3,3
9563,869,4,4
9564,869,5,3
9565,869,6,2
9566,869,7,3
9567,869,8,3
9568,869,9,2
9569,869,10,3
9570,870,0,0
9571,870,1,1
9572,870,2,2
9573,870,3,1
9574,870,4,2
9575,870,5,1
9576,870,6,2
9577,870,7,1
9578,870,8,2
9579,870,9,1
9580,870,10,2
9581,871,0,0
9582,871,1,0
9583,871,2,0
9584,871,3,0
9585,871,4,0
9586,871,5,0
9587,871,6,0
9588,871,7,0
9589,871,8,0
9590,871,9,0
9591,871,10,0
9592,872,0,0
9593,872,1,1
9594,872,2,1
9595,872,3,1
9596,872,4,1
9597,872,5,1
9598,872,6,0
9599,872,7,1
9600,872,8,1
9601,872,9,1
9602,872,10,1
9603,873,0,0
9604,873,1,0
9605,873,2,0
9606,873,3,1
9607,873,4,0
9608,873,5,1
9609,873,6,2
9610,873,7,3
9611,873,8,2
9612,873,9,3
9613,873,10,2
9614,874,0,0
9615,874,1,0
9616,874,2,0
9617,874,3,0
9618,874,4,0
9619,874,5,0
9620,874,6,0
9621,874,7,0
9622,874,8,0
9623,874,9,0
9624,874,10,0
9625,875,0,0
9626,875,1,1
9627,875,2,2
9628,875,3,1
9629,875,4,2
9630,875,5,3
9631,875,6,2
9632,875,7,3
9633,875,8,4
9634,875,9,5
9635,875,10,5
9636,876,0,0
9637,876,1,1
9638,876,2,2
9639,876,3,1
9640,876,4,2
9641,876,5,3
9642,876,6,4
9643,876,7,3
9644,876,8,4
9645,876,9,3
9646,876,10,2
9647,877,0,0
9648,877,1,0
9649,877,2,0
9650,877,3,0
9651,877,4,0
9652,877,5,1
9653,877,6,0
9654,877,7,0
9655,877,8,0
9656,877,9,0
9657,877,10,0
9658,878,0,0
9659,878,1,0
9660,878,2,0
9661,878,3,0
9662,878,4,0
9663,878,5,0
9664,878,6,0
9665,878,7,0
9666,878,8,0
9667,878,9,0
9668,878,10,0
9669,879,0,0
9670,879,1,1
9671,879,2,0
9672,879,3,1
9673,879,4,2
9674,879,5,3
9675,879,6,4
9676,879,7,5
9677,879,8,5
9678,879,9,5
9679,879,10,5
9680,880,0,0
9681,880,1,1
9682,880,2,1
9683,880,3,0
9684,880,4,1
9685,880,5,2
9686,880,6,3
9687,880,7,4
9688,880,8,3
9689,880,9,4
9690,880,10,3
9691,881,0,0
9692,881,1,1
9693,881,2,2
9694,881,3,3
9695,881,4,2
9696,881,5,3
9697,881,6,2
9698,881,7,3
9699,881,8,4
9700,881,9,5
9701,881,10,5
9702,882,0,0
9703,882,1,1
9704,882,2,0
9705,882,3,1
9706,882,4,0
9707,882,5,1
9708,882,6,0
9709,882,7,1
9710,882,8,0
9711,882,9,1
9712,882,10,0
9713,883,0,0
9714,883,1,1
9715,883,2,2
9716,883,3,1
9717,883,4,2
9718,883,5,1
9719,883,6,1
9720,883,7,2
9721,883,8,1
9722,883,9,0
9723,883,10,1
9724,884,0,0
9725,884,1,1
9726,884,2,2
9727,884,3,3
9728,884,4,4
9729,884,5,5
9730,884,6,5
9731,884,7,5
9732,884,8,5
9733,884,9,5
9734,884,10,5
9735,885,0,0
9736,885,1,0
9737,885,2,0
9738,885,3,0
9739,885,4,1
9740,885,5,2
9741,885,6,3
9742,885,7,3
9743,885,8,3
9744,885,9,4
9745,885,10,5
9746,886,0,0
9747,886,1,1
9748,886,2,2
9749,886,3,3
9750,886,4,4
9751,886,5,5
9752,886,6,5
9753,886,7,5
9754,886,8,5
9755,886,9,5
9756,886,10,5
9757,887,0,0
9758,887,1,1
9759,887,2,0
9760,887,3,1
9761,887,4,2
9762,887,5,2
9763,887,6,3
9764,887,7,3
9765,887,8,4
9766,887,9,3
9767,887,10,4
9768,888,0,0
9769,888,1,0
9770,888,2,0
9771,888,3,1
9772,888,4,0
9773,888,5,0
9774,888,6,0
9775,888,7,0
9776,888,8,1
9777,888,9,2
9778,888,10,3
9779,889,0,0
9780,889,1,0
9781,889,2,0
9782,889,3,0
9783,889,4,1
9784,889,5,2
9785,889,6,2
9786,889,7,2
9787,889,8,1
9788,889,9,2
9789,889,10,1
9790,890,0,0
9791,890,1,1
9792,890,2,0
9793,890,3,1
9794,890,4,1
9795,890,5,1
9796,890,6,0
9797,890,7,1
9798,890,8,0
9799,890,9,1
9800,890,10,1
9801,891,0,0
9802,891,1,1
9803,891,2,1
9804,891,3,1
9805,891,4,1
9806,891,5,0
9807,891,6,1
9808,891,7,0
9809,891,8,1
9810,891,9,1
9811,891,10,0
9812,892,0,0
9813,892,1,0
9814,892,2,1
9815,892,3,0
9816,892,4,0
9817,892,5,0
9818,892,6,0
9819,892,7,1
9820,892,8,0
9821,892,9,1
9822,892,10,0
9823,893,0,0
9824,893,1,0
9825,893,2,0
9826,893,3,0
9827,893,4,0
9828,893,5,0
9829,893,6,0
9830,893,7,0
9831,893,8,0
9832,893,9,0
9833,893,10,0
9834,894,0,0
9835,894,1,1
9836,894,2,0
9837,894,3,1
9838,894,4,0
9839,894,5,1
9840,894,6,2
9841,894,7,1
9842,894,8,2
9843,894,9,3
9844,894,10,2
9845,895,0,0
9846,895,1,1
9847,895,2,1
9848,895,3,2
9849,895,4,3
9850,895,5,2
9851,895,6,3
9852,895,7,3
9853,895,8,2
9854,895,9,3
9855,895,10,4
9856,896,0,0
9857,896,1,0
9858,896,2,0
9859,896,3,0
9860,896,4,0
9861,896,5,0
9862,896,6,1
9863,896,7,0
9864,896,8,0
9865,896,9,0
9866,896,10,0
9867,897,0,0
9868,897,1,0
9869,897,2,0
9870,897,3,0
9871,897,4,0
9872,897,5,0
9873,897,6,0
9874,897,7,0
9875,897,8,0
9876,897,9,0
9877,897,10,0
9878,898,0,0
9879,898,1,1
9880,898,2,0
9881,898,3,0
9882,898,4,0
9883,898,5,1
9884,898,6,0
9885,898,7,1
9886,898,8,0
9887,898,9,1
9888,898,10,0
9889,899,0,0
9890,899,1,1
9891,899,2,2
9892,899,3,3
9893,899,4,4
9894,899,5,5
9895,899,6,5
9896,899,7,5
9897,899,8,5
9898,899,9,5
9899,899,10,5
9900,900,0,0
9901,900,1,1
9902,900,2,1
9903,900,3,0
9904,900,4,1
9905,900,5,0
9906,900,6,1
9907,900,7,0
9908,900,8,1
9909,900,9,2
9910,900,10,1
9911,901,0,0
9912,901,1,0
9913,901,2,0
9914,901,3,1
9915,901,4,2
9916,901,5,3
9917,901,6,3
9918,901,7,2
9919,901,8,2
9920,901,9,2
9921,901,10,1
9922,902,0,0
9923,902,1,1
9924,902,2,0
9925,902,3,1
9926,902,4,2
9927,902,5,3
9928,902,6,4
9929,902,7,5
9930,902,8,5
9931,902,9,5
9932,902,10,5
9933,903,0,0
9934,903,1,1
9935,903,2,0
9936,903,3,1
9937,903,4,0
9938,903,5,1
9939,903,6,2
9940,903,7,2
9941,903,8,3
9942,903,9,4
9943,903,10,5
9944,904,0,0
9945,904,1,1
9946,904,2,0
9947,904,3,1
9948,904,4,1
9949,904,5,1
9950,904,6,2
9951,904,7,3
9952,904,8,2
9953,904,9,2
9954,904,10,1
9955,905,0,0
9956,905,1,1
9957,905,2,0
9958,905,3,1
9959,905,4,0
9960,905,5,1
9961,905,6,2
9962,905,7,3
9963,905,8,4
9964,905,9,5
9965,905,10,5
9966,906,0,0
9967,906,1,1
9968,906,2,0
9969,906,3,1
9970,906,4,0
9971,906,5,1
9972,906,6,1
9973,906,7,0
9974,906,8,1
9975,906,9,0
9976,906,10,1
9977,907,0,0
9978,907,1,0
9979,907,2,0
9980,907,3,0
9981,907,4,0
9982,907,5,0
9983,907,6,0
9984,907,7,0
9985,907,8,0
9986,907,9,0
9987,907,10,0
9988,908,0,0
9989,908,1,0
9990,908,2,0
9991,908,3,0
9992,908,4,1
9993,908,5,0
9994,908,6,0
9995,908,7,0
9996,908,8,0
9997,908,9,0
9998,908,10,0
9999,909,0,0
10000,909,1,1
10001,909,2,2
10002,909,3,1
10003,909,4,2
10004,909,5,1
10005,909,6,2
10006,909,7,1
10007,909,8,2
10008,909,9,1
10009,909,10,2
10010,910,0,0
10011,910,1,1
10012,910,2,1
10013,910,3,2
10014,910,4,1
10015,910,5,0
10016,910,6,1
10017,910,7,0
10018,910,8,0
10019,910,9,0
10020,910,10,0
10021,911,0,0
10022,911,1,0
10023,911,2,0
10024,911,3,0
10025,911,4,0
10026,911,5,0
10027,911,6,0
10028,911,7,0
10029,911,8,0
10030,911,9,0
10031,911,10,0
10032,912,0,0
10033,912,1,1
10034,912,2,0
10035,912,3,0
10036,912,4,1
10037,912,5,2
10038,912,6,1
10039,912,7,0
10040,912,8,1
10041,912,9,2
10042,912,10,1
10043,913,0,0
10044,913,1,1
10045,913,2,0
10046,913,3,0
10047,913,4,0
10048,913,5,0
10049,913,6,1
10050,913,7,0
10051,913,8,0
10052,913,9,1
10053,913,10,2
10054,914,0,0
10055,914,1,1
10056,914,2,2
10057,914,3,1
10058,914,4,0
10059,914,5,1
10060,914,6,2
10061,914,7,1
10062,914,8,2
10063,914,9,3
10064,914,10,2
10065,915,0,0
10066,915,1,1
10067,915,2,0
10068,915,3,1
10069,915,4,0
10070,915,5,1
10071,915,6,2
10072,915,7,3
10073,915,8,2
10074,915,9,3
10075,915,10,2
10076,916,0,0
10077,916,1,0
10078,916,2,0
10079,916,3,0
10080,916,4,0
10081,916,5,0
10082,916,6,0
10083,916,7,0
10084,916,8,0
10085,916,9,0
10086,916,10,0
10087,917,0,0
10088,917,1,0
10089,917,2,0
10090,917,3,0
10091,917,4,0
10092,917,5,0
10093,917,6,0
10094,917,7,0
10095,917,8,0
10096,917,9,0
10097,917,10,0
10098,918,0,0
10099,918,1,0
10100,918,2,0
10101,918,3,0
10102,918,4,0
10103,918,5,0
10104,918,6,0
10105,918,7,0
10106,918,8,0
10107,918,9,0
10108,918,10,0
10109,919,0,0
10110,919,1,0
10111,919,2,0
10112,919,3,0
10113,919,4,0
10114,919,5,0
10115,919,6,0
10116,919,7,0
10117,919,8,0
10118,919,9,0
10119,919,10,0
10120,920,0,0
10121,920,1,1
10122,920,2,0
10123,920,3,1
10124,920,4,0
10125,920,5,1
10126,920,6,0
10127,920,7,1
10128,920,8,0
10129,920,9,1
10130,920,10,0
10131,921,0,0
10132,921,1,0
10133,921,2,1
10134,921,3,2
10135,921,4,3
10136,921,5,4
10137,921,6,4
10138,921,7,3
10139,921,8,4
10140,921,9,5
10141,921,10,5
10142,922,0,0
10143,922,1,0
10144,922,2,0
10145,922,3,0
10146,922,4,1
10147,922,5,1
10148,922,6,0
10149,922,7,1
10150,922,8,1
10151,922,9,2
10152,922,10,1
10153,923,0,0
10154,923,1,1
10155,923,2,2
10156,923,3,2
10157,923,4,3
10158,923,5,2
10159,923,6,3
10160,923,7,4
10161,923,8,5
10162,923,9,5
10163,923,10,5
10164,924,0,0
10165,924,1,0
10166,924,2,0
10167,924,3,0
10168,924,4,0
10169,924,5,0
10170,924,6,0
10171,924,7,0
10172,924,8,0
10173,924,9,0
10174,924,10,0
10175,925,0,0
10176,925,1,1
10177,925,2,0
10178,925,3,1
10179,925,4,0
10180,925,5,1
10181,925,6,1
10182,925,7,0
10183,925,8,1
10184,925,9,0
10185,925,10,1
10186,926,0,0
10187,926,1,1
10188,926,2,2
10189,926,3,1
10190,926,4,2
10191,926,5,1
10192,926,6,2
10193,926,7,3
10194,926,8,4
10195,926,9,3
10196,926,10,4
10197,927,0,0
10198,927,1,0
10199,927,2,0
10200,927,3,1
10201,927,4,2
10202,927,5,3
10203,927,6,4
10204,927,7,5
10205,927,8,5
10206,927,9,5
10207,927,10,5
10208,928,0,0
10209,928,1,0
10210,928,2,0
10211,928,3,1
10212,928,4,0
10213,928,5,1
10214,928,6,0
10215,928,7,0
10216,928,8,0
10217,928,9,1
10218,928,10,2
10219,929,0,0
10220,929,1,0
10221,929,2,0
10222,929,3,0
10223,929,4,0
10224,929,5,0
10225,929,6,0
10226,929,7,0
10227,929,8,0
10228,929,9,0
10229,929,10,0
10230,930,0,0
10231,930,1,1
10232,930,2,1
10233,930,3,0
10234,930,4,1
10235,930,5,1
10236,930,6,1
10237,930,7,1
10238,930,8,1
10239,930,9,0
10240,930,10,1
10241,931,0,0
10242,931,1,1
10243,931,2,1
10244,931,3,1
10245,931,4,2
10246,931,5,3
10247,931,6,4
10248,931,7,4
10249,931,8,4
10250,931,9,5
10251,931,10,5
10252,932,0,0
10253,932,1,1
10254,932,2,0
10255,932,3,1
10256,932,4,2
10257,932,5,2
10258,932,6,2
10259,932,7,2
10260,932,8,3
10261,932,9,4
10262,932,10,3
10263,933,0,0
10264,933,1,1
10265,933,2,0
10266,933,3,1
10267,933,4,0
10268,933,5,1
10269,933,6,1
10270,933,7,0
10271,933,8,0
10272,933,9,1
10273,933,10,1
10274,934,0,0
10275,934,1,1
10276,934,2,1
10277,934,3,2
10278,934,4,3
10279,934,5,2
10280,934,6,3
10281,934,7,4
10282,934,8,5
10283,934,9,5
10284,934,10,5
10285,935,0,0
10286,935,1,0
10287,935,2,0
10288,935,3,0
10289,935,4,0
10290,935,5,0
10291,935,6,0
10292,935,7,0
10293,935,8,0
10294,935,9,0
10295,935,10,0
10296,936,0,0
10297,936,1,1
10298,936,2,0
10299,936,3,0
10300,936,4,0
10301,936,5,0
10302,936,6,1
10303,936,7,0
10304,936,8,1
10305,936,9,0
10306,936,10,1
10307,937,0,0
10308,937,1,1
10309,937,2,2
10310,937,3,1
10311,937,4,2
10312,937,5,3
10313,937,6,2
10314,937,7,3
10315,937,8,3
10316,937,9,3
10317,937,10,2
10318,938,0,0
10319,938,1,1
10320,938,2,1
10321,938,3,2
10322,938,4,3
10323,938,5,4
10324,938,6,5
10325,938,7,5
10326,938,8,5
10327,938,9,5
10328,938,10,5
10329,939,0,0
10330,939,1,0
10331,939,2,0
10332,939,3,0
10333,939,4,0
10334,939,5,0
10335,939,6,0
10336,939,7,0
10337,939,8,0
10338,939,9,0
10339,939,10,0
10340,940,0,0
10341,940,1,1
10342,940,2,2
10343,940,3,1
10344,940,4,0
10345,940,5,0
10346,940,6,0
10347,940,7,0
10348,940,8,1
10349,940,9,0
10350,940,10,0
10351,941,0,0
10352,941,1,1
10353,941,2,1
10354,941,3,1
10355,941,4,1
10356,941,5,1
10357,941,6,1
10358,941,7,1
10359,941,8,1
10360,941,9,1
10361,941,10,1
10362,942,0,0
10363,942,1,1
10364,942,2,2
10365,942,3,3
10366,942,4,2
10367,942,5,3
10368,942,6,2
10369,942,7,1
10370,942,8,2
10371,942,9,3
10372,942,10,2
10373,943,0,0
10374,943,1,1
10375,943,2,1
10376,943,3,1
10377,943,4,1
10378,943,5,1
10379,943,6,1
10380,943,7,1
10381,943,8,1
10382,943,9,1
10383,943,10,1
10384,944,0,0
10385,944,1,0
10386,944,2,0
10387,944,3,0
10388,944,4,0
10389,944,5,0
10390,944,6,0
10391,944,7,1
10392,944,8,1
10393,944,9,1
10394,944,10,0
10395,945,0,0
10396,945,1,1
10397,945,2,2
10398,945,3,1
10399,945,4,2
10400,945,5,1
10401,945,6,2
10402,945,7,3
10403,945,8,2
10404,945,9,1
10405,945,10,2
10406,946,0,0
10407,946,1,1
10408,946,2,0
10409,946,3,1
10410,946,4,0
10411,946,5,1
10412,946,6,2
10413,946,7,3
10414,946,8,2
10415,946,9,3
10416,946,10,2
10417,947,0,0
10418,947,1,1
10419,947,2,2
10420,947,3,3
10421,947,4,2
10422,947,5,3
10423,947,6,4
10424,947,7,5
10425,947,8,5
10426,947,9,5
10427,947,10,5
10428,948,0,0
10429,948,1,1
10430,948,2,1
10431,948,3,1
10432,948,4,1
10433,948,5,1
10434,948,6,1
10435,948,7,1
10436,948,8,1
10437,948,9,1
10438,948,10,1
10439,949,0,0
10440,949,1,1
10441,949,2,1
10442,949,3,0
10443,949,4,1
10444,949,5,0
10445,949,6,1
10446,949,7,0
10447,949,8,1
10448,949,9,0
10449,949,10,1
10450,950,0,0
10451,950,1,1
10452,950,2,2
10453,950,3,1
10454,950,4,0
10455,950,5,1
10456,950,6,2
10457,950,7,1
10458,950,8,2
10459,950,9,3
10460,950,10,2
10461,951,0,0
10462,951,1,1
10463,951,2,2
10464,951,3,3
10465,951,4,4
10466,951,5,3
10467,951,6,4
10468,951,7,5
10469,951,8,5
10470,951,9,5
10471,951,10,5
10472,952,0,0
10473,952,1,1
10474,952,2,1
10475,952,3,1
10476,952,4,0
10477,952,5,1
10478,952,6,0
10479,952,7,1
10480,952,8,0
10481,952,9,1
10482,952,10,0
10483,953,0,0
10484,953,1,1
10485,953,2,0
10486,953,3,1
10487,953,4,0
10488,953,5,1
10489,953,6,1
10490,953,7,2
10491,953,8,1
10492,953,9,0
10493,953,10,1
10494,954,0,0
10495,954,1,0
10496,954,2,0
10497,954,3,0
10498,954,4,0
10499,954,5,0
10500,954,6,0
10501,954,7,0
10502,954,8,0
10503,954,9,0
10504,954,10,0
10505,955,0,0
10506,955,1,0
10507,955,2,0
10508,955,3,0
10509,955,4,0
10510,955,5,0
10511,955,6,0
10512,955,7,0
10513,955,8,0
10514,955,9,0
10515,955,10,0
10516,956,0,0
10517,956,1,0
10518,956,2,0
10519,956,3,0
10520,956,4,0
10521,956,5,1
10522,956,6,2
10523,956,7,1
10524,956,8,2
10525,956,9,1
10526,956,10,1
10527,957,0,0
10528,957,1,0
10529,957,2,0
10530,957,3,0
10531,957,4,0
10532,957,5,0
10533,957,6,0
10534,957,7,0
10535,957,8,0
10536,957,9,0
10537,957,10,0
10538,958,0,0
10539,958,1,0
10540,958,2,0
10541,958,3,0
10542,958,4,0
10543,958,5,0
10544,958,6,0
10545,958,7,0
10546,958,8,0
10547,958,9,0
10548,958,10,1
10549,959,0,0
10550,959,1,1
10551,959,2,2
10552,959,3,1
10553,959,4,2
10554,959,5,1
10555,959,6,2
10556,959,7,1
10557,959,8,2
10558,959,9,1
10559,959,10,2
10560,960,0,0
10561,960,1,1
10562,960,2,2
10563,960,3,3
10564,960,4,2
10565,960,5,3
10566,960,6,2
10567,960,7,3
10568,960,8,2
10569,960,9,3
10570,960,10,2
10571,961,0,0
10572,961,1,1
10573,961,2,0
10574,961,3,1
10575,961,4,0
10576,961,5,1
10577,961,6,0
10578,961,7,1
10579,961,8,0
10580,961,9,1
10581,961,10,0
10582,962,0,0
10583,962,1,1
10584,962,2,0
10585,962,3,0
10586,962,4,1
10587,962,5,0
10588,962,6,1
10589,962,7,2
10590,962,8,3
10591,962,9,2
10592,962,10,3
10593,963,0,0
10594,963,1,0
10595,963,2,1
10596,963,3,0
10597,963,4,1
10598,963,5,0
10599,963,6,0
10600,963,7,1
10601,963,8,1
10602,963,9,0
10603,963,10,1
10604,964,0,0
10605,964,1,1
10606,964,2,2
10607,964,3,1
10608,964,4,2
10609,964,5,3
10610,964,6,4
10611,964,7,3
10612,964,8,4
10613,964,9,3
10614,964,10,4
10615,965,0,0
10616,965,1,0
10617,965,2,0
10618,965,3,0
10619,965,4,0
10620,965,5,0
10621,965,6,0
10622,965,7,0
10623,965,8,0
10624,965,9,0
10625,965,10,0
10626,966,0,0
10627,966,1,0
10628,966,2,0
10629,966,3,0
10630,966,4,0
10631,966,5,0
10632,966,6,0
10633,966,7,0
10634,966,8,0
10635,966,9,0
10636,966,10,0
10637,967,0,0
10638,967,1,0
10639,967,2,0
10640,967,3,0
10641,967,4,0
10642,967,5,0
10643,967,6,0
10644,967,7,0
10645,967,8,0
10646,967,9,0
10647,967,10,0
10648,968,0,0
10649,968,1,1
10650,968,2,2
10651,968,3,1
10652,968,4,2
10653,968,5,3
10654,968,6,2
10655,968,7,3
10656,968,8,2
10657,968,9,3
10658,968,10,2
10659,969,0,0
10660,969,1,0
10661,969,2,0
10662,969,3,0
10663,969,4,0
10664,969,5,0
10665,969,6,0
10666,969,7,0
10667,969,8,0
10668,969,9,0
10669,969,10,0
10670,970,0,0
10671,970,1,1
10672,970,2,2
10673,970,3,1
10674,970,4,2
10675,970,5,1
10676,970,6,2
10677,970,7,1
10678,970,8,2
10679,970,9,3
10680,970,10,2
10681,971,0,0
10682,971,1,0
10683,971,2,0
10684,971,3,0
10685,971,4,0
10686,971,5,0
10687,971,6,0
10688,971,7,0
10689,971,8,0
10690,971,9,0
10691,971,10,0
10692,972,0,0
10693,972,1,1
10694,972,2,2
10695,972,3,3
10696,972,4,2
10697,972,5,3
10698,972,6,2
10699,972,7,1
10700,972,8,0
10701,972,9,1
10702,972,10,2
10703,973,0,0
10704,973,1,0
10705,973,2,0
10706,973,3,0
10707,973,4,0
10708,973,5,0
10709,973,6,0
10710,973,7,0
10711,973,8,0
10712,973,9,0
10713,973,10,0
10714,974,0,0
10715,974,1,1
10716,974,2,1
10717,974,3,1
10718,974,4,1
10719,974,5,0
10720,974,6,1
10721,974,7,0
10722,974,8,0
10723,974,9,1
10724,974,10,0
10725,975,0,0
10726,975,1,1
10727,975,2,0
10728,975,3,1
10729,975,4,0
10730,975,5,1
10731,975,6,0
10732,975,7,1
10733,975,8,0
10734,975,9,1
10735,975,10,0
10736,976,0,0
10737,976,1,0
10738,976,2,0
10739,976,3,0
10740,976,4,0
10741,976,5,1
10742,976,6,0
10743,976,7,0
10744,976,8,1
10745,976,9,0
10746,976,10,0
10747,977,0,0
10748,977,1,0
10749,977,2,0
10750,977,3,0
10751,977,4,0
10752,977,5,0
10753,977,6,0
10754,977,7,0
10755,977,8,0
10756,977,9,0
10757,977,10,0
10758,978,0,0
10759,978,1,1
10760,978,2,1
10761,978,3,1
10762,978,4,1
10763,978,5,1
10764,978,6,0
10765,978,7,1
10766,978,8,1
10767,978,9,1
10768,978,10,0
10769,979,0,0
10770,979,1,1
10771,979,2,2
10772,979,3,3
10773,979,4,4
10774,979,5,3
10775,979,6,4
10776,979,7,5
10777,979,8,5
10778,979,9,5
10779,979,10,5
10780,980,0,0
10781,980,1,0
10782,980,2,0
10783,980,3,1
10784,980,4,2
10785,980,5,3
10786,980,6,4
10787,980,7,3
10788,980,8,4
10789,980,9,3
10790,980,10,2
10791,981,0,0
10792,981,1,1
10793,981,2,2
10794,981,3,1
10795,981,4,0
10796,981,5,1
10797,981,6,2
10798,981,7,2
10799,981,8,2
10800,981,9,2
10801,981,10,1
10802,982,0,0
10803,982,1,0
10804,982,2,0
10805,982,3,1
10806,982,4,2
10807,982,5,1
10808,982,6,2
10809,982,7,1
10810,982,8,2
10811,982,9,1
10812,982,10,0
10813,983,0,0
10814,983,1,0
10815,983,2,0
10816,983,3,0
10817,983,4,0
10818,983,5,0
10819,983,6,0
10820,983,7,0
10821,983,8,0
10822,983,9,0
10823,983,10,0
10824,984,0,0
10825,984,1,0
10826,984,2,0
10827,984,3,0
10828,984,4,0
10829,984,5,0
10830,984,6,0
10831,984,7,0
10832,984,8,0
10833,984,9,0
10834,984,10,1
10835,985,0,0
10836,985,1,1
10837,985,2,2
10838,985,3,2
10839,985,4,2
10840,985,5,3
10841,985,6,4
10842,985,7,5
10843,985,8,5
10844,985,9,5
10845,985,10,5
10846,986,0,0
10847,986,1,1
10848,986,2,1
10849,986,3,1
10850,986,4,0
10851,986,5,1
10852,986,6,1
10853,986,7,1
10854,986,8,1
10855,986,9,2
10856,986,10,3
10857,987,0,0
10858,987,1,0
10859,987,2,0
10860,987,3,0
10861,987,4,0
10862,987,5,0
10863,987,6,0
10864,987,7,0
10865,987,8,0
10866,987,9,0
10867,987,10,0
10868,988,0,0
10869,988,1,1
10870,988,2,0
10871,988,3,1
10872,988,4,0
10873,988,5,1
10874,988,6,0
10875,988,7,0
10876,988,8,1
10877,988,9,0
10878,988,10,1
10879,989,0,0
10880,989,1,0
10881,989,2,0
10882,989,3,1
10883,989,4,0
10884,989,5,0
10885,989,6,0
10886,989,7,0
10887,989,8,0
10888,989,9,0
10889,989,10,1
10890,990,0,0
10891,990,1,0
10892,990,2,0
10893,990,3,0
10894,990,4,0
10895,990,5,0
10896,990,6,0
10897,990,7,0
10898,990,8,0
10899,990,9,0
10900,990,10,0
10901,991,0,0
10902,991,1,0
10903,991,2,0
10904,991,3,0
10905,991,4,0
10906,991,5,0
10907,991,6,0
10908,991,7,0
10909,991,8,0
10910,991,9,0
10911,991,10,0
10912,992,0,0
10913,992,1,1
10914,992,2,2
10915,992,3,1
10916,992,4,2
10917,992,5,1
10918,992,6,2
10919,992,7,1
10920,992,8,2
10921,992,9,1
10922,992,10,2
10923,993,0,0
10924,993,1,1
10925,993,2,2
10926,993,3,3
10927,993,4,3
10928,993,5,3
10929,993,6,3
10930,993,7,3
10931,993,8,2
10932,993,9,3
10933,993,10,2
10934,994,0,0
10935,994,1,0
10936,994,2,0
10937,994,3,0
10938,994,4,0
10939,994,5,0
10940,994,6,0
10941,994,7,0
10942,994,8,0
10943,994,9,0
10944,994,10,0
10945,995,0,0
10946,995,1,1
10947,995,2,2
10948,995,3,1
10949,995,4,2
10950,995,5,1
10951,995,6,2
10952,995,7,1
10953,995,8,2
10954,995,9,1
10955,995,10,2
10956,996,0,0
10957,996,1,1
10958,996,2,2
10959,996,3,1
10960,996,4,2
10961,996,5,1
10962,996,6,2
10963,996,7,1
10964,996,8,2
10965,996,9,1
10966,996,10,2
10967,997,0,0
10968,997,1,0
10969,997,2,0
10970,997,3,0
10971,997,4,0
10972,997,5,0
10973,997,6,0
10974,997,7,0
10975,997,8,1
10976,997,9,0
10977,997,10,0
10978,998,0,0
10979,998,1,1
10980,998,2,2
10981,998,3,3
10982,998,4,2
10983,998,5,3
10984,998,6,2
10985,998,7,3
10986,998,8,2
10987,998,9,3
10988,998,10,2
10989,999,0,0
10990,999,1,1
10991,999,2,1
10992,999,3,1
10993,999,4,1
10994,999,5,1
10995,999,6,0
10996,999,7,1
10997,999,8,1
10998,999,9,1
10999,999,10,1
11000,1000,0,0
11001,1000,1,0
11002,1000,2,0
11003,1000,3,0
11004,1000,4,1
11005,1000,5,2
11006,1000,6,3
11007,1000,7,2
11008,1000,8,3
11009,1000,9,4
11010,1000,10,3
11011,1001,0,0
11012,1001,1,1
11013,1001,2,2
11014,1001,3,1
11015,1001,4,2
11016,1001,5,1
11017,1001,6,2
11018,1001,7,1
11019,1001,8,2
11020,1001,9,1
11021,1001,10,2
11022,1002,0,0
11023,1002,1,0
11024,1002,2,0
11025,1002,3,0
11026,1002,4,0
11027,1002,5,0
11028,1002,6,0
11029,1002,7,0
11030,1002,8,0
11031,1002,9,0
11032,1002,10,0
11033,1003,0,0
11034,1003,1,0
11035,1003,2,0
11036,1003,3,0
11037,1003,4,0
11038,1003,5,0
11039,1003,6,0
11040,1003,7,0
11041,1003,8,0
11042,1003,9,0
11043,1003,10,0
11044,1004,0,0
11045,1004,1,0
11046,1004,2,1
11047,1004,3,0
11048,1004,4,1
11049,1004,5,2
11050,1004,6,3
11051,1004,7,2
11052,1004,8,3
11053,1004,9,2
11054,1004,10,3
11055,1005,0,0
11056,1005,1,1
11057,1005,2,2
11058,1005,3,1
11059,1005,4,2
11060,1005,5,1
11061,1005,6,2
11062,1005,7,1
11063,1005,8,2
11064,1005,9,1
11065,1005,10,2
11066,1006,0,0
11067,1006,1,1
11068,1006,2,0
11069,1006,3,1
11070,1006,4,2
11071,1006,5,3
11072,1006,6,3
11073,1006,7,3
11074,1006,8,3
11075,1006,9,4
11076,1006,10,5
11077,1007,0,0
11078,1007,1,1
11079,1007,2,0
11080,1007,3,1
11081,1007,4,0
11082,1007,5,1
11083,1007,6,2
11084,1007,7,3
11085,1007,8,4
11086,1007,9,4
11087,1007,10,4
11088,1008,0,0
11089,1008,1,1
11090,1008,2,0
11091,1008,3,1
11092,1008,4,2
11093,1008,5,1
11094,1008,6,2
11095,1008,7,3
11096,1008,8,2
11097,1008,9,1
11098,1008,10,0
11099,1009,0,0
11100,1009,1,1
11101,1009,2,0
11102,1009,3,1
11103,1009,4,1
11104,1009,5,1
11105,1009,6,1
11106,1009,7,2
11107,1009,8,1
11108,1009,9,1
11109,1009,10,0
11110,1010,0,0
11111,1010,1,1
11112,1010,2,0
11113,1010,3,0
11114,1010,4,0
11115,1010,5,0
11116,1010,6,0
11117,1010,7,0
11118,1010,8,0
11119,1010,9,0
11120,1010,10,0
11121,1011,0,0
11122,1011,1,0
11123,1011,2,0
11124,1011,3,0
11125,1011,4,0
11126,1011,5,0
11127,1011,6,0
11128,1011,7,1
11129,1011,8,1
11130,1011,9,2
11131,1011,10,1
11132,1012,0,0
11133,1012,1,1
11134,1012,2,0
11135,1012,3,0
11136,1012,4,1
11137,1012,5,0
11138,1012,6,1
11139,1012,7,0
11140,1012,8,1
11141,1012,9,2
11142,1012,10,1
11143,1013,0,0
11144,1013,1,0
11145,1013,2,0
11146,1013,3,0
11147,1013,4,0
11148,1013,5,0
11149,1013,6,0
11150,1013,7,0
11151,1013,8,0
11152,1013,9,0
11153,1013,10,0
11154,1014,0,0
11155,1014,1,0
11156,1014,2,0
11157,1014,3,1
11158,1014,4,2
11159,1014,5,3
11160,1014,6,2
11161,1014,7,3
11162,1014,8,2
11163,1014,9,3
11164,1014,10,4
11165,1015,0,0
11166,1015,1,1
11167,1015,2,0
11168,1015,3,1
11169,1015,4,0
11170,1015,5,1
11171,1015,6,2
11172,1015,7,3
11173,1015,8,2
11174,1015,9,3
11175,1015,10,4
11176,1016,0,0
11177,1016,1,1
11178,1016,2,2
11179,1016,3,1
11180,1016,4,0
11181,1016,5,1
11182,1016,6,0
11183,1016,7,1
11184,1016,8,0
11185,1016,9,1
11186,1016,10,0
11187,1017,0,0
11188,1017,1,1
11189,1017,2,2
11190,1017,3,3
11191,1017,4,2
11192,1017,5,3
11193,1017,6,2
11194,1017,7,3
11195,1017,8,2
11196,1017,9,3
11197,1017,10,4
11198,1018,0,0
11199,1018,1,1
11200,1018,2,2
11201,1018,3,1
11202,1018,4,2
11203,1018,5,1
11204,1018,6,2
11205,1018,7,3
11206,1018,8,4
11207,1018,9,5
11208,1018,10,5
11209,1019,0,0
11210,1019,1,0
11211,1019,2,0
11212,1019,3,0
11213,1019,4,0
11214,1019,5,0
11215,1019,6,0
11216,1019,7,0
11217,1019,8,0
11218,1019,9,0
11219,1019,10,0
11220,1020,0,0
11221,1020,1,0
11222,1020,2,0
11223,1020,3,0
11224,1020,4,0
11225,1020,5,0
11226,1020,6,0
11227,1020,7,0
11228,1020,8,0
11229,1020,9,0
11230,1020,10,0
11231,1021,0,0
11232,1021,1,1
11233,1021,2,2
11234,1021,3,1
11235,1021,4,2
11236,1021,5,3
11237,1021,6,3
11238,1021,7,4
11239,1021,8,3
11240,1021,9,4
11241,1021,10,3
11242,1022,0,0
11243,1022,1,1
11244,1022,2,1
11245,1022,3,0
11246,1022,4,1
11247,1022,5,0
11248,1022,6,1
11249,1022,7,0
11250,1022,8,1
11251,1022,9,1
11252,1022,10,1
11253,1023,0,0
11254,1023,1,0
11255,1023,2,0
11256,1023,3,0
11257,1023,4,0
11258,1023,5,0
11259,1023,6,0
11260,1023,7,1
11261,1023,8,0
11262,1023,9,0
11263,1023,10,0
11264,1024,0,0
11265,1024,1,1
11266,1024,2,0
11267,1024,3,0
11268,1024,4,1
11269,1024,5,2
11270,1024,6,3
11271,1024,7,2
11272,1024,8,3
11273,1024,9,4
11274,1024,10,5
11275,1025,0,0
11276,1025,1,1
11277,1025,2,2
11278,1025,3,3
11279,1025,4,4
11280,1025,5,5
11281,1025,6,5
11282,1025,7,5
11283,1025,8,5
11284,1025,9,5
11285,1025,10,5
11286,1026,0,0
11287,1026,1,1
11288,1026,2,1
11289,1026,3,2
11290,1026,4,3
11291,1026,5,2
11292,1026,6,3
11293,1026,7,4
11294,1026,8,5
11295,1026,9,5
11296,1026,10,5
11297,1027,0,0
11298,1027,1,0
11299,1027,2,0
11300,1027,3,1
11301,1027,4,1
11302,1027,5,0
11303,1027,6,0
11304,1027,7,0
11305,1027,8,0
11306,1027,9,1
11307,1027,10,0
11308,1028,0,0
11309,1028,1,1
11310,1028,2,2
11311,1028,3,1
11312,1028,4,1
11313,1028,5,2
11314,1028,6,3
11315,1028,7,4
11316,1028,8,5
11317,1028,9,5
11318,1028,10,5
11319,1029,0,0
11320,1029,1,0
11321,1029,2,0
11322,1029,3,0
11323,1029,4,0
11324,1029,5,1
11325,1029,6,2
11326,1029,7,1
11327,1029,8,2
11328,1029,9,3
11329,1029,10,4
11330,1030,0,0
11331,1030,1,1
11332,1030,2,0
11333,1030,3,1
11334,1030,4,0
11335,1030,5,1
11336,1030,6,2
11337,1030,7,3
11338,1030,8,4
11339,1030,9,3
11340,1030,10,4
11341,1031,0,0
11342,1031,1,0
11343,1031,2,0
11344,1031,3,0
11345,1031,4,0
11346,1031,5,1
11347,1031,6,0
11348,1031,7,0
11349,1031,8,0
11350,1031,9,0
11351,1031,10,0
11352,1032,0,0
11353,1032,1,0
11354,1032,2,1
11355,1032,3,2
11356,1032,4,3
11357,1032,5,4
11358,1032,6,3
11359,1032,7,2
11360,1032,8,3
11361,1032,9,2
11362,1032,10,3
11363,1033,0,0
11364,1033,1,1
11365,1033,2,0
11366,1033,3,1
11367,1033,4,1
11368,1033,5,1
11369,1033,6,0
11370,1033,7,1
11371,1033,8,0
11372,1033,9,1
11373,1033,10,0
11374,1034,0,0
11375,1034,1,1
11376,1034,2,0
11377,1034,3,1
11378,1034,4,1
11379,1034,5,0
11380,1034,6,1
11381,1034,7,1
11382,1034,8,0
11383,1034,9,1
11384,1034,10,1
11385,1035,0,0
11386,1035,1,1
11387,1035,2,2
11388,1035,3,3
11389,1035,4,2
11390,1035,5,3
11391,1035,6,2
11392,1035,7,3
11393,1035,8,2
11394,1035,9,1
11395,1035,10,0
11396,1036,0,0
11397,1036,1,1
11398,1036,2,2
11399,1036,3,1
11400,1036,4,2
11401,1036,5,1
11402,1036,6,2
11403,1036,7,1
11404,1036,8,2
11405,1036,9,1
11406,1036,10,2
11407,1037,0,0
11408,1037,1,1
11409,1037,2,1
11410,1037,3,2
11411,1037,4,3
11412,1037,5,4
11413,1037,6,3
11414,1037,7,3
11415,1037,8,4
11416,1037,9,3
11417,1037,10,4
11418,1038,0,0
11419,1038,1,1
11420,1038,2,1
11421,1038,3,0
11422,1038,4,1
11423,1038,5,0
11424,1038,6,1
11425,1038,7,1
11426,1038,8,1
11427,1038,9,0
11428,1038,10,1
11429,1039,0,0
11430,1039,1,1
11431,1039,2,0
11432,1039,3,1
11433,1039,4,0
11434,1039,5,1
11435,1039,6,0
11436,1039,7,1
11437,1039,8,0
11438,1039,9,1
11439,1039,10,0
11440,1040,0,0
11441,1040,1,0
11442,1040,2,0
11443,1040,3,0
11444,1040,4,0
11445,1040,5,0
11446,1040,6,0
11447,1040,7,0
11448,1040,8,0
11449,1040,9,0
11450,1040,10,0
11451,1041,0,0
11452,1041,1,1
11453,1041,2,2
11454,1041,3,3
11455,1041,4,2
11456,1041,5,3
11457,1041,6,4
11458,1041,7,3
11459,1041,8,2
11460,1041,9,3
11461,1041,10,2
11462,1042,0,0
11463,1042,1,0
11464,1042,2,1
11465,1042,3,1
11466,1042,4,0
11467,1042,5,1
11468,1042,6,1
11469,1042,7,2
11470,1042,8,3
11471,1042,9,4
11472,1042,10,5
11473,1043,0,0
11474,1043,1,1
11475,1043,2,0
11476,1043,3,1
11477,1043,4,2
11478,1043,5,1
11479,1043,6,2
11480,1043,7,3
11481,1043,8,2
11482,1043,9,3
11483,1043,10,2
11484,1044,0,0
11485,1044,1,1
11486,1044,2,0
11487,1044,3,1
11488,1044,4,2
11489,1044,5,1
11490,1044,6,0
11491,1044,7,1
11492,1044,8,0
11493,1044,9,1
11494,1044,10,2
11495,1045,0,0
11496,1045,1,1
11497,1045,2,2
11498,1045,3,3
11499,1045,4,2
11500,1045,5,3
11501,1045,6,2
11502,1045,7,3
11503,1045,8,4
11504,1045,9,3
11505,1045,10,2
11506,1046,0,0
11507,1046,1,0
11508,1046,2,0
11509,1046,3,0
11510,1046,4,0
11511,1046,5,0
11512,1046,6,0
11513,1046,7,0
11514,1046,8,0
11515,1046,9,0
11516,1046,10,0
11517,1047,0,0
11518,1047,1,1
11519,1047,2,2
11520,1047,3,3
11521,1047,4,2
11522,1047,5,3
11523,1047,6,4
11524,1047,7,5
11525,1047,8,5
11526,1047,9,5
11527,1047,10,5
11528,1048,0,0
11529,1048,1,0
11530,1048,2,0
11531,1048,3,0
11532,1048,4,1
11533,1048,5,0
11534,1048,6,0
11535,1048,7,1
11536,1048,8,0
11537,1048,9,0
11538,1048,10,0
11539,1049,0,0
11540,1049,1,1
11541,1049,2,2
11542,1049,3,3
11543,1049,4,4
11544,1049,5,3
11545,1049,6,4
11546,1049,7,5
11547,1049,8,5
11548,1049,9,5
11549,1049,10,5
11550,1050,0,0
11551,1050,1,0
11552,1050,2,0
11553,1050,3,0
11554,1050,4,0
11555,1050,5,0
11556,1050,6,0
11557,1050,7,0
11558,1050,8,0
11559,1050,9,0
11560,1050,10,0
11561,1051,0,0
11562,1051,1,1
11563,1051,2,2
11564,1051,3,1
11565,1051,4,2
11566,1051,5,1
11567,1051,6,0
11568,1051,7,1
11569,1051,8,0
11570,1051,9,1
11571,1051,10,1
11572,1052,0,0
11573,1052,1,1
11574,1052,2,2
11575,1052,3,3
11576,1052,4,4
11577,1052,5,3
11578,1052,6,4
11579,1052,7,3
11580,1052,8,2
11581,1052,9,1
11582,1052,10,2
11583,1053,0,0
11584,1053,1,1
11585,1053,2,1
11586,1053,3,0
11587,1053,4,1
11588,1053,5,0
11589,1053,6,1
11590,1053,7,1
11591,1053,8,1
11592,1053,9,1
11593,1053,10,1
11594,1054,0,0
11595,1054,1,0
11596,1054,2,0
11597,1054,3,0
11598,1054,4,0
11599,1054,5,0
11600,1054,6,0
11601,1054,7,0
11602,1054,8,0
11603,1054,9,0
11604,1054,10,0
11605,1055,0,0
11606,1055,1,0
11607,1055,2,0
11608,1055,3,0
11609,1055,4,0
11610,1055,5,0
11611,1055,6,0
11612,1055,7,0
11613,1055,8,0
11614,1055,9,0
11615,1055,10,0
11616,1056,0,0
11617,1056,1,0
11618,1056,2,0
11619,1056,3,0
11620,1056,4,0
11621,1056,5,0
11622,1056,6,0
11623,1056,7,0
11624,1056,8,0
11625,1056,9,0
11626,1056,10,0
11627,1057,0,0
11628,1057,1,0
11629,1057,2,0
11630,1057,3,0
11631,1057,4,0
11632,1057,5,0
11633,1057,6,0
11634,1057,7,0
11635,1057,8,0
11636,1057,9,0
11637,1057,10,0
11638,1058,0,0
11639,1058,1,1
11640,1058,2,2
11641,1058,3,1
11642,1058,4,2
11643,1058,5,3
11644,1058,6,4
11645,1058,7,3
11646,1058,8,4
11647,1058,9,3
11648,1058,10,4
11649,1059,0,0
11650,1059,1,1
11651,1059,2,2
11652,1059,3,3
11653,1059,4,4
11654,1059,5,3
11655,1059,6,4
11656,1059,7,5
11657,1059,8,5
11658,1059,9,5
11659,1059,10,5
11660,1060,0,0
11661,1060,1,1
11662,1060,2,2
11663,1060,3,1
11664,1060,4,2
11665,1060,5,1
11666,1060,6,2
11667,1060,7,1
11668,1060,8,2
11669,1060,9,3
11670,1060,10,4
11671,1061,0,0
11672,1061,1,1
11673,1061,2,0
11674,1061,3,1
11675,1061,4,0
11676,1061,5,1
11677,1061,6,0
11678,1061,7,1
11679,1061,8,0
11680,1061,9,1
11681,1061,10,0
11682,1062,0,0
11683,1062,1,0
11684,1062,2,1
11685,1062,3,1
11686,1062,4,0
11687,1062,5,0
11688,1062,6,1
11689,1062,7,0
11690,1062,8,1
11691,1062,9,1
11692,1062,10,0
11693,1063,0,0
11694,1063,1,0
11695,1063,2,0
11696,1063,3,0
11697,1063,4,0
11698,1063,5,0
11699,1063,6,0
11700,1063,7,0
11701,1063,8,0
11702,1063,9,0
11703,1063,10,0
11704,1064,0,0
11705,1064,1,1
11706,1064,2,2
11707,1064,3,1
11708,1064,4,2
11709,1064,5,1
11710,1064,6,2
11711,1064,7,1
11712,1064,8,2
11713,1064,9,3
11714,1064,10,2
11715,1065,0,0
11716,1065,1,1
11717,1065,2,2
11718,1065,3,3
11719,1065,4,2
11720,1065,5,3
11721,1065,6,2
11722,1065,7,1
11723,1065,8,0
11724,1065,9,1
11725,1065,10,2
11726,1066,0,0
11727,1066,1,1
11728,1066,2,1
11729,1066,3,1
11730,1066,4,1
11731,1066,5,2
11732,1066,6,3
11733,1066,7,4
11734,1066,8,4
11735,1066,9,4
11736,1066,10,4
11737,1067,0,0
11738,1067,1,1
11739,1067,2,0
11740,1067,3,1
11741,1067,4,2
11742,1067,5,1
11743,1067,6,2
11744,1067,7,3
11745,1067,8,4
11746,1067,9,5
11747,1067,10,5
11748,1068,0,0
11749,1068,1,1
11750,1068,2,2
11751,1068,3,3
11752,1068,4,2
11753,1068,5,3
11754,1068,6,2
11755,1068,7,3
11756,1068,8,4
11757,1068,9,3
11758,1068,10,2
11759,1069,0,0
11760,1069,1,1
11761,1069,2,2
11762,1069,3,1
11763,1069,4,0
11764,1069,5,1
11765,1069,6,2
11766,1069,7,1
11767,1069,8,2
11768,1069,9,1
11769,1069,10,0
11770,1070,0,0
11771,1070,1,0
11772,1070,2,0
11773,1070,3,0
11774,1070,4,0
11775,1070,5,0
11776,1070,6,0
11777,1070,7,1
11778,1070,8,2
11779,1070,9,3
11780,1070,10,2
11781,1071,0,0
11782,1071,1,1
11783,1071,2,0
11784,1071,3,1
11785,1071,4,0
11786,1071,5,0
11787,1071,6,0
11788,1071,7,1
11789,1071,8,1
11790,1071,9,0
11791,1071,10,0
11792,1072,0,0
11793,1072,1,1
11794,1072,2,0
11795,1072,3,1
11796,1072,4,2
11797,1072,5,1
11798,1072,6,2
11799,1072,7,1
11800,1072,8,2
11801,1072,9,1
11802,1072,10,2
11803,1073,0,0
11804,1073,1,1
11805,1073,2,0
11806,1073,3,1
11807,1073,4,2
11808,1073,5,2
11809,1073,6,2
11810,1073,7,2
11811,1073,8,1
11812,1073,9,2
11813,1073,10,1
11814,1074,0,0
11815,1074,1,0
11816,1074,2,1
11817,1074,3,1
11818,1074,4,2
11819,1074,5,2
11820,1074,6,3
11821,1074,7,2
11822,1074,8,3
11823,1074,9,3
11824,1074,10,2
11825,1075,0,0
11826,1075,1,1
11827,1075,2,2
11828,1075,3,1
11829,1075,4,2
11830,1075,5,1
11831,1075,6,2
11832,1075,7,1
11833,1075,8,2
11834,1075,9,1
11835,1075,10,2
11836,1076,0,0
11837,1076,1,0
11838,1076,2,0
11839,1076,3,0
11840,1076,4,0
11841,1076,5,0
11842,1076,6,0
11843,1076,7,0
11844,1076,8,0
11845,1076,9,0
11846,1076,10,0
11847,1077,0,0
11848,1077,1,0
11849,1077,2,0
11850,1077,3,0
11851,1077,4,0
11852,1077,5,0
11853,1077,6,0
11854,1077,7,0
11855,1077,8,0
11856,1077,9,0
11857,1077,10,0
11858,1078,0,0
11859,1078,1,1
11860,1078,2,0
11861,1078,3,1
11862,1078,4,1
11863,1078,5,1
11864,1078,6,2
11865,1078,7,3
11866,1078,8,4
11867,1078,9,4
11868,1078,10,5
11869,1079,0,0
11870,1079,1,1
11871,1079,2,1
11872,1079,3,1
11873,1079,4,0
11874,1079,5,1
11875,1079,6,1
11876,1079,7,1
11877,1079,8,1
11878,1079,9,1
11879,1079,10,0
11880,1080,0,0
11881,1080,1,1
11882,1080,2,2
11883,1080,3,3
11884,1080,4,4
11885,1080,5,3
11886,1080,6,2
11887,1080,7,1
11888,1080,8,0
11889,1080,9,1
11890,1080,10,2
11891,1081,0,0
11892,1081,1,1
11893,1081,2,0
11894,1081,3,1
11895,1081,4,0
11896,1081,5,0
11897,1081,6,1
11898,1081,7,0
11899,1081,8,0
11900,1081,9,0
11901,1081,10,0
11902,1082,0,0
11903,1082,1,1
11904,1082,2,2
11905,1082,3,1
11906,1082,4,0
11907,1082,5,1
11908,1082,6,2
11909,1082,7,3
11910,1082,8,2
11911,1082,9,3
11912,1082,10,2
11913,1083,0,0
11914,1083,1,0
11915,1083,2,0
11916,1083,3,0
11917,1083,4,0
11918,1083,5,0
11919,1083,6,0
11920,1083,7,0
11921,1083,8,0
11922,1083,9,0
11923,1083,10,0
11924,1084,0,0
11925,1084,1,0
11926,1084,2,0
11927,1084,3,0
11928,1084,4,0
11929,1084,5,0
11930,1084,6,0
11931,1084,7,0
11932,1084,8,0
11933,1084,9,0
11934,1084,10,0
11935,1085,0,0
11936,1085,1,1
11937,1085,2,1
11938,1085,3,2
11939,1085,4,3
11940,1085,5,4
11941,1085,6,3
11942,1085,7,3
11943,1085,8,3
11944,1085,9,3
11945,1085,10,3
11946,1086,0,0
11947,1086,1,1
11948,1086,2,0
11949,1086,3,1
11950,1086,4,1
11951,1086,5,2
11952,1086,6,3
11953,1086,7,2
11954,1086,8,3
11955,1086,9,4
11956,1086,10,5
11957,1087,0,0
11958,1087,1,0
11959,1087,2,0
11960,1087,3,0
11961,1087,4,0
11962,1087,5,0
11963,1087,6,0
11964,1087,7,0
11965,1087,8,0
11966,1087,9,0
11967,1087,10,0
11968,1088,0,0
11969,1088,1,1
11970,1088,2,2
11971,1088,3,1
11972,1088,4,2
11973,1088,5,3
11974,1088,6,2
11975,1088,7,3
11976,1088,8,2
11977,1088,9,3
11978,1088,10,2
11979,1089,0,0
11980,1089,1,0
11981,1089,2,1
11982,1089,3,0
11983,1089,4,1
11984,1089,5,0
11985,1089,6,1
11986,1089,7,2
11987,1089,8,3
11988,1089,9,3
11989,1089,10,3
11990,1090,0,0
11991,1090,1,1
11992,1090,2,1
11993,1090,3,2
11994,1090,4,1
11995,1090,5,2
11996,1090,6,1
11997,1090,7,1
11998,1090,8,0
11999,1090,9,1
12000,1090,10,2
12001,1091,0,0
12002,1091,1,1
12003,1091,2,2
12004,1091,3,3
12005,1091,4,4
12006,1091,5,5
12007,1091,6,5
12008,1091,7,5
12009,1091,8,5
12010,1091,9,5
12011,1091,10,5
12012,1092,0,0
12013,1092,1,1
12014,1092,2,2
12015,1092,3,3
12016,1092,4,3
12017,1092,5,4
12018,1092,6,5
12019,1092,7,5
12020,1092,8,5
12021,1092,9,5
12022,1092,10,5
12023,1093,0,0
12024,1093,1,1
12025,1093,2,0
12026,1093,3,0
12027,1093,4,1
12028,1093,5,0
12029,1093,6,0
12030,1093,7,0
12031,1093,8,0
12032,1093,9,1
12033,1093,10,0
12034,1094,0,0
12035,1094,1,1
12036,1094,2,0
12037,1094,3,0
12038,1094,4,0
12039,1094,5,0
12040,1094,6,0
12041,1094,7,0
12042,1094,8,0
12043,1094,9,0
12044,1094,10,0
12045,1095,0,0
12046,1095,1,1
12047,1095,2,2
12048,1095,3,1
12049,1095,4,2
12050,1095,5,1
12051,1095,6,0
12052,1095,7,1
12053,1095,8,0
12054,1095,9,1
12055,1095,10,1
12056,1096,0,0
12057,1096,1,0
12058,1096,2,1
12059,1096,3,0
12060,1096,4,0
12061,1096,5,0
12062,1096,6,0
12063,1096,7,1
12064,1096,8,0
12065,1096,9,0
12066,1096,10,0
12067,1097,0,0
12068,1097,1,0
12069,1097,2,0
12070,1097,3,0
12071,1097,4,0
12072,1097,5,0
12073,1097,6,0
12074,1097,7,1
12075,1097,8,0
12076,1097,9,0
12077,1097,10,0
12078,1098,0,0
12079,1098,1,1
12080,1098,2,2
12081,1098,3,3
12082,1098,4,4
12083,1098,5,3
12084,1098,6,4
12085,1098,7,3
12086,1098,8,4
12087,1098,9,3
12088,1098,10,2
12089,1099,0,0
12090,1099,1,0
12091,1099,2,0
12092,1099,3,0
12093,1099,4,0
12094,1099,5,0
12095,1099,6,0
12096,1099,7,0
12097,1099,8,0
12098,1099,9,0
12099,1099,10,0
12100,1100,0,0
12101,1100,1,1
12102,1100,2,2
12103,1100,3,2
12104,1100,4,1
12105,1100,5,0
12106,1100,6,1
12107,1100,7,0
12108,1100,8,1
12109,1100,9,2
12110,1100,10,1
12111,1101,0,0
12112,1101,1,0
12113,1101,2,0
12114,1101,3,0
12115,1101,4,0
12116,1101,5,0
12117,1101,6,0
12118,1101,7,0
12119,1101,8,0
12120,1101,9,0
12121,1101,10,0
12122,1102,0,0
12123,1102,1,1
12124,1102,2,1
12125,1102,3,0
12126,1102,4,1
12127,1102,5,2
12128,1102,6,3
12129,1102,7,4
12130,1102,8,5
12131,1102,9,5
12132,1102,10,5
12133,1103,0,0
12134,1103,1,0
12135,1103,2,0
12136,1103,3,0
12137,1103,4,0
12138,1103,5,0
12139,1103,6,0
12140,1103,7,0
12141,1103,8,0
12142,1103,9,0
12143,1103,10,0
12144,1104,0,0
12145,1104,1,1
12146,1104,2,2
12147,1104,3,1
12148,1104,4,2
12149,1104,5,1
12150,1104,6,2
12151,1104,7,1
12152,1104,8,2
12153,1104,9,1
12154,1104,10,2
12155,1105,0,0
12156,1105,1,0
12157,1105,2,1
12158,1105,3,0
12159,1105,4,0
12160,1105,5,1
12161,1105,6,0
12162,1105,7,1
12163,1105,8,2
12164,1105,9,1
12165,1105,10,0
12166,1106,0,0
12167,1106,1,0
12168,1106,2,0
12169,1106,3,0
12170,1106,4,0
12171,1106,5,0
12172,1106,6,0
12173,1106,7,0
12174,1106,8,0
12175,1106,9,0
12176,1106,10,0
12177,1107,0,0
12178,1107,1,1
12179,1107,2,0
12180,1107,3,0
12181,1107,4,1
12182,1107,5,0
12183,1107,6,0
12184,1107,7,0
12185,1107,8,0
12186,1107,9,1
12187,1107,10,0
12188,1108,0,0
12189,1108,1,0
12190,1108,2,0
12191,1108,3,1
12192,1108,4,2
12193,1108,5,3
12194,1108,6,3
12195,1108,7,2
12196,1108,8,3
12197,1108,9,4
12198,1108,10,4
12199,1109,0,0
12200,1109,1,0
12201,1109,2,1
12202,1109,3,0
12203,1109,4,0
12204,1109,5,0
12205,1109,6,0
12206,1109,7,1
12207,1109,8,0
12208,1109,9,1
12209,1109,10,0
12210,1110,0,0
12211,1110,1,1
12212,1110,2,2
12213,1110,3,3
12214,1110,4,4
12215,1110,5,3
12216,1110,6,3
12217,1110,7,3
12218,1110,8,3
12219,1110,9,3
12220,1110,10,2
12221,1111,0,0
12222,1111,1,1
12223,1111,2,2
12224,1111,3,2
12225,1111,4,2
12226,1111,5,2
12227,1111,6,1
12228,1111,7,2
12229,1111,8,2
12230,1111,9,2
12231,1111,10,2
12232,1112,0,0
12233,1112,1,1
12234,1112,2,0
12235,1112,3,1
12236,1112,4,2
12237,1112,5,3
12238,1112,6,4
12239,1112,7,4
12240,1112,8,5
12241,1112,9,5
12242,1112,10,5
12243,1113,0,0
12244,1113,1,1
12245,1113,2,0
12246,1113,3,1
12247,1113,4,0
12248,1113,5,1
12249,1113,6,0
12250,1113,7,1
12251,1113,8,0
12252,1113,9,1
12253,1113,10,0
12254,1114,0,0
12255,1114,1,0
12256,1114,2,0
12257,1114,3,0
12258,1114,4,0
12259,1114,5,0
12260,1114,6,0
12261,1114,7,0
12262,1114,8,0
12263,1114,9,0
12264,1114,10,0
12265,1115,0,0
12266,1115,1,0
12267,1115,2,0
12268,1115,3,0
12269,1115,4,0
12270,1115,5,0
12271,1115,6,0
12272,1115,7,0
12273,1115,8,0
12274,1115,9,0
12275,1115,10,0
12276,1116,0,0
12277,1116,1,0
12278,1116,2,0
12279,1116,3,0
12280,1116,4,0
12281,1116,5,0
12282,1116,6,0
12283,1116,7,0
12284,1116,8,0
12285,1116,9,0
12286,1116,10,0
12287,1117,0,0
12288,1117,1,0
12289,1117,2,0
12290,1117,3,0
12291,1117,4,0
12292,1117,5,0
12293,1117,6,0
12294,1117,7,0
12295,1117,8,0
12296,1117,9,0
12297,1117,10,0
12298,1118,0,0
12299,1118,1,0
12300,1118,2,1
12301,1118,3,1
12302,1118,4,2
12303,1118,5,3
12304,1118,6,2
12305,1118,7,1
12306,1118,8,2
12307,1118,9,3
12308,1118,10,3
12309,1119,0,0
12310,1119,1,1
12311,1119,2,0
12312,1119,3,1
12313,1119,4,0
12314,1119,5,1
12315,1119,6,0
12316,1119,7,1
12317,1119,8,0
12318,1119,9,1
12319,1119,10,0
12320,1120,0,0
12321,1120,1,0
12322,1120,2,0
12323,1120,3,0
12324,1120,4,0
12325,1120,5,1
12326,1120,6,0
12327,1120,7,1
12328,1120,8,2
12329,1120,9,1
12330,1120,10,2
12331,1121,0,0
12332,1121,1,0
12333,1121,2,0
12334,1121,3,0
12335,1121,4,0
12336,1121,5,0
12337,1121,6,0
12338,1121,7,1
12339,1121,8,0
12340,1121,9,1
12341,1121,10,0
12342,1122,0,0
12343,1122,1,1
12344,1122,2,2
12345,1122,3,1
12346,1122,4,2
12347,1122,5,3
12348,1122,6,4
12349,1122,7,5
12350,1122,8,5
12351,1122,9,5
12352,1122,10,5
12353,1123,0,0
12354,1123,1,1
12355,1123,2,2
12356,1123,3,3
12357,1123,4,4
12358,1123,5,3
12359,1123,6,4
12360,1123,7,3
12361,1123,8,4
12362,1123,9,3
12363,1123,10,2
12364,1124,0,0
12365,1124,1,1
12366,1124,2,2
12367,1124,3,1
12368,1124,4,2
12369,1124,5,3
12370,1124,6,4
12371,1124,7,5
12372,1124,8,5
12373,1124,9,5
12374,1124,10,5
12375,1125,0,0
12376,1125,1,1
12377,1125,2,1
12378,1125,3,1
12379,1125,4,1
12380,1125,5,2
12381,1125,6,3
12382,1125,7,3
12383,1125,8,2
12384,1125,9,3
12385,1125,10,3
12386,1126,0,0
12387,1126,1,0
12388,1126,2,0
12389,1126,3,1
12390,1126,4,0
12391,1126,5,1
12392,1126,6,0
12393,1126,7,0
12394,1126,8,1
12395,1126,9,0
12396,1126,10,1
12397,1127,0,0
12398,1127,1,1
12399,1127,2,1
12400,1127,3,0
12401,1127,4,1
12402,1127,5,0
12403,1127,6,1
12404,1127,7,1
12405,1127,8,1
12406,1127,9,1
12407,1127,10,0
12408,1128,0,0
12409,1128,1,0
12410,1128,2,0
12411,1128,3,0
12412,1128,4,0
12413,1128,5,0
12414,1128,6,0
12415,1128,7,0
12416,1128,8,0
12417,1128,9,0
12418,1128,10,0
12419,1129,0,0
12420,1129,1,0
12421,1129,2,0
12422,1129,3,0
12423,1129,4,0
12424,1129,5,0
12425,1129,6,0
12426,1129,7,0
12427,1129,8,0
12428,1129,9,0
12429,1129,10,0
12430,1130,0,0
12431,1130,1,1
12432,1130,2,0
12433,1130,3,1
12434,1130,4,0
12435,1130,5,1
12436,1130,6,0
12437,1130,7,1
12438,1130,8,0
12439,1130,9,1
12440,1130,10,0
12441,1131,0,0
12442,1131,1,0
12443,1131,2,0
12444,1131,3,0
12445,1131,4,0
12446,1131,5,0
12447,1131,6,0
12448,1131,7,0
12449,1131,8,0
12450,1131,9,0
12451,1131,10,0
12452,1132,0,0
12453,1132,1,0
12454,1132,2,0
12455,1132,3,0
12456,1132,4,1
12457,1132,5,2
12458,1132,6,2
12459,1132,7,1
12460,1132,8,0
12461,1132,9,1
12462,1132,10,0
12463,1133,0,0
12464,1133,1,1
12465,1133,2,0
12466,1133,3,1
12467,1133,4,1
12468,1133,5,1
12469,1133,6,0
12470,1133,7,1
12471,1133,8,2
12472,1133,9,3
12473,1133,10,4
12474,1134,0,0
12475,1134,1,0
12476,1134,2,1
12477,1134,3,0
12478,1134,4,0
12479,1134,5,0
12480,1134,6,0
12481,1134,7,0
12482,1134,8,0
12483,1134,9,0
12484,1134,10,0
12485,1135,0,0
12486,1135,1,1
12487,1135,2,2
12488,1135,3,3
12489,1135,4,2
12490,1135,5,3
12491,1135,6,4
12492,1135,7,5
12493,1135,8,5
12494,1135,9,5
12495,1135,10,5
12496,1136,0,0
12497,1136,1,1
12498,1136,2,1
12499,1136,3,2
12500,1136,4,1
12501,1136,5,0
12502,1136,6,1
12503,1136,7,0
12504,1136,8,1
12505,1136,9,0
12506,1136,10,1
12507,1137,0,0
12508,1137,1,1
12509,1137,2,2
12510,1137,3,3
12511,1137,4,2
12512,1137,5,3
12513,1137,6,2
12514,1137,7,3
12515,1137,8,2
12516,1137,9,3
12517,1137,10,2
12518,1138,0,0
12519,1138,1,1
12520,1138,2,0
12521,1138,3,1
12522,1138,4,1
12523,1138,5,1
12524,1138,6,0
12525,1138,7,1
12526,1138,8,0
12527,1138,9,1
12528,1138,10,1
12529,1139,0,0
12530,1139,1,0
12531,1139,2,1
12532,1139,3,1
12533,1139,4,1
12534,1139,5,0
12535,1139,6,0
12536,1139,7,0
12537,1139,8,1
12538,1139,9,1
12539,1139,10,1
12540,1140,0,0
12541,1140,1,0
12542,1140,2,0
12543,1140,3,0
12544,1140,4,0
12545,1140,5,0
12546,1140,6,0
12547,1140,7,0
12548,1140,8,0
12549,1140,9,0
12550,1140,10,0
12551,1141,0,0
12552,1141,1,1
12553,1141,2,2
12554,1141,3,1
12555,1141,4,1
12556,1141,5,0
12557,1141,6,0
12558,1141,7,1
12559,1141,8,0
12560,1141,9,1
12561,1141,10,0
12562,1142,0,0
12563,1142,1,0
12564,1142,2,0
12565,1142,3,0
12566,1142,4,0
12567,1142,5,0
12568,1142,6,0
12569,1142,7,0
12570,1142,8,0
12571,1142,9,0
12572,1142,10,0
12573,1143,0,0
12574,1143,1,0
12575,1143,2,1
12576,1143,3,0
12577,1143,4,0
12578,1143,5,0
12579,1143,6,1
12580,1143,7,0
12581,1143,8,1
12582,1143,9,0
12583,1143,10,1
12584,1144,0,0
12585,1144,1,1
12586,1144,2,2
12587,1144,3,1
12588,1144,4,1
12589,1144,5,2
12590,1144,6,1
12591,1144,7,2
12592,1144,8,1
12593,1144,9,1
12594,1144,10,1
12595,1145,0,0
12596,1145,1,1
12597,1145,2,2
12598,1145,3,3
12599,1145,4,2
12600,1145,5,1
12601,1145,6,2
12602,1145,7,1
12603,1145,8,2
12604,1145,9,1
12605,1145,10,2
12606,1146,0,0
12607,1146,1,1
12608,1146,2,2
12609,1146,3,1
12610,1146,4,0
12611,1146,5,1
12612,1146,6,2
12613,1146,7,3
12614,1146,8,2
12615,1146,9,3
12616,1146,10,2
12617,1147,0,0
12618,1147,1,0
12619,1147,2,1
12620,1147,3,2
12621,1147,4,3
12622,1147,5,4
12623,1147,6,5
12624,1147,7,5
12625,1147,8,5
12626,1147,9,5
12627,1147,10,5
12628,1148,0,0
12629,1148,1,1
12630,1148,2,2
12631,1148,3,1
12632,1148,4,2
12633,1148,5,1
12634,1148,6,2
12635,1148,7,1
12636,1148,8,2
12637,1148,9,1
12638,1148,10,2
12639,1149,0,0
12640,1149,1,1
12641,1149,2,2
12642,1149,3,3
12643,1149,4,4
12644,1149,5,5
12645,1149,6,5
12646,1149,7,5
12647,1149,8,5
12648,1149,9,5
12649,1149,10,5
12650,1150,0,0
12651,1150,1,0
12652,1150,2,0
12653,1150,3,0
12654,1150,4,0
12655,1150,5,0
12656,1150,6,0
12657,1150,7,0
12658,1150,8,0
12659,1150,9,1
12660,1150,10,0
12661,1151,0,0
12662,1151,1,0
12663,1151,2,0
12664,1151,3,0
12665,1151,4,1
12666,1151,5,2
12667,1151,6,1
12668,1151,7,2
12669,1151,8,1
12670,1151,9,2
12671,1151,10,1
12672,1152,0,0
12673,1152,1,1
12674,1152,2,0
12675,1152,3,1
12676,1152,4,0
12677,1152,5,1
12678,1152,6,0
12679,1152,7,1
12680,1152,8,0
12681,1152,9,1
12682,1152,10,0
12683,1153,0,0
12684,1153,1,1
12685,1153,2,1
12686,1153,3,1
12687,1153,4,1
12688,1153,5,1
12689,1153,6,2
12690,1153,7,2
12691,1153,8,3
12692,1153,9,2
12693,1153,10,3
12694,1154,0,0
12695,1154,1,1
12696,1154,2,2
12697,1154,3,3
12698,1154,4,2
12699,1154,5,3
12700,1154,6,3
12701,1154,7,4
12702,1154,8,3
12703,1154,9,4
12704,1154,10,3
12705,1155,0,0
12706,1155,1,0
12707,1155,2,0
12708,1155,3,0
12709,1155,4,0
12710,1155,5,0
12711,1155,6,0
12712,1155,7,0
12713,1155,8,0
12714,1155,9,0
12715,1155,10,0
12716,1156,0,0
12717,1156,1,0
12718,1156,2,0
12719,1156,3,0
12720,1156,4,0
12721,1156,5,0
12722,1156,6,0
12723,1156,7,0
12724,1156,8,0
12725,1156,9,0
12726,1156,10,0
12727,1157,0,0
12728,1157,1,1
12729,1157,2,0
12730,1157,3,1
12731,1157,4,2
12732,1157,5,3
12733,1157,6,2
12734,1157,7,1
12735,1157,8,0
12736,1157,9,1
12737,1157,10,2
12738,1158,0,0
12739,1158,1,0
12740,1158,2,0
12741,1158,3,0
12742,1158,4,1
12743,1158,5,0
12744,1158,6,1
12745,1158,7,0
12746,1158,8,0
12747,1158,9,0
12748,1158,10,0
12749,1159,0,0
12750,1159,1,0
12751,1159,2,0
12752,1159,3,0
12753,1159,4,0
12754,1159,5,0
12755,1159,6,0
12756,1159,7,0
12757,1159,8,0
12758,1159,9,0
12759,1159,10,0
12760,1160,0,0
12761,1160,1,1
12762,1160,2,0
12763,1160,3,1
12764,1160,4,0
12765,1160,5,1
12766,1160,6,0
12767,1160,7,1
12768,1160,8,2
12769,1160,9,3
12770,1160,10,2
12771,1161,0,0
12772,1161,1,1
12773,1161,2,0
12774,1161,3,1
12775,1161,4,0
12776,1161,5,1
12777,1161,6,2
12778,1161,7,1
12779,1161,8,0
12780,1161,9,1
12781,1161,10,1
12782,1162,0,0
12783,1162,1,1
12784,1162,2,2
12785,1162,3,1
12786,1162,4,2
12787,1162,5,1
12788,1162,6,2
12789,1162,7,3
12790,1162,8,4
12791,1162,9,3
12792,1162,10,4
12793,1163,0,0
12794,1163,1,0
12795,1163,2,0
12796,1163,3,0
12797,1163,4,0
12798,1163,5,0
12799,1163,6,0
12800,1163,7,0
12801,1163,8,0
12802,1163,9,0
12803,1163,10,0
12804,1164,0,0
12805,1164,1,1
12806,1164,2,2
12807,1164,3,1
12808,1164,4,2
12809,1164,5,1
12810,1164,6,2
12811,1164,7,1
12812,1164,8,2
12813,1164,9,1
12814,1164,10,2
12815,1165,0,0
12816,1165,1,0
12817,1165,2,1
12818,1165,3,0
12819,1165,4,0
12820,1165,5,0
12821,1165,6,0
12822,1165,7,0
12823,1165,8,1
12824,1165,9,2
12825,1165,10,1
12826,1166,0,0
12827,1166,1,0
12828,1166,2,0
12829,1166,3,0
12830,1166,4,0
12831,1166,5,0
12832,1166,6,0
12833,1166,7,0
12834,1166,8,0
12835,1166,9,0
12836,1166,10,0
12837,1167,0,0
12838,1167,1,1
12839,1167,2,0
12840,1167,3,1
12841,1167,4,0
12842,1167,5,1
12843,1167,6,0
12844,1167,7,1
12845,1167,8,0
12846,1167,9,1
12847,1167,10,0
12848,1168,0,0
12849,1168,1,1
12850,1168,2,1
12851,1168,3,0
12852,1168,4,1
12853,1168,5,1
12854,1168,6,1
12855,1168,7,2
12856,1168,8,1
12857,1168,9,1
12858,1168,10,0
12859,1169,0,0
12860,1169,1,1
12861,1169,2,1
12862,1169,3,0
12863,1169,4,1
12864,1169,5,0
12865,1169,6,1
12866,1169,7,0
12867,1169,8,1
12868,1169,9,2
12869,1169,10,3
12870,1170,0,0
12871,1170,1,1
12872,1170,2,2
12873,1170,3,1
12874,1170,4,2
12875,1170,5,1
12876,1170,6,2
12877,1170,7,1
12878,1170,8,2
12879,1170,9,1
12880,1170,10,2
12881,1171,0,0
12882,1171,1,1
12883,1171,2,1
12884,1171,3,0
12885,1171,4,1
12886,1171,5,0
12887,1171,6,1
12888,1171,7,0
12889,1171,8,1
12890,1171,9,0
12891,1171,10,1
12892,1172,0,0
12893,1172,1,0
12894,1172,2,0
12895,1172,3,0
12896,1172,4,0
12897,1172,5,0
12898,1172,6,0
12899,1172,7,0
12900,1172,8,0
12901,1172,9,0
12902,1172,10,0
12903,1173,0,0
12904,1173,1,0
12905,1173,2,0
12906,1173,3,0
12907,1173,4,0
12908,1173,5,0
12909,1173,6,0
12910,1173,7,0
12911,1173,8,0
12912,1173,9,0
12913,1173,10,0
12914,1174,0,0
12915,1174,1,1
12916,1174,2,2
12917,1174,3,3
12918,1174,4,4
12919,1174,5,3
12920,1174,6,2
12921,1174,7,3
12922,1174,8,4
12923,1174,9,3
12924,1174,10,4
12925,1175,0,0
12926,1175,1,1
12927,1175,2,0
12928,1175,3,1
12929,1175,4,1
12930,1175,5,1
12931,1175,6,0
12932,1175,7,1
12933,1175,8,0
12934,1175,9,1
12935,1175,10,0
12936,1176,0,0
12937,1176,1,0
12938,1176,2,0
12939,1176,3,0
12940,1176,4,0
12941,1176,5,0
12942,1176,6,0
12943,1176,7,0
12944,1176,8,0
12945,1176,9,0
12946,1176,10,0
12947,1177,0,0
12948,1177,1,0
12949,1177,2,0
12950,1177,3,0
12951,1177,4,0
12952,1177,5,0
12953,1177,6,0
12954,1177,7,0
12955,1177,8,1
12956,1177,9,1
12957,1177,10,1
12958,1178,0,0
12959,1178,1,1
12960,1178,2,2
12961,1178,3,3
12962,1178,4,2
12963,1178,5,3
12964,1178,6,2
12965,1178,7,3
12966,1178,8,2
12967,1178,9,1
12968,1178,10,0
12969,1179,0,0
12970,1179,1,1
12971,1179,2,0
12972,1179,3,1
12973,1179,4,2
12974,1179,5,1
12975,1179,6,2
12976,1179,7,1
12977,1179,8,2
12978,1179,9,3
12979,1179,10,2
12980,1180,0,0
12981,1180,1,1
12982,1180,2,1
12983,1180,3,0
12984,1180,4,1
12985,1180,5,0
12986,1180,6,1
12987,1180,7,0
12988,1180,8,1
12989,1180,9,0
12990,1180,10,1
12991,1181,0,0
12992,1181,1,1
12993,1181,2,2
12994,1181,3,2
12995,1181,4,1
12996,1181,5,0
12997,1181,6,1
12998,1181,7,0
12999,1181,8,1
13000,1181,9,0
13001,1181,10,1
13002,1182,0,0
13003,1182,1,1
13004,1182,2,2
13005,1182,3,3
13006,1182,4,2
13007,1182,5,1
13008,1182,6,2
13009,1182,7,1
13010,1182,8,2
13011,1182,9,3
13012,1182,10,2
13013,1183,0,0
13014,1183,1,0
13015,1183,2,0
13016,1183,3,0
13017,1183,4,0
13018,1183,5,0
13019,1183,6,0
13020,1183,7,0
13021,1183,8,0
13022,1183,9,1
13023,1183,10,0
13024,1184,0,0
13025,1184,1,1
13026,1184,2,0
13027,1184,3,0
13028,1184,4,0
13029,1184,5,0
13030,1184,6,1
13031,1184,7,0
13032,1184,8,0
13033,1184,9,0
13034,1184,10,0
13035,1185,0,0
13036,1185,1,1
13037,1185,2,2
13038,1185,3,3
13039,1185,4,3
13040,1185,5,4
13041,1185,6,5
13042,1185,7,5
13043,1185,8,5
13044,1185,9,5
13045,1185,10,5
13046,1186,0,0
13047,1186,1,0
13048,1186,2,0
13049,1186,3,0
13050,1186,4,0
13051,1186,5,0
13052,1186,6,0
13053,1186,7,1
13054,1186,8,0
13055,1186,9,0
13056,1186,10,0
13057,1187,0,0
13058,1187,1,1
13059,1187,2,0
13060,1187,3,1
13061,1187,4,0
13062,1187,5,1
13063,1187,6,0
13064,1187,7,1
13065,1187,8,0
13066,1187,9,1
13067,1187,10,0
13068,1188,0,0
13069,1188,1,1
13070,1188,2,2
13071,1188,3,1
13072,1188,4,2
13073,1188,5,1
13074,1188,6,2
13075,1188,7,1
13076,1188,8,2
13077,1188,9,1
13078,1188,10,2
13079,1189,0,0
13080,1189,1,1
13081,1189,2,0
13082,1189,3,1
13083,1189,4,0
13084,1189,5,1
13085,1189,6,2
13086,1189,7,1
13087,1189,8,2
13088,1189,9,1
13089,1189,10,0
13090,1190,0,0
13091,1190,1,1
13092,1190,2,1
13093,1190,3,1
13094,1190,4,2
13095,1190,5,2
13096,1190,6,2
13097,1190,7,3
13098,1190,8,4
13099,1190,9,3
13100,1190,10,4
13101,1191,0,0
13102,1191,1,1
13103,1191,2,0
13104,1191,3,1
13105,1191,4,0
13106,1191,5,1
13107,1191,6,0
13108,1191,7,1
13109,1191,8,0
13110,1191,9,1
13111,1191,10,0
13112,1192,0,0
13113,1192,1,1
13114,1192,2,1
13115,1192,3,2
13116,1192,4,1
13117,1192,5,0
13118,1192,6,1
13119,1192,7,2
13120,1192,8,1
13121,1192,9,2
13122,1192,10,3
13123,1193,0,0
13124,1193,1,1
13125,1193,2,2
13126,1193,3,1
13127,1193,4,2
13128,1193,5,1
13129,1193,6,2
13130,1193,7,3
13131,1193,8,4
13132,1193,9,3
13133,1193,10,2
13134,1194,0,0
13135,1194,1,1
13136,1194,2,0
13137,1194,3,0
13138,1194,4,0
13139,1194,5,1
13140,1194,6,0
13141,1194,7,1
13142,1194,8,0
13143,1194,9,1
13144,1194,10,0
13145,1195,0,0
13146,1195,1,0
13147,1195,2,0
13148,1195,3,0
13149,1195,4,0
13150,1195,5,0
13151,1195,6,0
13152,1195,7,0
13153,1195,8,0
13154,1195,9,0
13155,1195,10,0
13156,1196,0,0
13157,1196,1,0
13158,1196,2,0
13159,1196,3,0
13160,1196,4,0
13161,1196,5,0
13162,1196,6,0
13163,1196,7,0
13164,1196,8,0
13165,1196,9,0
13166,1196,10,0
13167,1197,0,0
13168,1197,1,1
13169,1197,2,0
13170,1197,3,1
13171,1197,4,0
13172,1197,5,1
13173,1197,6,0
13174,1197,7,1
13175,1197,8,0
13176,1197,9,1
13177,1197,10,2
13178,1198,0,0
13179,1198,1,0
13180,1198,2,0
13181,1198,3,0
13182,1198,4,0
13183,1198,5,0
13184,1198,6,0
13185,1198,7,0
13186,1198,8,0
13187,1198,9,0
13188,1198,10,0
13189,1199,0,0
13190,1199,1,1
13191,1199,2,2
13192,1199,3,3
13193,1199,4,4
13194,1199,5,3
13195,1199,6,2
13196,1199,7,3
13197,1199,8,4
13198,1199,9,3
13199,1199,10,2
13200,1200,0,0
13201,1200,1,1
13202,1200,2,2
13203,1200,3,3
13204,1200,4,4
13205,1200,5,3
13206,1200,6,2
13207,1200,7,1
13208,1200,8,2
13209,1200,9,3
13210,1200,10,2
13211,1201,0,0
13212,1201,1,1
13213,1201,2,2
13214,1201,3,3
13215,1201,4,2
13216,1201,5,3
13217,1201,6,2
13218,1201,7,3
13219,1201,8,4
13220,1201,9,3
13221,1201,10,4
13222,1202,0,0
13223,1202,1,1
13224,1202,2,0
13225,1202,3,1
13226,1202,4,1
13227,1202,5,2
13228,1202,6,3
13229,1202,7,4
13230,1202,8,5
13231,1202,9,5
13232,1202,10,5
13233,1203,0,0
13234,1203,1,1
13235,1203,2,2
13236,1203,3,3
13237,1203,4,4
13238,1203,5,3
13239,1203,6,4
13240,1203,7,3
13241,1203,8,4
13242,1203,9,3
13243,1203,10,4
13244,1204,0,0
13245,1204,1,0
13246,1204,2,0
13247,1204,3,1
13248,1204,4,2
13249,1204,5,1
13250,1204,6,0
13251,1204,7,0
13252,1204,8,0
13253,1204,9,0
13254,1204,10,0
13255,1205,0,0
13256,1205,1,1
13257,1205,2,0
13258,1205,3,1
13259,1205,4,0
13260,1205,5,1
13261,1205,6,0
13262,1205,7,1
13263,1205,8,0
13264,1205,9,1
13265,1205,10,0
13266,1206,0,0
13267,1206,1,1
13268,1206,2,0
13269,1206,3,1
13270,1206,4,2
13271,1206,5,1
13272,1206,6,2
13273,1206,7,1
13274,1206,8,2
13275,1206,9,1
13276,1206,10,0
13277,1207,0,0
13278,1207,1,1
13279,1207,2,1
13280,1207,3,0
13281,1207,4,1
13282,1207,5,0
13283,1207,6,1
13284,1207,7,0
13285,1207,8,1
13286,1207,9,0
13287,1207,10,1
13288,1208,0,0
13289,1208,1,0
13290,1208,2,0
13291,1208,3,0
13292,1208,4,0
13293,1208,5,0
13294,1208,6,0
13295,1208,7,0
13296,1208,8,0
13297,1208,9,0
13298,1208,10,0
13299,1209,0,0
13300,1209,1,0
13301,1209,2,1
13302,1209,3,2
13303,1209,4,1
13304,1209,5,0
13305,1209,6,1
13306,1209,7,0
13307,1209,8,0
13308,1209,9,0
13309,1209,10,0
13310,1210,0,0
13311,1210,1,0
13312,1210,2,0
13313,1210,3,0
13314,1210,4,0
13315,1210,5,0
13316,1210,6,0
13317,1210,7,0
13318,1210,8,0
13319,1210,9,0
13320,1210,10,0
13321,1211,0,0
13322,1211,1,1
13323,1211,2,0
13324,1211,3,1
13325,1211,4,0
13326,1211,5,1
13327,1211,6,2
13328,1211,7,3
13329,1211,8,2
13330,1211,9,1
13331,1211,10,0
13332,1212,0,0
13333,1212,1,1
13334,1212,2,2
13335,1212,3,1
13336,1212,4,2
13337,1212,5,1
13338,1212,6,2
13339,1212,7,1
13340,1212,8,2
13341,1212,9,3
13342,1212,10,2
13343,1213,0,0
13344,1213,1,0
13345,1213,2,0
13346,1213,3,0
13347,1213,4,0
13348,1213,5,0
13349,1213,6,0
13350,1213,7,0
13351,1213,8,0
13352,1213,9,0
13353,1213,10,0
13354,1214,0,0
13355,1214,1,1
13356,1214,2,1
13357,1214,3,2
13358,1214,4,1
13359,1214,5,0
13360,1214,6,0
13361,1214,7,0
13362,1214,8,0
13363,1214,9,0
13364,1214,10,0
13365,1215,0,0
13366,1215,1,1
13367,1215,2,2
13368,1215,3,3
13369,1215,4,2
13370,1215,5,3
13371,1215,6,4
13372,1215,7,3
13373,1215,8,2
13374,1215,9,1
13375,1215,10,2
13376,1216,0,0
13377,1216,1,1
13378,1216,2,0
13379,1216,3,1
13380,1216,4,0
13381,1216,5,1
13382,1216,6,0
13383,1216,7,1
13384,1216,8,0
13385,1216,9,0
13386,1216,10,1
13387,1217,0,0
13388,1217,1,0
13389,1217,2,0
13390,1217,3,0
13391,1217,4,0
13392,1217,5,0
13393,1217,6,0
13394,1217,7,0
13395,1217,8,0
13396,1217,9,0
13397,1217,10,0
13398,1218,0,0
13399,1218,1,1
13400,1218,2,2
13401,1218,3,1
13402,1218,4,2
13403,1218,5,3
13404,1218,6,2
13405,1218,7,3
13406,1218,8,2
13407,1218,9,3
13408,1218,10,2
13409,1219,0,0
13410,1219,1,0
13411,1219,2,0
13412,1219,3,1
13413,1219,4,1
13414,1219,5,0
13415,1219,6,0
13416,1219,7,0
13417,1219,8,0
13418,1219,9,0
13419,1219,10,0
13420,1220,0,0
13421,1220,1,1
13422,1220,2,0
13423,1220,3,1
13424,1220,4,0
13425,1220,5,1
13426,1220,6,1
13427,1220,7,0
13428,1220,8,1
13429,1220,9,2
13430,1220,10,1
13431,1221,0,0
13432,1221,1,1
13433,1221,2,2
13434,1221,3,3
13435,1221,4,4
13436,1221,5,3
13437,1221,6,3
13438,1221,7,3
13439,1221,8,3
13440,1221,9,4
13441,1221,10,3
13442,1222,0,0
13443,1222,1,0
13444,1222,2,1
13445,1222,3,1
13446,1222,4,2
13447,1222,5,1
13448,1222,6,2
13449,1222,7,1
13450,1222,8,2
13451,1222,9,1
13452,1222,10,2
13453,1223,0,0
13454,1223,1,0
13455,1223,2,0
13456,1223,3,1
13457,1223,4,0
13458,1223,5,1
13459,1223,6,0
13460,1223,7,0
13461,1223,8,0
13462,1223,9,0
13463,1223,10,1
13464,1224,0,0
13465,1224,1,0
13466,1224,2,0
13467,1224,3,1
13468,1224,4,2
13469,1224,5,2
13470,1224,6,1
13471,1224,7,2
13472,1224,8,3
13473,1224,9,3
13474,1224,10,4
13475,1225,0,0
13476,1225,1,1
13477,1225,2,0
13478,1225,3,1
13479,1225,4,2
13480,1225,5,3
13481,1225,6,2
13482,1225,7,1
13483,1225,8,0
13484,1225,9,1
13485,1225,10,2
13486,1226,0,0
13487,1226,1,1
13488,1226,2,2
13489,1226,3,1
13490,1226,4,2
13491,1226,5,1
13492,1226,6,2
13493,1226,7,1
13494,1226,8,2
13495,1226,9,1
13496,1226,10,2
13497,1227,0,0
13498,1227,1,0
13499,1227,2,0
13500,1227,3,0
13501,1227,4,1
13502,1227,5,1
13503,1227,6,2
13504,1227,7,3
13505,1227,8,2
13506,1227,9,3
13507,1227,10,2
13508,1228,0,0
13509,1228,1,0
13510,1228,2,0
13511,1228,3,0
13512,1228,4,0
13513,1228,5,0
13514,1228,6,0
13515,1228,7,0
13516,1228,8,0
13517,1228,9,0
13518,1228,10,0
13519,1229,0,0
13520,1229,1,1
13521,1229,2,2
13522,1229,3,3
13523,1229,4,4
13524,1229,5,4
13525,1229,6,3
13526,1229,7,2
13527,1229,8,3
13528,1229,9,4
13529,1229,10,5
13530,1230,0,0
13531,1230,1,1
13532,1230,2,2
13533,1230,3,3
13534,1230,4,4
13535,1230,5,5
13536,1230,6,5
13537,1230,7,5
13538,1230,8,5
13539,1230,9,5
13540,1230,10,5
13541,1231,0,0
13542,1231,1,0
13543,1231,2,1
13544,1231,3,0
13545,1231,4,0
13546,1231,5,0
13547,1231,6,1
13548,1231,7,2
13549,1231,8,1
13550,1231,9,2
13551,1231,10,3
13552,1232,0,0
13553,1232,1,1
13554,1232,2,2
13555,1232,3,3
13556,1232,4,2
13557,1232,5,3
13558,1232,6,4
13559,1232,7,5
13560,1232,8,5
13561,1232,9,5
13562,1232,10,5
13563,1233,0,0
13564,1233,1,0
13565,1233,2,0
13566,1233,3,0
13567,1233,4,0
13568,1233,5,1
13569,1233,6,0
13570,1233,7,0
13571,1233,8,0
13572,1233,9,0
13573,1233,10,0
13574,1234,0,0
13575,1234,1,1
13576,1234,2,1
13577,1234,3,1
13578,1234,4,1
13579,1234,5,1
13580,1234,6,2
13581,1234,7,3
13582,1234,8,3
13583,1234,9,3
13584,1234,10,2
13585,1235,0,0
13586,1235,1,1
13587,1235,2,0
13588,1235,3,1
13589,1235,4,2
13590,1235,5,3
13591,1235,6,2
13592,1235,7,1
13593,1235,8,2
13594,1235,9,1
13595,1235,10,2
13596,1236,0,0
13597,1236,1,1
13598,1236,2,0
13599,1236,3,1
13600,1236,4,0
13601,1236,5,1
13602,1236,6,2
13603,1236,7,2
13604,1236,8,2
13605,1236,9,2
13606,1236,10,2
13607,1237,0,0
13608,1237,1,0
13609,1237,2,0
13610,1237,3,0
13611,1237,4,0
13612,1237,5,0
13613,1237,6,0
13614,1237,7,0
13615,1237,8,0
13616,1237,9,0
13617,1237,10,0
13618,1238,0,0
13619,1238,1,1
13620,1238,2,0
13621,1238,3,0
13622,1238,4,0
13623,1238,5,0
13624,1238,6,0
13625,1238,7,0
13626,1238,8,0
13627,1238,9,0
13628,1238,10,0
13629,1239,0,0
13630,1239,1,1
13631,1239,2,2
13632,1239,3,3
13633,1239,4,2
13634,1239,5,3
13635,1239,6,2
13636,1239,7,1
13637,1239,8,2
13638,1239,9,3
13639,1239,10,4
13640,1240,0,0
13641,1240,1,1
13642,1240,2,0
13643,1240,3,1
13644,1240,4,0
13645,1240,5,1
13646,1240,6,2
13647,1240,7,1
13648,1240,8,0
13649,1240,9,1
13650,1240,10,1
13651,1241,0,0
13652,1241,1,0
13653,1241,2,0
13654,1241,3,0
13655,1241,4,0
13656,1241,5,0
13657,1241,6,0
13658,1241,7,1
13659,1241,8,0
13660,1241,9,0
13661,1241,10,0
13662,1242,0,0
13663,1242,1,0
13664,1242,2,0
13665,1242,3,1
13666,1242,4,2
13667,1242,5,2
13668,1242,6,3
13669,1242,7,2
13670,1242,8,3
13671,1242,9,3
13672,1242,10,4
13673,1243,0,0
13674,1243,1,1
13675,1243,2,2
13676,1243,3,2
13677,1243,4,2
13678,1243,5,1
13679,1243,6,2
13680,1243,7,2
13681,1243,8,2
13682,1243,9,2
13683,1243,10,2
13684,1244,0,0
13685,1244,1,1
13686,1244,2,2
13687,1244,3,3
13688,1244,4,4
13689,1244,5,5
13690,1244,6,5
13691,1244,7,5
13692,1244,8,5
13693,1244,9,5
13694,1244,10,5
13695,1245,0,0
13696,1245,1,0
13697,1245,2,0
13698,1245,3,0
13699,1245,4,0
13700,1245,5,0
13701,1245,6,0
13702,1245,7,0
13703,1245,8,0
13704,1245,9,0
13705,1245,10,0
13706,1246,0,0
13707,1246,1,1
13708,1246,2,0
13709,1246,3,1
13710,1246,4,2
13711,1246,5,1
13712,1246,6,2
13713,1246,7,1
13714,1246,8,2
13715,1246,9,1
13716,1246,10,2
13717,1247,0,0
13718,1247,1,0
13719,1247,2,0
13720,1247,3,0
13721,1247,4,0
13722,1247,5,0
13723,1247,6,0
13724,1247,7,0
13725,1247,8,0
13726,1247,9,0
13727,1247,10,0
13728,1248,0,0
13729,1248,1,1
13730,1248,2,2
13731,1248,3,3
13732,1248,4,4
13733,1248,5,3
13734,1248,6,2
13735,1248,7,3
13736,1248,8,2
13737,1248,9,3
13738,1248,10,4
13739,1249,0,0
13740,1249,1,1
13741,1249,2,2
13742,1249,3,3
13743,1249,4,4
13744,1249,5,3
13745,1249,6,4
13746,1249,7,4
13747,1249,8,5
13748,1249,9,5
13749,1249,10,5
13750,1250,0,0
13751,1250,1,1
13752,1250,2,2
13753,1250,3,3
13754,1250,4,4
13755,1250,5,3
13756,1250,6,4
13757,1250,7,3
13758,1250,8,3
13759,1250,9,4
13760,1250,10,5
13761,1251,0,0
13762,1251,1,1
13763,1251,2,2
13764,1251,3,3
13765,1251,4,2
13766,1251,5,3
13767,1251,6,2
13768,1251,7,3
13769,1251,8,4
13770,1251,9,4
13771,1251,10,5
13772,1252,0,0
13773,1252,1,1
13774,1252,2,2
13775,1252,3,2
13776,1252,4,1
13777,1252,5,1
13778,1252,6,2
13779,1252,7,1
13780,1252,8,1
13781,1252,9,2
13782,1252,10,3
13783,1253,0,0
13784,1253,1,1
13785,1253,2,2
13786,1253,3,1
13787,1253,4,0
13788,1253,5,0
13789,1253,6,1
13790,1253,7,2
13791,1253,8,1
13792,1253,9,0
13793,1253,10,1
13794,1254,0,0
13795,1254,1,1
13796,1254,2,0
13797,1254,3,1
13798,1254,4,0
13799,1254,5,1
13800,1254,6,1
13801,1254,7,2
13802,1254,8,1
13803,1254,9,0
13804,1254,10,1
13805,1255,0,0
13806,1255,1,1
13807,1255,2,2
13808,1255,3,3
13809,1255,4,4
13810,1255,5,5
13811,1255,6,5
13812,1255,7,5
13813,1255,8,5
13814,1255,9,5
13815,1255,10,5
13816,1256,0,0
13817,1256,1,0
13818,1256,2,0
13819,1256,3,0
13820,1256,4,0
13821,1256,5,0
13822,1256,6,0
13823,1256,7,0
13824,1256,8,0
13825,1256,9,0
13826,1256,10,0
13827,1257,0,0
13828,1257,1,0
13829,1257,2,1
13830,1257,3,0
13831,1257,4,1
13832,1257,5,0
13833,1257,6,1
13834,1257,7,0
13835,1257,8,1
13836,1257,9,0
13837,1257,10,1
13838,1258,0,0
13839,1258,1,0
13840,1258,2,1
13841,1258,3,2
13842,1258,4,1
13843,1258,5,2
13844,1258,6,1
13845,1258,7,0
13846,1258,8,0
13847,1258,9,0
13848,1258,10,1
13849,1259,0,0
13850,1259,1,0
13851,1259,2,0
13852,1259,3,0
13853,1259,4,0
13854,1259,5,0
13855,1259,6,0
13856,1259,7,0
13857,1259,8,1
13858,1259,9,1
13859,1259,10,1
13860,1260,0,0
13861,1260,1,1
13862,1260,2,1
13863,1260,3,1
13864,1260,4,1
13865,1260,5,1
13866,1260,6,1
13867,1260,7,1
13868,1260,8,0
13869,1260,9,0
13870,1260,10,0
13871,1261,0,0
13872,1261,1,0
13873,1261,2,0
13874,1261,3,0
13875,1261,4,1
13876,1261,5,2
13877,1261,6,1
13878,1261,7,2
13879,1261,8,1
13880,1261,9,2
13881,1261,10,1
13882,1262,0,0
13883,1262,1,1
13884,1262,2,1
13885,1262,3,1
13886,1262,4,1
13887,1262,5,0
13888,1262,6,0
13889,1262,7,0
13890,1262,8,0
13891,1262,9,0
13892,1262,10,0
13893,1263,0,0
13894,1263,1,1
13895,1263,2,2
13896,1263,3,3
13897,1263,4,2
13898,1263,5,3
13899,1263,6,2
13900,1263,7,1
13901,1263,8,2
13902,1263,9,1
13903,1263,10,0
13904,1264,0,0
13905,1264,1,1
13906,1264,2,2
13907,1264,3,1
13908,1264,4,2
13909,1264,5,1
13910,1264,6,2
13911,1264,7,1
13912,1264,8,2
13913,1264,9,1
13914,1264,10,2
13915,1265,0,0
13916,1265,1,1
13917,1265,2,2
13918,1265,3,3
13919,1265,4,2
13920,1265,5,1
13921,1265,6,2
13922,1265,7,3
13923,1265,8,4
13924,1265,9,3
13925,1265,10,4
13926,1266,0,0
13927,1266,1,1
13928,1266,2,0
13929,1266,3,1
13930,1266,4,0
13931,1266,5,1
13932,1266,6,0
13933,1266,7,1
13934,1266,8,0
13935,1266,9,0
13936,1266,10,1
13937,1267,0,0
13938,1267,1,0
13939,1267,2,0
13940,1267,3,0
13941,1267,4,1
13942,1267,5,0
13943,1267,6,0
13944,1267,7,0
13945,1267,8,0
13946,1267,9,0
13947,1267,10,0
13948,1268,0,0
13949,1268,1,1
13950,1268,2,0
13951,1268,3,1
13952,1268,4,0
13953,1268,5,1
13954,1268,6,2
13955,1268,7,3
13956,1268,8,3
13957,1268,9,3
13958,1268,10,2
13959,1269,0,0
13960,1269,1,0
13961,1269,2,1
13962,1269,3,1
13963,1269,4,1
13964,1269,5,1
13965,1269,6,1
13966,1269,7,1
13967,1269,8,1
13968,1269,9,1
13969,1269,10,0
13970,1270,0,0
13971,1270,1,1
13972,1270,2,0
13973,1270,3,1
13974,1270,4,2
13975,1270,5,3
13976,1270,6,2
13977,1270,7,3
13978,1270,8,2
13979,1270,9,3
13980,1270,10,2
13981,1271,0,0
13982,1271,1,0
13983,1271,2,0
13984,1271,3,1
13985,1271,4,0
13986,1271,5,0
13987,1271,6,0
13988,1271,7,0
13989,1271,8,0
13990,1271,9,0
13991,1271,10,0
13992,1272,0,0
13993,1272,1,1
13994,1272,2,0
13995,1272,3,1
13996,1272,4,0
13997,1272,5,0
13998,1272,6,1
13999,1272,7,1
14000,1272,8,1
14001,1272,9,0
14002,1272,10,1
14003,1273,0,0
14004,1273,1,0
14005,1273,2,0
14006,1273,3,1
14007,1273,4,1
14008,1273,5,1
14009,1273,6,0
14010,1273,7,0
14011,1273,8,0
14012,1273,9,0
14013,1273,10,0
14014,1274,0,0
14015,1274,1,1
14016,1274,2,2
14017,1274,3,3
14018,1274,4,4
14019,1274,5,5
14020,1274,6,5
14021,1274,7,5
14022,1274,8,5
14023,1274,9,5
14024,1274,10,5
14025,1275,0,0
14026,1275,1,0
14027,1275,2,0
14028,1275,3,0
14029,1275,4,0
14030,1275,5,1
14031,1275,6,2
14032,1275,7,1
14033,1275,8,0
14034,1275,9,0
14035,1275,10,0
14036,1276,0,0
14037,1276,1,0
14038,1276,2,0
14039,1276,3,0
14040,1276,4,0
14041,1276,5,0
14042,1276,6,0
14043,1276,7,0
14044,1276,8,0
14045,1276,9,1
14046,1276,10,0
14047,1277,0,0
14048,1277,1,0
14049,1277,2,0
14050,1277,3,0
14051,1277,4,0
14052,1277,5,0
14053,1277,6,0
14054,1277,7,0
14055,1277,8,0
14056,1277,9,0
14057,1277,10,0
14058,1278,0,0
14059,1278,1,1
14060,1278,2,2
14061,1278,3,1
14062,1278,4,2
14063,1278,5,3
14064,1278,6,4
14065,1278,7,3
14066,1278,8,2
14067,1278,9,3
14068,1278,10,2
14069,1279,0,0
14070,1279,1,0
14071,1279,2,0
14072,1279,3,0
14073,1279,4,0
14074,1279,5,0
14075,1279,6,0
14076,1279,7,0
14077,1279,8,0
14078,1279,9,0
14079,1279,10,0
14080,1280,0,0
14081,1280,1,0
14082,1280,2,1
14083,1280,3,2
14084,1280,4,1
14085,1280,5,2
14086,1280,6,1
14087,1280,7,0
14088,1280,8,1
14089,1280,9,2
14090,1280,10,1
14091,1281,0,0
14092,1281,1,1
14093,1281,2,1
14094,1281,3,0
14095,1281,4,1
14096,1281,5,2
14097,1281,6,3
14098,1281,7,3
14099,1281,8,4
14100,1281,9,5
14101,1281,10,5
14102,1282,0,0
14103,1282,1,0
14104,1282,2,0
14105,1282,3,1
14106,1282,4,2
14107,1282,5,1
14108,1282,6,2
14109,1282,7,1
14110,1282,8,2
14111,1282,9,1
14112,1282,10,2
14113,1283,0,0
14114,1283,1,1
14115,1283,2,0
14116,1283,3,1
14117,1283,4,2
14118,1283,5,1
14119,1283,6,2
14120,1283,7,3
14121,1283,8,3
14122,1283,9,4
14123,1283,10,3
14124,1284,0,0
14125,1284,1,0
14126,1284,2,1
14127,1284,3,2
14128,1284,4,1
14129,1284,5,2
14130,1284,6,1
14131,1284,7,2
14132,1284,8,1
14133,1284,9,2
14134,1284,10,1
14135,1285,0,0
14136,1285,1,1
14137,1285,2,2
14138,1285,3,3
14139,1285,4,2
14140,1285,5,3
14141,1285,6,2
14142,1285,7,3
14143,1285,8,4
14144,1285,9,3
14145,1285,10,2
14146,1286,0,0
14147,1286,1,1
14148,1286,2,1
14149,1286,3,1
14150,1286,4,1
14151,1286,5,1
14152,1286,6,1
14153,1286,7,1
14154,1286,8,1
14155,1286,9,1
14156,1286,10,1
14157,1287,0,0
14158,1287,1,1
14159,1287,2,1
14160,1287,3,1
14161,1287,4,0
14162,1287,5,1
14163,1287,6,1
14164,1287,7,1
14165,1287,8,1
14166,1287,9,0
14167,1287,10,1
14168,1288,0,0
14169,1288,1,1
14170,1288,2,2
14171,1288,3,3
14172,1288,4,4
14173,1288,5,3
14174,1288,6,2
14175,1288,7,3
14176,1288,8,2
14177,1288,9,3
14178,1288,10,4
14179,1289,0,0
14180,1289,1,0
14181,1289,2,0
14182,1289,3,0
14183,1289,4,0
14184,1289,5,0
14185,1289,6,0
14186,1289,7,0
14187,1289,8,0
14188,1289,9,0
14189,1289,10,0
14190,1290,0,0
14191,1290,1,1
14192,1290,2,2
14193,1290,3,3
14194,1290,4,4
14195,1290,5,5
14196,1290,6,5
14197,1290,7,5
14198,1290,8,5
14199,1290,9,5
14200,1290,10,5
14201,1291,0,0
14202,1291,1,1
14203,1291,2,2
14204,1291,3,2
14205,1291,4,1
14206,1291,5,2
14207,1291,6,1
14208,1291,7,2
14209,1291,8,3
14210,1291,9,4
14211,1291,10,3
14212,1292,0,0
14213,1292,1,1
14214,1292,2,0
14215,1292,3,1
14216,1292,4,0
14217,1292,5,1
14218,1292,6,0
14219,1292,7,1
14220,1292,8,0
14221,1292,9,1
14222,1292,10,0
14223,1293,0,0
14224,1293,1,1
14225,1293,2,2
14226,1293,3,3
14227,1293,4,4
14228,1293,5,5
14229,1293,6,5
14230,1293,7,5
14231,1293,8,5
14232,1293,9,5
14233,1293,10,5
14234,1294,0,0
14235,1294,1,0
14236,1294,2,0
14237,1294,3,0
14238,1294,4,0
14239,1294,5,0
14240,1294,6,0
14241,1294,7,0
14242,1294,8,0
14243,1294,9,0
14244,1294,10,1
14245,1295,0,0
14246,1295,1,1
14247,1295,2,0
14248,1295,3,1
14249,1295,4,0
14250,1295,5,1
14251,1295,6,0
14252,1295,7,1
14253,1295,8,0
14254,1295,9,1
14255,1295,10,0
14256,1296,0,0
14257,1296,1,1
14258,1296,2,1
14259,1296,3,2
14260,1296,4,1
14261,1296,5,2
14262,1296,6,1
14263,1296,7,2
14264,1296,8,1
14265,1296,9,2
14266,1296,10,1
14267,1297,0,0
14268,1297,1,1
14269,1297,2,2
14270,1297,3,3
14271,1297,4,2
14272,1297,5,2
14273,1297,6,3
14274,1297,7,2
14275,1297,8,1
14276,1297,9,2
14277,1297,10,2
14278,1298,0,0
14279,1298,1,0
14280,1298,2,0
14281,1298,3,0
14282,1298,4,0
14283,1298,5,0
14284,1298,6,1
14285,1298,7,2
14286,1298,8,3
14287,1298,9,4
14288,1298,10,5
14289,1299,0,0
14290,1299,1,0
14291,1299,2,0
14292,1299,3,0
14293,1299,4,0
14294,1299,5,0
14295,1299,6,0
14296,1299,7,0
14297,1299,8,0
14298,1299,9,0
14299,1299,10,0
14300,1300,0,0
14301,1300,1,1
14302,1300,2,0
14303,1300,3,1
14304,1300,4,1
14305,1300,5,2
14306,1300,6,3
14307,1300,7,2
14308,1300,8,2
14309,1300,9,3
14310,1300,10,2
14311,1301,0,0
14312,1301,1,1
14313,1301,2,0
14314,1301,3,1
14315,1301,4,2
14316,1301,5,3
14317,1301,6,2
14318,1301,7,3
14319,1301,8,4
14320,1301,9,5
14321,1301,10,5
14322,1302,0,0
14323,1302,1,1
14324,1302,2,2
14325,1302,3,1
14326,1302,4,2
14327,1302,5,1
14328,1302,6,2
14329,1302,7,1
14330,1302,8,2
14331,1302,9,1
14332,1302,10,2
14333,1303,0,0
14334,1303,1,0
14335,1303,2,1
14336,1303,3,0
14337,1303,4,1
14338,1303,5,0
14339,1303,6,0
14340,1303,7,1
14341,1303,8,2
14342,1303,9,1
14343,1303,10,0
14344,1304,0,0
14345,1304,1,1
14346,1304,2,2
14347,1304,3,3
14348,1304,4,4
14349,1304,5,3
14350,1304,6,4
14351,1304,7,5
14352,1304,8,5
14353,1304,9,5
14354,1304,10,5
14355,1305,0,0
14356,1305,1,1
14357,1305,2,2
14358,1305,3,3
14359,1305,4,2
14360,1305,5,3
14361,1305,6,3
14362,1305,7,3
14363,1305,8,2
14364,1305,9,3
14365,1305,10,2
14366,1306,0,0
14367,1306,1,0
14368,1306,2,0
14369,1306,3,0
14370,1306,4,0
14371,1306,5,0
14372,1306,6,0
14373,1306,7,0
14374,1306,8,1
14375,1306,9,1
14376,1306,10,0
14377,1307,0,0
14378,1307,1,1
14379,1307,2,2
14380,1307,3,3
14381,1307,4,2
14382,1307,5,3
14383,1307,6,4
14384,1307,7,3
14385,1307,8,2
14386,1307,9,3
14387,1307,10,4
14388,1308,0,0
14389,1308,1,0
14390,1308,2,0
14391,1308,3,0
14392,1308,4,0
14393,1308,5,0
14394,1308,6,0
14395,1308,7,0
14396,1308,8,0
14397,1308,9,0
14398,1308,10,0
14399,1309,0,0
14400,1309,1,0
14401,1309,2,0
14402,1309,3,0
14403,1309,4,0
14404,1309,5,0
14405,1309,6,0
14406,1309,7,0
14407,1309,8,0
14408,1309,9,0
14409,1309,10,0
14410,1310,0,0
14411,1310,1,0
14412,1310,2,0
14413,1310,3,1
14414,1310,4,2
14415,1310,5,2
14416,1310,6,1
14417,1310,7,2
14418,1310,8,3
14419,1310,9,3
14420,1310,10,3
14421,1311,0,0
14422,1311,1,1
14423,1311,2,0
14424,1311,3,1
14425,1311,4,0
14426,1311,5,0
14427,1311,6,1
14428,1311,7,0
14429,1311,8,1
14430,1311,9,0
14431,1311,10,1
14432,1312,0,0
14433,1312,1,1
14434,1312,2,0
14435,1312,3,0
14436,1312,4,0
14437,1312,5,1
14438,1312,6,2
14439,1312,7,2
14440,1312,8,2
14441,1312,9,3
14442,1312,10,2
14443,1313,0,0
14444,1313,1,0
14445,1313,2,0
14446,1313,3,0
14447,1313,4,0
14448,1313,5,0
14449,1313,6,0
14450,1313,7,0
14451,1313,8,1
14452,1313,9,1
14453,1313,10,1
14454,1314,0,0
14455,1314,1,0
14456,1314,2,0
14457,1314,3,0
14458,1314,4,0
14459,1314,5,0
14460,1314,6,0
14461,1314,7,0
14462,1314,8,0
14463,1314,9,0
14464,1314,10,0
14465,1315,0,0
14466,1315,1,1
14467,1315,2,1
14468,1315,3,0
14469,1315,4,1
14470,1315,5,1
14471,1315,6,0
14472,1315,7,1
14473,1315,8,1
14474,1315,9,0
14475,1315,10,0
14476,1316,0,0
14477,1316,1,0
14478,1316,2,0
14479,1316,3,0
14480,1316,4,0
14481,1316,5,0
14482,1316,6,0
14483,1316,7,0
14484,1316,8,0
14485,1316,9,0
14486,1316,10,0
14487,1317,0,0
14488,1317,1,1
14489,1317,2,1
14490,1317,3,2
14491,1317,4,1
14492,1317,5,2
14493,1317,6,1
14494,1317,7,2
14495,1317,8,1
14496,1317,9,2
14497,1317,10,3
14498,1318,0,0
14499,1318,1,1
14500,1318,2,0
14501,1318,3,1
14502,1318,4,0
14503,1318,5,1
14504,1318,6,0
14505,1318,7,1
14506,1318,8,2
14507,1318,9,3
14508,1318,10,2
14509,1319,0,0
14510,1319,1,1
14511,1319,2,2
14512,1319,3,3
14513,1319,4,2
14514,1319,5,3
14515,1319,6,2
14516,1319,7,1
14517,1319,8,0
14518,1319,9,1
14519,1319,10,2
14520,1320,0,0
14521,1320,1,0
14522,1320,2,1
14523,1320,3,2
14524,1320,4,1
14525,1320,5,2
14526,1320,6,1
14527,1320,7,0
14528,1320,8,0
14529,1320,9,1
14530,1320,10,0
14531,1321,0,0
14532,1321,1,1
14533,1321,2,2
14534,1321,3,3
14535,1321,4,4
14536,1321,5,3
14537,1321,6,2
14538,1321,7,1
14539,1321,8,2
14540,1321,9,3
14541,1321,10,2
14542,1322,0,0
14543,1322,1,0
14544,1322,2,0
14545,1322,3,0
14546,1322,4,0
14547,1322,5,0
14548,1322,6,0
14549,1322,7,0
14550,1322,8,0
14551,1322,9,0
14552,1322,10,0
14553,1323,0,0
14554,1323,1,0
14555,1323,2,1
14556,1323,3,0
14557,1323,4,0
14558,1323,5,0
14559,1323,6,0
14560,1323,7,0
14561,1323,8,0
14562,1323,9,1
14563,1323,10,0
14564,1324,0,0
14565,1324,1,1
14566,1324,2,0
14567,1324,3,1
14568,1324,4,0
14569,1324,5,1
14570,1324,6,0
14571,1324,7,1
14572,1324,8,0
14573,1324,9,1
14574,1324,10,0
14575,1325,0,0
14576,1325,1,0
14577,1325,2,0
14578,1325,3,0
14579,1325,4,0
14580,1325,5,1
14581,1325,6,2
14582,1325,7,3
14583,1325,8,4
14584,1325,9,5
14585,1325,10,5
14586,1326,0,0
14587,1326,1,0
14588,1326,2,0
14589,1326,3,0
14590,1326,4,1
14591,1326,5,0
14592,1326,6,1
14593,1326,7,0
14594,1326,8,0
14595,1326,9,1
14596,1326,10,2
14597,1327,0,0
14598,1327,1,1
14599,1327,2,0
14600,1327,3,1
14601,1327,4,2
14602,1327,5,3
14603,1327,6,3
14604,1327,7,2
14605,1327,8,1
14606,1327,9,2
14607,1327,10,3
14608,1328,0,0
14609,1328,1,0
14610,1328,2,0
14611,1328,3,0
14612,1328,4,1
14613,1328,5,2
14614,1328,6,1
14615,1328,7,2
14616,1328,8,1
14617,1328,9,2
14618,1328,10,1
14619,1329,0,0
14620,1329,1,0
14621,1329,2,0
14622,1329,3,0
14623,1329,4,0
14624,1329,5,0
14625,1329,6,0
14626,1329,7,0
14627,1329,8,0
14628,1329,9,0
14629,1329,10,0
14630,1330,0,0
14631,1330,1,1
14632,1330,2,2
14633,1330,3,1
14634,1330,4,0
14635,1330,5,1
14636,1330,6,0
14637,1330,7,1
14638,1330,8,0
14639,1330,9,1
14640,1330,10,0
14641,1331,0,0
14642,1331,1,1
14643,1331,2,2
14644,1331,3,3
14645,1331,4,2
14646,1331,5,1
14647,1331,6,2
14648,1331,7,3
14649,1331,8,2
14650,1331,9,3
14651,1331,10,2
14652,1332,0,0
14653,1332,1,0
14654,1332,2,0
14655,1332,3,0
14656,1332,4,0
14657,1332,5,0
14658,1332,6,0
14659,1332,7,0
14660,1332,8,0
14661,1332,9,0
14662,1332,10,0
14663,1333,0,0
14664,1333,1,1
14665,1333,2,0
14666,1333,3,1
14667,1333,4,2
14668,1333,5,1
14669,1333,6,2
14670,1333,7,1
14671,1333,8,0
14672,1333,9,1
14673,1333,10,2
14674,1334,0,0
14675,1334,1,1
14676,1334,2,2
14677,1334,3,1
14678,1334,4,2
14679,1334,5,1
14680,1334,6,2
14681,1334,7,3
14682,1334,8,2
14683,1334,9,1
14684,1334,10,2
14685,1335,0,0
14686,1335,1,0
14687,1335,2,0
14688,1335,3,0
14689,1335,4,0
14690,1335,5,0
14691,1335,6,0
14692,1335,7,0
14693,1335,8,0
14694,1335,9,0
14695,1335,10,0
14696,1336,0,0
14697,1336,1,1
14698,1336,2,1
14699,1336,3,2
14700,1336,4,1
14701,1336,5,1
14702,1336,6,2
14703,1336,7,1
14704,1336,8,1
14705,1336,9,2
14706,1336,10,1
14707,1337,0,0
14708,1337,1,1
14709,1337,2,0
14710,1337,3,1
14711,1337,4,2
14712,1337,5,3
14713,1337,6,2
14714,1337,7,1
14715,1337,8,0
14716,1337,9,1
14717,1337,10,0
14718,1338,0,0
14719,1338,1,0
14720,1338,2,1
14721,1338,3,0
14722,1338,4,1
14723,1338,5,2
14724,1338,6,3
14725,1338,7,2
14726,1338,8,3
14727,1338,9,2
14728,1338,10,3
14729,1339,0,0
14730,1339,1,1
14731,1339,2,2
14732,1339,3,3
14733,1339,4,3
14734,1339,5,3
14735,1339,6,2
14736,1339,7,3
14737,1339,8,3
14738,1339,9,3
14739,1339,10,3
14740,1340,0,0
14741,1340,1,1
14742,1340,2,2
14743,1340,3,3
14744,1340,4,2
14745,1340,5,3
14746,1340,6,4
14747,1340,7,3
14748,1340,8,2
14749,1340,9,3
14750,1340,10,2
14751,1341,0,0
14752,1341,1,1
14753,1341,2,0
14754,1341,3,1
14755,1341,4,2
14756,1341,5,3
14757,1341,6,3
14758,1341,7,3
14759,1341,8,3
14760,1341,9,3
14761,1341,10,3
14762,1342,0,0
14763,1342,1,0
14764,1342,2,0
14765,1342,3,0
14766,1342,4,1
14767,1342,5,2
14768,1342,6,3
14769,1342,7,2
14770,1342,8,3
14771,1342,9,2
14772,1342,10,3
14773,1343,0,0
14774,1343,1,1
14775,1343,2,0
14776,1343,3,1
14777,1343,4,2
14778,1343,5,3
14779,1343,6,2
14780,1343,7,3
14781,1343,8,2
14782,1343,9,1
14783,1343,10,0
14784,1344,0,0
14785,1344,1,0
14786,1344,2,0
14787,1344,3,0
14788,1344,4,0
14789,1344,5,0
14790,1344,6,0
14791,1344,7,0
14792,1344,8,0
14793,1344,9,0
14794,1344,10,0
14795,1345,0,0
14796,1345,1,0
14797,1345,2,0
14798,1345,3,0
14799,1345,4,0
14800,1345,5,0
14801,1345,6,1
14802,1345,7,0
14803,1345,8,0
14804,1345,9,0
14805,1345,10,0
14806,1346,0,0
14807,1346,1,1
14808,1346,2,0
14809,1346,3,0
14810,1346,4,1
14811,1346,5,0
14812,1346,6,1
14813,1346,7,0
14814,1346,8,0
14815,1346,9,0
14816,1346,10,1
14817,1347,0,0
14818,1347,1,1
14819,1347,2,2
14820,1347,3,1
14821,1347,4,2
14822,1347,5,1
14823,1347,6,2
14824,1347,7,1
14825,1347,8,2
14826,1347,9,1
14827,1347,10,2
14828,1348,0,0
14829,1348,1,0
14830,1348,2,0
14831,1348,3,1
14832,1348,4,2
14833,1348,5,3
14834,1348,6,4
14835,1348,7,5
14836,1348,8,5
14837,1348,9,5
14838,1348,10,5
14839,1349,0,0
14840,1349,1,0
14841,1349,2,1
14842,1349,3,2
14843,1349,4,1
14844,1349,5,2
14845,1349,6,3
14846,1349,7,4
14847,1349,8,3
14848,1349,9,3
14849,1349,10,2
14850,1350,0,0
14851,1350,1,1
14852,1350,2,2
14853,1350,3,1
14854,1350,4,0
14855,1350,5,0
14856,1350,6,1
14857,1350,7,2
14858,1350,8,1
14859,1350,9,2
14860,1350,10,1
14861,1351,0,0
14862,1351,1,1
14863,1351,2,2
14864,1351,3,3
14865,1351,4,4
14866,1351,5,5
14867,1351,6,5
14868,1351,7,5
14869,1351,8,5
14870,1351,9,5
14871,1351,10,5
14872,1352,0,0
14873,1352,1,1
14874,1352,2,1
14875,1352,3,2
14876,1352,4,3
14877,1352,5,3
14878,1352,6,2
14879,1352,7,3
14880,1352,8,4
14881,1352,9,3
14882,1352,10,4
14883,1353,0,0
14884,1353,1,1
14885,1353,2,2
14886,1353,3,1
14887,1353,4,0
14888,1353,5,1
14889,1353,6,2
14890,1353,7,1
14891,1353,8,0
14892,1353,9,1
14893,1353,10,2
14894,1354,0,0
14895,1354,1,1
14896,1354,2,2
14897,1354,3,3
14898,1354,4,2
14899,1354,5,3
14900,1354,6,4
14901,1354,7,3
14902,1354,8,4
14903,1354,9,5
14904,1354,10,5
14905,1355,0,0
14906,1355,1,0
14907,1355,2,0
14908,1355,3,0
14909,1355,4,0
14910,1355,5,1
14911,1355,6,0
14912,1355,7,0
14913,1355,8,0
14914,1355,9,0
14915,1355,10,0
14916,1356,0,0
14917,1356,1,0
14918,1356,2,0
14919,1356,3,0
14920,1356,4,0
14921,1356,5,0
14922,1356,6,0
14923,1356,7,0
14924,1356,8,0
14925,1356,9,0
14926,1356,10,0
14927,1357,0,0
14928,1357,1,1
14929,1357,2,0
14930,1357,3,1
14931,1357,4,0
14932,1357,5,1
14933,1357,6,0
14934,1357,7,1
14935,1357,8,0
14936,1357,9,1
14937,1357,10,0
14938,1358,0,0
14939,1358,1,1
14940,1358,2,0
14941,1358,3,1
14942,1358,4,1
14943,1358,5,1
14944,1358,6,0
14945,1358,7,1
14946,1358,8,0
14947,1358,9,1
14948,1358,10,1
14949,1359,0,0
14950,1359,1,0
14951,1359,2,0
14952,1359,3,1
14953,1359,4,1
14954,1359,5,1
14955,1359,6,2
14956,1359,7,3
14957,1359,8,3
14958,1359,9,3
14959,1359,10,4
14960,1360,0,0
14961,1360,1,0
14962,1360,2,0
14963,1360,3,0
14964,1360,4,0
14965,1360,5,0
14966,1360,6,1
14967,1360,7,1
14968,1360,8,0
14969,1360,9,0
14970,1360,10,1
14971,1361,0,0
14972,1361,1,1
14973,1361,2,2
14974,1361,3,1
14975,1361,4,2
14976,1361,5,1
14977,1361,6,2
14978,1361,7,1
14979,1361,8,2
14980,1361,9,1
14981,1361,10,2
14982,1362,0,0
14983,1362,1,1
14984,1362,2,2
14985,1362,3,1
14986,1362,4,2
14987,1362,5,1
14988,1362,6,2
14989,1362,7,1
14990,1362,8,2
14991,1362,9,1
14992,1362,10,2
14993,1363,0,0
14994,1363,1,1
14995,1363,2,0
14996,1363,3,1
14997,1363,4,2
14998,1363,5,3
14999,1363,6,4
15000,1363,7,3
15001,1363,8,4
15002,1363,9,3
15003,1363,10,2
15004,1364,0,0
15005,1364,1,0
15006,1364,2,0
15007,1364,3,0
15008,1364,4,0
15009,1364,5,0
15010,1364,6,0
15011,1364,7,1
15012,1364,8,1
15013,1364,9,2
15014,1364,10,3
15015,1365,0,0
15016,1365,1,0
15017,1365,2,0
15018,1365,3,0
15019,1365,4,0
15020,1365,5,0
15021,1365,6,0
15022,1365,7,0
15023,1365,8,0
15024,1365,9,0
15025,1365,10,0
15026,1366,0,0
15027,1366,1,1
15028,1366,2,2
15029,1366,3,3
15030,1366,4,3
15031,1366,5,2
15032,1366,6,1
15033,1366,7,0
15034,1366,8,0
15035,1366,9,1
15036,1366,10,0
15037,1367,0,0
15038,1367,1,0
15039,1367,2,0
15040,1367,3,0
15041,1367,4,0
15042,1367,5,0
15043,1367,6,0
15044,1367,7,0
15045,1367,8,0
15046,1367,9,0
15047,1367,10,0
15048,1368,0,0
15049,1368,1,1
15050,1368,2,2
15051,1368,3,3
15052,1368,4,2
15053,1368,5,1
15054,1368,6,2
15055,1368,7,3
15056,1368,8,2
15057,1368,9,3
15058,1368,10,2
15059,1369,0,0
15060,1369,1,0
15061,1369,2,0
15062,1369,3,0
15063,1369,4,1
15064,1369,5,0
15065,1369,6,0
15066,1369,7,0
15067,1369,8,0
15068,1369,9,0
15069,1369,10,0
15070,1370,0,0
15071,1370,1,1
15072,1370,2,2
15073,1370,3,1
15074,1370,4,0
15075,1370,5,1
15076,1370,6,0
15077,1370,7,1
15078,1370,8,2
15079,1370,9,1
15080,1370,10,2
15081,1371,0,0
15082,1371,1,0
15083,1371,2,1
15084,1371,3,0
15085,1371,4,0
15086,1371,5,1
15087,1371,6,1
15088,1371,7,1
15089,1371,8,1
15090,1371,9,1
15091,1371,10,0
15092,1372,0,0
15093,1372,1,1
15094,1372,2,2
15095,1372,3,3
15096,1372,4,4
15097,1372,5,3
15098,1372,6,4
15099,1372,7,3
15100,1372,8,4
15101,1372,9,3
15102,1372,10,4
15103,1373,0,0
15104,1373,1,0
15105,1373,2,1
15106,1373,3,0
15107,1373,4,0
15108,1373,5,0
15109,1373,6,1
15110,1373,7,1
15111,1373,8,1
15112,1373,9,1
15113,1373,10,2
15114,1374,0,0
15115,1374,1,1
15116,1374,2,0
15117,1374,3,1
15118,1374,4,0
15119,1374,5,1
15120,1374,6,0
15121,1374,7,1
15122,1374,8,0
15123,1374,9,1
15124,1374,10,0
15125,1375,0,0
15126,1375,1,0
15127,1375,2,0
15128,1375,3,0
15129,1375,4,0
15130,1375,5,0
15131,1375,6,0
15132,1375,7,0
15133,1375,8,0
15134,1375,9,1
15135,1375,10,2
15136,1376,0,0
15137,1376,1,0
15138,1376,2,0
15139,1376,3,0
15140,1376,4,0
15141,1376,5,0
15142,1376,6,0
15143,1376,7,0
15144,1376,8,0
15145,1376,9,0
15146,1376,10,0
15147,1377,0,0
15148,1377,1,1
15149,1377,2,2
15150,1377,3,3
15151,1377,4,4
15152,1377,5,3
15153,1377,6,4
15154,1377,7,3
15155,1377,8,2
15156,1377,9,1
15157,1377,10,2
15158,1378,0,0
15159,1378,1,1
15160,1378,2,2
15161,1378,3,1
15162,1378,4,2
15163,1378,5,1
15164,1378,6,2
15165,1378,7,1
15166,1378,8,0
15167,1378,9,1
15168,1378,10,0
15169,1379,0,0
15170,1379,1,1
15171,1379,2,2
15172,1379,3,3
15173,1379,4,2
15174,1379,5,3
15175,1379,6,4
15176,1379,7,5
15177,1379,8,5
15178,1379,9,5
15179,1379,10,5
15180,1380,0,0
15181,1380,1,0
15182,1380,2,0
15183,1380,3,0
15184,1380,4,0
15185,1380,5,0
15186,1380,6,0
15187,1380,7,0
15188,1380,8,0
15189,1380,9,0
15190,1380,10,0
15191,1381,0,0
15192,1381,1,1
15193,1381,2,2
15194,1381,3,3
15195,1381,4,4
15196,1381,5,4
15197,1381,6,5
15198,1381,7,5
15199,1381,8,5
15200,1381,9,5
15201,1381,10,5
15202,1382,0,0
15203,1382,1,1
15204,1382,2,0
15205,1382,3,0
15206,1382,4,0
15207,1382,5,1
15208,1382,6,0
15209,1382,7,1
15210,1382,8,0
15211,1382,9,1
15212,1382,10,0
15213,1383,0,0
15214,1383,1,1
15215,1383,2,0
15216,1383,3,1
15217,1383,4,0
15218,1383,5,1
15219,1383,6,0
15220,1383,7,0
15221,1383,8,0
15222,1383,9,1
15223,1383,10,0
15224,1384,0,0
15225,1384,1,0
15226,1384,2,0
15227,1384,3,0
15228,1384,4,0
15229,1384,5,0
15230,1384,6,0
15231,1384,7,0
15232,1384,8,0
15233,1384,9,0
15234,1384,10,0
15235,1385,0,0
15236,1385,1,0
15237,1385,2,0
15238,1385,3,0
15239,1385,4,0
15240,1385,5,0
15241,1385,6,0
15242,1385,7,0
15243,1385,8,0
15244,1385,9,0
15245,1385,10,0
15246,1386,0,0
15247,1386,1,0
15248,1386,2,0
15249,1386,3,0
15250,1386,4,0
15251,1386,5,0
15252,1386,6,0
15253,1386,7,1
15254,1386,8,0
15255,1386,9,0
15256,1386,10,0
15257,1387,0,0
15258,1387,1,1
15259,1387,2,0
15260,1387,3,1
15261,1387,4,0
15262,1387,5,1
15263,1387,6,0
15264,1387,7,0
15265,1387,8,1
15266,1387,9,1
15267,1387,10,0
15268,1388,0,0
15269,1388,1,0
15270,1388,2,0
15271,1388,3,0
15272,1388,4,0
15273,1388,5,0
15274,1388,6,0
15275,1388,7,0
15276,1388,8,0
15277,1388,9,0
15278,1388,10,0
15279,1389,0,0
15280,1389,1,0
15281,1389,2,0
15282,1389,3,0
15283,1389,4,0
15284,1389,5,0
15285,1389,6,0
15286,1389,7,0
15287,1389,8,0
15288,1389,9,0
15289,1389,10,0
15290,1390,0,0
15291,1390,1,0
15292,1390,2,0
15293,1390,3,0
15294,1390,4,0
15295,1390,5,1
15296,1390,6,0
15297,1390,7,0
15298,1390,8,0
15299,1390,9,0
15300,1390,10,0
15301,1391,0,0
15302,1391,1,1
15303,1391,2,2
15304,1391,3,1
15305,1391,4,0
15306,1391,5,1
15307,1391,6,2
15308,1391,7,3
15309,1391,8,4
15310,1391,9,3
15311,1391,10,4
15312,1392,0,0
15313,1392,1,0
15314,1392,2,0
15315,1392,3,0
15316,1392,4,1
15317,1392,5,1
15318,1392,6,1
15319,1392,7,1
15320,1392,8,1
15321,1392,9,1
15322,1392,10,1
15323,1393,0,0
15324,1393,1,1
15325,1393,2,2
15326,1393,3,1
15327,1393,4,2
15328,1393,5,1
15329,1393,6,2
15330,1393,7,1
15331,1393,8,2
15332,1393,9,3
15333,1393,10,2
15334,1394,0,0
15335,1394,1,0
15336,1394,2,0
15337,1394,3,0
15338,1394,4,0
15339,1394,5,0
15340,1394,6,0
15341,1394,7,1
15342,1394,8,0
15343,1394,9,0
15344,1394,10,0
15345,1395,0,0
15346,1395,1,1
15347,1395,2,0
15348,1395,3,1
15349,1395,4,1
15350,1395,5,0
15351,1395,6,1
15352,1395,7,0
15353,1395,8,1
15354,1395,9,0
15355,1395,10,0
15356,1396,0,0
15357,1396,1,1
15358,1396,2,2
15359,1396,3,3
15360,1396,4,4
15361,1396,5,5
15362,1396,6,5
15363,1396,7,5
15364,1396,8,5
15365,1396,9,5
15366,1396,10,5
15367,1397,0,0
15368,1397,1,0
15369,1397,2,0
15370,1397,3,0
15371,1397,4,0
15372,1397,5,0
15373,1397,6,0
15374,1397,7,0
15375,1397,8,0
15376,1397,9,0
15377,1397,10,0
15378,1398,0,0
15379,1398,1,1
15380,1398,2,2
15381,1398,3,1
15382,1398,4,2
15383,1398,5,1
15384,1398,6,2
15385,1398,7,1
15386,1398,8,0
15387,1398,9,1
15388,1398,10,2
15389,1399,0,0
15390,1399,1,0
15391,1399,2,0
15392,1399,3,0
15393,1399,4,0
15394,1399,5,0
15395,1399,6,0
15396,1399,7,0
15397,1399,8,0
15398,1399,9,0
15399,1399,10,0
15400,1400,0,0
15401,1400,1,1
15402,1400,2,2
15403,1400,3,3
15404,1400,4,2
15405,1400,5,1
15406,1400,6,2
15407,1400,7,1
15408,1400,8,2
15409,1400,9,3
15410,1400,10,2
15411,1401,0,0
15412,1401,1,1
15413,1401,2,1
15414,1401,3,2
15415,1401,4,1
15416,1401,5,2
15417,1401,6,1
15418,1401,7,2
15419,1401,8,3
15420,1401,9,4
15421,1401,10,4
15422,1402,0,0
15423,1402,1,1
15424,1402,2,2
15425,1402,3,3
15426,1402,4,3
15427,1402,5,2
15428,1402,6,3
15429,1402,7,3
15430,1402,8,4
15431,1402,9,5
15432,1402,10,5
15433,1403,0,0
15434,1403,1,0
15435,1403,2,0
15436,1403,3,0
15437,1403,4,0
15438,1403,5,0
15439,1403,6,0
15440,1403,7,0
15441,1403,8,0
15442,1403,9,0
15443,1403,10,0
15444,1404,0,0
15445,1404,1,1
15446,1404,2,2
15447,1404,3,3
15448,1404,4,2
15449,1404,5,1
15450,1404,6,2
15451,1404,7,1
15452,1404,8,2
15453,1404,9,3
15454,1404,10,3
15455,1405,0,0
15456,1405,1,0
15457,1405,2,0
15458,1405,3,0
15459,1405,4,0
15460,1405,5,0
15461,1405,6,0
15462,1405,7,0
15463,1405,8,0
15464,1405,9,0
15465,1405,10,0
15466,1406,0,0
15467,1406,1,1
15468,1406,2,2
15469,1406,3,3
15470,1406,4,2
15471,1406,5,1
15472,1406,6,2
15473,1406,7,3
15474,1406,8,4
15475,1406,9,3
15476,1406,10,2
15477,1407,0,0
15478,1407,1,1
15479,1407,2,2
15480,1407,3,3
15481,1407,4,4
15482,1407,5,4
15483,1407,6,5
15484,1407,7,5
15485,1407,8,5
15486,1407,9,5
15487,1407,10,5
15488,1408,0,0
15489,1408,1,1
15490,1408,2,0
15491,1408,3,1
15492,1408,4,1
15493,1408,5,1
15494,1408,6,1
15495,1408,7,1
15496,1408,8,1
15497,1408,9,1
15498,1408,10,2
15499,1409,0,0
15500,1409,1,1
15501,1409,2,0
15502,1409,3,1
15503,1409,4,2
15504,1409,5,3
15505,1409,6,3
15506,1409,7,2
15507,1409,8,3
15508,1409,9,3
15509,1409,10,3
15510,1410,0,0
15511,1410,1,0
15512,1410,2,1
15513,1410,3,2
15514,1410,4,1
15515,1410,5,0
15516,1410,6,1
15517,1410,7,2
15518,1410,8,1
15519,1410,9,2
15520,1410,10,1
15521,1411,0,0
15522,1411,1,1
15523,1411,2,2
15524,1411,3,3
15525,1411,4,2
15526,1411,5,3
15527,1411,6,3
15528,1411,7,4
15529,1411,8,3
15530,1411,9,4
15531,1411,10,5
15532,1412,0,0
15533,1412,1,1
15534,1412,2,0
15535,1412,3,1
15536,1412,4,0
15537,1412,5,1
15538,1412,6,0
15539,1412,7,1
15540,1412,8,0
15541,1412,9,1
15542,1412,10,0
15543,1413,0,0
15544,1413,1,0
15545,1413,2,1
15546,1413,3,1
15547,1413,4,2
15548,1413,5,2
15549,1413,6,1
15550,1413,7,1
15551,1413,8,2
15552,1413,9,1
15553,1413,10,1
15554,1414,0,0
15555,1414,1,1
15556,1414,2,1
15557,1414,3,2
15558,1414,4,3
15559,1414,5,2
15560,1414,6,3
15561,1414,7,4
15562,1414,8,5
15563,1414,9,5
15564,1414,10,5
15565,1415,0,0
15566,1415,1,1
15567,1415,2,2
15568,1415,3,3
15569,1415,4,2
15570,1415,5,1
15571,1415,6,2
15572,1415,7,3
15573,1415,8,2
15574,1415,9,3
15575,1415,10,2
15576,1416,0,0
15577,1416,1,1
15578,1416,2,2
15579,1416,3,3
15580,1416,4,4
15581,1416,5,5
15582,1416,6,5
15583,1416,7,5
15584,1416,8,5
15585,1416,9,5
15586,1416,10,5
15587,1417,0,0
15588,1417,1,1
15589,1417,2,1
15590,1417,3,1
15591,1417,4,0
15592,1417,5,1
15593,1417,6,0
15594,1417,7,1
15595,1417,8,0
15596,1417,9,1
15597,1417,10,1
15598,1418,0,0
15599,1418,1,1
15600,1418,2,1
15601,1418,3,1
15602,1418,4,1
15603,1418,5,0
15604,1418,6,1
15605,1418,7,1
15606,1418,8,0
15607,1418,9,1
15608,1418,10,1
15609,1419,0,0
15610,1419,1,1
15611,1419,2,2
15612,1419,3,3
15613,1419,4,2
15614,1419,5,3
15615,1419,6,2
15616,1419,7,1
15617,1419,8,2
15618,1419,9,3
15619,1419,10,2
15620,1420,0,0
15621,1420,1,1
15622,1420,2,2
15623,1420,3,1
15624,1420,4,2
15625,1420,5,3
15626,1420,6,2
15627,1420,7,1
15628,1420,8,2
15629,1420,9,1
15630,1420,10,2
15631,1421,0,0
15632,1421,1,0
15633,1421,2,0
15634,1421,3,0
15635,1421,4,0
15636,1421,5,0
15637,1421,6,0
15638,1421,7,0
15639,1421,8,0
15640,1421,9,0
15641,1421,10,0
15642,1422,0,0
15643,1422,1,1
15644,1422,2,2
15645,1422,3,1
15646,1422,4,2
15647,1422,5,1
15648,1422,6,2
15649,1422,7,1
15650,1422,8,2
15651,1422,9,3
15652,1422,10,4
15653,1423,0,0
15654,1423,1,0
15655,1423,2,0
15656,1423,3,0
15657,1423,4,0
15658,1423,5,0
15659,1423,6,0
15660,1423,7,0
15661,1423,8,0
15662,1423,9,0
15663,1423,10,0
15664,1424,0,0
15665,1424,1,1
15666,1424,2,2
15667,1424,3,1
15668,1424,4,2
15669,1424,5,3
15670,1424,6,4
15671,1424,7,5
15672,1424,8,5
15673,1424,9,5
15674,1424,10,5
15675,1425,0,0
15676,1425,1,1
15677,1425,2,0
15678,1425,3,1
15679,1425,4,0
15680,1425,5,1
15681,1425,6,2
15682,1425,7,1
15683,1425,8,0
15684,1425,9,1
15685,1425,10,0
15686,1426,0,0
15687,1426,1,0
15688,1426,2,1
15689,1426,3,0
15690,1426,4,0
15691,1426,5,0
15692,1426,6,0
15693,1426,7,1
15694,1426,8,0
15695,1426,9,0
15696,1426,10,0
15697,1427,0,0
15698,1427,1,0
15699,1427,2,0
15700,1427,3,0
15701,1427,4,0
15702,1427,5,0
15703,1427,6,0
15704,1427,7,0
15705,1427,8,0
15706,1427,9,0
15707,1427,10,0
15708,1428,0,0
15709,1428,1,1
15710,1428,2,0
15711,1428,3,1
15712,1428,4,0
15713,1428,5,1
15714,1428,6,2
15715,1428,7,1
15716,1428,8,2
15717,1428,9,3
15718,1428,10,2
15719,1429,0,0
15720,1429,1,1
15721,1429,2,2
15722,1429,3,1
15723,1429,4,1
15724,1429,5,2
15725,1429,6,1
15726,1429,7,1
15727,1429,8,2
15728,1429,9,3
15729,1429,10,4
15730,1430,0,0
15731,1430,1,1
15732,1430,2,2
15733,1430,3,3
15734,1430,4,2
15735,1430,5,1
15736,1430,6,0
15737,1430,7,1
15738,1430,8,2
15739,1430,9,1
15740,1430,10,2
15741,1431,0,0
15742,1431,1,1
15743,1431,2,0
15744,1431,3,1
15745,1431,4,0
15746,1431,5,1
15747,1431,6,0
15748,1431,7,0
15749,1431,8,0
15750,1431,9,0
15751,1431,10,1
15752,1432,0,0
15753,1432,1,1
15754,1432,2,2
15755,1432,3,1
15756,1432,4,2
15757,1432,5,3
15758,1432,6,3
15759,1432,7,4
15760,1432,8,5
15761,1432,9,5
15762,1432,10,5
15763,1433,0,0
15764,1433,1,0
15765,1433,2,0
15766,1433,3,0
15767,1433,4,0
15768,1433,5,0
15769,1433,6,0
15770,1433,7,0
15771,1433,8,0
15772,1433,9,0
15773,1433,10,0
15774,1434,0,0
15775,1434,1,1
15776,1434,2,2
15777,1434,3,3
15778,1434,4,2
15779,1434,5,3
15780,1434,6,3
15781,1434,7,2
15782,1434,8,3
15783,1434,9,2
15784,1434,10,3
15785,1435,0,0
15786,1435,1,0
15787,1435,2,0
15788,1435,3,0
15789,1435,4,0
15790,1435,5,0
15791,1435,6,0
15792,1435,7,0
15793,1435,8,0
15794,1435,9,0
15795,1435,10,0
15796,1436,0,0
15797,1436,1,1
15798,1436,2,2
15799,1436,3,3
15800,1436,4,4
15801,1436,5,3
15802,1436,6,3
15803,1436,7,3
15804,1436,8,3
15805,1436,9,3
15806,1436,10,3
15807,1437,0,0
15808,1437,1,1
15809,1437,2,1
15810,1437,3,1
15811,1437,4,0
15812,1437,5,1
15813,1437,6,1
15814,1437,7,1
15815,1437,8,1
15816,1437,9,1
15817,1437,10,0
15818,1438,0,0
15819,1438,1,1
15820,1438,2,1
15821,1438,3,1
15822,1438,4,1
15823,1438,5,1
15824,1438,6,1
15825,1438,7,0
15826,1438,8,1
15827,1438,9,0
15828,1438,10,1
15829,1439,0,0
15830,1439,1,1
15831,1439,2,1
15832,1439,3,2
15833,1439,4,3
15834,1439,5,3
15835,1439,6,4
15836,1439,7,5
15837,1439,8,5
15838,1439,9,5
15839,1439,10,5
15840,1440,0,0
15841,1440,1,1
15842,1440,2,0
15843,1440,3,1
15844,1440,4,1
15845,1440,5,0
15846,1440,6,0
15847,1440,7,1
15848,1440,8,2
15849,1440,9,3
15850,1440,10,3
15851,1441,0,0
15852,1441,1,1
15853,1441,2,2
15854,1441,3,1
15855,1441,4,2
15856,1441,5,1
15857,1441,6,2
15858,1441,7,1
15859,1441,8,2
15860,1441,9,1
15861,1441,10,2
15862,1442,0,0
15863,1442,1,0
15864,1442,2,0
15865,1442,3,0
15866,1442,4,0
15867,1442,5,0
15868,1442,6,0
15869,1442,7,0
15870,1442,8,0
15871,1442,9,0
15872,1442,10,0
15873,1443,0,0
15874,1443,1,0
15875,1443,2,0
15876,1443,3,0
15877,1443,4,1
15878,1443,5,0
15879,1443,6,0
15880,1443,7,0
15881,1443,8,0
15882,1443,9,0
15883,1443,10,1
15884,1444,0,0
15885,1444,1,0
15886,1444,2,0
15887,1444,3,0
15888,1444,4,1
15889,1444,5,2
15890,1444,6,3
15891,1444,7,2
15892,1444,8,3
15893,1444,9,3
15894,1444,10,4
15895,1445,0,0
15896,1445,1,1
15897,1445,2,1
15898,1445,3,0
15899,1445,4,0
15900,1445,5,1
15901,1445,6,0
15902,1445,7,0
15903,1445,8,0
15904,1445,9,0
15905,1445,10,1
15906,1446,0,0
15907,1446,1,1
15908,1446,2,2
15909,1446,3,1
15910,1446,4,2
15911,1446,5,1
15912,1446,6,2
15913,1446,7,3
15914,1446,8,2
15915,1446,9,3
15916,1446,10,4
15917,1447,0,0
15918,1447,1,0
15919,1447,2,0
15920,1447,3,0
15921,1447,4,0
15922,1447,5,0
15923,1447,6,0
15924,1447,7,0
15925,1447,8,0
15926,1447,9,0
15927,1447,10,0
15928,1448,0,0
15929,1448,1,1
15930,1448,2,1
15931,1448,3,1
15932,1448,4,0
15933,1448,5,0
15934,1448,6,1
15935,1448,7,1
15936,1448,8,1
15937,1448,9,0
15938,1448,10,1
15939,1449,0,0
15940,1449,1,1
15941,1449,2,0
15942,1449,3,0
15943,1449,4,0
15944,1449,5,0
15945,1449,6,0
15946,1449,7,0
15947,1449,8,0
15948,1449,9,0
15949,1449,10,0
15950,1450,0,0
15951,1450,1,0
15952,1450,2,0
15953,1450,3,0
15954,1450,4,0
15955,1450,5,0
15956,1450,6,0
15957,1450,7,0
15958,1450,8,0
15959,1450,9,0
15960,1450,10,0
15961,1451,0,0
15962,1451,1,1
15963,1451,2,2
15964,1451,3,1
15965,1451,4,0
15966,1451,5,1
15967,1451,6,2
15968,1451,7,3
15969,1451,8,4
15970,1451,9,3
15971,1451,10,4
15972,1452,0,0
15973,1452,1,1
15974,1452,2,2
15975,1452,3,1
15976,1452,4,2
15977,1452,5,1
15978,1452,6,2
15979,1452,7,1
15980,1452,8,2
15981,1452,9,1
15982,1452,10,2
15983,1453,0,0
15984,1453,1,1
15985,1453,2,1
15986,1453,3,1
15987,1453,4,1
15988,1453,5,1
15989,1453,6,1
15990,1453,7,1
15991,1453,8,1
15992,1453,9,1
15993,1453,10,1
15994,1454,0,0
15995,1454,1,1
15996,1454,2,2
15997,1454,3,3
15998,1454,4,3
15999,1454,5,3
16000,1454,6,4
16001,1454,7,3
16002,1454,8,4
16003,1454,9,3
16004,1454,10,4
16005,1455,0,0
16006,1455,1,1
16007,1455,2,0
16008,1455,3,1
16009,1455,4,1
16010,1455,5,1
16011,1455,6,1
16012,1455,7,1
16013,1455,8,0
16014,1455,9,1
16015,1455,10,0
16016,1456,0,0
16017,1456,1,0
16018,1456,2,1
16019,1456,3,0
16020,1456,4,0
16021,1456,5,0
16022,1456,6,0
16023,1456,7,0
16024,1456,8,0
16025,1456,9,0
16026,1456,10,0
16027,1457,0,0
16028,1457,1,1
16029,1457,2,2
16030,1457,3,1
16031,1457,4,0
16032,1457,5,1
16033,1457,6,1
16034,1457,7,2
16035,1457,8,3
16036,1457,9,3
16037,1457,10,4
16038,1458,0,0
16039,1458,1,1
16040,1458,2,0
16041,1458,3,1
16042,1458,4,0
16043,1458,5,1
16044,1458,6,0
16045,1458,7,1
16046,1458,8,0
16047,1458,9,1
16048,1458,10,2
16049,1459,0,0
16050,1459,1,1
16051,1459,2,0
16052,1459,3,1
16053,1459,4,0
16054,1459,5,1
16055,1459,6,0
16056,1459,7,1
16057,1459,8,2
16058,1459,9,1
16059,1459,10,0
16060,1460,0,0
16061,1460,1,0
16062,1460,2,0
16063,1460,3,0
16064,1460,4,0
16065,1460,5,0
16066,1460,6,0
16067,1460,7,0
16068,1460,8,0
16069,1460,9,0
16070,1460,10,0
16071,1461,0,0
16072,1461,1,0
16073,1461,2,0
16074,1461,3,1
16075,1461,4,0
16076,1461,5,1
16077,1461,6,0
16078,1461,7,1
16079,1461,8,2
16080,1461,9,3
16081,1461,10,4
16082,1462,0,0
16083,1462,1,0
16084,1462,2,0
16085,1462,3,0
16086,1462,4,0
16087,1462,5,0
16088,1462,6,0
16089,1462,7,0
16090,1462,8,0
16091,1462,9,0
16092,1462,10,0
16093,1463,0,0
16094,1463,1,1
16095,1463,2,2
16096,1463,3,1
16097,1463,4,0
16098,1463,5,1
16099,1463,6,2
16100,1463,7,1
16101,1463,8,2
16102,1463,9,1
16103,1463,10,0
16104,1464,0,0
16105,1464,1,1
16106,1464,2,2
16107,1464,3,3
16108,1464,4,4
16109,1464,5,5
16110,1464,6,5
16111,1464,7,5
16112,1464,8,5
16113,1464,9,5
16114,1464,10,5
16115,1465,0,0
16116,1465,1,1
16117,1465,2,2
16118,1465,3,1
16119,1465,4,2
16120,1465,5,1
16121,1465,6,2
16122,1465,7,1
16123,1465,8,2
16124,1465,9,1
16125,1465,10,2
16126,1466,0,0
16127,1466,1,0
16128,1466,2,0
16129,1466,3,0
16130,1466,4,0
16131,1466,5,0
16132,1466,6,0
16133,1466,7,0
16134,1466,8,0
16135,1466,9,0
16136,1466,10,0
16137,1467,0,0
16138,1467,1,0
16139,1467,2,1
16140,1467,3,1
16141,1467,4,2
16142,1467,5,3
16143,1467,6,4
16144,1467,7,3
16145,1467,8,4
16146,1467,9,3
16147,1467,10,4
16148,1468,0,0
16149,1468,1,1
16150,1468,2,2
16151,1468,3,1
16152,1468,4,2
16153,1468,5,1
16154,1468,6,2
16155,1468,7,1
16156,1468,8,2
16157,1468,9,1
16158,1468,10,2
16159,1469,0,0
16160,1469,1,0
16161,1469,2,1
16162,1469,3,1
16163,1469,4,0
16164,1469,5,0
16165,1469,6,0
16166,1469,7,1
16167,1469,8,1
16168,1469,9,0
16169,1469,10,0
16170,1470,0,0
16171,1470,1,1
16172,1470,2,1
16173,1470,3,1
16174,1470,4,1
16175,1470,5,1
16176,1470,6,1
16177,1470,7,1
16178,1470,8,1
16179,1470,9,1
16180,1470,10,1
16181,1471,0,0
16182,1471,1,0
16183,1471,2,0
16184,1471,3,0
16185,1471,4,0
16186,1471,5,0
16187,1471,6,0
16188,1471,7,0
16189,1471,8,0
16190,1471,9,0
16191,1471,10,1
16192,1472,0,0
16193,1472,1,1
16194,1472,2,0
16195,1472,3,1
16196,1472,4,0
16197,1472,5,1
16198,1472,6,2
16199,1472,7,2
16200,1472,8,3
16201,1472,9,3
16202,1472,10,3
16203,1473,0,0
16204,1473,1,1
16205,1473,2,1
16206,1473,3,1
16207,1473,4,0
16208,1473,5,1
16209,1473,6,0
16210,1473,7,1
16211,1473,8,1
16212,1473,9,1
16213,1473,10,0
16214,1474,0,0
16215,1474,1,0
16216,1474,2,0
16217,1474,3,0
16218,1474,4,0
16219,1474,5,0
16220,1474,6,0
16221,1474,7,0
16222,1474,8,0
16223,1474,9,0
16224,1474,10,0
16225,1475,0,0
16226,1475,1,1
16227,1475,2,0
16228,1475,3,0
16229,1475,4,0
16230,1475,5,0
16231,1475,6,1
16232,1475,7,0
16233,1475,8,0
16234,1475,9,1
16235,1475,10,0
16236,1476,0,0
16237,1476,1,1
16238,1476,2,2
16239,1476,3,3
16240,1476,4,2
16241,1476,5,1
16242,1476,6,0
16243,1476,7,1
16244,1476,8,0
16245,1476,9,1
16246,1476,10,0
16247,1477,0,0
16248,1477,1,0
16249,1477,2,0
16250,1477,3,0
16251,1477,4,0
16252,1477,5,0
16253,1477,6,0
16254,1477,7,0
16255,1477,8,0
16256,1477,9,0
16257,1477,10,0
16258,1478,0,0
16259,1478,1,1
16260,1478,2,2
16261,1478,3,3
16262,1478,4,2
16263,1478,5,3
16264,1478,6,3
16265,1478,7,4
16266,1478,8,3
16267,1478,9,3
16268,1478,10,4
16269,1479,0,0
16270,1479,1,0
16271,1479,2,0
16272,1479,3,0
16273,1479,4,0
16274,1479,5,1
16275,1479,6,1
16276,1479,7,0
16277,1479,8,1
16278,1479,9,1
16279,1479,10,1
16280,1480,0,0
16281,1480,1,1
16282,1480,2,2
16283,1480,3,3
16284,1480,4,4
16285,1480,5,3
16286,1480,6,4
16287,1480,7,3
16288,1480,8,4
16289,1480,9,5
16290,1480,10,5
16291,1481,0,0
16292,1481,1,1
16293,1481,2,0
16294,1481,3,1
16295,1481,4,1
16296,1481,5,0
16297,1481,6,1
16298,1481,7,0
16299,1481,8,1
16300,1481,9,1
16301,1481,10,0
16302,1482,0,0
16303,1482,1,0
16304,1482,2,1
16305,1482,3,0
16306,1482,4,1
16307,1482,5,0
16308,1482,6,0
16309,1482,7,0
16310,1482,8,0
16311,1482,9,1
16312,1482,10,0
16313,1483,0,0
16314,1483,1,0
16315,1483,2,0
16316,1483,3,1
16317,1483,4,2
16318,1483,5,2
16319,1483,6,3
16320,1483,7,4
16321,1483,8,4
16322,1483,9,4
16323,1483,10,5
16324,1484,0,0
16325,1484,1,1
16326,1484,2,0
16327,1484,3,1
16328,1484,4,0
16329,1484,5,1
16330,1484,6,0
16331,1484,7,1
16332,1484,8,0
16333,1484,9,1
16334,1484,10,0
16335,1485,0,0
16336,1485,1,1
16337,1485,2,0
16338,1485,3,1
16339,1485,4,2
16340,1485,5,3
16341,1485,6,4
16342,1485,7,3
16343,1485,8,2
16344,1485,9,3
16345,1485,10,4
16346,1486,0,0
16347,1486,1,1
16348,1486,2,0
16349,1486,3,1
16350,1486,4,1
16351,1486,5,1
16352,1486,6,1
16353,1486,7,1
16354,1486,8,1
16355,1486,9,1
16356,1486,10,1
16357,1487,0,0
16358,1487,1,1
16359,1487,2,0
16360,1487,3,1
16361,1487,4,0
16362,1487,5,1
16363,1487,6,0
16364,1487,7,0
16365,1487,8,0
16366,1487,9,0
16367,1487,10,1
16368,1488,0,0
16369,1488,1,1
16370,1488,2,0
16371,1488,3,1
16372,1488,4,0
16373,1488,5,1
16374,1488,6,0
16375,1488,7,1
16376,1488,8,0
16377,1488,9,1
16378,1488,10,0
16379,1489,0,0
16380,1489,1,1
16381,1489,2,2
16382,1489,3,3
16383,1489,4,4
16384,1489,5,3
16385,1489,6,4
16386,1489,7,3
16387,1489,8,4
16388,1489,9,3
16389,1489,10,4
16390,1490,0,0
16391,1490,1,1
16392,1490,2,1
16393,1490,3,1
16394,1490,4,2
16395,1490,5,1
16396,1490,6,1
16397,1490,7,2
16398,1490,8,1
16399,1490,9,1
16400,1490,10,2
16401,1491,0,0
16402,1491,1,0
16403,1491,2,0
16404,1491,3,0
16405,1491,4,0
16406,1491,5,0
16407,1491,6,0
16408,1491,7,0
16409,1491,8,0
16410,1491,9,1
16411,1491,10,2
16412,1492,0,0
16413,1492,1,1
16414,1492,2,2
16415,1492,3,3
16416,1492,4,2
16417,1492,5,3
16418,1492,6,4
16419,1492,7,5
16420,1492,8,5
16421,1492,9,5
16422,1492,10,5
16423,1493,0,0
16424,1493,1,0
16425,1493,2,0
16426,1493,3,0
16427,1493,4,0
16428,1493,5,0
16429,1493,6,0
16430,1493,7,1
16431,1493,8,1
16432,1493,9,0
16433,1493,10,0
16434,1494,0,0
16435,1494,1,0
16436,1494,2,0
16437,1494,3,0
16438,1494,4,1
16439,1494,5,1
16440,1494,6,2
16441,1494,7,1
16442,1494,8,2
16443,1494,9,3
16444,1494,10,4
16445,1495,0,0
16446,1495,1,1
16447,1495,2,2
16448,1495,3,3
16449,1495,4,4
16450,1495,5,5
16451,1495,6,5
16452,1495,7,5
16453,1495,8,5
16454,1495,9,5
16455,1495,10,5
16456,1496,0,0
16457,1496,1,0
16458,1496,2,0
16459,1496,3,0
16460,1496,4,0
16461,1496,5,0
16462,1496,6,0
16463,1496,7,0
16464,1496,8,0
16465,1496,9,0
16466,1496,10,0
16467,1497,0,0
16468,1497,1,0
16469,1497,2,0
16470,1497,3,0
16471,1497,4,0
16472,1497,5,0
16473,1497,6,0
16474,1497,7,0
16475,1497,8,0
16476,1497,9,0
16477,1497,10,0
16478,1498,0,0
16479,1498,1,1
16480,1498,2,0
16481,1498,3,1
16482,1498,4,0
16483,1498,5,1
16484,1498,6,2
16485,1498,7,3
16486,1498,8,4
16487,1498,9,3
16488,1498,10,4
16489,1499,0,0
16490,1499,1,1
16491,1499,2,0
16492,1499,3,0
16493,1499,4,1
16494,1499,5,0
16495,1499,6,1
16496,1499,7,0
16497,1499,8,1
16498,1499,9,0
16499,1499,10,1
16500,1500,0,0
16501,1500,1,1
16502,1500,2,2
16503,1500,3,1
16504,1500,4,0
16505,1500,5,1
16506,1500,6,2
16507,1500,7,3
16508,1500,8,4
16509,1500,9,5
16510,1500,10,5
16511,1501,0,0
16512,1501,1,0
16513,1501,2,0
16514,1501,3,0
16515,1501,4,0
16516,1501,5,0
16517,1501,6,0
16518,1501,7,0
16519,1501,8,0
16520,1501,9,0
16521,1501,10,0
16522,1502,0,0
16523,1502,1,0
16524,1502,2,0
16525,1502,3,0
16526,1502,4,0
16527,1502,5,0
16528,1502,6,0
16529,1502,7,1
16530,1502,8,2
16531,1502,9,3
16532,1502,10,4
16533,1503,0,0
16534,1503,1,1
16535,1503,2,2
16536,1503,3,2
16537,1503,4,3
16538,1503,5,4
16539,1503,6,5
16540,1503,7,5
16541,1503,8,5
16542,1503,9,5
16543,1503,10,5
16544,1504,0,0
16545,1504,1,1
16546,1504,2,1
16547,1504,3,1
16548,1504,4,1
16549,1504,5,0
16550,1504,6,1
16551,1504,7,1
16552,1504,8,0
16553,1504,9,1
16554,1504,10,1
16555,1505,0,0
16556,1505,1,0
16557,1505,2,0
16558,1505,3,1
16559,1505,4,0
16560,1505,5,0
16561,1505,6,0
16562,1505,7,0
16563,1505,8,1
16564,1505,9,0
16565,1505,10,0
16566,1506,0,0
16567,1506,1,1
16568,1506,2,2
16569,1506,3,3
16570,1506,4,2
16571,1506,5,3
16572,1506,6,4
16573,1506,7,3
16574,1506,8,2
16575,1506,9,3
16576,1506,10,4
16577,1507,0,0
16578,1507,1,1
16579,1507,2,2
16580,1507,3,3
16581,1507,4,4
16582,1507,5,3
16583,1507,6,2
16584,1507,7,1
16585,1507,8,2
16586,1507,9,1
16587,1507,10,2
16588,1508,0,0
16589,1508,1,0
16590,1508,2,0
16591,1508,3,0
16592,1508,4,0
16593,1508,5,0
16594,1508,6,0
16595,1508,7,0
16596,1508,8,0
16597,1508,9,0
16598,1508,10,0
16599,1509,0,0
16600,1509,1,0
16601,1509,2,0
16602,1509,3,0
16603,1509,4,0
16604,1509,5,0
16605,1509,6,1
16606,1509,7,2
16607,1509,8,1
16608,1509,9,2
16609,1509,10,1
16610,1510,0,0
16611,1510,1,1
16612,1510,2,2
16613,1510,3,1
16614,1510,4,2
16615,1510,5,1
16616,1510,6,2
16617,1510,7,1
16618,1510,8,2
16619,1510,9,1
16620,1510,10,2
16621,1511,0,0
16622,1511,1,1
16623,1511,2,1
16624,1511,3,2
16625,1511,4,1
16626,1511,5,2
16627,1511,6,1
16628,1511,7,0
16629,1511,8,1
16630,1511,9,2
16631,1511,10,1
16632,1512,0,0
16633,1512,1,1
16634,1512,2,1
16635,1512,3,1
16636,1512,4,1
16637,1512,5,0
16638,1512,6,1
16639,1512,7,1
16640,1512,8,1
16641,1512,9,1
16642,1512,10,1
16643,1513,0,0
16644,1513,1,0
16645,1513,2,1
16646,1513,3,2
16647,1513,4,3
16648,1513,5,3
16649,1513,6,4
16650,1513,7,3
16651,1513,8,4
16652,1513,9,4
16653,1513,10,4
16654,1514,0,0
16655,1514,1,1
16656,1514,2,2
16657,1514,3,3
16658,1514,4,2
16659,1514,5,3
16660,1514,6,2
16661,1514,7,3
16662,1514,8,2
16663,1514,9,3
16664,1514,10,2
16665,1515,0,0
16666,1515,1,0
16667,1515,2,0
16668,1515,3,0
16669,1515,4,0
16670,1515,5,0
16671,1515,6,0
16672,1515,7,0
16673,1515,8,0
16674,1515,9,0
16675,1515,10,1
16676,1516,0,0
16677,1516,1,1
16678,1516,2,2
16679,1516,3,1
16680,1516,4,2
16681,1516,5,1
16682,1516,6,0
16683,1516,7,1
16684,1516,8,2
16685,1516,9,1
16686,1516,10,2
16687,1517,0,0
16688,1517,1,1
16689,1517,2,2
16690,1517,3,1
16691,1517,4,0
16692,1517,5,1
16693,1517,6,2
16694,1517,7,1
16695,1517,8,2
16696,1517,9,1
16697,1517,10,2
16698,1518,0,0
16699,1518,1,0
16700,1518,2,0
16701,1518,3,0
16702,1518,4,0
16703,1518,5,0
16704,1518,6,0
16705,1518,7,0
16706,1518,8,0
16707,1518,9,0
16708,1518,10,0
16709,1519,0,0
16710,1519,1,1
16711,1519,2,2
16712,1519,3,3
16713,1519,4,4
16714,1519,5,3
16715,1519,6,2
16716,1519,7,1
16717,1519,8,0
16718,1519,9,1
16719,1519,10,2
16720,1520,0,0
16721,1520,1,0
16722,1520,2,1
16723,1520,3,0
16724,1520,4,0
16725,1520,5,0
16726,1520,6,1
16727,1520,7,0
16728,1520,8,1
16729,1520,9,0
16730,1520,10,1
16731,1521,0,0
16732,1521,1,0
16733,1521,2,0
16734,1521,3,0
16735,1521,4,0
16736,1521,5,0
16737,1521,6,0
16738,1521,7,0
16739,1521,8,0
16740,1521,9,0
16741,1521,10,0
16742,1522,0,0
16743,1522,1,0
16744,1522,2,0
16745,1522,3,0
16746,1522,4,0
16747,1522,5,0
16748,1522,6,0
16749,1522,7,0
16750,1522,8,0
16751,1522,9,0
16752,1522,10,0
16753,1523,0,0
16754,1523,1,0
16755,1523,2,1
16756,1523,3,2
16757,1523,4,1
16758,1523,5,0
16759,1523,6,0
16760,1523,7,1
16761,1523,8,2
16762,1523,9,3
16763,1523,10,4
16764,1524,0,0
16765,1524,1,1
16766,1524,2,2
16767,1524,3,3
16768,1524,4,3
16769,1524,5,3
16770,1524,6,2
16771,1524,7,3
16772,1524,8,4
16773,1524,9,4
16774,1524,10,4
16775,1525,0,0
16776,1525,1,0
16777,1525,2,0
16778,1525,3,0
16779,1525,4,0
16780,1525,5,0
16781,1525,6,0
16782,1525,7,0
16783,1525,8,0
16784,1525,9,0
16785,1525,10,0
16786,1526,0,0
16787,1526,1,1
16788,1526,2,0
16789,1526,3,1
16790,1526,4,0
16791,1526,5,1
16792,1526,6,0
16793,1526,7,1
16794,1526,8,0
16795,1526,9,1
16796,1526,10,0
16797,1527,0,0
16798,1527,1,0
16799,1527,2,1
16800,1527,3,2
16801,1527,4,1
16802,1527,5,2
16803,1527,6,1
16804,1527,7,2
16805,1527,8,1
16806,1527,9,1
16807,1527,10,2
16808,1528,0,0
16809,1528,1,1
16810,1528,2,0
16811,1528,3,1
16812,1528,4,0
16813,1528,5,1
16814,1528,6,0
16815,1528,7,1
16816,1528,8,0
16817,1528,9,1
16818,1528,10,0
16819,1529,0,0
16820,1529,1,0
16821,1529,2,0
16822,1529,3,0
16823,1529,4,0
16824,1529,5,0
16825,1529,6,0
16826,1529,7,0
16827,1529,8,0
16828,1529,9,0
16829,1529,10,0
16830,1530,0,0
16831,1530,1,0
16832,1530,2,1
16833,1530,3,2
16834,1530,4,3
16835,1530,5,4
16836,1530,6,5
16837,1530,7,5
16838,1530,8,5
16839,1530,9,5
16840,1530,10,5
16841,1531,0,0
16842,1531,1,1
16843,1531,2,1
16844,1531,3,1
16845,1531,4,1
16846,1531,5,2
16847,1531,6,1
16848,1531,7,2
16849,1531,8,3
16850,1531,9,4
16851,1531,10,3
16852,1532,0,0
16853,1532,1,1
16854,1532,2,2
16855,1532,3,1
16856,1532,4,2
16857,1532,5,3
16858,1532,6,4
16859,1532,7,3
16860,1532,8,2
16861,1532,9,1
16862,1532,10,2
16863,1533,0,0
16864,1533,1,1
16865,1533,2,1
16866,1533,3,1
16867,1533,4,2
16868,1533,5,1
16869,1533,6,1
16870,1533,7,2
16871,1533,8,2
16872,1533,9,2
16873,1533,10,1
16874,1534,0,0
16875,1534,1,0
16876,1534,2,0
16877,1534,3,0
16878,1534,4,0
16879,1534,5,0
16880,1534,6,0
16881,1534,7,0
16882,1534,8,0
16883,1534,9,0
16884,1534,10,0
16885,1535,0,0
16886,1535,1,1
16887,1535,2,0
16888,1535,3,1
16889,1535,4,0
16890,1535,5,1
16891,1535,6,0
16892,1535,7,0
16893,1535,8,1
16894,1535,9,0
16895,1535,10,1
16896,1536,0,0
16897,1536,1,1
16898,1536,2,0
16899,1536,3,1
16900,1536,4,0
16901,1536,5,1
16902,1536,6,0
16903,1536,7,1
16904,1536,8,0
16905,1536,9,1
16906,1536,10,1
16907,1537,0,0
16908,1537,1,0
16909,1537,2,0
16910,1537,3,0
16911,1537,4,1
16912,1537,5,2
16913,1537,6,3
16914,1537,7,2
16915,1537,8,3
16916,1537,9,2
16917,1537,10,3
16918,1538,0,0
16919,1538,1,1
16920,1538,2,0
16921,1538,3,1
16922,1538,4,0
16923,1538,5,1
16924,1538,6,0
16925,1538,7,1
16926,1538,8,0
16927,1538,9,1
16928,1538,10,0
16929,1539,0,0
16930,1539,1,1
16931,1539,2,0
16932,1539,3,1
16933,1539,4,0
16934,1539,5,1
16935,1539,6,0
16936,1539,7,1
16937,1539,8,0
16938,1539,9,1
16939,1539,10,0
16940,1540,0,0
16941,1540,1,0
16942,1540,2,0
16943,1540,3,1
16944,1540,4,0
16945,1540,5,0
16946,1540,6,1
16947,1540,7,0
16948,1540,8,0
16949,1540,9,0
16950,1540,10,0
16951,1541,0,0
16952,1541,1,0
16953,1541,2,0
16954,1541,3,1
16955,1541,4,1
16956,1541,5,1
16957,1541,6,0
16958,1541,7,0
16959,1541,8,0
16960,1541,9,1
16961,1541,10,1
16962,1542,0,0
16963,1542,1,1
16964,1542,2,2
16965,1542,3,1
16966,1542,4,1
16967,1542,5,1
16968,1542,6,2
16969,1542,7,1
16970,1542,8,2
16971,1542,9,1
16972,1542,10,1
16973,1543,0,0
16974,1543,1,1
16975,1543,2,1
16976,1543,3,0
16977,1543,4,1
16978,1543,5,0
16979,1543,6,1
16980,1543,7,0
16981,1543,8,1
16982,1543,9,0
16983,1543,10,1
16984,1544,0,0
16985,1544,1,0
16986,1544,2,0
16987,1544,3,0
16988,1544,4,0
16989,1544,5,0
16990,1544,6,0
16991,1544,7,1
16992,1544,8,0
16993,1544,9,0
16994,1544,10,0
16995,1545,0,0
16996,1545,1,1
16997,1545,2,1
16998,1545,3,0
16999,1545,4,1
17000,1545,5,0
17001,1545,6,1
17002,1545,7,1
17003,1545,8,0
17004,1545,9,1
17005,1545,10,0
17006,1546,0,0
17007,1546,1,1
17008,1546,2,0
17009,1546,3,1
17010,1546,4,2
17011,1546,5,1
17012,1546,6,0
17013,1546,7,1
17014,1546,8,2
17015,1546,9,3
17016,1546,10,2
17017,1547,0,0
17018,1547,1,0
17019,1547,2,0
17020,1547,3,0
17021,1547,4,0
17022,1547,5,0
17023,1547,6,0
17024,1547,7,0
17025,1547,8,0
17026,1547,9,0
17027,1547,10,0
17028,1548,0,0
17029,1548,1,1
17030,1548,2,0
17031,1548,3,1
17032,1548,4,2
17033,1548,5,3
17034,1548,6,4
17035,1548,7,4
17036,1548,8,5
17037,1548,9,5
17038,1548,10,5
17039,1549,0,0
17040,1549,1,0
17041,1549,2,0
17042,1549,3,0
17043,1549,4,0
17044,1549,5,0
17045,1549,6,0
17046,1549,7,1
17047,1549,8,0
17048,1549,9,0
17049,1549,10,0
17050,1550,0,0
17051,1550,1,1
17052,1550,2,0
17053,1550,3,1
17054,1550,4,0
17055,1550,5,1
17056,1550,6,1
17057,1550,7,0
17058,1550,8,1
17059,1550,9,0
17060,1550,10,1
17061,1551,0,0
17062,1551,1,1
17063,1551,2,2
17064,1551,3,1
17065,1551,4,2
17066,1551,5,1
17067,1551,6,1
17068,1551,7,1
17069,1551,8,1
17070,1551,9,1
17071,1551,10,2
17072,1552,0,0
17073,1552,1,1
17074,1552,2,1
17075,1552,3,0
17076,1552,4,1
17077,1552,5,0
17078,1552,6,1
17079,1552,7,0
17080,1552,8,1
17081,1552,9,0
17082,1552,10,1
17083,1553,0,0
17084,1553,1,0
17085,1553,2,1
17086,1553,3,0
17087,1553,4,0
17088,1553,5,1
17089,1553,6,1
17090,1553,7,1
17091,1553,8,1
17092,1553,9,1
17093,1553,10,0
17094,1554,0,0
17095,1554,1,1
17096,1554,2,0
17097,1554,3,1
17098,1554,4,0
17099,1554,5,1
17100,1554,6,0
17101,1554,7,1
17102,1554,8,0
17103,1554,9,1
17104,1554,10,0
17105,1555,0,0
17106,1555,1,1
17107,1555,2,2
17108,1555,3,3
17109,1555,4,2
17110,1555,5,1
17111,1555,6,2
17112,1555,7,1
17113,1555,8,0
17114,1555,9,1
17115,1555,10,2
17116,1556,0,0
17117,1556,1,0
17118,1556,2,0
17119,1556,3,1
17120,1556,4,1
17121,1556,5,1
17122,1556,6,1
17123,1556,7,1
17124,1556,8,1
17125,1556,9,1
17126,1556,10,1
17127,1557,0,0
17128,1557,1,1
17129,1557,2,2
17130,1557,3,3
17131,1557,4,4
17132,1557,5,3
17133,1557,6,4
17134,1557,7,3
17135,1557,8,2
17136,1557,9,3
17137,1557,10,4
17138,1558,0,0
17139,1558,1,1
17140,1558,2,0
17141,1558,3,1
17142,1558,4,0
17143,1558,5,1
17144,1558,6,0
17145,1558,7,1
17146,1558,8,0
17147,1558,9,1
17148,1558,10,0
17149,1559,0,0
17150,1559,1,0
17151,1559,2,1
17152,1559,3,2
17153,1559,4,3
17154,1559,5,4
17155,1559,6,5
17156,1559,7,5
17157,1559,8,5
17158,1559,9,5
17159,1559,10,5
17160,1560,0,0
17161,1560,1,0
17162,1560,2,0
17163,1560,3,0
17164,1560,4,0
17165,1560,5,0
17166,1560,6,0
17167,1560,7,0
17168,1560,8,0
17169,1560,9,0
17170,1560,10,1
17171,1561,0,0
17172,1561,1,0
17173,1561,2,0
17174,1561,3,0
17175,1561,4,0
17176,1561,5,0
17177,1561,6,0
17178,1561,7,0
17179,1561,8,0
17180,1561,9,0
17181,1561,10,1
17182,1562,0,0
17183,1562,1,1
17184,1562,2,2
17185,1562,3,3
17186,1562,4,2
17187,1562,5,3
17188,1562,6,4
17189,1562,7,3
17190,1562,8,4
17191,1562,9,3
17192,1562,10,4
17193,1563,0,0
17194,1563,1,1
17195,1563,2,0
17196,1563,3,1
17197,1563,4,0
17198,1563,5,1
17199,1563,6,2
17200,1563,7,3
17201,1563,8,2
17202,1563,9,3
17203,1563,10,2
17204,1564,0,0
17205,1564,1,1
17206,1564,2,2
17207,1564,3,1
17208,1564,4,2
17209,1564,5,1
17210,1564,6,2
17211,1564,7,3
17212,1564,8,2
17213,1564,9,3
17214,1564,10,2
17215,1565,0,0
17216,1565,1,0
17217,1565,2,0
17218,1565,3,0
17219,1565,4,0
17220,1565,5,0
17221,1565,6,0
17222,1565,7,0
17223,1565,8,0
17224,1565,9,0
17225,1565,10,0
17226,1566,0,0
17227,1566,1,0
17228,1566,2,0
17229,1566,3,0
17230,1566,4,0
17231,1566,5,0
17232,1566,6,0
17233,1566,7,0
17234,1566,8,0
17235,1566,9,0
17236,1566,10,0
17237,1567,0,0
17238,1567,1,1
17239,1567,2,0
17240,1567,3,1
17241,1567,4,1
17242,1567,5,1
17243,1567,6,1
17244,1567,7,0
17245,1567,8,1
17246,1567,9,1
17247,1567,10,1
17248,1568,0,0
17249,1568,1,1
17250,1568,2,2
17251,1568,3,3
17252,1568,4,4
17253,1568,5,3
17254,1568,6,4
17255,1568,7,5
17256,1568,8,5
17257,1568,9,5
17258,1568,10,5
17259,1569,0,0
17260,1569,1,0
17261,1569,2,0
17262,1569,3,0
17263,1569,4,0
17264,1569,5,0
17265,1569,6,0
17266,1569,7,0
17267,1569,8,0
17268,1569,9,0
17269,1569,10,0
17270,1570,0,0
17271,1570,1,0
17272,1570,2,0
17273,1570,3,0
17274,1570,4,0
17275,1570,5,0
17276,1570,6,0
17277,1570,7,0
17278,1570,8,0
17279,1570,9,1
17280,1570,10,0
17281,1571,0,0
17282,1571,1,0
17283,1571,2,0
17284,1571,3,1
17285,1571,4,2
17286,1571,5,1
17287,1571,6,2
17288,1571,7,1
17289,1571,8,2
17290,1571,9,1
17291,1571,10,2
17292,1572,0,0
17293,1572,1,1
17294,1572,2,0
17295,1572,3,1
17296,1572,4,0
17297,1572,5,1
17298,1572,6,0
17299,1572,7,1
17300,1572,8,0
17301,1572,9,1
17302,1572,10,0
17303,1573,0,0
17304,1573,1,0
17305,1573,2,1
17306,1573,3,0
17307,1573,4,1
17308,1573,5,1
17309,1573,6,1
17310,1573,7,1
17311,1573,8,1
17312,1573,9,0
17313,1573,10,0
17314,1574,0,0
17315,1574,1,1
17316,1574,2,2
17317,1574,3,3
17318,1574,4,3
17319,1574,5,2
17320,1574,6,3
17321,1574,7,4
17322,1574,8,5
17323,1574,9,5
17324,1574,10,5
17325,1575,0,0
17326,1575,1,0
17327,1575,2,1
17328,1575,3,1
17329,1575,4,0
17330,1575,5,1
17331,1575,6,2
17332,1575,7,1
17333,1575,8,1
17334,1575,9,0
17335,1575,10,1
17336,1576,0,0
17337,1576,1,1
17338,1576,2,2
17339,1576,3,1
17340,1576,4,1
17341,1576,5,1
17342,1576,6,1
17343,1576,7,1
17344,1576,8,1
17345,1576,9,1
17346,1576,10,2
17347,1577,0,0
17348,1577,1,0
17349,1577,2,0
17350,1577,3,0
17351,1577,4,0
17352,1577,5,0
17353,1577,6,0
17354,1577,7,0
17355,1577,8,0
17356,1577,9,0
17357,1577,10,0
17358,1578,0,0
17359,1578,1,1
17360,1578,2,2
17361,1578,3,3
17362,1578,4,3
17363,1578,5,4
17364,1578,6,3
17365,1578,7,3
17366,1578,8,4
17367,1578,9,3
17368,1578,10,3
17369,1579,0,0
17370,1579,1,1
17371,1579,2,2
17372,1579,3,3
17373,1579,4,2
17374,1579,5,1
17375,1579,6,2
17376,1579,7,1
17377,1579,8,2
17378,1579,9,1
17379,1579,10,2
17380,1580,0,0
17381,1580,1,1
17382,1580,2,2
17383,1580,3,1
17384,1580,4,2
17385,1580,5,1
17386,1580,6,0
17387,1580,7,1
17388,1580,8,2
17389,1580,9,1
17390,1580,10,0
17391,1581,0,0
17392,1581,1,1
17393,1581,2,0
17394,1581,3,1
17395,1581,4,1
17396,1581,5,1
17397,1581,6,1
17398,1581,7,1
17399,1581,8,0
17400,1581,9,1
17401,1581,10,1
17402,1582,0,0
17403,1582,1,0
17404,1582,2,0
17405,1582,3,0
17406,1582,4,0
17407,1582,5,0
17408,1582,6,0
17409,1582,7,0
17410,1582,8,0
17411,1582,9,1
17412,1582,10,0
17413,1583,0,0
17414,1583,1,0
17415,1583,2,0
17416,1583,3,1
17417,1583,4,0
17418,1583,5,0
17419,1583,6,0
17420,1583,7,0
17421,1583,8,0
17422,1583,9,0
17423,1583,10,0
17424,1584,0,0
17425,1584,1,1
17426,1584,2,0
17427,1584,3,1
17428,1584,4,0
17429,1584,5,1
17430,1584,6,0
17431,1584,7,1
17432,1584,8,0
17433,1584,9,1
17434,1584,10,0
17435,1585,0,0
17436,1585,1,0
17437,1585,2,0
17438,1585,3,0
17439,1585,4,0
17440,1585,5,1
17441,1585,6,1
17442,1585,7,2
17443,1585,8,3
17444,1585,9,4
17445,1585,10,5
17446,1586,0,0
17447,1586,1,0
17448,1586,2,0
17449,1586,3,0
17450,1586,4,1
17451,1586,5,0
17452,1586,6,0
17453,1586,7,0
17454,1586,8,0
17455,1586,9,0
17456,1586,10,0
17457,1587,0,0
17458,1587,1,1
17459,1587,2,2
17460,1587,3,3
17461,1587,4,4
17462,1587,5,5
17463,1587,6,5
17464,1587,7,5
17465,1587,8,5
17466,1587,9,5
17467,1587,10,5
17468,1588,0,0
17469,1588,1,1
17470,1588,2,2
17471,1588,3,3
17472,1588,4,4
17473,1588,5,3
17474,1588,6,3
17475,1588,7,3
17476,1588,8,3
17477,1588,9,4
17478,1588,10,3
17479,1589,0,0
17480,1589,1,0
17481,1589,2,0
17482,1589,3,0
17483,1589,4,0
17484,1589,5,0
17485,1589,6,0
17486,1589,7,0
17487,1589,8,0
17488,1589,9,0
17489,1589,10,0
17490,1590,0,0
17491,1590,1,1
17492,1590,2,0
17493,1590,3,1
17494,1590,4,0
17495,1590,5,1
17496,1590,6,0
17497,1590,7,0
17498,1590,8,1
17499,1590,9,0
17500,1590,10,1
17501,1591,0,0
17502,1591,1,1
17503,1591,2,1
17504,1591,3,1
17505,1591,4,2
17506,1591,5,3
17507,1591,6,2
17508,1591,7,3
17509,1591,8,4
17510,1591,9,4
17511,1591,10,3
17512,1592,0,0
17513,1592,1,1
17514,1592,2,0
17515,1592,3,1
17516,1592,4,0
17517,1592,5,1
17518,1592,6,2
17519,1592,7,3
17520,1592,8,2
17521,1592,9,1
17522,1592,10,0
17523,1593,0,0
17524,1593,1,1
17525,1593,2,0
17526,1593,3,1
17527,1593,4,0
17528,1593,5,1
17529,1593,6,0
17530,1593,7,1
17531,1593,8,2
17532,1593,9,1
17533,1593,10,2
17534,1594,0,0
17535,1594,1,1
17536,1594,2,2
17537,1594,3,1
17538,1594,4,1
17539,1594,5,1
17540,1594,6,2
17541,1594,7,3
17542,1594,8,2
17543,1594,9,3
17544,1594,10,4
17545,1595,0,0
17546,1595,1,1
17547,1595,2,0
17548,1595,3,1
17549,1595,4,2
17550,1595,5,1
17551,1595,6,0
17552,1595,7,1
17553,1595,8,0
17554,1595,9,1
17555,1595,10,2
17556,1596,0,0
17557,1596,1,1
17558,1596,2,0
17559,1596,3,1
17560,1596,4,0
17561,1596,5,1
17562,1596,6,0
17563,1596,7,1
17564,1596,8,0
17565,1596,9,1
17566,1596,10,0
17567,1597,0,0
17568,1597,1,0
17569,1597,2,0
17570,1597,3,0
17571,1597,4,0
17572,1597,5,0
17573,1597,6,0
17574,1597,7,0
17575,1597,8,0
17576,1597,9,0
17577,1597,10,0
17578,1598,0,0
17579,1598,1,0
17580,1598,2,0
17581,1598,3,0
17582,1598,4,0
17583,1598,5,0
17584,1598,6,0
17585,1598,7,0
17586,1598,8,0
17587,1598,9,0
17588,1598,10,0
17589,1599,0,0
17590,1599,1,1
17591,1599,2,2
17592,1599,3,3
17593,1599,4,2
17594,1599,5,3
17595,1599,6,2
17596,1599,7,3
17597,1599,8,2
17598,1599,9,3
17599,1599,10,2
17600,1600,0,0
17601,1600,1,0
17602,1600,2,0
17603,1600,3,0
17604,1600,4,0
17605,1600,5,0
17606,1600,6,0
17607,1600,7,0
17608,1600,8,0
17609,1600,9,0
17610,1600,10,0
17611,1601,0,0
17612,1601,1,1
17613,1601,2,2
17614,1601,3,1
17615,1601,4,0
17616,1601,5,1
17617,1601,6,0
17618,1601,7,1
17619,1601,8,0
17620,1601,9,1
17621,1601,10,1
17622,1602,0,0
17623,1602,1,1
17624,1602,2,0
17625,1602,3,0
17626,1602,4,0
17627,1602,5,0
17628,1602,6,0
17629,1602,7,0
17630,1602,8,0
17631,1602,9,0
17632,1602,10,1
17633,1603,0,0
17634,1603,1,0
17635,1603,2,1
17636,1603,3,0
17637,1603,4,1
17638,1603,5,1
17639,1603,6,1
17640,1603,7,2
17641,1603,8,3
17642,1603,9,3
17643,1603,10,3
17644,1604,0,0
17645,1604,1,1
17646,1604,2,0
17647,1604,3,1
17648,1604,4,1
17649,1604,5,1
17650,1604,6,0
17651,1604,7,1
17652,1604,8,1
17653,1604,9,1
17654,1604,10,1
17655,1605,0,0
17656,1605,1,0
17657,1605,2,0
17658,1605,3,0
17659,1605,4,0
17660,1605,5,0
17661,1605,6,0
17662,1605,7,0
17663,1605,8,0
17664,1605,9,0
17665,1605,10,0
17666,1606,0,0
17667,1606,1,0
17668,1606,2,0
17669,1606,3,0
17670,1606,4,0
17671,1606,5,0
17672,1606,6,0
17673,1606,7,0
17674,1606,8,0
17675,1606,9,0
17676,1606,10,0
17677,1607,0,0
17678,1607,1,0
17679,1607,2,1
17680,1607,3,2
17681,1607,4,3
17682,1607,5,2
17683,1607,6,1
17684,1607,7,2
17685,1607,8,1
17686,1607,9,2
17687,1607,10,1
17688,1608,0,0
17689,1608,1,1
17690,1608,2,0
17691,1608,3,1
17692,1608,4,2
17693,1608,5,3
17694,1608,6,2
17695,1608,7,1
17696,1608,8,0
17697,1608,9,1
17698,1608,10,0
17699,1609,0,0
17700,1609,1,1
17701,1609,2,0
17702,1609,3,1
17703,1609,4,0
17704,1609,5,0
17705,1609,6,0
17706,1609,7,1
17707,1609,8,0
17708,1609,9,1
17709,1609,10,0
17710,1610,0,0
17711,1610,1,1
17712,1610,2,0
17713,1610,3,1
17714,1610,4,2
17715,1610,5,3
17716,1610,6,2
17717,1610,7,3
17718,1610,8,4
17719,1610,9,5
17720,1610,10,5
17721,1611,0,0
17722,1611,1,0
17723,1611,2,0
17724,1611,3,0
17725,1611,4,0
17726,1611,5,0
17727,1611,6,0
17728,1611,7,0
17729,1611,8,0
17730,1611,9,0
17731,1611,10,1
17732,1612,0,0
17733,1612,1,1
17734,1612,2,2
17735,1612,3,1
17736,1612,4,2
17737,1612,5,1
17738,1612,6,0
17739,1612,7,1
17740,1612,8,2
17741,1612,9,1
17742,1612,10,2
17743,1613,0,0
17744,1613,1,1
17745,1613,2,0
17746,1613,3,1
17747,1613,4,0
17748,1613,5,1
17749,1613,6,2
17750,1613,7,3
17751,1613,8,4
17752,1613,9,5
17753,1613,10,5
17754,1614,0,0
17755,1614,1,1
17756,1614,2,0
17757,1614,3,1
17758,1614,4,0
17759,1614,5,1
17760,1614,6,0
17761,1614,7,1
17762,1614,8,0
17763,1614,9,1
17764,1614,10,0
17765,1615,0,0
17766,1615,1,0
17767,1615,2,0
17768,1615,3,0
17769,1615,4,0
17770,1615,5,0
17771,1615,6,0
17772,1615,7,0
17773,1615,8,0
17774,1615,9,0
17775,1615,10,0
17776,1616,0,0
17777,1616,1,1
17778,1616,2,2
17779,1616,3,1
17780,1616,4,2
17781,1616,5,1
17782,1616,6,2
17783,1616,7,1
17784,1616,8,2
17785,1616,9,1
17786,1616,10,2
17787,1617,0,0
17788,1617,1,1
17789,1617,2,0
17790,1617,3,1
17791,1617,4,0
17792,1617,5,1
17793,1617,6,0
17794,1617,7,1
17795,1617,8,0
17796,1617,9,1
17797,1617,10,0
17798,1618,0,0
17799,1618,1,1
17800,1618,2,1
17801,1618,3,0
17802,1618,4,1
17803,1618,5,2
17804,1618,6,1
17805,1618,7,0
17806,1618,8,1
17807,1618,9,2
17808,1618,10,3
17809,1619,0,0
17810,1619,1,1
17811,1619,2,2
17812,1619,3,3
17813,1619,4,2
17814,1619,5,3
17815,1619,6,2
17816,1619,7,3
17817,1619,8,2
17818,1619,9,3
17819,1619,10,2
17820,1620,0,0
17821,1620,1,0
17822,1620,2,0
17823,1620,3,1
17824,1620,4,0
17825,1620,5,0
17826,1620,6,0
17827,1620,7,0
17828,1620,8,0
17829,1620,9,0
17830,1620,10,0
17831,1621,0,0
17832,1621,1,0
17833,1621,2,0
17834,1621,3,0
17835,1621,4,0
17836,1621,5,0
17837,1621,6,0
17838,1621,7,0
17839,1621,8,0
17840,1621,9,0
17841,1621,10,0
17842,1622,0,0
17843,1622,1,1
17844,1622,2,0
17845,1622,3,1
17846,1622,4,2
17847,1622,5,2
17848,1622,6,3
17849,1622,7,4
17850,1622,8,5
17851,1622,9,5
17852,1622,10,5
17853,1623,0,0
17854,1623,1,0
17855,1623,2,1
17856,1623,3,2
17857,1623,4,3
17858,1623,5,2
17859,1623,6,3
17860,1623,7,2
17861,1623,8,3
17862,1623,9,4
17863,1623,10,5
17864,1624,0,0
17865,1624,1,1
17866,1624,2,2
17867,1624,3,3
17868,1624,4,4
17869,1624,5,5
17870,1624,6,5
17871,1624,7,5
17872,1624,8,5
17873,1624,9,5
17874,1624,10,5
17875,1625,0,0
17876,1625,1,1
17877,1625,2,0
17878,1625,3,1
17879,1625,4,0
17880,1625,5,1
17881,1625,6,0
17882,1625,7,0
17883,1625,8,0
17884,1625,9,0
17885,1625,10,0
17886,1626,0,0
17887,1626,1,0
17888,1626,2,0
17889,1626,3,0
17890,1626,4,1
17891,1626,5,0
17892,1626,6,0
17893,1626,7,1
17894,1626,8,0
17895,1626,9,0
17896,1626,10,1
17897,1627,0,0
17898,1627,1,1
17899,1627,2,0
17900,1627,3,1
17901,1627,4,0
17902,1627,5,1
17903,1627,6,0
17904,1627,7,1
17905,1627,8,0
17906,1627,9,1
17907,1627,10,0
17908,1628,0,0
17909,1628,1,0
17910,1628,2,0
17911,1628,3,0
17912,1628,4,0
17913,1628,5,0
17914,1628,6,0
17915,1628,7,0
17916,1628,8,0
17917,1628,9,0
17918,1628,10,0
17919,1629,0,0
17920,1629,1,1
17921,1629,2,2
17922,1629,3,1
17923,1629,4,2
17924,1629,5,3
17925,1629,6,4
17926,1629,7,5
17927,1629,8,5
17928,1629,9,5
17929,1629,10,5
17930,1630,0,0
17931,1630,1,1
17932,1630,2,0
17933,1630,3,1
17934,1630,4,0
17935,1630,5,1
17936,1630,6,0
17937,1630,7,1
17938,1630,8,0
17939,1630,9,1
17940,1630,10,1
17941,1631,0,0
17942,1631,1,1
17943,1631,2,1
17944,1631,3,1
17945,1631,4,1
17946,1631,5,1
17947,1631,6,1
17948,1631,7,1
17949,1631,8,1
17950,1631,9,1
17951,1631,10,1
17952,1632,0,0
17953,1632,1,1
17954,1632,2,2
17955,1632,3,2
17956,1632,4,3
17957,1632,5,4
17958,1632,6,5
17959,1632,7,5
17960,1632,8,5
17961,1632,9,5
17962,1632,10,5
17963,1633,0,0
17964,1633,1,1
17965,1633,2,0
17966,1633,3,1
17967,1633,4,1
17968,1633,5,0
17969,1633,6,1
17970,1633,7,1
17971,1633,8,1
17972,1633,9,1
17973,1633,10,0
17974,1634,0,0
17975,1634,1,1
17976,1634,2,0
17977,1634,3,1
17978,1634,4,1
17979,1634,5,0
17980,1634,6,1
17981,1634,7,0
17982,1634,8,1
17983,1634,9,0
17984,1634,10,1
17985,1635,0,0
17986,1635,1,0
17987,1635,2,0
17988,1635,3,0
17989,1635,4,0
17990,1635,5,0
17991,1635,6,0
17992,1635,7,1
17993,1635,8,2
17994,1635,9,3
17995,1635,10,2
17996,1636,0,0
17997,1636,1,1
17998,1636,2,2
17999,1636,3,1
18000,1636,4,0
18001,1636,5,1
18002,1636,6,2
18003,1636,7,1
18004,1636,8,0
18005,1636,9,1
18006,1636,10,0
18007,1637,0,0
18008,1637,1,1
18009,1637,2,1
18010,1637,3,0
18011,1637,4,1
18012,1637,5,2
18013,1637,6,2
18014,1637,7,3
18015,1637,8,4
18016,1637,9,5
18017,1637,10,5
18018,1638,0,0
18019,1638,1,0
18020,1638,2,0
18021,1638,3,0
18022,1638,4,0
18023,1638,5,0
18024,1638,6,0
18025,1638,7,0
18026,1638,8,0
18027,1638,9,1
18028,1638,10,2
18029,1639,0,0
18030,1639,1,0
18031,1639,2,0
18032,1639,3,0
18033,1639,4,0
18034,1639,5,0
18035,1639,6,0
18036,1639,7,0
18037,1639,8,0
18038,1639,9,0
18039,1639,10,0
18040,1640,0,0
18041,1640,1,1
18042,1640,2,0
18043,1640,3,1
18044,1640,4,0
18045,1640,5,1
18046,1640,6,0
18047,1640,7,1
18048,1640,8,0
18049,1640,9,0
18050,1640,10,1
18051,1641,0,0
18052,1641,1,1
18053,1641,2,2
18054,1641,3,1
18055,1641,4,0
18056,1641,5,1
18057,1641,6,1
18058,1641,7,2
18059,1641,8,1
18060,1641,9,0
18061,1641,10,1
18062,1642,0,0
18063,1642,1,0
18064,1642,2,0
18065,1642,3,0
18066,1642,4,0
18067,1642,5,0
18068,1642,6,0
18069,1642,7,0
18070,1642,8,0
18071,1642,9,0
18072,1642,10,0
18073,1643,0,0
18074,1643,1,0
18075,1643,2,0
18076,1643,3,1
18077,1643,4,2
18078,1643,5,1
18079,1643,6,2
18080,1643,7,1
18081,1643,8,2
18082,1643,9,1
18083,1643,10,2
18084,1644,0,0
18085,1644,1,1
18086,1644,2,1
18087,1644,3,0
18088,1644,4,1
18089,1644,5,1
18090,1644,6,1
18091,1644,7,0
18092,1644,8,1
18093,1644,9,1
18094,1644,10,0
18095,1645,0,0
18096,1645,1,1
18097,1645,2,2
18098,1645,3,2
18099,1645,4,1
18100,1645,5,1
18101,1645,6,2
18102,1645,7,1
18103,1645,8,1
18104,1645,9,2
18105,1645,10,3
18106,1646,0,0
18107,1646,1,1
18108,1646,2,0
18109,1646,3,1
18110,1646,4,0
18111,1646,5,1
18112,1646,6,2
18113,1646,7,3
18114,1646,8,4
18115,1646,9,5
18116,1646,10,5
18117,1647,0,0
18118,1647,1,0
18119,1647,2,0
18120,1647,3,0
18121,1647,4,0
18122,1647,5,0
18123,1647,6,0
18124,1647,7,0
18125,1647,8,0
18126,1647,9,0
18127,1647,10,0
18128,1648,0,0
18129,1648,1,0
18130,1648,2,0
18131,1648,3,0
18132,1648,4,0
18133,1648,5,0
18134,1648,6,0
18135,1648,7,0
18136,1648,8,0
18137,1648,9,0
18138,1648,10,0
18139,1649,0,0
18140,1649,1,0
18141,1649,2,0
18142,1649,3,0
18143,1649,4,0
18144,1649,5,0
18145,1649,6,0
18146,1649,7,0
18147,1649,8,0
18148,1649,9,0
18149,1649,10,0
18150,1650,0,0
18151,1650,1,0
18152,1650,2,1
18153,1650,3,0
18154,1650,4,0
18155,1650,5,1
18156,1650,6,0
18157,1650,7,1
18158,1650,8,0
18159,1650,9,0
18160,1650,10,0
18161,1651,0,0
18162,1651,1,1
18163,1651,2,0
18164,1651,3,1
18165,1651,4,0
18166,1651,5,1
18167,1651,6,0
18168,1651,7,1
18169,1651,8,0
18170,1651,9,1
18171,1651,10,0
18172,1652,0,0
18173,1652,1,0
18174,1652,2,0
18175,1652,3,0
18176,1652,4,0
18177,1652,5,0
18178,1652,6,0
18179,1652,7,0
18180,1652,8,0
18181,1652,9,0
18182,1652,10,0
18183,1653,0,0
18184,1653,1,1
18185,1653,2,0
18186,1653,3,0
18187,1653,4,1
18188,1653,5,0
18189,1653,6,1
18190,1653,7,0
18191,1653,8,1
18192,1653,9,0
18193,1653,10,1
18194,1654,0,0
18195,1654,1,1
18196,1654,2,0
18197,1654,3,0
18198,1654,4,0
18199,1654,5,0
18200,1654,6,1
18201,1654,7,2
18202,1654,8,1
18203,1654,9,2
18204,1654,10,3
18205,1655,0,0
18206,1655,1,0
18207,1655,2,0
18208,1655,3,0
18209,1655,4,0
18210,1655,5,0
18211,1655,6,0
18212,1655,7,0
18213,1655,8,0
18214,1655,9,1
18215,1655,10,0
18216,1656,0,0
18217,1656,1,1
18218,1656,2,0
18219,1656,3,1
18220,1656,4,1
18221,1656,5,0
18222,1656,6,1
18223,1656,7,1
18224,1656,8,0
18225,1656,9,1
18226,1656,10,0
18227,1657,0,0
18228,1657,1,0
18229,1657,2,0
18230,1657,3,0
18231,1657,4,0
18232,1657,5,0
18233,1657,6,0
18234,1657,7,0
18235,1657,8,0
18236,1657,9,0
18237,1657,10,0
18238,1658,0,0
18239,1658,1,0
18240,1658,2,0
18241,1658,3,0
18242,1658,4,0
18243,1658,5,0
18244,1658,6,0
18245,1658,7,0
18246,1658,8,0
18247,1658,9,0
18248,1658,10,0
18249,1659,0,0
18250,1659,1,0
18251,1659,2,0
18252,1659,3,0
18253,1659,4,0
18254,1659,5,0
18255,1659,6,0
18256,1659,7,0
18257,1659,8,0
18258,1659,9,0
18259,1659,10,0
18260,1660,0,0
18261,1660,1,0
18262,1660,2,1
18263,1660,3,0
18264,1660,4,1
18265,1660,5,0
18266,1660,6,1
18267,1660,7,2
18268,1660,8,3
18269,1660,9,2
18270,1660,10,3
18271,1661,0,0
18272,1661,1,0
18273,1661,2,0
18274,1661,3,0
18275,1661,4,0
18276,1661,5,0
18277,1661,6,0
18278,1661,7,0
18279,1661,8,0
18280,1661,9,0
18281,1661,10,0
18282,1662,0,0
18283,1662,1,0
18284,1662,2,0
18285,1662,3,0
18286,1662,4,0
18287,1662,5,0
18288,1662,6,0
18289,1662,7,0
18290,1662,8,0
18291,1662,9,0
18292,1662,10,0
18293,1663,0,0
18294,1663,1,0
18295,1663,2,0
18296,1663,3,1
18297,1663,4,0
18298,1663,5,0
18299,1663,6,0
18300,1663,7,0
18301,1663,8,0
18302,1663,9,0
18303,1663,10,1
18304,1664,0,0
18305,1664,1,1
18306,1664,2,2
18307,1664,3,1
18308,1664,4,1
18309,1664,5,2
18310,1664,6,1
18311,1664,7,2
18312,1664,8,1
18313,1664,9,2
18314,1664,10,1
18315,1665,0,0
18316,1665,1,0
18317,1665,2,1
18318,1665,3,2
18319,1665,4,3
18320,1665,5,2
18321,1665,6,3
18322,1665,7,4
18323,1665,8,3
18324,1665,9,2
18325,1665,10,3
18326,1666,0,0
18327,1666,1,0
18328,1666,2,1
18329,1666,3,0
18330,1666,4,1
18331,1666,5,2
18332,1666,6,1
18333,1666,7,2
18334,1666,8,3
18335,1666,9,4
18336,1666,10,5
18337,1667,0,0
18338,1667,1,1
18339,1667,2,2
18340,1667,3,3
18341,1667,4,3
18342,1667,5,3
18343,1667,6,3
18344,1667,7,3
18345,1667,8,3
18346,1667,9,3
18347,1667,10,3
18348,1668,0,0
18349,1668,1,0
18350,1668,2,0
18351,1668,3,0
18352,1668,4,0
18353,1668,5,0
18354,1668,6,0
18355,1668,7,0
18356,1668,8,0
18357,1668,9,0
18358,1668,10,0
18359,1669,0,0
18360,1669,1,1
18361,1669,2,0
18362,1669,3,0
18363,1669,4,0
18364,1669,5,0
18365,1669,6,0
18366,1669,7,0
18367,1669,8,0
18368,1669,9,0
18369,1669,10,0
18370,1670,0,0
18371,1670,1,1
18372,1670,2,2
18373,1670,3,3
18374,1670,4,4
18375,1670,5,5
18376,1670,6,5
18377,1670,7,5
18378,1670,8,5
18379,1670,9,5
18380,1670,10,5
18381,1671,0,0
18382,1671,1,0
18383,1671,2,1
18384,1671,3,0
18385,1671,4,0
18386,1671,5,1
18387,1671,6,2
18388,1671,7,1
18389,1671,8,2
18390,1671,9,3
18391,1671,10,2
18392,1672,0,0
18393,1672,1,0
18394,1672,2,0
18395,1672,3,0
18396,1672,4,0
18397,1672,5,1
18398,1672,6,0
18399,1672,7,0
18400,1672,8,0
18401,1672,9,0
18402,1672,10,0
18403,1673,0,0
18404,1673,1,0
18405,1673,2,0
18406,1673,3,0
18407,1673,4,0
18408,1673,5,1
18409,1673,6,2
18410,1673,7,3
18411,1673,8,2
18412,1673,9,3
18413,1673,10,2
18414,1674,0,0
18415,1674,1,1
18416,1674,2,2
18417,1674,3,3
18418,1674,4,2
18419,1674,5,1
18420,1674,6,2
18421,1674,7,3
18422,1674,8,2
18423,1674,9,3
18424,1674,10,2
18425,1675,0,0
18426,1675,1,1
18427,1675,2,0
18428,1675,3,1
18429,1675,4,0
18430,1675,5,0
18431,1675,6,0
18432,1675,7,0
18433,1675,8,0
18434,1675,9,0
18435,1675,10,1
18436,1676,0,0
18437,1676,1,1
18438,1676,2,2
18439,1676,3,3
18440,1676,4,2
18441,1676,5,3
18442,1676,6,2
18443,1676,7,3
18444,1676,8,2
18445,1676,9,3
18446,1676,10,2
18447,1677,0,0
18448,1677,1,0
18449,1677,2,0
18450,1677,3,0
18451,1677,4,0
18452,1677,5,0
18453,1677,6,0
18454,1677,7,0
18455,1677,8,0
18456,1677,9,0
18457,1677,10,0
18458,1678,0,0
18459,1678,1,1
18460,1678,2,2
18461,1678,3,3
18462,1678,4,4
18463,1678,5,3
18464,1678,6,4
18465,1678,7,5
18466,1678,8,5
18467,1678,9,5
18468,1678,10,5
18469,1679,0,0
18470,1679,1,0
18471,1679,2,1
18472,1679,3,2
18473,1679,4,3
18474,1679,5,2
18475,1679,6,1
18476,1679,7,2
18477,1679,8,1
18478,1679,9,2
18479,1679,10,3
18480,1680,0,0
18481,1680,1,0
18482,1680,2,0
18483,1680,3,0
18484,1680,4,0
18485,1680,5,0
18486,1680,6,0
18487,1680,7,0
18488,1680,8,0
18489,1680,9,0
18490,1680,10,0
18491,1681,0,0
18492,1681,1,1
18493,1681,2,0
18494,1681,3,1
18495,1681,4,0
18496,1681,5,1
18497,1681,6,0
18498,1681,7,1
18499,1681,8,0
18500,1681,9,1
18501,1681,10,2
18502,1682,0,0
18503,1682,1,0
18504,1682,2,1
18505,1682,3,2
18506,1682,4,3
18507,1682,5,4
18508,1682,6,5
18509,1682,7,5
18510,1682,8,5
18511,1682,9,5
18512,1682,10,5
18513,1683,0,0
18514,1683,1,0
18515,1683,2,0
18516,1683,3,0
18517,1683,4,0
18518,1683,5,0
18519,1683,6,0
18520,1683,7,0
18521,1683,8,0
18522,1683,9,0
18523,1683,10,0
18524,1684,0,0
18525,1684,1,1
18526,1684,2,2
18527,1684,3,2
18528,1684,4,2
18529,1684,5,1
18530,1684,6,0
18531,1684,7,1
18532,1684,8,1
18533,1684,9,2
18534,1684,10,2
18535,1685,0,0
18536,1685,1,1
18537,1685,2,1
18538,1685,3,1
18539,1685,4,0
18540,1685,5,0
18541,1685,6,0
18542,1685,7,0
18543,1685,8,0
18544,1685,9,1
18545,1685,10,2
18546,1686,0,0
18547,1686,1,1
18548,1686,2,2
18549,1686,3,1
18550,1686,4,2
18551,1686,5,1
18552,1686,6,2
18553,1686,7,1
18554,1686,8,2
18555,1686,9,1
18556,1686,10,2
18557,1687,0,0
18558,1687,1,1
18559,1687,2,2
18560,1687,3,3
18561,1687,4,2
18562,1687,5,3
18563,1687,6,2
18564,1687,7,3
18565,1687,8,4
18566,1687,9,3
18567,1687,10,4
18568,1688,0,0
18569,1688,1,0
18570,1688,2,0
18571,1688,3,0
18572,1688,4,0
18573,1688,5,0
18574,1688,6,0
18575,1688,7,0
18576,1688,8,0
18577,1688,9,0
18578,1688,10,0
18579,1689,0,0
18580,1689,1,1
18581,1689,2,2
18582,1689,3,3
18583,1689,4,4
18584,1689,5,4
18585,1689,6,5
18586,1689,7,5
18587,1689,8,5
18588,1689,9,5
18589,1689,10,5
18590,1690,0,0
18591,1690,1,1
18592,1690,2,0
18593,1690,3,1
18594,1690,4,0
18595,1690,5,0
18596,1690,6,1
18597,1690,7,0
18598,1690,8,1
18599,1690,9,0
18600,1690,10,1
18601,1691,0,0
18602,1691,1,1
18603,1691,2,2
18604,1691,3,1
18605,1691,4,2
18606,1691,5,3
18607,1691,6,2
18608,1691,7,3
18609,1691,8,4
18610,1691,9,3
18611,1691,10,2
18612,1692,0,0
18613,1692,1,1
18614,1692,2,2
18615,1692,3,1
18616,1692,4,2
18617,1692,5,1
18618,1692,6,0
18619,1692,7,0
18620,1692,8,1
18621,1692,9,0
18622,1692,10,1
18623,1693,0,0
18624,1693,1,1
18625,1693,2,0
18626,1693,3,0
18627,1693,4,1
18628,1693,5,0
18629,1693,6,1
18630,1693,7,0
18631,1693,8,1
18632,1693,9,0
18633,1693,10,1
18634,1694,0,0
18635,1694,1,1
18636,1694,2,2
18637,1694,3,2
18638,1694,4,3
18639,1694,5,4
18640,1694,6,4
18641,1694,7,4
18642,1694,8,3
18643,1694,9,2
18644,1694,10,3
18645,1695,0,0
18646,1695,1,1
18647,1695,2,0
18648,1695,3,0
18649,1695,4,0
18650,1695,5,1
18651,1695,6,2
18652,1695,7,3
18653,1695,8,2
18654,1695,9,3
18655,1695,10,2
18656,1696,0,0
18657,1696,1,1
18658,1696,2,2
18659,1696,3,1
18660,1696,4,2
18661,1696,5,3
18662,1696,6,2
18663,1696,7,1
18664,1696,8,2
18665,1696,9,3
18666,1696,10,2
18667,1697,0,0
18668,1697,1,0
18669,1697,2,1
18670,1697,3,1
18671,1697,4,0
18672,1697,5,0
18673,1697,6,1
18674,1697,7,1
18675,1697,8,0
18676,1697,9,1
18677,1697,10,0
18678,1698,0,0
18679,1698,1,0
18680,1698,2,0
18681,1698,3,0
18682,1698,4,0
18683,1698,5,0
18684,1698,6,0
18685,1698,7,0
18686,1698,8,0
18687,1698,9,0
18688,1698,10,0
18689,1699,0,0
18690,1699,1,1
18691,1699,2,2
18692,1699,3,1
18693,1699,4,1
18694,1699,5,2
18695,1699,6,2
18696,1699,7,1
18697,1699,8,0
18698,1699,9,1
18699,1699,10,2
18700,1700,0,0
18701,1700,1,1
18702,1700,2,0
18703,1700,3,1
18704,1700,4,1
18705,1700,5,1
18706,1700,6,0
18707,1700,7,1
18708,1700,8,1
18709,1700,9,0
18710,1700,10,1
18711,1701,0,0
18712,1701,1,0
18713,1701,2,0
18714,1701,3,1
18715,1701,4,0
18716,1701,5,0
18717,1701,6,0
18718,1701,7,1
18719,1701,8,1
18720,1701,9,1
18721,1701,10,0
18722,1702,0,0
18723,1702,1,1
18724,1702,2,2
18725,1702,3,2
18726,1702,4,2
18727,1702,5,1
18728,1702,6,2
18729,1702,7,2
18730,1702,8,2
18731,1702,9,2
18732,1702,10,1
18733,1703,0,0
18734,1703,1,0
18735,1703,2,0
18736,1703,3,0
18737,1703,4,0
18738,1703,5,0
18739,1703,6,0
18740,1703,7,0
18741,1703,8,0
18742,1703,9,0
18743,1703,10,1
18744,1704,0,0
18745,1704,1,1
18746,1704,2,2
18747,1704,3,3
18748,1704,4,3
18749,1704,5,3
18750,1704,6,3
18751,1704,7,3
18752,1704,8,3
18753,1704,9,3
18754,1704,10,2
18755,1705,0,0
18756,1705,1,1
18757,1705,2,2
18758,1705,3,1
18759,1705,4,2
18760,1705,5,1
18761,1705,6,2
18762,1705,7,1
18763,1705,8,2
18764,1705,9,1
18765,1705,10,2
18766,1706,0,0
18767,1706,1,1
18768,1706,2,2
18769,1706,3,1
18770,1706,4,0
18771,1706,5,1
18772,1706,6,2
18773,1706,7,1
18774,1706,8,2
18775,1706,9,3
18776,1706,10,4
18777,1707,0,0
18778,1707,1,0
18779,1707,2,1
18780,1707,3,2
18781,1707,4,3
18782,1707,5,4
18783,1707,6,4
18784,1707,7,4
18785,1707,8,4
18786,1707,9,5
18787,1707,10,5
18788,1708,0,0
18789,1708,1,0
18790,1708,2,0
18791,1708,3,0
18792,1708,4,0
18793,1708,5,0
18794,1708,6,1
18795,1708,7,1
18796,1708,8,1
18797,1708,9,1
18798,1708,10,1
18799,1709,0,0
18800,1709,1,0
18801,1709,2,0
18802,1709,3,0
18803,1709,4,0
18804,1709,5,0
18805,1709,6,0
18806,1709,7,0
18807,1709,8,0
18808,1709,9,0
18809,1709,10,0
18810,1710,0,0
18811,1710,1,1
18812,1710,2,2
18813,1710,3,2
18814,1710,4,3
18815,1710,5,2
18816,1710,6,3
18817,1710,7,4
18818,1710,8,3
18819,1710,9,4
18820,1710,10,3
18821,1711,0,0
18822,1711,1,0
18823,1711,2,0
18824,1711,3,0
18825,1711,4,0
18826,1711,5,0
18827,1711,6,0
18828,1711,7,0
18829,1711,8,0
18830,1711,9,0
18831,1711,10,0
18832,1712,0,0
18833,1712,1,1
18834,1712,2,2
18835,1712,3,3
18836,1712,4,2
18837,1712,5,3
18838,1712,6,2
18839,1712,7,3
18840,1712,8,4
18841,1712,9,3
18842,1712,10,2
18843,1713,0,0
18844,1713,1,1
18845,1713,2,2
18846,1713,3,3
18847,1713,4,3
18848,1713,5,2
18849,1713,6,1
18850,1713,7,2
18851,1713,8,1
18852,1713,9,0
18853,1713,10,1
18854,1714,0,0
18855,1714,1,0
18856,1714,2,1
18857,1714,3,0
18858,1714,4,0
18859,1714,5,1
18860,1714,6,0
18861,1714,7,1
18862,1714,8,0
18863,1714,9,0
18864,1714,10,1
18865,1715,0,0
18866,1715,1,0
18867,1715,2,0
18868,1715,3,0
18869,1715,4,0
18870,1715,5,0
18871,1715,6,0
18872,1715,7,0
18873,1715,8,0
18874,1715,9,0
18875,1715,10,0
18876,1716,0,0
18877,1716,1,1
18878,1716,2,2
18879,1716,3,3
18880,1716,4,4
18881,1716,5,3
18882,1716,6,4
18883,1716,7,3
18884,1716,8,2
18885,1716,9,3
18886,1716,10,4
18887,1717,0,0
18888,1717,1,0
18889,1717,2,0
18890,1717,3,0
18891,1717,4,0
18892,1717,5,0
18893,1717,6,0
18894,1717,7,0
18895,1717,8,0
18896,1717,9,0
18897,1717,10,0
18898,1718,0,0
18899,1718,1,0
18900,1718,2,0
18901,1718,3,0
18902,1718,4,1
18903,1718,5,1
18904,1718,6,0
18905,1718,7,0
18906,1718,8,0
18907,1718,9,0
18908,1718,10,0
18909,1719,0,0
18910,1719,1,1
18911,1719,2,1
18912,1719,3,1
18913,1719,4,1
18914,1719,5,0
18915,1719,6,0
18916,1719,7,0
18917,1719,8,0
18918,1719,9,0
18919,1719,10,0
18920,1720,0,0
18921,1720,1,1
18922,1720,2,2
18923,1720,3,2
18924,1720,4,3
18925,1720,5,3
18926,1720,6,3
18927,1720,7,4
18928,1720,8,3
18929,1720,9,2
18930,1720,10,3
18931,1721,0,0
18932,1721,1,0
18933,1721,2,1
18934,1721,3,2
18935,1721,4,1
18936,1721,5,0
18937,1721,6,1
18938,1721,7,0
18939,1721,8,1
18940,1721,9,1
18941,1721,10,0
18942,1722,0,0
18943,1722,1,1
18944,1722,2,2
18945,1722,3,3
18946,1722,4,4
18947,1722,5,3
18948,1722,6,4
18949,1722,7,3
18950,1722,8,4
18951,1722,9,4
18952,1722,10,3
18953,1723,0,0
18954,1723,1,0
18955,1723,2,0
18956,1723,3,0
18957,1723,4,0
18958,1723,5,0
18959,1723,6,0
18960,1723,7,0
18961,1723,8,0
18962,1723,9,0
18963,1723,10,0
18964,1724,0,0
18965,1724,1,0
18966,1724,2,0
18967,1724,3,0
18968,1724,4,0
18969,1724,5,0
18970,1724,6,0
18971,1724,7,0
18972,1724,8,0
18973,1724,9,0
18974,1724,10,0
18975,1725,0,0
18976,1725,1,1
18977,1725,2,2
18978,1725,3,1
18979,1725,4,0
18980,1725,5,1
18981,1725,6,0
18982,1725,7,1
18983,1725,8,0
18984,1725,9,1
18985,1725,10,2
18986,1726,0,0
18987,1726,1,0
18988,1726,2,0
18989,1726,3,0
18990,1726,4,0
18991,1726,5,0
18992,1726,6,0
18993,1726,7,0
18994,1726,8,0
18995,1726,9,0
18996,1726,10,0
18997,1727,0,0
18998,1727,1,0
18999,1727,2,0
19000,1727,3,0
19001,1727,4,0
19002,1727,5,0
19003,1727,6,0
19004,1727,7,0
19005,1727,8,0
19006,1727,9,0
19007,1727,10,0
19008,1728,0,0
19009,1728,1,1
19010,1728,2,1
19011,1728,3,1
19012,1728,4,0
19013,1728,5,1
19014,1728,6,1
19015,1728,7,1
19016,1728,8,1
19017,1728,9,1
19018,1728,10,1
19019,1729,0,0
19020,1729,1,1
19021,1729,2,1
19022,1729,3,2
19023,1729,4,1
19024,1729,5,2
19025,1729,6,1
19026,1729,7,2
19027,1729,8,3
19028,1729,9,4
19029,1729,10,3
19030,1730,0,0
19031,1730,1,1
19032,1730,2,2
19033,1730,3,1
19034,1730,4,2
19035,1730,5,1
19036,1730,6,2
19037,1730,7,1
19038,1730,8,2
19039,1730,9,1
19040,1730,10,2
19041,1731,0,0
19042,1731,1,0
19043,1731,2,1
19044,1731,3,2
19045,1731,4,1
19046,1731,5,2
19047,1731,6,1
19048,1731,7,2
19049,1731,8,1
19050,1731,9,2
19051,1731,10,1
19052,1732,0,0
19053,1732,1,1
19054,1732,2,2
19055,1732,3,1
19056,1732,4,2
19057,1732,5,1
19058,1732,6,2
19059,1732,7,2
19060,1732,8,2
19061,1732,9,1
19062,1732,10,1
19063,1733,0,0
19064,1733,1,1
19065,1733,2,2
19066,1733,3,1
19067,1733,4,1
19068,1733,5,1
19069,1733,6,1
19070,1733,7,1
19071,1733,8,1
19072,1733,9,1
19073,1733,10,1
19074,1734,0,0
19075,1734,1,0
19076,1734,2,0
19077,1734,3,0
19078,1734,4,0
19079,1734,5,0
19080,1734,6,0
19081,1734,7,0
19082,1734,8,0
19083,1734,9,0
19084,1734,10,0
19085,1735,0,0
19086,1735,1,1
19087,1735,2,0
19088,1735,3,1
19089,1735,4,0
19090,1735,5,1
19091,1735,6,2
19092,1735,7,3
19093,1735,8,2
19094,1735,9,2
19095,1735,10,2
19096,1736,0,0
19097,1736,1,1
19098,1736,2,0
19099,1736,3,1
19100,1736,4,2
19101,1736,5,1
19102,1736,6,2
19103,1736,7,3
19104,1736,8,2
19105,1736,9,3
19106,1736,10,4
19107,1737,0,0
19108,1737,1,0
19109,1737,2,0
19110,1737,3,0
19111,1737,4,0
19112,1737,5,0
19113,1737,6,0
19114,1737,7,0
19115,1737,8,0
19116,1737,9,0
19117,1737,10,0
19118,1738,0,0
19119,1738,1,0
19120,1738,2,0
19121,1738,3,1
19122,1738,4,1
19123,1738,5,1
19124,1738,6,1
19125,1738,7,1
19126,1738,8,1
19127,1738,9,1
19128,1738,10,1
19129,1739,0,0
19130,1739,1,1
19131,1739,2,2
19132,1739,3,1
19133,1739,4,2
19134,1739,5,3
19135,1739,6,4
19136,1739,7,3
19137,1739,8,3
19138,1739,9,4
19139,1739,10,3
19140,1740,0,0
19141,1740,1,1
19142,1740,2,2
19143,1740,3,3
19144,1740,4,4
19145,1740,5,3
19146,1740,6,4
19147,1740,7,5
19148,1740,8,5
19149,1740,9,5
19150,1740,10,5
19151,1741,0,0
19152,1741,1,1
19153,1741,2,1
19154,1741,3,0
19155,1741,4,1
19156,1741,5,1
19157,1741,6,1
19158,1741,7,0
19159,1741,8,1
19160,1741,9,1
19161,1741,10,1
19162,1742,0,0
19163,1742,1,0
19164,1742,2,1
19165,1742,3,1
19166,1742,4,0
19167,1742,5,1
19168,1742,6,1
19169,1742,7,0
19170,1742,8,1
19171,1742,9,0
19172,1742,10,1
19173,1743,0,0
19174,1743,1,1
19175,1743,2,0
19176,1743,3,1
19177,1743,4,2
19178,1743,5,3
19179,1743,6,3
19180,1743,7,2
19181,1743,8,1
19182,1743,9,0
19183,1743,10,1
19184,1744,0,0
19185,1744,1,0
19186,1744,2,0
19187,1744,3,0
19188,1744,4,0
19189,1744,5,0
19190,1744,6,0
19191,1744,7,0
19192,1744,8,0
19193,1744,9,0
19194,1744,10,0
19195,1745,0,0
19196,1745,1,1
19197,1745,2,0
19198,1745,3,0
19199,1745,4,1
19200,1745,5,1
19201,1745,6,0
19202,1745,7,1
19203,1745,8,1
19204,1745,9,1
19205,1745,10,1
19206,1746,0,0
19207,1746,1,0
19208,1746,2,0
19209,1746,3,0
19210,1746,4,0
19211,1746,5,0
19212,1746,6,0
19213,1746,7,0
19214,1746,8,0
19215,1746,9,0
19216,1746,10,0
19217,1747,0,0
19218,1747,1,0
19219,1747,2,0
19220,1747,3,0
19221,1747,4,0
19222,1747,5,0
19223,1747,6,0
19224,1747,7,0
19225,1747,8,0
19226,1747,9,0
19227,1747,10,0
19228,1748,0,0
19229,1748,1,1
19230,1748,2,0
19231,1748,3,1
19232,1748,4,1
19233,1748,5,2
19234,1748,6,3
19235,1748,7,4
19236,1748,8,5
19237,1748,9,5
19238,1748,10,5
19239,1749,0,0
19240,1749,1,1
19241,1749,2,2
19242,1749,3,1
19243,1749,4,2
19244,1749,5,3
19245,1749,6,2
19246,1749,7,1
19247,1749,8,2
19248,1749,9,1
19249,1749,10,2
19250,1750,0,0
19251,1750,1,0
19252,1750,2,0
19253,1750,3,0
19254,1750,4,0
19255,1750,5,0
19256,1750,6,0
19257,1750,7,0
19258,1750,8,0
19259,1750,9,0
19260,1750,10,0
19261,1751,0,0
19262,1751,1,1
19263,1751,2,2
19264,1751,3,1
19265,1751,4,2
19266,1751,5,1
19267,1751,6,0
19268,1751,7,1
19269,1751,8,2
19270,1751,9,1
19271,1751,10,0
19272,1752,0,0
19273,1752,1,1
19274,1752,2,2
19275,1752,3,3
19276,1752,4,2
19277,1752,5,1
19278,1752,6,2
19279,1752,7,1
19280,1752,8,2
19281,1752,9,3
19282,1752,10,2
19283,1753,0,0
19284,1753,1,0
19285,1753,2,1
19286,1753,3,1
19287,1753,4,2
19288,1753,5,1
19289,1753,6,0
19290,1753,7,1
19291,1753,8,1
19292,1753,9,0
19293,1753,10,1
19294,1754,0,0
19295,1754,1,1
19296,1754,2,1
19297,1754,3,1
19298,1754,4,0
19299,1754,5,1
19300,1754,6,2
19301,1754,7,3
19302,1754,8,4
19303,1754,9,5
19304,1754,10,5
19305,1755,0,0
19306,1755,1,0
19307,1755,2,0
19308,1755,3,1
19309,1755,4,2
19310,1755,5,1
19311,1755,6,0
19312,1755,7,0
19313,1755,8,0
19314,1755,9,0
19315,1755,10,0
19316,1756,0,0
19317,1756,1,0
19318,1756,2,0
19319,1756,3,0
19320,1756,4,1
19321,1756,5,0
19322,1756,6,0
19323,1756,7,1
19324,1756,8,1
19325,1756,9,1
19326,1756,10,0
19327,1757,0,0
19328,1757,1,1
19329,1757,2,0
19330,1757,3,1
19331,1757,4,2
19332,1757,5,3
19333,1757,6,3
19334,1757,7,2
19335,1757,8,3
19336,1757,9,3
19337,1757,10,4
19338,1758,0,0
19339,1758,1,1
19340,1758,2,2
19341,1758,3,1
19342,1758,4,0
19343,1758,5,1
19344,1758,6,2
19345,1758,7,1
19346,1758,8,0
19347,1758,9,1
19348,1758,10,2
19349,1759,0,0
19350,1759,1,0
19351,1759,2,0
19352,1759,3,0
19353,1759,4,0
19354,1759,5,0
19355,1759,6,0
19356,1759,7,0
19357,1759,8,0
19358,1759,9,0
19359,1759,10,0
19360,1760,0,0
19361,1760,1,0
19362,1760,2,0
19363,1760,3,0
19364,1760,4,0
19365,1760,5,0
19366,1760,6,0
19367,1760,7,0
19368,1760,8,0
19369,1760,9,0
19370,1760,10,0
19371,1761,0,0
19372,1761,1,0
19373,1761,2,0
19374,1761,3,0
19375,1761,4,0
19376,1761,5,0
19377,1761,6,0
19378,1761,7,0
19379,1761,8,1
19380,1761,9,2
19381,1761,10,3
19382,1762,0,0
19383,1762,1,1
19384,1762,2,0
19385,1762,3,1
19386,1762,4,0
19387,1762,5,1
19388,1762,6,0
19389,1762,7,0
19390,1762,8,1
19391,1762,9,0
19392,1762,10,1
19393,1763,0,0
19394,1763,1,1
19395,1763,2,0
19396,1763,3,1
19397,1763,4,0
19398,1763,5,1
19399,1763,6,2
19400,1763,7,3
19401,1763,8,2
19402,1763,9,1
19403,1763,10,0
19404,1764,0,0
19405,1764,1,1
19406,1764,2,2
19407,1764,3,2
19408,1764,4,2
19409,1764,5,2
19410,1764,6,2
19411,1764,7,3
19412,1764,8,4
19413,1764,9,3
19414,1764,10,3
19415,1765,0,0
19416,1765,1,1
19417,1765,2,2
19418,1765,3,1
19419,1765,4,2
19420,1765,5,1
19421,1765,6,0
19422,1765,7,1
19423,1765,8,0
19424,1765,9,1
19425,1765,10,1
19426,1766,0,0
19427,1766,1,1
19428,1766,2,2
19429,1766,3,1
19430,1766,4,2
19431,1766,5,1
19432,1766,6,2
19433,1766,7,1
19434,1766,8,2
19435,1766,9,1
19436,1766,10,2
19437,1767,0,0
19438,1767,1,1
19439,1767,2,2
19440,1767,3,3
19441,1767,4,4
19442,1767,5,3
19443,1767,6,4
19444,1767,7,4
19445,1767,8,4
19446,1767,9,4
19447,1767,10,3
19448,1768,0,0
19449,1768,1,1
19450,1768,2,0
19451,1768,3,0
19452,1768,4,1
19453,1768,5,1
19454,1768,6,0
19455,1768,7,1
19456,1768,8,1
19457,1768,9,0
19458,1768,10,1
19459,1769,0,0
19460,1769,1,1
19461,1769,2,0
19462,1769,3,1
19463,1769,4,0
19464,1769,5,1
19465,1769,6,2
19466,1769,7,1
19467,1769,8,2
19468,1769,9,1
19469,1769,10,0
19470,1770,0,0
19471,1770,1,0
19472,1770,2,0
19473,1770,3,0
19474,1770,4,0
19475,1770,5,0
19476,1770,6,0
19477,1770,7,0
19478,1770,8,0
19479,1770,9,0
19480,1770,10,0
19481,1771,0,0
19482,1771,1,1
19483,1771,2,0
19484,1771,3,1
19485,1771,4,0
19486,1771,5,1
19487,1771,6,0
19488,1771,7,1
19489,1771,8,0
19490,1771,9,1
19491,1771,10,0
19492,1772,0,0
19493,1772,1,0
19494,1772,2,1
19495,1772,3,2
19496,1772,4,3
19497,1772,5,4
19498,1772,6,3
19499,1772,7,4
19500,1772,8,3
19501,1772,9,4
19502,1772,10,5
19503,1773,0,0
19504,1773,1,1
19505,1773,2,2
19506,1773,3,3
19507,1773,4,4
19508,1773,5,3
19509,1773,6,4
19510,1773,7,3
19511,1773,8,2
19512,1773,9,2
19513,1773,10,3
19514,1774,0,0
19515,1774,1,1
19516,1774,2,2
19517,1774,3,3
19518,1774,4,2
19519,1774,5,3
19520,1774,6,4
19521,1774,7,3
19522,1774,8,4
19523,1774,9,5
19524,1774,10,5
19525,1775,0,0
19526,1775,1,0
19527,1775,2,1
19528,1775,3,1
19529,1775,4,1
19530,1775,5,1
19531,1775,6,1
19532,1775,7,1
19533,1775,8,1
19534,1775,9,1
19535,1775,10,1
19536,1776,0,0
19537,1776,1,1
19538,1776,2,0
19539,1776,3,1
19540,1776,4,2
19541,1776,5,3
19542,1776,6,3
19543,1776,7,4
19544,1776,8,5
19545,1776,9,5
19546,1776,10,5
19547,1777,0,0
19548,1777,1,1
19549,1777,2,2
19550,1777,3,1
19551,1777,4,1
19552,1777,5,2
19553,1777,6,3
19554,1777,7,2
19555,1777,8,3
19556,1777,9,4
19557,1777,10,5
19558,1778,0,0
19559,1778,1,1
19560,1778,2,0
19561,1778,3,1
19562,1778,4,0
19563,1778,5,1
19564,1778,6,2
19565,1778,7,2
19566,1778,8,2
19567,1778,9,2
19568,1778,10,2
19569,1779,0,0
19570,1779,1,0
19571,1779,2,1
19572,1779,3,2
19573,1779,4,3
19574,1779,5,2
19575,1779,6,3
19576,1779,7,2
19577,1779,8,3
19578,1779,9,2
19579,1779,10,3
19580,1780,0,0
19581,1780,1,1
19582,1780,2,1
19583,1780,3,1
19584,1780,4,0
19585,1780,5,1
19586,1780,6,0
19587,1780,7,1
19588,1780,8,1
19589,1780,9,2
19590,1780,10,3
19591,1781,0,0
19592,1781,1,1
19593,1781,2,1
19594,1781,3,2
19595,1781,4,3
19596,1781,5,2
19597,1781,6,2
19598,1781,7,3
19599,1781,8,2
19600,1781,9,3
19601,1781,10,2
19602,1782,0,0
19603,1782,1,1
19604,1782,2,2
19605,1782,3,1
19606,1782,4,2
19607,1782,5,2
19608,1782,6,1
19609,1782,7,2
19610,1782,8,1
19611,1782,9,1
19612,1782,10,2
19613,1783,0,0
19614,1783,1,1
19615,1783,2,2
19616,1783,3,1
19617,1783,4,2
19618,1783,5,3
19619,1783,6,2
19620,1783,7,2
19621,1783,8,1
19622,1783,9,1
19623,1783,10,2
19624,1784,0,0
19625,1784,1,0
19626,1784,2,0
19627,1784,3,0
19628,1784,4,0
19629,1784,5,0
19630,1784,6,0
19631,1784,7,1
19632,1784,8,0
19633,1784,9,0
19634,1784,10,0
19635,1785,0,0
19636,1785,1,0
19637,1785,2,0
19638,1785,3,0
19639,1785,4,0
19640,1785,5,0
19641,1785,6,0
19642,1785,7,0
19643,1785,8,0
19644,1785,9,0
19645,1785,10,0
19646,1786,0,0
19647,1786,1,0
19648,1786,2,0
19649,1786,3,1
19650,1786,4,2
19651,1786,5,1
19652,1786,6,0
19653,1786,7,0
19654,1786,8,0
19655,1786,9,0
19656,1786,10,0
19657,1787,0,0
19658,1787,1,1
19659,1787,2,2
19660,1787,3,3
19661,1787,4,4
19662,1787,5,3
19663,1787,6,4
19664,1787,7,3
19665,1787,8,4
19666,1787,9,3
19667,1787,10,4
19668,1788,0,0
19669,1788,1,1
19670,1788,2,2
19671,1788,3,1
19672,1788,4,2
19673,1788,5,1
19674,1788,6,2
19675,1788,7,3
19676,1788,8,4
19677,1788,9,5
19678,1788,10,5
19679,1789,0,0
19680,1789,1,1
19681,1789,2,2
19682,1789,3,3
19683,1789,4,4
19684,1789,5,3
19685,1789,6,4
19686,1789,7,5
19687,1789,8,5
19688,1789,9,5
19689,1789,10,5
19690,1790,0,0
19691,1790,1,1
19692,1790,2,2
19693,1790,3,1
19694,1790,4,2
19695,1790,5,3
19696,1790,6,4
19697,1790,7,3
19698,1790,8,3
19699,1790,9,2
19700,1790,10,3
19701,1791,0,0
19702,1791,1,0
19703,1791,2,0
19704,1791,3,0
19705,1791,4,0
19706,1791,5,0
19707,1791,6,1
19708,1791,7,1
19709,1791,8,0
19710,1791,9,0
19711,1791,10,0
19712,1792,0,0
19713,1792,1,0
19714,1792,2,0
19715,1792,3,1
19716,1792,4,0
19717,1792,5,0
19718,1792,6,0
19719,1792,7,1
19720,1792,8,0
19721,1792,9,0
19722,1792,10,0
19723,1793,0,0
19724,1793,1,1
19725,1793,2,0
19726,1793,3,1
19727,1793,4,0
19728,1793,5,1
19729,1793,6,0
19730,1793,7,1
19731,1793,8,0
19732,1793,9,1
19733,1793,10,0
19734,1794,0,0
19735,1794,1,1
19736,1794,2,2
19737,1794,3,1
19738,1794,4,2
19739,1794,5,3
19740,1794,6,4
19741,1794,7,3
19742,1794,8,4
19743,1794,9,3
19744,1794,10,4
19745,1795,0,0
19746,1795,1,1
19747,1795,2,0
19748,1795,3,1
19749,1795,4,1
19750,1795,5,1
19751,1795,6,1
19752,1795,7,1
19753,1795,8,1
19754,1795,9,1
19755,1795,10,1
19756,1796,0,0
19757,1796,1,0
19758,1796,2,0
19759,1796,3,0
19760,1796,4,0
19761,1796,5,0
19762,1796,6,0
19763,1796,7,0
19764,1796,8,0
19765,1796,9,0
19766,1796,10,0
19767,1797,0,0
19768,1797,1,0
19769,1797,2,1
19770,1797,3,2
19771,1797,4,3
19772,1797,5,2
19773,1797,6,3
19774,1797,7,2
19775,1797,8,3
19776,1797,9,2
19777,1797,10,3
19778,1798,0,0
19779,1798,1,1
19780,1798,2,1
19781,1798,3,2
19782,1798,4,1
19783,1798,5,1
19784,1798,6,2
19785,1798,7,3
19786,1798,8,4
19787,1798,9,5
19788,1798,10,5
19789,1799,0,0
19790,1799,1,0
19791,1799,2,1
19792,1799,3,2
19793,1799,4,3
19794,1799,5,3
19795,1799,6,3
19796,1799,7,2
19797,1799,8,3
19798,1799,9,3
19799,1799,10,2
19800,1800,0,0
19801,1800,1,1
19802,1800,2,1
19803,1800,3,0
19804,1800,4,1
19805,1800,5,1
19806,1800,6,0
19807,1800,7,1
19808,1800,8,1
19809,1800,9,0
19810,1800,10,0
19811,1801,0,0
19812,1801,1,1
19813,1801,2,2
19814,1801,3,3
19815,1801,4,4
19816,1801,5,5
19817,1801,6,5
19818,1801,7,5
19819,1801,8,5
19820,1801,9,5
19821,1801,10,5
19822,1802,0,0
19823,1802,1,0
19824,1802,2,0
19825,1802,3,0
19826,1802,4,0
19827,1802,5,0
19828,1802,6,0
19829,1802,7,0
19830,1802,8,0
19831,1802,9,0
19832,1802,10,0
19833,1803,0,0
19834,1803,1,0
19835,1803,2,0
19836,1803,3,0
19837,1803,4,0
19838,1803,5,0
19839,1803,6,0
19840,1803,7,0
19841,1803,8,0
19842,1803,9,0
19843,1803,10,0
19844,1804,0,0
19845,1804,1,0
19846,1804,2,1
19847,1804,3,2
19848,1804,4,3
19849,1804,5,4
19850,1804,6,5
19851,1804,7,5
19852,1804,8,5
19853,1804,9,5
19854,1804,10,5
19855,1805,0,0
19856,1805,1,0
19857,1805,2,1
19858,1805,3,1
19859,1805,4,2
19860,1805,5,3
19861,1805,6,3
19862,1805,7,3
19863,1805,8,3
19864,1805,9,3
19865,1805,10,3
19866,1806,0,0
19867,1806,1,0
19868,1806,2,1
19869,1806,3,1
19870,1806,4,1
19871,1806,5,1
19872,1806,6,1
19873,1806,7,0
19874,1806,8,1
19875,1806,9,1
19876,1806,10,0
19877,1807,0,0
19878,1807,1,0
19879,1807,2,0
19880,1807,3,0
19881,1807,4,0
19882,1807,5,0
19883,1807,6,0
19884,1807,7,0
19885,1807,8,0
19886,1807,9,0
19887,1807,10,0
19888,1808,0,0
19889,1808,1,1
19890,1808,2,2
19891,1808,3,3
19892,1808,4,3
19893,1808,5,3
19894,1808,6,3
19895,1808,7,4
19896,1808,8,3
19897,1808,9,3
19898,1808,10,3
19899,1809,0,0
19900,1809,1,0
19901,1809,2,1
19902,1809,3,0
19903,1809,4,1
19904,1809,5,0
19905,1809,6,1
19906,1809,7,0
19907,1809,8,1
19908,1809,9,0
19909,1809,10,0
19910,1810,0,0
19911,1810,1,1
19912,1810,2,0
19913,1810,3,1
19914,1810,4,0
19915,1810,5,1
19916,1810,6,1
19917,1810,7,0
19918,1810,8,1
19919,1810,9,0
19920,1810,10,1
19921,1811,0,0
19922,1811,1,1
19923,1811,2,0
19924,1811,3,1
19925,1811,4,0
19926,1811,5,1
19927,1811,6,0
19928,1811,7,0
19929,1811,8,1
19930,1811,9,0
19931,1811,10,0
19932,1812,0,0
19933,1812,1,1
19934,1812,2,0
19935,1812,3,1
19936,1812,4,0
19937,1812,5,1
19938,1812,6,0
19939,1812,7,1
19940,1812,8,0
19941,1812,9,1
19942,1812,10,0
19943,1813,0,0
19944,1813,1,1
19945,1813,2,2
19946,1813,3,3
19947,1813,4,2
19948,1813,5,3
19949,1813,6,2
19950,1813,7,3
19951,1813,8,2
19952,1813,9,3
19953,1813,10,2
19954,1814,0,0
19955,1814,1,0
19956,1814,2,0
19957,1814,3,0
19958,1814,4,0
19959,1814,5,1
19960,1814,6,0
19961,1814,7,0
19962,1814,8,0
19963,1814,9,1
19964,1814,10,2
19965,1815,0,0
19966,1815,1,1
19967,1815,2,2
19968,1815,3,3
19969,1815,4,4
19970,1815,5,4
19971,1815,6,3
19972,1815,7,4
19973,1815,8,4
19974,1815,9,4
19975,1815,10,4
19976,1816,0,0
19977,1816,1,1
19978,1816,2,1
19979,1816,3,2
19980,1816,4,3
19981,1816,5,3
19982,1816,6,4
19983,1816,7,5
19984,1816,8,5
19985,1816,9,5
19986,1816,10,5
19987,1817,0,0
19988,1817,1,1
19989,1817,2,2
19990,1817,3,3
19991,1817,4,4
19992,1817,5,3
19993,1817,6,4
19994,1817,7,5
19995,1817,8,5
19996,1817,9,5
19997,1817,10,5
19998,1818,0,0
19999,1818,1,1
20000,1818,2,2
20001,1818,3,3
20002,1818,4,4
20003,1818,5,3
20004,1818,6,4
20005,1818,7,5
20006,1818,8,5
20007,1818,9,5
20008,1818,10,5
20009,1819,0,0
20010,1819,1,1
20011,1819,2,2
20012,1819,3,1
20013,1819,4,2
20014,1819,5,1
20015,1819,6,2
20016,1819,7,1
20017,1819,8,2
20018,1819,9,1
20019,1819,10,2
20020,1820,0,0
20021,1820,1,1
20022,1820,2,2
20023,1820,3,1
20024,1820,4,2
20025,1820,5,1
20026,1820,6,2
20027,1820,7,3
20028,1820,8,4
20029,1820,9,5
20030,1820,10,5
20031,1821,0,0
20032,1821,1,1
20033,1821,2,2
20034,1821,3,2
20035,1821,4,3
20036,1821,5,4
20037,1821,6,5
20038,1821,7,5
20039,1821,8,5
20040,1821,9,5
20041,1821,10,5
20042,1822,0,0
20043,1822,1,0
20044,1822,2,0
20045,1822,3,0
20046,1822,4,0
20047,1822,5,0
20048,1822,6,0
20049,1822,7,0
20050,1822,8,0
20051,1822,9,0
20052,1822,10,0
20053,1823,0,0
20054,1823,1,1
20055,1823,2,2
20056,1823,3,3
20057,1823,4,3
20058,1823,5,4
20059,1823,6,3
20060,1823,7,4
20061,1823,8,3
20062,1823,9,4
20063,1823,10,3
20064,1824,0,0
20065,1824,1,1
20066,1824,2,0
20067,1824,3,1
20068,1824,4,0
20069,1824,5,1
20070,1824,6,1
20071,1824,7,0
20072,1824,8,1
20073,1824,9,1
20074,1824,10,1
20075,1825,0,0
20076,1825,1,0
20077,1825,2,0
20078,1825,3,0
20079,1825,4,0
20080,1825,5,0
20081,1825,6,0
20082,1825,7,0
20083,1825,8,0
20084,1825,9,0
20085,1825,10,0
20086,1826,0,0
20087,1826,1,1
20088,1826,2,2
20089,1826,3,1
20090,1826,4,2
20091,1826,5,1
20092,1826,6,2
20093,1826,7,1
20094,1826,8,1
20095,1826,9,2
20096,1826,10,1
20097,1827,0,0
20098,1827,1,0
20099,1827,2,0
20100,1827,3,0
20101,1827,4,0
20102,1827,5,0
20103,1827,6,0
20104,1827,7,0
20105,1827,8,0
20106,1827,9,0
20107,1827,10,0
20108,1828,0,0
20109,1828,1,1
20110,1828,2,1
20111,1828,3,1
20112,1828,4,1
20113,1828,5,1
20114,1828,6,1
20115,1828,7,2
20116,1828,8,1
20117,1828,9,1
20118,1828,10,1
20119,1829,0,0
20120,1829,1,1
20121,1829,2,0
20122,1829,3,1
20123,1829,4,0
20124,1829,5,1
20125,1829,6,2
20126,1829,7,3
20127,1829,8,2
20128,1829,9,3
20129,1829,10,3
20130,1830,0,0
20131,1830,1,0
20132,1830,2,0
20133,1830,3,0
20134,1830,4,0
20135,1830,5,0
20136,1830,6,0
20137,1830,7,0
20138,1830,8,0
20139,1830,9,0
20140,1830,10,1
20141,1831,0,0
20142,1831,1,1
20143,1831,2,0
20144,1831,3,1
20145,1831,4,0
20146,1831,5,1
20147,1831,6,0
20148,1831,7,1
20149,1831,8,0
20150,1831,9,0
20151,1831,10,0
20152,1832,0,0
20153,1832,1,0
20154,1832,2,0
20155,1832,3,0
20156,1832,4,0
20157,1832,5,0
20158,1832,6,0
20159,1832,7,0
20160,1832,8,0
20161,1832,9,0
20162,1832,10,1
20163,1833,0,0
20164,1833,1,1
20165,1833,2,2
20166,1833,3,2
20167,1833,4,3
20168,1833,5,4
20169,1833,6,3
20170,1833,7,4
20171,1833,8,3
20172,1833,9,4
20173,1833,10,3
20174,1834,0,0
20175,1834,1,0
20176,1834,2,0
20177,1834,3,0
20178,1834,4,0
20179,1834,5,0
20180,1834,6,0
20181,1834,7,0
20182,1834,8,0
20183,1834,9,0
20184,1834,10,0
20185,1835,0,0
20186,1835,1,1
20187,1835,2,2
20188,1835,3,3
20189,1835,4,2
20190,1835,5,3
20191,1835,6,4
20192,1835,7,4
20193,1835,8,5
20194,1835,9,5
20195,1835,10,5
20196,1836,0,0
20197,1836,1,1
20198,1836,2,0
20199,1836,3,1
20200,1836,4,0
20201,1836,5,1
20202,1836,6,0
20203,1836,7,1
20204,1836,8,0
20205,1836,9,1
20206,1836,10,1
20207,1837,0,0
20208,1837,1,1
20209,1837,2,2
20210,1837,3,3
20211,1837,4,3
20212,1837,5,4
20213,1837,6,3
20214,1837,7,2
20215,1837,8,1
20216,1837,9,1
20217,1837,10,2
20218,1838,0,0
20219,1838,1,0
20220,1838,2,0
20221,1838,3,0
20222,1838,4,0
20223,1838,5,0
20224,1838,6,0
20225,1838,7,0
20226,1838,8,0
20227,1838,9,0
20228,1838,10,0
20229,1839,0,0
20230,1839,1,1
20231,1839,2,0
20232,1839,3,1
20233,1839,4,2
20234,1839,5,1
20235,1839,6,2
20236,1839,7,1
20237,1839,8,0
20238,1839,9,1
20239,1839,10,0
20240,1840,0,0
20241,1840,1,1
20242,1840,2,2
20243,1840,3,3
20244,1840,4,4
20245,1840,5,5
20246,1840,6,5
20247,1840,7,5
20248,1840,8,5
20249,1840,9,5
20250,1840,10,5
20251,1841,0,0
20252,1841,1,0
20253,1841,2,0
20254,1841,3,0
20255,1841,4,0
20256,1841,5,0
20257,1841,6,0
20258,1841,7,0
20259,1841,8,0
20260,1841,9,1
20261,1841,10,0
20262,1842,0,0
20263,1842,1,0
20264,1842,2,0
20265,1842,3,0
20266,1842,4,0
20267,1842,5,0
20268,1842,6,0
20269,1842,7,0
20270,1842,8,0
20271,1842,9,0
20272,1842,10,0
20273,1843,0,0
20274,1843,1,0
20275,1843,2,1
20276,1843,3,1
20277,1843,4,2
20278,1843,5,1
20279,1843,6,1
20280,1843,7,0
20281,1843,8,0
20282,1843,9,0
20283,1843,10,0
20284,1844,0,0
20285,1844,1,0
20286,1844,2,0
20287,1844,3,0
20288,1844,4,0
20289,1844,5,0
20290,1844,6,0
20291,1844,7,0
20292,1844,8,0
20293,1844,9,0
20294,1844,10,0
20295,1845,0,0
20296,1845,1,1
20297,1845,2,0
20298,1845,3,0
20299,1845,4,1
20300,1845,5,0
20301,1845,6,1
20302,1845,7,2
20303,1845,8,3
20304,1845,9,4
20305,1845,10,3
20306,1846,0,0
20307,1846,1,0
20308,1846,2,1
20309,1846,3,2
20310,1846,4,2
20311,1846,5,2
20312,1846,6,2
20313,1846,7,2
20314,1846,8,2
20315,1846,9,1
20316,1846,10,2
20317,1847,0,0
20318,1847,1,1
20319,1847,2,0
20320,1847,3,0
20321,1847,4,0
20322,1847,5,1
20323,1847,6,0
20324,1847,7,1
20325,1847,8,0
20326,1847,9,1
20327,1847,10,0
20328,1848,0,0
20329,1848,1,1
20330,1848,2,2
20331,1848,3,3
20332,1848,4,2
20333,1848,5,3
20334,1848,6,4
20335,1848,7,3
20336,1848,8,4
20337,1848,9,3
20338,1848,10,2
20339,1849,0,0
20340,1849,1,1
20341,1849,2,2
20342,1849,3,3
20343,1849,4,2
20344,1849,5,3
20345,1849,6,4
20346,1849,7,3
20347,1849,8,4
20348,1849,9,3
20349,1849,10,4
20350,1850,0,0
20351,1850,1,1
20352,1850,2,0
20353,1850,3,1
20354,1850,4,0
20355,1850,5,1
20356,1850,6,1
20357,1850,7,1
20358,1850,8,1
20359,1850,9,1
20360,1850,10,1
20361,1851,0,0
20362,1851,1,1
20363,1851,2,1
20364,1851,3,1
20365,1851,4,1
20366,1851,5,1
20367,1851,6,1
20368,1851,7,1
20369,1851,8,1
20370,1851,9,1
20371,1851,10,0
20372,1852,0,0
20373,1852,1,1
20374,1852,2,0
20375,1852,3,1
20376,1852,4,0
20377,1852,5,1
20378,1852,6,1
20379,1852,7,1
20380,1852,8,0
20381,1852,9,1
20382,1852,10,1
20383,1853,0,0
20384,1853,1,1
20385,1853,2,0
20386,1853,3,1
20387,1853,4,2
20388,1853,5,3
20389,1853,6,2
20390,1853,7,3
20391,1853,8,2
20392,1853,9,3
20393,1853,10,2
20394,1854,0,0
20395,1854,1,0
20396,1854,2,1
20397,1854,3,0
20398,1854,4,0
20399,1854,5,1
20400,1854,6,0
20401,1854,7,1
20402,1854,8,0
20403,1854,9,0
20404,1854,10,0
20405,1855,0,0
20406,1855,1,0
20407,1855,2,0
20408,1855,3,0
20409,1855,4,0
20410,1855,5,0
20411,1855,6,0
20412,1855,7,0
20413,1855,8,0
20414,1855,9,0
20415,1855,10,0
20416,1856,0,0
20417,1856,1,1
20418,1856,2,0
20419,1856,3,1
20420,1856,4,0
20421,1856,5,1
20422,1856,6,0
20423,1856,7,1
20424,1856,8,2
20425,1856,9,3
20426,1856,10,2
20427,1857,0,0
20428,1857,1,1
20429,1857,2,0
20430,1857,3,1
20431,1857,4,1
20432,1857,5,0
20433,1857,6,1
20434,1857,7,1
20435,1857,8,0
20436,1857,9,1
20437,1857,10,1
20438,1858,0,0
20439,1858,1,0
20440,1858,2,0
20441,1858,3,0
20442,1858,4,0
20443,1858,5,0
20444,1858,6,0
20445,1858,7,0
20446,1858,8,0
20447,1858,9,0
20448,1858,10,0
20449,1859,0,0
20450,1859,1,1
20451,1859,2,2
20452,1859,3,3
20453,1859,4,3
20454,1859,5,4
20455,1859,6,5
20456,1859,7,5
20457,1859,8,5
20458,1859,9,5
20459,1859,10,5
20460,1860,0,0
20461,1860,1,0
20462,1860,2,1
20463,1860,3,2
20464,1860,4,2
20465,1860,5,2
20466,1860,6,2
20467,1860,7,2
20468,1860,8,2
20469,1860,9,2
20470,1860,10,3
20471,1861,0,0
20472,1861,1,1
20473,1861,2,0
20474,1861,3,1
20475,1861,4,0
20476,1861,5,1
20477,1861,6,0
20478,1861,7,1
20479,1861,8,0
20480,1861,9,1
20481,1861,10,0
20482,1862,0,0
20483,1862,1,1
20484,1862,2,2
20485,1862,3,2
20486,1862,4,2
20487,1862,5,3
20488,1862,6,3
20489,1862,7,4
20490,1862,8,3
20491,1862,9,3
20492,1862,10,3
20493,1863,0,0
20494,1863,1,1
20495,1863,2,2
20496,1863,3,2
20497,1863,4,3
20498,1863,5,3
20499,1863,6,3
20500,1863,7,4
20501,1863,8,3
20502,1863,9,2
20503,1863,10,2
20504,1864,0,0
20505,1864,1,1
20506,1864,2,2
20507,1864,3,1
20508,1864,4,2
20509,1864,5,1
20510,1864,6,2
20511,1864,7,2
20512,1864,8,1
20513,1864,9,0
20514,1864,10,1
20515,1865,0,0
20516,1865,1,1
20517,1865,2,2
20518,1865,3,1
20519,1865,4,2
20520,1865,5,1
20521,1865,6,2
20522,1865,7,3
20523,1865,8,3
20524,1865,9,3
20525,1865,10,3
20526,1866,0,0
20527,1866,1,1
20528,1866,2,2
20529,1866,3,3
20530,1866,4,2
20531,1866,5,1
20532,1866,6,2
20533,1866,7,1
20534,1866,8,2
20535,1866,9,1
20536,1866,10,2
20537,1867,0,0
20538,1867,1,0
20539,1867,2,1
20540,1867,3,0
20541,1867,4,0
20542,1867,5,0
20543,1867,6,0
20544,1867,7,0
20545,1867,8,0
20546,1867,9,0
20547,1867,10,0
20548,1868,0,0
20549,1868,1,1
20550,1868,2,0
20551,1868,3,1
20552,1868,4,2
20553,1868,5,1
20554,1868,6,0
20555,1868,7,1
20556,1868,8,0
20557,1868,9,1
20558,1868,10,0
20559,1869,0,0
20560,1869,1,0
20561,1869,2,0
20562,1869,3,0
20563,1869,4,1
20564,1869,5,2
20565,1869,6,1
20566,1869,7,2
20567,1869,8,2
20568,1869,9,2
20569,1869,10,2
20570,1870,0,0
20571,1870,1,1
20572,1870,2,0
20573,1870,3,0
20574,1870,4,1
20575,1870,5,0
20576,1870,6,0
20577,1870,7,1
20578,1870,8,1
20579,1870,9,1
20580,1870,10,1
20581,1871,0,0
20582,1871,1,0
20583,1871,2,0
20584,1871,3,0
20585,1871,4,0
20586,1871,5,0
20587,1871,6,0
20588,1871,7,0
20589,1871,8,0
20590,1871,9,0
20591,1871,10,0
20592,1872,0,0
20593,1872,1,1
20594,1872,2,2
20595,1872,3,1
20596,1872,4,2
20597,1872,5,1
20598,1872,6,2
20599,1872,7,1
20600,1872,8,1
20601,1872,9,2
20602,1872,10,1
20603,1873,0,0
20604,1873,1,0
20605,1873,2,0
20606,1873,3,0
20607,1873,4,0
20608,1873,5,0
20609,1873,6,0
20610,1873,7,0
20611,1873,8,0
20612,1873,9,0
20613,1873,10,0
20614,1874,0,0
20615,1874,1,0
20616,1874,2,0
20617,1874,3,1
20618,1874,4,2
20619,1874,5,3
20620,1874,6,4
20621,1874,7,5
20622,1874,8,5
20623,1874,9,5
20624,1874,10,5
20625,1875,0,0
20626,1875,1,0
20627,1875,2,0
20628,1875,3,1
20629,1875,4,0
20630,1875,5,1
20631,1875,6,0
20632,1875,7,1
20633,1875,8,0
20634,1875,9,0
20635,1875,10,0
20636,1876,0,0
20637,1876,1,0
20638,1876,2,0
20639,1876,3,0
20640,1876,4,0
20641,1876,5,0
20642,1876,6,0
20643,1876,7,0
20644,1876,8,0
20645,1876,9,0
20646,1876,10,0
20647,1877,0,0
20648,1877,1,1
20649,1877,2,2
20650,1877,3,3
20651,1877,4,2
20652,1877,5,3
20653,1877,6,2
20654,1877,7,3
20655,1877,8,4
20656,1877,9,4
20657,1877,10,5
20658,1878,0,0
20659,1878,1,0
20660,1878,2,0
20661,1878,3,0
20662,1878,4,1
20663,1878,5,1
20664,1878,6,0
20665,1878,7,0
20666,1878,8,0
20667,1878,9,0
20668,1878,10,0
20669,1879,0,0
20670,1879,1,1
20671,1879,2,1
20672,1879,3,2
20673,1879,4,1
20674,1879,5,2
20675,1879,6,1
20676,1879,7,1
20677,1879,8,2
20678,1879,9,1
20679,1879,10,2
20680,1880,0,0
20681,1880,1,1
20682,1880,2,1
20683,1880,3,1
20684,1880,4,0
20685,1880,5,0
20686,1880,6,1
20687,1880,7,1
20688,1880,8,2
20689,1880,9,1
20690,1880,10,1
20691,1881,0,0
20692,1881,1,1
20693,1881,2,2
20694,1881,3,3
20695,1881,4,4
20696,1881,5,5
20697,1881,6,5
20698,1881,7,5
20699,1881,8,5
20700,1881,9,5
20701,1881,10,5
20702,1882,0,0
20703,1882,1,1
20704,1882,2,2
20705,1882,3,3
20706,1882,4,2
20707,1882,5,1
20708,1882,6,0
20709,1882,7,1
20710,1882,8,0
20711,1882,9,1
20712,1882,10,0
20713,1883,0,0
20714,1883,1,0
20715,1883,2,0
20716,1883,3,0
20717,1883,4,0
20718,1883,5,0
20719,1883,6,0
20720,1883,7,0
20721,1883,8,0
20722,1883,9,0
20723,1883,10,0
20724,1884,0,0
20725,1884,1,0
20726,1884,2,0
20727,1884,3,0
20728,1884,4,0
20729,1884,5,0
20730,1884,6,0
20731,1884,7,0
20732,1884,8,0
20733,1884,9,0
20734,1884,10,0
20735,1885,0,0
20736,1885,1,1
20737,1885,2,1
20738,1885,3,1
20739,1885,4,1
20740,1885,5,1
20741,1885,6,1
20742,1885,7,1
20743,1885,8,1
20744,1885,9,0
20745,1885,10,1
20746,1886,0,0
20747,1886,1,1
20748,1886,2,0
20749,1886,3,1
20750,1886,4,2
20751,1886,5,3
20752,1886,6,2
20753,1886,7,3
20754,1886,8,4
20755,1886,9,4
20756,1886,10,5
20757,1887,0,0
20758,1887,1,1
20759,1887,2,0
20760,1887,3,0
20761,1887,4,1
20762,1887,5,0
20763,1887,6,1
20764,1887,7,2
20765,1887,8,1
20766,1887,9,2
20767,1887,10,1
20768,1888,0,0
20769,1888,1,1
20770,1888,2,2
20771,1888,3,3
20772,1888,4,2
20773,1888,5,2
20774,1888,6,3
20775,1888,7,2
20776,1888,8,2
20777,1888,9,1
20778,1888,10,0
20779,1889,0,0
20780,1889,1,1
20781,1889,2,0
20782,1889,3,1
20783,1889,4,1
20784,1889,5,2
20785,1889,6,3
20786,1889,7,3
20787,1889,8,3
20788,1889,9,4
20789,1889,10,5
20790,1890,0,0
20791,1890,1,0
20792,1890,2,0
20793,1890,3,0
20794,1890,4,0
20795,1890,5,0
20796,1890,6,0
20797,1890,7,0
20798,1890,8,0
20799,1890,9,0
20800,1890,10,0
20801,1891,0,0
20802,1891,1,1
20803,1891,2,0
20804,1891,3,1
20805,1891,4,0
20806,1891,5,1
20807,1891,6,2
20808,1891,7,2
20809,1891,8,1
20810,1891,9,1
20811,1891,10,0
20812,1892,0,0
20813,1892,1,1
20814,1892,2,2
20815,1892,3,3
20816,1892,4,2
20817,1892,5,3
20818,1892,6,4
20819,1892,7,3
20820,1892,8,4
20821,1892,9,3
20822,1892,10,2
20823,1893,0,0
20824,1893,1,0
20825,1893,2,0
20826,1893,3,0
20827,1893,4,0
20828,1893,5,0
20829,1893,6,0
20830,1893,7,0
20831,1893,8,0
20832,1893,9,0
20833,1893,10,0
20834,1894,0,0
20835,1894,1,0
20836,1894,2,1
20837,1894,3,0
20838,1894,4,0
20839,1894,5,0
20840,1894,6,0
20841,1894,7,0
20842,1894,8,0
20843,1894,9,0
20844,1894,10,0
20845,1895,0,0
20846,1895,1,1
20847,1895,2,0
20848,1895,3,1
20849,1895,4,0
20850,1895,5,1
20851,1895,6,2
20852,1895,7,1
20853,1895,8,2
20854,1895,9,1
20855,1895,10,2
20856,1896,0,0
20857,1896,1,1
20858,1896,2,2
20859,1896,3,1
20860,1896,4,2
20861,1896,5,1
20862,1896,6,2
20863,1896,7,1
20864,1896,8,0
20865,1896,9,1
20866,1896,10,2
20867,1897,0,0
20868,1897,1,1
20869,1897,2,2
20870,1897,3,1
20871,1897,4,2
20872,1897,5,1
20873,1897,6,0
20874,1897,7,1
20875,1897,8,2
20876,1897,9,3
20877,1897,10,2
20878,1898,0,0
20879,1898,1,1
20880,1898,2,2
20881,1898,3,1
20882,1898,4,1
20883,1898,5,0
20884,1898,6,0
20885,1898,7,0
20886,1898,8,1
20887,1898,9,2
20888,1898,10,3
20889,1899,0,0
20890,1899,1,1
20891,1899,2,1
20892,1899,3,1
20893,1899,4,1
20894,1899,5,0
20895,1899,6,1
20896,1899,7,1
20897,1899,8,1
20898,1899,9,1
20899,1899,10,1
20900,1900,0,0
20901,1900,1,0
20902,1900,2,0
20903,1900,3,0
20904,1900,4,1
20905,1900,5,0
20906,1900,6,0
20907,1900,7,0
20908,1900,8,0
20909,1900,9,0
20910,1900,10,0
20911,1901,0,0
20912,1901,1,0
20913,1901,2,0
20914,1901,3,0
20915,1901,4,0
20916,1901,5,0
20917,1901,6,0
20918,1901,7,0
20919,1901,8,0
20920,1901,9,0
20921,1901,10,0
20922,1902,0,0
20923,1902,1,1
20924,1902,2,1
20925,1902,3,1
20926,1902,4,1
20927,1902,5,1
20928,1902,6,1
20929,1902,7,0
20930,1902,8,1
20931,1902,9,1
20932,1902,10,1
20933,1903,0,0
20934,1903,1,1
20935,1903,2,2
20936,1903,3,2
20937,1903,4,2
20938,1903,5,2
20939,1903,6,3
20940,1903,7,3
20941,1903,8,3
20942,1903,9,3
20943,1903,10,3
20944,1904,0,0
20945,1904,1,1
20946,1904,2,1
20947,1904,3,0
20948,1904,4,1
20949,1904,5,0
20950,1904,6,1
20951,1904,7,1
20952,1904,8,1
20953,1904,9,1
20954,1904,10,1
20955,1905,0,0
20956,1905,1,1
20957,1905,2,2
20958,1905,3,1
20959,1905,4,2
20960,1905,5,1
20961,1905,6,0
20962,1905,7,1
20963,1905,8,0
20964,1905,9,1
20965,1905,10,2
20966,1906,0,0
20967,1906,1,0
20968,1906,2,0
20969,1906,3,0
20970,1906,4,0
20971,1906,5,0
20972,1906,6,0
20973,1906,7,0
20974,1906,8,0
20975,1906,9,0
20976,1906,10,0
20977,1907,0,0
20978,1907,1,0
20979,1907,2,0
20980,1907,3,0
20981,1907,4,0
20982,1907,5,0
20983,1907,6,0
20984,1907,7,0
20985,1907,8,0
20986,1907,9,0
20987,1907,10,0
20988,1908,0,0
20989,1908,1,0
20990,1908,2,0
20991,1908,3,1
20992,1908,4,0
20993,1908,5,0
20994,1908,6,0
20995,1908,7,0
20996,1908,8,0
20997,1908,9,0
20998,1908,10,0
20999,1909,0,0
21000,1909,1,1
21001,1909,2,0
21002,1909,3,1
21003,1909,4,0
21004,1909,5,1
21005,1909,6,0
21006,1909,7,1
21007,1909,8,0
21008,1909,9,1
21009,1909,10,0
21010,1910,0,0
21011,1910,1,1
21012,1910,2,2
21013,1910,3,1
21014,1910,4,2
21015,1910,5,3
21016,1910,6,3
21017,1910,7,3
21018,1910,8,2
21019,1910,9,3
21020,1910,10,2
21021,1911,0,0
21022,1911,1,1
21023,1911,2,1
21024,1911,3,1
21025,1911,4,0
21026,1911,5,1
21027,1911,6,1
21028,1911,7,1
21029,1911,8,1
21030,1911,9,1
21031,1911,10,0
21032,1912,0,0
21033,1912,1,0
21034,1912,2,1
21035,1912,3,0
21036,1912,4,1
21037,1912,5,0
21038,1912,6,0
21039,1912,7,1
21040,1912,8,0
21041,1912,9,0
21042,1912,10,1
21043,1913,0,0
21044,1913,1,0
21045,1913,2,0
21046,1913,3,0
21047,1913,4,0
21048,1913,5,0
21049,1913,6,0
21050,1913,7,0
21051,1913,8,0
21052,1913,9,0
21053,1913,10,0
21054,1914,0,0
21055,1914,1,1
21056,1914,2,2
21057,1914,3,1
21058,1914,4,0
21059,1914,5,0
21060,1914,6,1
21061,1914,7,2
21062,1914,8,1
21063,1914,9,2
21064,1914,10,3
21065,1915,0,0
21066,1915,1,0
21067,1915,2,0
21068,1915,3,0
21069,1915,4,0
21070,1915,5,0
21071,1915,6,0
21072,1915,7,0
21073,1915,8,0
21074,1915,9,0
21075,1915,10,0
21076,1916,0,0
21077,1916,1,0
21078,1916,2,0
21079,1916,3,0
21080,1916,4,0
21081,1916,5,0
21082,1916,6,0
21083,1916,7,0
21084,1916,8,0
21085,1916,9,0
21086,1916,10,0
21087,1917,0,0
21088,1917,1,1
21089,1917,2,0
21090,1917,3,1
21091,1917,4,2
21092,1917,5,3
21093,1917,6,4
21094,1917,7,4
21095,1917,8,3
21096,1917,9,4
21097,1917,10,5
21098,1918,0,0
21099,1918,1,1
21100,1918,2,2
21101,1918,3,1
21102,1918,4,2
21103,1918,5,1
21104,1918,6,0
21105,1918,7,1
21106,1918,8,0
21107,1918,9,1
21108,1918,10,2
21109,1919,0,0
21110,1919,1,1
21111,1919,2,0
21112,1919,3,1
21113,1919,4,2
21114,1919,5,1
21115,1919,6,2
21116,1919,7,1
21117,1919,8,2
21118,1919,9,1
21119,1919,10,2
21120,1920,0,0
21121,1920,1,1
21122,1920,2,0
21123,1920,3,1
21124,1920,4,0
21125,1920,5,1
21126,1920,6,0
21127,1920,7,1
21128,1920,8,0
21129,1920,9,1
21130,1920,10,0
21131,1921,0,0
21132,1921,1,0
21133,1921,2,0
21134,1921,3,0
21135,1921,4,0
21136,1921,5,0
21137,1921,6,0
21138,1921,7,0
21139,1921,8,0
21140,1921,9,0
21141,1921,10,0
21142,1922,0,0
21143,1922,1,1
21144,1922,2,0
21145,1922,3,1
21146,1922,4,0
21147,1922,5,1
21148,1922,6,0
21149,1922,7,1
21150,1922,8,0
21151,1922,9,1
21152,1922,10,0
21153,1923,0,0
21154,1923,1,1
21155,1923,2,2
21156,1923,3,3
21157,1923,4,2
21158,1923,5,1
21159,1923,6,2
21160,1923,7,3
21161,1923,8,2
21162,1923,9,3
21163,1923,10,4
21164,1924,0,0
21165,1924,1,0
21166,1924,2,0
21167,1924,3,0
21168,1924,4,0
21169,1924,5,0
21170,1924,6,0
21171,1924,7,1
21172,1924,8,0
21173,1924,9,0
21174,1924,10,0
21175,1925,0,0
21176,1925,1,0
21177,1925,2,0
21178,1925,3,0
21179,1925,4,0
21180,1925,5,0
21181,1925,6,0
21182,1925,7,0
21183,1925,8,0
21184,1925,9,0
21185,1925,10,0
21186,1926,0,0
21187,1926,1,0
21188,1926,2,0
21189,1926,3,0
21190,1926,4,0
21191,1926,5,0
21192,1926,6,0
21193,1926,7,0
21194,1926,8,0
21195,1926,9,0
21196,1926,10,0
21197,1927,0,0
21198,1927,1,1
21199,1927,2,2
21200,1927,3,3
21201,1927,4,4
21202,1927,5,3
21203,1927,6,4
21204,1927,7,3
21205,1927,8,4
21206,1927,9,3
21207,1927,10,2
21208,1928,0,0
21209,1928,1,1
21210,1928,2,1
21211,1928,3,2
21212,1928,4,3
21213,1928,5,4
21214,1928,6,5
21215,1928,7,5
21216,1928,8,5
21217,1928,9,5
21218,1928,10,5
21219,1929,0,0
21220,1929,1,1
21221,1929,2,0
21222,1929,3,1
21223,1929,4,2
21224,1929,5,2
21225,1929,6,2
21226,1929,7,1
21227,1929,8,0
21228,1929,9,1
21229,1929,10,0
21230,1930,0,0
21231,1930,1,0
21232,1930,2,0
21233,1930,3,0
21234,1930,4,0
21235,1930,5,1
21236,1930,6,1
21237,1930,7,1
21238,1930,8,1
21239,1930,9,1
21240,1930,10,1
21241,1931,0,0
21242,1931,1,0
21243,1931,2,0
21244,1931,3,0
21245,1931,4,0
21246,1931,5,0
21247,1931,6,0
21248,1931,7,0
21249,1931,8,0
21250,1931,9,0
21251,1931,10,0
21252,1932,0,0
21253,1932,1,1
21254,1932,2,2
21255,1932,3,3
21256,1932,4,4
21257,1932,5,4
21258,1932,6,4
21259,1932,7,5
21260,1932,8,5
21261,1932,9,5
21262,1932,10,5
21263,1933,0,0
21264,1933,1,0
21265,1933,2,0
21266,1933,3,0
21267,1933,4,0
21268,1933,5,0
21269,1933,6,0
21270,1933,7,0
21271,1933,8,0
21272,1933,9,0
21273,1933,10,0
21274,1934,0,0
21275,1934,1,1
21276,1934,2,1
21277,1934,3,1
21278,1934,4,0
21279,1934,5,1
21280,1934,6,1
21281,1934,7,1
21282,1934,8,1
21283,1934,9,1
21284,1934,10,1
21285,1935,0,0
21286,1935,1,1
21287,1935,2,0
21288,1935,3,1
21289,1935,4,1
21290,1935,5,0
21291,1935,6,0
21292,1935,7,1
21293,1935,8,2
21294,1935,9,3
21295,1935,10,3
21296,1936,0,0
21297,1936,1,1
21298,1936,2,2
21299,1936,3,2
21300,1936,4,1
21301,1936,5,0
21302,1936,6,1
21303,1936,7,2
21304,1936,8,1
21305,1936,9,2
21306,1936,10,3
21307,1937,0,0
21308,1937,1,0
21309,1937,2,0
21310,1937,3,1
21311,1937,4,2
21312,1937,5,1
21313,1937,6,0
21314,1937,7,1
21315,1937,8,0
21316,1937,9,1
21317,1937,10,0
21318,1938,0,0
21319,1938,1,0
21320,1938,2,1
21321,1938,3,2
21322,1938,4,1
21323,1938,5,0
21324,1938,6,0
21325,1938,7,1
21326,1938,8,2
21327,1938,9,1
21328,1938,10,0
21329,1939,0,0
21330,1939,1,1
21331,1939,2,2
21332,1939,3,1
21333,1939,4,2
21334,1939,5,1
21335,1939,6,2
21336,1939,7,3
21337,1939,8,4
21338,1939,9,3
21339,1939,10,4
21340,1940,0,0
21341,1940,1,0
21342,1940,2,0
21343,1940,3,1
21344,1940,4,2
21345,1940,5,3
21346,1940,6,2
21347,1940,7,3
21348,1940,8,2
21349,1940,9,3
21350,1940,10,4
21351,1941,0,0
21352,1941,1,1
21353,1941,2,1
21354,1941,3,1
21355,1941,4,0
21356,1941,5,1
21357,1941,6,0
21358,1941,7,1
21359,1941,8,0
21360,1941,9,1
21361,1941,10,1
21362,1942,0,0
21363,1942,1,1
21364,1942,2,2
21365,1942,3,3
21366,1942,4,4
21367,1942,5,3
21368,1942,6,4
21369,1942,7,3
21370,1942,8,4
21371,1942,9,3
21372,1942,10,4
21373,1943,0,0
21374,1943,1,0
21375,1943,2,0
21376,1943,3,1
21377,1943,4,2
21378,1943,5,3
21379,1943,6,4
21380,1943,7,5
21381,1943,8,5
21382,1943,9,5
21383,1943,10,5
21384,1944,0,0
21385,1944,1,1
21386,1944,2,0
21387,1944,3,1
21388,1944,4,0
21389,1944,5,1
21390,1944,6,0
21391,1944,7,1
21392,1944,8,0
21393,1944,9,1
21394,1944,10,0
21395,1945,0,0
21396,1945,1,0
21397,1945,2,0
21398,1945,3,0
21399,1945,4,0
21400,1945,5,0
21401,1945,6,1
21402,1945,7,0
21403,1945,8,0
21404,1945,9,0
21405,1945,10,0
21406,1946,0,0
21407,1946,1,0
21408,1946,2,0
21409,1946,3,0
21410,1946,4,0
21411,1946,5,0
21412,1946,6,0
21413,1946,7,0
21414,1946,8,0
21415,1946,9,0
21416,1946,10,0
21417,1947,0,0
21418,1947,1,1
21419,1947,2,1
21420,1947,3,1
21421,1947,4,0
21422,1947,5,1
21423,1947,6,0
21424,1947,7,1
21425,1947,8,2
21426,1947,9,3
21427,1947,10,4
21428,1948,0,0
21429,1948,1,1
21430,1948,2,2
21431,1948,3,1
21432,1948,4,1
21433,1948,5,0
21434,1948,6,1
21435,1948,7,2
21436,1948,8,2
21437,1948,9,1
21438,1948,10,2
21439,1949,0,0
21440,1949,1,1
21441,1949,2,2
21442,1949,3,3
21443,1949,4,4
21444,1949,5,3
21445,1949,6,4
21446,1949,7,3
21447,1949,8,4
21448,1949,9,4
21449,1949,10,3
21450,1950,0,0
21451,1950,1,0
21452,1950,2,0
21453,1950,3,0
21454,1950,4,0
21455,1950,5,0
21456,1950,6,0
21457,1950,7,0
21458,1950,8,0
21459,1950,9,0
21460,1950,10,0
21461,1951,0,0
21462,1951,1,1
21463,1951,2,2
21464,1951,3,3
21465,1951,4,2
21466,1951,5,3
21467,1951,6,2
21468,1951,7,1
21469,1951,8,2
21470,1951,9,2
21471,1951,10,1
21472,1952,0,0
21473,1952,1,0
21474,1952,2,0
21475,1952,3,0
21476,1952,4,0
21477,1952,5,0
21478,1952,6,0
21479,1952,7,0
21480,1952,8,0
21481,1952,9,0
21482,1952,10,0
21483,1953,0,0
21484,1953,1,0
21485,1953,2,0
21486,1953,3,0
21487,1953,4,0
21488,1953,5,0
21489,1953,6,0
21490,1953,7,0
21491,1953,8,0
21492,1953,9,0
21493,1953,10,0
21494,1954,0,0
21495,1954,1,1
21496,1954,2,2
21497,1954,3,1
21498,1954,4,2
21499,1954,5,3
21500,1954,6,2
21501,1954,7,1
21502,1954,8,2
21503,1954,9,1
21504,1954,10,2
21505,1955,0,0
21506,1955,1,0
21507,1955,2,0
21508,1955,3,0
21509,1955,4,0
21510,1955,5,0
21511,1955,6,0
21512,1955,7,0
21513,1955,8,0
21514,1955,9,0
21515,1955,10,0
21516,1956,0,0
21517,1956,1,0
21518,1956,2,0
21519,1956,3,1
21520,1956,4,0
21521,1956,5,0
21522,1956,6,0
21523,1956,7,0
21524,1956,8,0
21525,1956,9,0
21526,1956,10,0
21527,1957,0,0
21528,1957,1,0
21529,1957,2,0
21530,1957,3,0
21531,1957,4,0
21532,1957,5,0
21533,1957,6,0
21534,1957,7,0
21535,1957,8,0
21536,1957,9,0
21537,1957,10,0
21538,1958,0,0
21539,1958,1,0
21540,1958,2,0
21541,1958,3,0
21542,1958,4,0
21543,1958,5,0
21544,1958,6,0
21545,1958,7,0
21546,1958,8,0
21547,1958,9,0
21548,1958,10,0
21549,1959,0,0
21550,1959,1,0
21551,1959,2,0
21552,1959,3,1
21553,1959,4,0
21554,1959,5,1
21555,1959,6,1
21556,1959,7,0
21557,1959,8,1
21558,1959,9,1
21559,1959,10,0
21560,1960,0,0
21561,1960,1,1
21562,1960,2,0
21563,1960,3,1
21564,1960,4,0
21565,1960,5,1
21566,1960,6,0
21567,1960,7,0
21568,1960,8,1
21569,1960,9,1
21570,1960,10,1
21571,1961,0,0
21572,1961,1,1
21573,1961,2,2
21574,1961,3,3
21575,1961,4,4
21576,1961,5,3
21577,1961,6,4
21578,1961,7,3
21579,1961,8,2
21580,1961,9,3
21581,1961,10,4
21582,1962,0,0
21583,1962,1,1
21584,1962,2,2
21585,1962,3,3
21586,1962,4,2
21587,1962,5,1
21588,1962,6,2
21589,1962,7,1
21590,1962,8,2
21591,1962,9,1
21592,1962,10,2
21593,1963,0,0
21594,1963,1,1
21595,1963,2,0
21596,1963,3,1
21597,1963,4,0
21598,1963,5,1
21599,1963,6,0
21600,1963,7,1
21601,1963,8,0
21602,1963,9,1
21603,1963,10,0
21604,1964,0,0
21605,1964,1,1
21606,1964,2,2
21607,1964,3,1
21608,1964,4,2
21609,1964,5,1
21610,1964,6,0
21611,1964,7,1
21612,1964,8,2
21613,1964,9,3
21614,1964,10,2
21615,1965,0,0
21616,1965,1,1
21617,1965,2,2
21618,1965,3,3
21619,1965,4,2
21620,1965,5,3
21621,1965,6,2
21622,1965,7,3
21623,1965,8,2
21624,1965,9,3
21625,1965,10,2
21626,1966,0,0
21627,1966,1,1
21628,1966,2,2
21629,1966,3,1
21630,1966,4,2
21631,1966,5,1
21632,1966,6,2
21633,1966,7,3
21634,1966,8,2
21635,1966,9,1
21636,1966,10,2
21637,1967,0,0
21638,1967,1,1
21639,1967,2,2
21640,1967,3,1
21641,1967,4,0
21642,1967,5,1
21643,1967,6,2
21644,1967,7,1
21645,1967,8,2
21646,1967,9,1
21647,1967,10,2
21648,1968,0,0
21649,1968,1,1
21650,1968,2,2
21651,1968,3,1
21652,1968,4,2
21653,1968,5,3
21654,1968,6,4
21655,1968,7,3
21656,1968,8,2
21657,1968,9,3
21658,1968,10,2
21659,1969,0,0
21660,1969,1,1
21661,1969,2,2
21662,1969,3,1
21663,1969,4,2
21664,1969,5,1
21665,1969,6,2
21666,1969,7,1
21667,1969,8,2
21668,1969,9,1
21669,1969,10,2
21670,1970,0,0
21671,1970,1,0
21672,1970,2,0
21673,1970,3,0
21674,1970,4,0
21675,1970,5,0
21676,1970,6,0
21677,1970,7,0
21678,1970,8,0
21679,1970,9,0
21680,1970,10,0
21681,1971,0,0
21682,1971,1,0
21683,1971,2,0
21684,1971,3,0
21685,1971,4,0
21686,1971,5,1
21687,1971,6,1
21688,1971,7,1
21689,1971,8,0
21690,1971,9,0
21691,1971,10,0
21692,1972,0,0
21693,1972,1,0
21694,1972,2,0
21695,1972,3,0
21696,1972,4,0
21697,1972,5,0
21698,1972,6,0
21699,1972,7,0
21700,1972,8,0
21701,1972,9,0
21702,1972,10,0
21703,1973,0,0
21704,1973,1,0
21705,1973,2,0
21706,1973,3,0
21707,1973,4,0
21708,1973,5,0
21709,1973,6,0
21710,1973,7,0
21711,1973,8,0
21712,1973,9,0
21713,1973,10,0
21714,1974,0,0
21715,1974,1,0
21716,1974,2,0
21717,1974,3,0
21718,1974,4,0
21719,1974,5,0
21720,1974,6,0
21721,1974,7,0
21722,1974,8,0
21723,1974,9,0
21724,1974,10,0
21725,1975,0,0
21726,1975,1,1
21727,1975,2,2
21728,1975,3,3
21729,1975,4,4
21730,1975,5,5
21731,1975,6,5
21732,1975,7,5
21733,1975,8,5
21734,1975,9,5
21735,1975,10,5
21736,1976,0,0
21737,1976,1,1
21738,1976,2,0
21739,1976,3,1
21740,1976,4,0
21741,1976,5,1
21742,1976,6,0
21743,1976,7,1
21744,1976,8,0
21745,1976,9,1
21746,1976,10,0
21747,1977,0,0
21748,1977,1,0
21749,1977,2,0
21750,1977,3,1
21751,1977,4,2
21752,1977,5,3
21753,1977,6,3
21754,1977,7,2
21755,1977,8,3
21756,1977,9,3
21757,1977,10,3
21758,1978,0,0
21759,1978,1,1
21760,1978,2,2
21761,1978,3,3
21762,1978,4,2
21763,1978,5,1
21764,1978,6,0
21765,1978,7,1
21766,1978,8,2
21767,1978,9,1
21768,1978,10,0
21769,1979,0,0
21770,1979,1,1
21771,1979,2,2
21772,1979,3,1
21773,1979,4,2
21774,1979,5,3
21775,1979,6,4
21776,1979,7,3
21777,1979,8,4
21778,1979,9,3
21779,1979,10,4
21780,1980,0,0
21781,1980,1,1
21782,1980,2,2
21783,1980,3,3
21784,1980,4,4
21785,1980,5,3
21786,1980,6,4
21787,1980,7,3
21788,1980,8,4
21789,1980,9,5
21790,1980,10,5
21791,1981,0,0
21792,1981,1,1
21793,1981,2,2
21794,1981,3,3
21795,1981,4,2
21796,1981,5,1
21797,1981,6,2
21798,1981,7,1
21799,1981,8,1
21800,1981,9,2
21801,1981,10,3
21802,1982,0,0
21803,1982,1,1
21804,1982,2,1
21805,1982,3,1
21806,1982,4,1
21807,1982,5,1
21808,1982,6,1
21809,1982,7,0
21810,1982,8,0
21811,1982,9,0
21812,1982,10,0
21813,1983,0,0
21814,1983,1,1
21815,1983,2,0
21816,1983,3,1
21817,1983,4,0
21818,1983,5,1
21819,1983,6,1
21820,1983,7,1
21821,1983,8,1
21822,1983,9,1
21823,1983,10,0
21824,1984,0,0
21825,1984,1,0
21826,1984,2,0
21827,1984,3,1
21828,1984,4,2
21829,1984,5,3
21830,1984,6,4
21831,1984,7,5
21832,1984,8,5
21833,1984,9,5
21834,1984,10,5
21835,1985,0,0
21836,1985,1,0
21837,1985,2,0
21838,1985,3,0
21839,1985,4,0
21840,1985,5,0
21841,1985,6,0
21842,1985,7,0
21843,1985,8,0
21844,1985,9,1
21845,1985,10,2
21846,1986,0,0
21847,1986,1,1
21848,1986,2,2
21849,1986,3,1
21850,1986,4,0
21851,1986,5,1
21852,1986,6,2
21853,1986,7,1
21854,1986,8,2
21855,1986,9,3
21856,1986,10,4
21857,1987,0,0
21858,1987,1,0
21859,1987,2,0
21860,1987,3,0
21861,1987,4,0
21862,1987,5,0
21863,1987,6,0
21864,1987,7,0
21865,1987,8,0
21866,1987,9,0
21867,1987,10,0
21868,1988,0,0
21869,1988,1,1
21870,1988,2,2
21871,1988,3,3
21872,1988,4,4
21873,1988,5,3
21874,1988,6,4
21875,1988,7,3
21876,1988,8,4
21877,1988,9,3
21878,1988,10,2
21879,1989,0,0
21880,1989,1,1
21881,1989,2,2
21882,1989,3,3
21883,1989,4,4
21884,1989,5,3
21885,1989,6,3
21886,1989,7,3
21887,1989,8,4
21888,1989,9,5
21889,1989,10,5
21890,1990,0,0
21891,1990,1,0
21892,1990,2,0
21893,1990,3,0
21894,1990,4,0
21895,1990,5,0
21896,1990,6,0
21897,1990,7,0
21898,1990,8,0
21899,1990,9,0
21900,1990,10,0
21901,1991,0,0
21902,1991,1,1
21903,1991,2,2
21904,1991,3,1
21905,1991,4,1
21906,1991,5,2
21907,1991,6,1
21908,1991,7,0
21909,1991,8,1
21910,1991,9,2
21911,1991,10,3
21912,1992,0,0
21913,1992,1,1
21914,1992,2,2
21915,1992,3,3
21916,1992,4,2
21917,1992,5,2
21918,1992,6,2
21919,1992,7,3
21920,1992,8,4
21921,1992,9,5
21922,1992,10,5
21923,1993,0,0
21924,1993,1,0
21925,1993,2,1
21926,1993,3,0
21927,1993,4,0
21928,1993,5,1
21929,1993,6,0
21930,1993,7,0
21931,1993,8,0
21932,1993,9,0
21933,1993,10,0
21934,1994,0,0
21935,1994,1,0
21936,1994,2,0
21937,1994,3,0
21938,1994,4,0
21939,1994,5,1
21940,1994,6,1
21941,1994,7,2
21942,1994,8,1
21943,1994,9,2
21944,1994,10,2
21945,1995,0,0
21946,1995,1,1
21947,1995,2,0
21948,1995,3,1
21949,1995,4,2
21950,1995,5,3
21951,1995,6,2
21952,1995,7,3
21953,1995,8,3
21954,1995,9,2
21955,1995,10,3
21956,1996,0,0
21957,1996,1,0
21958,1996,2,1
21959,1996,3,0
21960,1996,4,0
21961,1996,5,0
21962,1996,6,0
21963,1996,7,0
21964,1996,8,1
21965,1996,9,0
21966,1996,10,0
21967,1997,0,0
21968,1997,1,0
21969,1997,2,0
21970,1997,3,0
21971,1997,4,0
21972,1997,5,1
21973,1997,6,1
21974,1997,7,1
21975,1997,8,1
21976,1997,9,1
21977,1997,10,1
21978,1998,0,0
21979,1998,1,1
21980,1998,2,0
21981,1998,3,0
21982,1998,4,0
21983,1998,5,0
21984,1998,6,0
21985,1998,7,0
21986,1998,8,0
21987,1998,9,0
21988,1998,10,0
21989,1999,0,0
21990,1999,1,1
21991,1999,2,0
21992,1999,3,1
21993,1999,4,0
21994,1999,5,1
21995,1999,6,0
21996,1999,7,1
21997,1999,8,0
21998,1999,9,1
21999,1999,10,1
22000,2000,0,0
22001,2000,1,1
22002,2000,2,2
22003,2000,3,1
22004,2000,4,0
22005,2000,5,1
22006,2000,6,0
22007,2000,7,1
22008,2000,8,2
22009,2000,9,1
22010,2000,10,2
22011,2001,0,0
22012,2001,1,0
22013,2001,2,0
22014,2001,3,0
22015,2001,4,0
22016,2001,5,0
22017,2001,6,0
22018,2001,7,0
22019,2001,8,0
22020,2001,9,0
22021,2001,10,0
22022,2002,0,0
22023,2002,1,1
22024,2002,2,0
22025,2002,3,1
22026,2002,4,0
22027,2002,5,1
22028,2002,6,0
22029,2002,7,1
22030,2002,8,0
22031,2002,9,1
22032,2002,10,0
22033,2003,0,0
22034,2003,1,1
22035,2003,2,2
22036,2003,3,1
22037,2003,4,0
22038,2003,5,1
22039,2003,6,0
22040,2003,7,1
22041,2003,8,0
22042,2003,9,1
22043,2003,10,0
22044,2004,0,0
22045,2004,1,0
22046,2004,2,0
22047,2004,3,0
22048,2004,4,0
22049,2004,5,1
22050,2004,6,1
22051,2004,7,0
22052,2004,8,1
22053,2004,9,1
22054,2004,10,0
22055,2005,0,0
22056,2005,1,1
22057,2005,2,0
22058,2005,3,1
22059,2005,4,0
22060,2005,5,1
22061,2005,6,0
22062,2005,7,1
22063,2005,8,0
22064,2005,9,1
22065,2005,10,0
22066,2006,0,0
22067,2006,1,1
22068,2006,2,0
22069,2006,3,1
22070,2006,4,1
22071,2006,5,0
22072,2006,6,1
22073,2006,7,1
22074,2006,8,0
22075,2006,9,1
22076,2006,10,2
22077,2007,0,0
22078,2007,1,0
22079,2007,2,0
22080,2007,3,0
22081,2007,4,0
22082,2007,5,0
22083,2007,6,0
22084,2007,7,0
22085,2007,8,1
22086,2007,9,2
22087,2007,10,3
22088,2008,0,0
22089,2008,1,1
22090,2008,2,0
22091,2008,3,1
22092,2008,4,2
22093,2008,5,1
22094,2008,6,2
22095,2008,7,1
22096,2008,8,2
22097,2008,9,1
22098,2008,10,2
22099,2009,0,0
22100,2009,1,0
22101,2009,2,0
22102,2009,3,0
22103,2009,4,0
22104,2009,5,0
22105,2009,6,0
22106,2009,7,0
22107,2009,8,0
22108,2009,9,0
22109,2009,10,0
22110,2010,0,0
22111,2010,1,1
22112,2010,2,1
22113,2010,3,1
22114,2010,4,1
22115,2010,5,2
22116,2010,6,3
22117,2010,7,4
22118,2010,8,5
22119,2010,9,5
22120,2010,10,5
22121,2011,0,0
22122,2011,1,0
22123,2011,2,0
22124,2011,3,0
22125,2011,4,0
22126,2011,5,0
22127,2011,6,0
22128,2011,7,0
22129,2011,8,0
22130,2011,9,0
22131,2011,10,0
22132,2012,0,0
22133,2012,1,1
22134,2012,2,0
22135,2012,3,1
22136,2012,4,1
22137,2012,5,1
22138,2012,6,1
22139,2012,7,0
22140,2012,8,1
22141,2012,9,1
22142,2012,10,0
22143,2013,0,0
22144,2013,1,0
22145,2013,2,0
22146,2013,3,0
22147,2013,4,0
22148,2013,5,0
22149,2013,6,0
22150,2013,7,0
22151,2013,8,0
22152,2013,9,0
22153,2013,10,0
22154,2014,0,0
22155,2014,1,1
22156,2014,2,1
22157,2014,3,1
22158,2014,4,1
22159,2014,5,1
22160,2014,6,1
22161,2014,7,0
22162,2014,8,1
22163,2014,9,0
22164,2014,10,1
22165,2015,0,0
22166,2015,1,0
22167,2015,2,0
22168,2015,3,0
22169,2015,4,0
22170,2015,5,0
22171,2015,6,0
22172,2015,7,0
22173,2015,8,0
22174,2015,9,0
22175,2015,10,0
22176,2016,0,0
22177,2016,1,1
22178,2016,2,2
22179,2016,3,1
22180,2016,4,2
22181,2016,5,1
22182,2016,6,2
22183,2016,7,1
22184,2016,8,2
22185,2016,9,1
22186,2016,10,2
22187,2017,0,0
22188,2017,1,1
22189,2017,2,0
22190,2017,3,1
22191,2017,4,2
22192,2017,5,2
22193,2017,6,2
22194,2017,7,1
22195,2017,8,0
22196,2017,9,1
22197,2017,10,0
22198,2018,0,0
22199,2018,1,0
22200,2018,2,0
22201,2018,3,0
22202,2018,4,0
22203,2018,5,0
22204,2018,6,0
22205,2018,7,0
22206,2018,8,0
22207,2018,9,0
22208,2018,10,0
22209,2019,0,0
22210,2019,1,1
22211,2019,2,1
22212,2019,3,2
22213,2019,4,3
22214,2019,5,2
22215,2019,6,3
22216,2019,7,2
22217,2019,8,3
22218,2019,9,4
22219,2019,10,5
22220,2020,0,0
22221,2020,1,1
22222,2020,2,1
22223,2020,3,1
22224,2020,4,0
22225,2020,5,1
22226,2020,6,1
22227,2020,7,1
22228,2020,8,1
22229,2020,9,1
22230,2020,10,1
22231,2021,0,0
22232,2021,1,0
22233,2021,2,0
22234,2021,3,0
22235,2021,4,0
22236,2021,5,0
22237,2021,6,1
22238,2021,7,0
22239,2021,8,0
22240,2021,9,1
22241,2021,10,0
22242,2022,0,0
22243,2022,1,0
22244,2022,2,0
22245,2022,3,0
22246,2022,4,0
22247,2022,5,0
22248,2022,6,0
22249,2022,7,0
22250,2022,8,0
22251,2022,9,0
22252,2022,10,0
22253,2023,0,0
22254,2023,1,1
22255,2023,2,0
22256,2023,3,1
22257,2023,4,0
22258,2023,5,1
22259,2023,6,0
22260,2023,7,1
22261,2023,8,0
22262,2023,9,1
22263,2023,10,0
22264,2024,0,0
22265,2024,1,1
22266,2024,2,2
22267,2024,3,1
22268,2024,4,1
22269,2024,5,1
22270,2024,6,1
22271,2024,7,2
22272,2024,8,1
22273,2024,9,2
22274,2024,10,2
22275,2025,0,0
22276,2025,1,1
22277,2025,2,0
22278,2025,3,1
22279,2025,4,1
22280,2025,5,0
22281,2025,6,1
22282,2025,7,1
22283,2025,8,2
22284,2025,9,1
22285,2025,10,2
22286,2026,0,0
22287,2026,1,0
22288,2026,2,1
22289,2026,3,1
22290,2026,4,1
22291,2026,5,1
22292,2026,6,1
22293,2026,7,1
22294,2026,8,1
22295,2026,9,1
22296,2026,10,1
22297,2027,0,0
22298,2027,1,0
22299,2027,2,1
22300,2027,3,1
22301,2027,4,1
22302,2027,5,1
22303,2027,6,1
22304,2027,7,1
22305,2027,8,1
22306,2027,9,1
22307,2027,10,1
22308,2028,0,0
22309,2028,1,1
22310,2028,2,2
22311,2028,3,3
22312,2028,4,4
22313,2028,5,5
22314,2028,6,5
22315,2028,7,5
22316,2028,8,5
22317,2028,9,5
22318,2028,10,5
22319,2029,0,0
22320,2029,1,1
22321,2029,2,1
22322,2029,3,1
22323,2029,4,1
22324,2029,5,1
22325,2029,6,0
22326,2029,7,1
22327,2029,8,1
22328,2029,9,0
22329,2029,10,1
22330,2030,0,0
22331,2030,1,1
22332,2030,2,1
22333,2030,3,2
22334,2030,4,1
22335,2030,5,1
22336,2030,6,1
22337,2030,7,2
22338,2030,8,3
22339,2030,9,4
22340,2030,10,3
22341,2031,0,0
22342,2031,1,1
22343,2031,2,2
22344,2031,3,3
22345,2031,4,4
22346,2031,5,5
22347,2031,6,5
22348,2031,7,5
22349,2031,8,5
22350,2031,9,5
22351,2031,10,5
22352,2032,0,0
22353,2032,1,1
22354,2032,2,2
22355,2032,3,3
22356,2032,4,4
22357,2032,5,3
22358,2032,6,4
22359,2032,7,3
22360,2032,8,4
22361,2032,9,5
22362,2032,10,5
22363,2033,0,0
22364,2033,1,1
22365,2033,2,2
22366,2033,3,1
22367,2033,4,0
22368,2033,5,1
22369,2033,6,0
22370,2033,7,1
22371,2033,8,2
22372,2033,9,1
22373,2033,10,2
22374,2034,0,0
22375,2034,1,1
22376,2034,2,0
22377,2034,3,1
22378,2034,4,0
22379,2034,5,1
22380,2034,6,0
22381,2034,7,1
22382,2034,8,0
22383,2034,9,0
22384,2034,10,1
22385,2035,0,0
22386,2035,1,1
22387,2035,2,2
22388,2035,3,1
22389,2035,4,2
22390,2035,5,1
22391,2035,6,2
22392,2035,7,3
22393,2035,8,2
22394,2035,9,1
22395,2035,10,2
22396,2036,0,0
22397,2036,1,0
22398,2036,2,0
22399,2036,3,1
22400,2036,4,2
22401,2036,5,2
22402,2036,6,1
22403,2036,7,0
22404,2036,8,1
22405,2036,9,2
22406,2036,10,3
22407,2037,0,0
22408,2037,1,0
22409,2037,2,0
22410,2037,3,0
22411,2037,4,0
22412,2037,5,0
22413,2037,6,0
22414,2037,7,0
22415,2037,8,0
22416,2037,9,0
22417,2037,10,0
22418,2038,0,0
22419,2038,1,0
22420,2038,2,1
22421,2038,3,1
22422,2038,4,1
22423,2038,5,1
22424,2038,6,1
22425,2038,7,2
22426,2038,8,3
22427,2038,9,4
22428,2038,10,5
22429,2039,0,0
22430,2039,1,1
22431,2039,2,2
22432,2039,3,1
22433,2039,4,2
22434,2039,5,1
22435,2039,6,2
22436,2039,7,1
22437,2039,8,0
22438,2039,9,1
22439,2039,10,2
22440,2040,0,0
22441,2040,1,1
22442,2040,2,1
22443,2040,3,2
22444,2040,4,3
22445,2040,5,2
22446,2040,6,3
22447,2040,7,3
22448,2040,8,4
22449,2040,9,3
22450,2040,10,4
22451,2041,0,0
22452,2041,1,0
22453,2041,2,0
22454,2041,3,0
22455,2041,4,0
22456,2041,5,1
22457,2041,6,1
22458,2041,7,1
22459,2041,8,0
22460,2041,9,1
22461,2041,10,1
22462,2042,0,0
22463,2042,1,1
22464,2042,2,0
22465,2042,3,1
22466,2042,4,0
22467,2042,5,1
22468,2042,6,0
22469,2042,7,1
22470,2042,8,2
22471,2042,9,3
22472,2042,10,4
22473,2043,0,0
22474,2043,1,0
22475,2043,2,0
22476,2043,3,1
22477,2043,4,1
22478,2043,5,2
22479,2043,6,3
22480,2043,7,2
22481,2043,8,1
22482,2043,9,2
22483,2043,10,3
22484,2044,0,0
22485,2044,1,0
22486,2044,2,0
22487,2044,3,0
22488,2044,4,0
22489,2044,5,1
22490,2044,6,2
22491,2044,7,1
22492,2044,8,2
22493,2044,9,1
22494,2044,10,2
22495,2045,0,0
22496,2045,1,1
22497,2045,2,0
22498,2045,3,1
22499,2045,4,0
22500,2045,5,0
22501,2045,6,0
22502,2045,7,1
22503,2045,8,0
22504,2045,9,1
22505,2045,10,0
22506,2046,0,0
22507,2046,1,1
22508,2046,2,2
22509,2046,3,1
22510,2046,4,2
22511,2046,5,1
22512,2046,6,2
22513,2046,7,1
22514,2046,8,2
22515,2046,9,1
22516,2046,10,2
22517,2047,0,0
22518,2047,1,0
22519,2047,2,0
22520,2047,3,0
22521,2047,4,0
22522,2047,5,0
22523,2047,6,1
22524,2047,7,0
22525,2047,8,0
22526,2047,9,0
22527,2047,10,0
22528,2048,0,0
22529,2048,1,1
22530,2048,2,0
22531,2048,3,0
22532,2048,4,0
22533,2048,5,0
22534,2048,6,1
22535,2048,7,0
22536,2048,8,1
22537,2048,9,2
22538,2048,10,3
22539,2049,0,0
22540,2049,1,0
22541,2049,2,0
22542,2049,3,0
22543,2049,4,0
22544,2049,5,0
22545,2049,6,0
22546,2049,7,0
22547,2049,8,0
22548,2049,9,0
22549,2049,10,0
22550,2050,0,0
22551,2050,1,0
22552,2050,2,0
22553,2050,3,0
22554,2050,4,0
22555,2050,5,0
22556,2050,6,0
22557,2050,7,0
22558,2050,8,0
22559,2050,9,0
22560,2050,10,1
22561,2051,0,0
22562,2051,1,1
22563,2051,2,0
22564,2051,3,1
22565,2051,4,0
22566,2051,5,1
22567,2051,6,2
22568,2051,7,3
22569,2051,8,4
22570,2051,9,5
22571,2051,10,5
22572,2052,0,0
22573,2052,1,0
22574,2052,2,0
22575,2052,3,0
22576,2052,4,0
22577,2052,5,0
22578,2052,6,0
22579,2052,7,0
22580,2052,8,0
22581,2052,9,0
22582,2052,10,0
22583,2053,0,0
22584,2053,1,1
22585,2053,2,2
22586,2053,3,2
22587,2053,4,3
22588,2053,5,4
22589,2053,6,4
22590,2053,7,4
22591,2053,8,4
22592,2053,9,3
22593,2053,10,2
22594,2054,0,0
22595,2054,1,1
22596,2054,2,2
22597,2054,3,3
22598,2054,4,4
22599,2054,5,3
22600,2054,6,4
22601,2054,7,3
22602,2054,8,4
22603,2054,9,3
22604,2054,10,4
22605,2055,0,0
22606,2055,1,0
22607,2055,2,0
22608,2055,3,0
22609,2055,4,0
22610,2055,5,0
22611,2055,6,0
22612,2055,7,0
22613,2055,8,0
22614,2055,9,0
22615,2055,10,0
22616,2056,0,0
22617,2056,1,1
22618,2056,2,2
22619,2056,3,1
22620,2056,4,0
22621,2056,5,1
22622,2056,6,0
22623,2056,7,1
22624,2056,8,2
22625,2056,9,3
22626,2056,10,2
22627,2057,0,0
22628,2057,1,1
22629,2057,2,0
22630,2057,3,1
22631,2057,4,0
22632,2057,5,1
22633,2057,6,0
22634,2057,7,0
22635,2057,8,1
22636,2057,9,0
22637,2057,10,1
22638,2058,0,0
22639,2058,1,1
22640,2058,2,0
22641,2058,3,1
22642,2058,4,0
22643,2058,5,1
22644,2058,6,0
22645,2058,7,1
22646,2058,8,0
22647,2058,9,1
22648,2058,10,0
22649,2059,0,0
22650,2059,1,0
22651,2059,2,0
22652,2059,3,1
22653,2059,4,0
22654,2059,5,0
22655,2059,6,0
22656,2059,7,0
22657,2059,8,0
22658,2059,9,0
22659,2059,10,1
22660,2060,0,0
22661,2060,1,1
22662,2060,2,1
22663,2060,3,2
22664,2060,4,1
22665,2060,5,0
22666,2060,6,1
22667,2060,7,0
22668,2060,8,1
22669,2060,9,0
22670,2060,10,1
22671,2061,0,0
22672,2061,1,0
22673,2061,2,0
22674,2061,3,0
22675,2061,4,0
22676,2061,5,0
22677,2061,6,0
22678,2061,7,0
22679,2061,8,0
22680,2061,9,0
22681,2061,10,1
22682,2062,0,0
22683,2062,1,0
22684,2062,2,1
22685,2062,3,0
22686,2062,4,0
22687,2062,5,0
22688,2062,6,1
22689,2062,7,1
22690,2062,8,0
22691,2062,9,0
22692,2062,10,0
22693,2063,0,0
22694,2063,1,1
22695,2063,2,2
22696,2063,3,3
22697,2063,4,4
22698,2063,5,3
22699,2063,6,4
22700,2063,7,5
22701,2063,8,5
22702,2063,9,5
22703,2063,10,5
22704,2064,0,0
22705,2064,1,0
22706,2064,2,0
22707,2064,3,0
22708,2064,4,0
22709,2064,5,0
22710,2064,6,0
22711,2064,7,0
22712,2064,8,0
22713,2064,9,1
22714,2064,10,0
22715,2065,0,0
22716,2065,1,0
22717,2065,2,1
22718,2065,3,2
22719,2065,4,1
22720,2065,5,2
22721,2065,6,3
22722,2065,7,2
22723,2065,8,3
22724,2065,9,2
22725,2065,10,1
22726,2066,0,0
22727,2066,1,0
22728,2066,2,0
22729,2066,3,0
22730,2066,4,0
22731,2066,5,0
22732,2066,6,0
22733,2066,7,0
22734,2066,8,0
22735,2066,9,0
22736,2066,10,0
22737,2067,0,0
22738,2067,1,1
22739,2067,2,2
22740,2067,3,1
22741,2067,4,2
22742,2067,5,3
22743,2067,6,2
22744,2067,7,1
22745,2067,8,2
22746,2067,9,3
22747,2067,10,2
22748,2068,0,0
22749,2068,1,1
22750,2068,2,0
22751,2068,3,1
22752,2068,4,1
22753,2068,5,2
22754,2068,6,2
22755,2068,7,2
22756,2068,8,2
22757,2068,9,2
22758,2068,10,2
22759,2069,0,0
22760,2069,1,0
22761,2069,2,0
22762,2069,3,0
22763,2069,4,0
22764,2069,5,0
22765,2069,6,0
22766,2069,7,0
22767,2069,8,0
22768,2069,9,0
22769,2069,10,0
22770,2070,0,0
22771,2070,1,1
22772,2070,2,0
22773,2070,3,1
22774,2070,4,0
22775,2070,5,1
22776,2070,6,0
22777,2070,7,1
22778,2070,8,1
22779,2070,9,1
22780,2070,10,1
22781,2071,0,0
22782,2071,1,0
22783,2071,2,0
22784,2071,3,0
22785,2071,4,0
22786,2071,5,0
22787,2071,6,0
22788,2071,7,0
22789,2071,8,0
22790,2071,9,0
22791,2071,10,0
22792,2072,0,0
22793,2072,1,1
22794,2072,2,1
22795,2072,3,0
22796,2072,4,0
22797,2072,5,1
22798,2072,6,0
22799,2072,7,1
22800,2072,8,0
22801,2072,9,0
22802,2072,10,1
22803,2073,0,0
22804,2073,1,0
22805,2073,2,0
22806,2073,3,0
22807,2073,4,0
22808,2073,5,0
22809,2073,6,0
22810,2073,7,0
22811,2073,8,0
22812,2073,9,0
22813,2073,10,0
22814,2074,0,0
22815,2074,1,0
22816,2074,2,1
22817,2074,3,0
22818,2074,4,1
22819,2074,5,2
22820,2074,6,3
22821,2074,7,2
22822,2074,8,3
22823,2074,9,2
22824,2074,10,3
22825,2075,0,0
22826,2075,1,1
22827,2075,2,2
22828,2075,3,3
22829,2075,4,2
22830,2075,5,1
22831,2075,6,2
22832,2075,7,1
22833,2075,8,2
22834,2075,9,1
22835,2075,10,2
22836,2076,0,0
22837,2076,1,1
22838,2076,2,1
22839,2076,3,0
22840,2076,4,0
22841,2076,5,1
22842,2076,6,1
22843,2076,7,1
22844,2076,8,1
22845,2076,9,1
22846,2076,10,1
22847,2077,0,0
22848,2077,1,0
22849,2077,2,0
22850,2077,3,0
22851,2077,4,1
22852,2077,5,0
22853,2077,6,0
22854,2077,7,0
22855,2077,8,0
22856,2077,9,1
22857,2077,10,1
22858,2078,0,0
22859,2078,1,0
22860,2078,2,0
22861,2078,3,0
22862,2078,4,0
22863,2078,5,0
22864,2078,6,0
22865,2078,7,0
22866,2078,8,0
22867,2078,9,0
22868,2078,10,0
22869,2079,0,0
22870,2079,1,1
22871,2079,2,0
22872,2079,3,1
22873,2079,4,1
22874,2079,5,0
22875,2079,6,1
22876,2079,7,1
22877,2079,8,0
22878,2079,9,0
22879,2079,10,1
22880,2080,0,0
22881,2080,1,1
22882,2080,2,2
22883,2080,3,3
22884,2080,4,2
22885,2080,5,3
22886,2080,6,4
22887,2080,7,5
22888,2080,8,5
22889,2080,9,5
22890,2080,10,5
22891,2081,0,0
22892,2081,1,0
22893,2081,2,0
22894,2081,3,0
22895,2081,4,0
22896,2081,5,0
22897,2081,6,0
22898,2081,7,0
22899,2081,8,0
22900,2081,9,0
22901,2081,10,0
22902,2082,0,0
22903,2082,1,1
22904,2082,2,1
22905,2082,3,1
22906,2082,4,1
22907,2082,5,1
22908,2082,6,0
22909,2082,7,1
22910,2082,8,1
22911,2082,9,1
22912,2082,10,0
22913,2083,0,0
22914,2083,1,0
22915,2083,2,0
22916,2083,3,0
22917,2083,4,0
22918,2083,5,0
22919,2083,6,0
22920,2083,7,0
22921,2083,8,0
22922,2083,9,0
22923,2083,10,0
22924,2084,0,0
22925,2084,1,1
22926,2084,2,0
22927,2084,3,1
22928,2084,4,1
22929,2084,5,0
22930,2084,6,0
22931,2084,7,0
22932,2084,8,1
22933,2084,9,0
22934,2084,10,1
22935,2085,0,0
22936,2085,1,0
22937,2085,2,0
22938,2085,3,0
22939,2085,4,0
22940,2085,5,0
22941,2085,6,0
22942,2085,7,0
22943,2085,8,0
22944,2085,9,0
22945,2085,10,0
22946,2086,0,0
22947,2086,1,1
22948,2086,2,2
22949,2086,3,3
22950,2086,4,4
22951,2086,5,4
22952,2086,6,5
22953,2086,7,5
22954,2086,8,5
22955,2086,9,5
22956,2086,10,5
22957,2087,0,0
22958,2087,1,1
22959,2087,2,2
22960,2087,3,1
22961,2087,4,2
22962,2087,5,3
22963,2087,6,4
22964,2087,7,3
22965,2087,8,4
22966,2087,9,3
22967,2087,10,3
22968,2088,0,0
22969,2088,1,0
22970,2088,2,0
22971,2088,3,0
22972,2088,4,0
22973,2088,5,0
22974,2088,6,1
22975,2088,7,0
22976,2088,8,1
22977,2088,9,2
22978,2088,10,2
22979,2089,0,0
22980,2089,1,0
22981,2089,2,1
22982,2089,3,2
22983,2089,4,1
22984,2089,5,0
22985,2089,6,0
22986,2089,7,1
22987,2089,8,2
22988,2089,9,1
22989,2089,10,1
22990,2090,0,0
22991,2090,1,0
22992,2090,2,0
22993,2090,3,0
22994,2090,4,0
22995,2090,5,0
22996,2090,6,0
22997,2090,7,0
22998,2090,8,0
22999,2090,9,0
23000,2090,10,0
23001,2091,0,0
23002,2091,1,0
23003,2091,2,0
23004,2091,3,0
23005,2091,4,0
23006,2091,5,0
23007,2091,6,0
23008,2091,7,0
23009,2091,8,0
23010,2091,9,0
23011,2091,10,0
23012,2092,0,0
23013,2092,1,1
23014,2092,2,2
23015,2092,3,3
23016,2092,4,2
23017,2092,5,1
23018,2092,6,2
23019,2092,7,3
23020,2092,8,2
23021,2092,9,3
23022,2092,10,2
23023,2093,0,0
23024,2093,1,0
23025,2093,2,0
23026,2093,3,0
23027,2093,4,0
23028,2093,5,0
23029,2093,6,0
23030,2093,7,0
23031,2093,8,0
23032,2093,9,0
23033,2093,10,0
23034,2094,0,0
23035,2094,1,0
23036,2094,2,0
23037,2094,3,0
23038,2094,4,0
23039,2094,5,0
23040,2094,6,0
23041,2094,7,0
23042,2094,8,0
23043,2094,9,0
23044,2094,10,0
23045,2095,0,0
23046,2095,1,0
23047,2095,2,1
23048,2095,3,0
23049,2095,4,0
23050,2095,5,1
23051,2095,6,0
23052,2095,7,1
23053,2095,8,0
23054,2095,9,1
23055,2095,10,0
23056,2096,0,0
23057,2096,1,1
23058,2096,2,2
23059,2096,3,1
23060,2096,4,2
23061,2096,5,3
23062,2096,6,2
23063,2096,7,3
23064,2096,8,2
23065,2096,9,3
23066,2096,10,2
23067,2097,0,0
23068,2097,1,1
23069,2097,2,1
23070,2097,3,1
23071,2097,4,0
23072,2097,5,1
23073,2097,6,0
23074,2097,7,1
23075,2097,8,1
23076,2097,9,0
23077,2097,10,0
23078,2098,0,0
23079,2098,1,0
23080,2098,2,0
23081,2098,3,0
23082,2098,4,0
23083,2098,5,0
23084,2098,6,0
23085,2098,7,0
23086,2098,8,0
23087,2098,9,0
23088,2098,10,0
23089,2099,0,0
23090,2099,1,1
23091,2099,2,0
23092,2099,3,0
23093,2099,4,1
23094,2099,5,0
23095,2099,6,0
23096,2099,7,1
23097,2099,8,0
23098,2099,9,0
23099,2099,10,1
23100,2100,0,0
23101,2100,1,0
23102,2100,2,0
23103,2100,3,1
23104,2100,4,2
23105,2100,5,3
23106,2100,6,4
23107,2100,7,5
23108,2100,8,5
23109,2100,9,5
23110,2100,10,5
23111,2101,0,0
23112,2101,1,0
23113,2101,2,0
23114,2101,3,0
23115,2101,4,0
23116,2101,5,1
23117,2101,6,0
23118,2101,7,1
23119,2101,8,0
23120,2101,9,0
23121,2101,10,0
23122,2102,0,0
23123,2102,1,1
23124,2102,2,0
23125,2102,3,1
23126,2102,4,0
23127,2102,5,1
23128,2102,6,2
23129,2102,7,2
23130,2102,8,2
23131,2102,9,3
23132,2102,10,3
23133,2103,0,0
23134,2103,1,0
23135,2103,2,0
23136,2103,3,0
23137,2103,4,1
23138,2103,5,2
23139,2103,6,1
23140,2103,7,0
23141,2103,8,0
23142,2103,9,1
23143,2103,10,0
23144,2104,0,0
23145,2104,1,1
23146,2104,2,2
23147,2104,3,1
23148,2104,4,2
23149,2104,5,1
23150,2104,6,2
23151,2104,7,1
23152,2104,8,2
23153,2104,9,3
23154,2104,10,4
23155,2105,0,0
23156,2105,1,0
23157,2105,2,0
23158,2105,3,0
23159,2105,4,0
23160,2105,5,0
23161,2105,6,0
23162,2105,7,0
23163,2105,8,0
23164,2105,9,0
23165,2105,10,0
23166,2106,0,0
23167,2106,1,1
23168,2106,2,2
23169,2106,3,2
23170,2106,4,3
23171,2106,5,4
23172,2106,6,5
23173,2106,7,5
23174,2106,8,5
23175,2106,9,5
23176,2106,10,5
23177,2107,0,0
23178,2107,1,1
23179,2107,2,2
23180,2107,3,3
23181,2107,4,4
23182,2107,5,3
23183,2107,6,4
23184,2107,7,3
23185,2107,8,4
23186,2107,9,3
23187,2107,10,4
23188,2108,0,0
23189,2108,1,1
23190,2108,2,2
23191,2108,3,3
23192,2108,4,4
23193,2108,5,3
23194,2108,6,2
23195,2108,7,3
23196,2108,8,4
23197,2108,9,3
23198,2108,10,4
23199,2109,0,0
23200,2109,1,0
23201,2109,2,0
23202,2109,3,0
23203,2109,4,0
23204,2109,5,0
23205,2109,6,0
23206,2109,7,0
23207,2109,8,0
23208,2109,9,0
23209,2109,10,0
23210,2110,0,0
23211,2110,1,0
23212,2110,2,0
23213,2110,3,0
23214,2110,4,0
23215,2110,5,0
23216,2110,6,0
23217,2110,7,0
23218,2110,8,0
23219,2110,9,0
23220,2110,10,0
23221,2111,0,0
23222,2111,1,0
23223,2111,2,0
23224,2111,3,0
23225,2111,4,0
23226,2111,5,0
23227,2111,6,0
23228,2111,7,0
23229,2111,8,0
23230,2111,9,0
23231,2111,10,0
23232,2112,0,0
23233,2112,1,0
23234,2112,2,1
23235,2112,3,0
23236,2112,4,1
23237,2112,5,0
23238,2112,6,0
23239,2112,7,1
23240,2112,8,0
23241,2112,9,1
23242,2112,10,0
23243,2113,0,0
23244,2113,1,1
23245,2113,2,2
23246,2113,3,1
23247,2113,4,2
23248,2113,5,3
23249,2113,6,4
23250,2113,7,3
23251,2113,8,4
23252,2113,9,5
23253,2113,10,5
23254,2114,0,0
23255,2114,1,1
23256,2114,2,2
23257,2114,3,3
23258,2114,4,4
23259,2114,5,5
23260,2114,6,5
23261,2114,7,5
23262,2114,8,5
23263,2114,9,5
23264,2114,10,5
23265,2115,0,0
23266,2115,1,1
23267,2115,2,2
23268,2115,3,1
23269,2115,4,2
23270,2115,5,1
23271,2115,6,2
23272,2115,7,1
23273,2115,8,2
23274,2115,9,3
23275,2115,10,3
23276,2116,0,0
23277,2116,1,1
23278,2116,2,1
23279,2116,3,0
23280,2116,4,0
23281,2116,5,0
23282,2116,6,0
23283,2116,7,0
23284,2116,8,1
23285,2116,9,0
23286,2116,10,0
23287,2117,0,0
23288,2117,1,0
23289,2117,2,0
23290,2117,3,0
23291,2117,4,0
23292,2117,5,1
23293,2117,6,0
23294,2117,7,0
23295,2117,8,0
23296,2117,9,0
23297,2117,10,0
23298,2118,0,0
23299,2118,1,1
23300,2118,2,2
23301,2118,3,1
23302,2118,4,2
23303,2118,5,1
23304,2118,6,2
23305,2118,7,1
23306,2118,8,2
23307,2118,9,1
23308,2118,10,2
23309,2119,0,0
23310,2119,1,0
23311,2119,2,0
23312,2119,3,0
23313,2119,4,0
23314,2119,5,0
23315,2119,6,0
23316,2119,7,0
23317,2119,8,1
23318,2119,9,2
23319,2119,10,1
23320,2120,0,0
23321,2120,1,1
23322,2120,2,1
23323,2120,3,0
23324,2120,4,1
23325,2120,5,1
23326,2120,6,0
23327,2120,7,1
23328,2120,8,0
23329,2120,9,1
23330,2120,10,1
23331,2121,0,0
23332,2121,1,1
23333,2121,2,1
23334,2121,3,1
23335,2121,4,2
23336,2121,5,1
23337,2121,6,1
23338,2121,7,1
23339,2121,8,0
23340,2121,9,1
23341,2121,10,1
23342,2122,0,0
23343,2122,1,1
23344,2122,2,2
23345,2122,3,1
23346,2122,4,2
23347,2122,5,3
23348,2122,6,4
23349,2122,7,3
23350,2122,8,4
23351,2122,9,3
23352,2122,10,4
23353,2123,0,0
23354,2123,1,0
23355,2123,2,0
23356,2123,3,0
23357,2123,4,0
23358,2123,5,0
23359,2123,6,0
23360,2123,7,0
23361,2123,8,0
23362,2123,9,0
23363,2123,10,0
23364,2124,0,0
23365,2124,1,1
23366,2124,2,2
23367,2124,3,2
23368,2124,4,2
23369,2124,5,2
23370,2124,6,2
23371,2124,7,2
23372,2124,8,2
23373,2124,9,3
23374,2124,10,2
23375,2125,0,0
23376,2125,1,0
23377,2125,2,0
23378,2125,3,0
23379,2125,4,0
23380,2125,5,0
23381,2125,6,0
23382,2125,7,0
23383,2125,8,0
23384,2125,9,0
23385,2125,10,0
23386,2126,0,0
23387,2126,1,0
23388,2126,2,0
23389,2126,3,0
23390,2126,4,0
23391,2126,5,0
23392,2126,6,0
23393,2126,7,0
23394,2126,8,0
23395,2126,9,0
23396,2126,10,1
23397,2127,0,0
23398,2127,1,0
23399,2127,2,0
23400,2127,3,0
23401,2127,4,0
23402,2127,5,0
23403,2127,6,0
23404,2127,7,0
23405,2127,8,0
23406,2127,9,0
23407,2127,10,0
23408,2128,0,0
23409,2128,1,1
23410,2128,2,0
23411,2128,3,1
23412,2128,4,0
23413,2128,5,1
23414,2128,6,0
23415,2128,7,0
23416,2128,8,0
23417,2128,9,0
23418,2128,10,0
23419,2129,0,0
23420,2129,1,0
23421,2129,2,0
23422,2129,3,0
23423,2129,4,0
23424,2129,5,0
23425,2129,6,0
23426,2129,7,0
23427,2129,8,0
23428,2129,9,0
23429,2129,10,0
23430,2130,0,0
23431,2130,1,1
23432,2130,2,2
23433,2130,3,1
23434,2130,4,1
23435,2130,5,0
23436,2130,6,1
23437,2130,7,1
23438,2130,8,1
23439,2130,9,0
23440,2130,10,1
23441,2131,0,0
23442,2131,1,0
23443,2131,2,0
23444,2131,3,0
23445,2131,4,0
23446,2131,5,0
23447,2131,6,0
23448,2131,7,0
23449,2131,8,0
23450,2131,9,0
23451,2131,10,0
23452,2132,0,0
23453,2132,1,1
23454,2132,2,1
23455,2132,3,0
23456,2132,4,1
23457,2132,5,1
23458,2132,6,1
23459,2132,7,2
23460,2132,8,1
23461,2132,9,1
23462,2132,10,1
23463,2133,0,0
23464,2133,1,1
23465,2133,2,2
23466,2133,3,1
23467,2133,4,2
23468,2133,5,3
23469,2133,6,4
23470,2133,7,3
23471,2133,8,3
23472,2133,9,3
23473,2133,10,3
23474,2134,0,0
23475,2134,1,1
23476,2134,2,1
23477,2134,3,2
23478,2134,4,1
23479,2134,5,0
23480,2134,6,0
23481,2134,7,1
23482,2134,8,1
23483,2134,9,1
23484,2134,10,2
23485,2135,0,0
23486,2135,1,0
23487,2135,2,0
23488,2135,3,0
23489,2135,4,0
23490,2135,5,0
23491,2135,6,0
23492,2135,7,0
23493,2135,8,0
23494,2135,9,0
23495,2135,10,0
23496,2136,0,0
23497,2136,1,1
23498,2136,2,1
23499,2136,3,0
23500,2136,4,1
23501,2136,5,1
23502,2136,6,1
23503,2136,7,0
23504,2136,8,1
23505,2136,9,0
23506,2136,10,1
23507,2137,0,0
23508,2137,1,1
23509,2137,2,2
23510,2137,3,1
23511,2137,4,0
23512,2137,5,1
23513,2137,6,2
23514,2137,7,1
23515,2137,8,2
23516,2137,9,1
23517,2137,10,0
23518,2138,0,0
23519,2138,1,0
23520,2138,2,1
23521,2138,3,0
23522,2138,4,0
23523,2138,5,0
23524,2138,6,0
23525,2138,7,0
23526,2138,8,1
23527,2138,9,0
23528,2138,10,0
23529,2139,0,0
23530,2139,1,0
23531,2139,2,1
23532,2139,3,2
23533,2139,4,3
23534,2139,5,4
23535,2139,6,5
23536,2139,7,5
23537,2139,8,5
23538,2139,9,5
23539,2139,10,5
23540,2140,0,0
23541,2140,1,1
23542,2140,2,2
23543,2140,3,2
23544,2140,4,1
23545,2140,5,0
23546,2140,6,0
23547,2140,7,0
23548,2140,8,1
23549,2140,9,1
23550,2140,10,1
23551,2141,0,0
23552,2141,1,0
23553,2141,2,0
23554,2141,3,0
23555,2141,4,1
23556,2141,5,2
23557,2141,6,2
23558,2141,7,3
23559,2141,8,3
23560,2141,9,2
23561,2141,10,3
23562,2142,0,0
23563,2142,1,0
23564,2142,2,1
23565,2142,3,2
23566,2142,4,2
23567,2142,5,3
23568,2142,6,4
23569,2142,7,3
23570,2142,8,3
23571,2142,9,3
23572,2142,10,3
23573,2143,0,0
23574,2143,1,1
23575,2143,2,1
23576,2143,3,2
23577,2143,4,2
23578,2143,5,2
23579,2143,6,1
23580,2143,7,2
23581,2143,8,1
23582,2143,9,0
23583,2143,10,1
23584,2144,0,0
23585,2144,1,0
23586,2144,2,1
23587,2144,3,0
23588,2144,4,0
23589,2144,5,0
23590,2144,6,0
23591,2144,7,0
23592,2144,8,0
23593,2144,9,0
23594,2144,10,0
23595,2145,0,0
23596,2145,1,1
23597,2145,2,2
23598,2145,3,3
23599,2145,4,4
23600,2145,5,3
23601,2145,6,4
23602,2145,7,3
23603,2145,8,4
23604,2145,9,3
23605,2145,10,4
23606,2146,0,0
23607,2146,1,0
23608,2146,2,0
23609,2146,3,0
23610,2146,4,0
23611,2146,5,0
23612,2146,6,0
23613,2146,7,0
23614,2146,8,0
23615,2146,9,0
23616,2146,10,0
23617,2147,0,0
23618,2147,1,0
23619,2147,2,0
23620,2147,3,0
23621,2147,4,0
23622,2147,5,0
23623,2147,6,0
23624,2147,7,0
23625,2147,8,0
23626,2147,9,0
23627,2147,10,0
23628,2148,0,0
23629,2148,1,1
23630,2148,2,2
23631,2148,3,3
23632,2148,4,2
23633,2148,5,3
23634,2148,6,4
23635,2148,7,3
23636,2148,8,4
23637,2148,9,3
23638,2148,10,4
23639,2149,0,0
23640,2149,1,1
23641,2149,2,1
23642,2149,3,0
23643,2149,4,1
23644,2149,5,1
23645,2149,6,0
23646,2149,7,1
23647,2149,8,1
23648,2149,9,0
23649,2149,10,1
23650,2150,0,0
23651,2150,1,1
23652,2150,2,2
23653,2150,3,3
23654,2150,4,4
23655,2150,5,5
23656,2150,6,5
23657,2150,7,5
23658,2150,8,5
23659,2150,9,5
23660,2150,10,5
23661,2151,0,0
23662,2151,1,1
23663,2151,2,0
23664,2151,3,1
23665,2151,4,0
23666,2151,5,1
23667,2151,6,0
23668,2151,7,1
23669,2151,8,0
23670,2151,9,1
23671,2151,10,0
23672,2152,0,0
23673,2152,1,0
23674,2152,2,1
23675,2152,3,1
23676,2152,4,0
23677,2152,5,1
23678,2152,6,1
23679,2152,7,0
23680,2152,8,0
23681,2152,9,1
23682,2152,10,0
23683,2153,0,0
23684,2153,1,0
23685,2153,2,1
23686,2153,3,2
23687,2153,4,1
23688,2153,5,2
23689,2153,6,1
23690,2153,7,0
23691,2153,8,1
23692,2153,9,2
23693,2153,10,1
23694,2154,0,0
23695,2154,1,0
23696,2154,2,0
23697,2154,3,0
23698,2154,4,0
23699,2154,5,0
23700,2154,6,0
23701,2154,7,0
23702,2154,8,0
23703,2154,9,0
23704,2154,10,0
23705,2155,0,0
23706,2155,1,1
23707,2155,2,2
23708,2155,3,1
23709,2155,4,2
23710,2155,5,1
23711,2155,6,2
23712,2155,7,3
23713,2155,8,2
23714,2155,9,3
23715,2155,10,4
23716,2156,0,0
23717,2156,1,1
23718,2156,2,2
23719,2156,3,1
23720,2156,4,2
23721,2156,5,1
23722,2156,6,0
23723,2156,7,1
23724,2156,8,2
23725,2156,9,1
23726,2156,10,2
23727,2157,0,0
23728,2157,1,1
23729,2157,2,2
23730,2157,3,1
23731,2157,4,2
23732,2157,5,1
23733,2157,6,2
23734,2157,7,1
23735,2157,8,2
23736,2157,9,1
23737,2157,10,2
23738,2158,0,0
23739,2158,1,1
23740,2158,2,0
23741,2158,3,1
23742,2158,4,1
23743,2158,5,1
23744,2158,6,1
23745,2158,7,0
23746,2158,8,1
23747,2158,9,0
23748,2158,10,1
23749,2159,0,0
23750,2159,1,0
23751,2159,2,1
23752,2159,3,2
23753,2159,4,3
23754,2159,5,4
23755,2159,6,3
23756,2159,7,4
23757,2159,8,3
23758,2159,9,4
23759,2159,10,5
23760,2160,0,0
23761,2160,1,0
23762,2160,2,0
23763,2160,3,0
23764,2160,4,1
23765,2160,5,0
23766,2160,6,0
23767,2160,7,0
23768,2160,8,0
23769,2160,9,0
23770,2160,10,1
23771,2161,0,0
23772,2161,1,0
23773,2161,2,1
23774,2161,3,1
23775,2161,4,1
23776,2161,5,0
23777,2161,6,0
23778,2161,7,0
23779,2161,8,0
23780,2161,9,0
23781,2161,10,1
23782,2162,0,0
23783,2162,1,0
23784,2162,2,0
23785,2162,3,0
23786,2162,4,0
23787,2162,5,0
23788,2162,6,0
23789,2162,7,0
23790,2162,8,0
23791,2162,9,0
23792,2162,10,0
23793,2163,0,0
23794,2163,1,1
23795,2163,2,0
23796,2163,3,1
23797,2163,4,2
23798,2163,5,3
23799,2163,6,3
23800,2163,7,4
23801,2163,8,3
23802,2163,9,4
23803,2163,10,5
23804,2164,0,0
23805,2164,1,1
23806,2164,2,2
23807,2164,3,1
23808,2164,4,2
23809,2164,5,1
23810,2164,6,0
23811,2164,7,1
23812,2164,8,0
23813,2164,9,1
23814,2164,10,2
23815,2165,0,0
23816,2165,1,0
23817,2165,2,0
23818,2165,3,0
23819,2165,4,0
23820,2165,5,0
23821,2165,6,0
23822,2165,7,0
23823,2165,8,1
23824,2165,9,0
23825,2165,10,1
23826,2166,0,0
23827,2166,1,1
23828,2166,2,0
23829,2166,3,1
23830,2166,4,0
23831,2166,5,1
23832,2166,6,0
23833,2166,7,1
23834,2166,8,2
23835,2166,9,1
23836,2166,10,2
23837,2167,0,0
23838,2167,1,1
23839,2167,2,0
23840,2167,3,0
23841,2167,4,0
23842,2167,5,0
23843,2167,6,1
23844,2167,7,0
23845,2167,8,0
23846,2167,9,0
23847,2167,10,1
23848,2168,0,0
23849,2168,1,1
23850,2168,2,0
23851,2168,3,1
23852,2168,4,2
23853,2168,5,1
23854,2168,6,0
23855,2168,7,1
23856,2168,8,0
23857,2168,9,1
23858,2168,10,0
23859,2169,0,0
23860,2169,1,1
23861,2169,2,2
23862,2169,3,3
23863,2169,4,2
23864,2169,5,3
23865,2169,6,2
23866,2169,7,3
23867,2169,8,2
23868,2169,9,3
23869,2169,10,2
23870,2170,0,0
23871,2170,1,1
23872,2170,2,1
23873,2170,3,2
23874,2170,4,3
23875,2170,5,2
23876,2170,6,3
23877,2170,7,4
23878,2170,8,3
23879,2170,9,2
23880,2170,10,1
23881,2171,0,0
23882,2171,1,1
23883,2171,2,0
23884,2171,3,1
23885,2171,4,0
23886,2171,5,1
23887,2171,6,1
23888,2171,7,1
23889,2171,8,1
23890,2171,9,0
23891,2171,10,1
23892,2172,0,0
23893,2172,1,1
23894,2172,2,2
23895,2172,3,1
23896,2172,4,2
23897,2172,5,1
23898,2172,6,2
23899,2172,7,1
23900,2172,8,2
23901,2172,9,1
23902,2172,10,2
23903,2173,0,0
23904,2173,1,1
23905,2173,2,2
23906,2173,3,1
23907,2173,4,0
23908,2173,5,1
23909,2173,6,2
23910,2173,7,1
23911,2173,8,0
23912,2173,9,1
23913,2173,10,0
23914,2174,0,0
23915,2174,1,0
23916,2174,2,0
23917,2174,3,0
23918,2174,4,0
23919,2174,5,0
23920,2174,6,0
23921,2174,7,0
23922,2174,8,0
23923,2174,9,0
23924,2174,10,0
23925,2175,0,0
23926,2175,1,1
23927,2175,2,2
23928,2175,3,1
23929,2175,4,2
23930,2175,5,3
23931,2175,6,2
23932,2175,7,1
23933,2175,8,2
23934,2175,9,1
23935,2175,10,2
23936,2176,0,0
23937,2176,1,1
23938,2176,2,0
23939,2176,3,0
23940,2176,4,1
23941,2176,5,2
23942,2176,6,1
23943,2176,7,2
23944,2176,8,1
23945,2176,9,2
23946,2176,10,1
23947,2177,0,0
23948,2177,1,1
23949,2177,2,0
23950,2177,3,1
23951,2177,4,0
23952,2177,5,1
23953,2177,6,0
23954,2177,7,1
23955,2177,8,0
23956,2177,9,1
23957,2177,10,0
23958,2178,0,0
23959,2178,1,0
23960,2178,2,0
23961,2178,3,0
23962,2178,4,0
23963,2178,5,0
23964,2178,6,0
23965,2178,7,0
23966,2178,8,0
23967,2178,9,0
23968,2178,10,0
23969,2179,0,0
23970,2179,1,1
23971,2179,2,0
23972,2179,3,0
23973,2179,4,1
23974,2179,5,1
23975,2179,6,0
23976,2179,7,1
23977,2179,8,0
23978,2179,9,1
23979,2179,10,1
23980,2180,0,0
23981,2180,1,1
23982,2180,2,0
23983,2180,3,1
23984,2180,4,1
23985,2180,5,1
23986,2180,6,0
23987,2180,7,1
23988,2180,8,0
23989,2180,9,1
23990,2180,10,0
23991,2181,0,0
23992,2181,1,0
23993,2181,2,0
23994,2181,3,0
23995,2181,4,0
23996,2181,5,0
23997,2181,6,0
23998,2181,7,0
23999,2181,8,1
24000,2181,9,0
24001,2181,10,0
24002,2182,0,0
24003,2182,1,1
24004,2182,2,0
24005,2182,3,1
24006,2182,4,2
24007,2182,5,1
24008,2182,6,2
24009,2182,7,1
24010,2182,8,0
24011,2182,9,1
24012,2182,10,2
24013,2183,0,0
24014,2183,1,0
24015,2183,2,0
24016,2183,3,1
24017,2183,4,2
24018,2183,5,1
24019,2183,6,2
24020,2183,7,1
24021,2183,8,0
24022,2183,9,0
24023,2183,10,1
24024,2184,0,0
24025,2184,1,1
24026,2184,2,2
24027,2184,3,3
24028,2184,4,2
24029,2184,5,3
24030,2184,6,2
24031,2184,7,3
24032,2184,8,2
24033,2184,9,3
24034,2184,10,2
24035,2185,0,0
24036,2185,1,1
24037,2185,2,1
24038,2185,3,2
24039,2185,4,3
24040,2185,5,3
24041,2185,6,3
24042,2185,7,3
24043,2185,8,3
24044,2185,9,3
24045,2185,10,3
24046,2186,0,0
24047,2186,1,1
24048,2186,2,2
24049,2186,3,1
24050,2186,4,2
24051,2186,5,1
24052,2186,6,1
24053,2186,7,2
24054,2186,8,1
24055,2186,9,2
24056,2186,10,1
24057,2187,0,0
24058,2187,1,1
24059,2187,2,0
24060,2187,3,1
24061,2187,4,0
24062,2187,5,1
24063,2187,6,2
24064,2187,7,1
24065,2187,8,0
24066,2187,9,0
24067,2187,10,1
24068,2188,0,0
24069,2188,1,0
24070,2188,2,1
24071,2188,3,0
24072,2188,4,1
24073,2188,5,0
24074,2188,6,0
24075,2188,7,1
24076,2188,8,0
24077,2188,9,0
24078,2188,10,1
24079,2189,0,0
24080,2189,1,0
24081,2189,2,0
24082,2189,3,0
24083,2189,4,0
24084,2189,5,0
24085,2189,6,0
24086,2189,7,0
24087,2189,8,0
24088,2189,9,0
24089,2189,10,0
24090,2190,0,0
24091,2190,1,0
24092,2190,2,1
24093,2190,3,0
24094,2190,4,1
24095,2190,5,1
24096,2190,6,0
24097,2190,7,1
24098,2190,8,1
24099,2190,9,1
24100,2190,10,0
24101,2191,0,0
24102,2191,1,1
24103,2191,2,1
24104,2191,3,1
24105,2191,4,1
24106,2191,5,1
24107,2191,6,1
24108,2191,7,1
24109,2191,8,1
24110,2191,9,2
24111,2191,10,3
24112,2192,0,0
24113,2192,1,1
24114,2192,2,0
24115,2192,3,1
24116,2192,4,0
24117,2192,5,1
24118,2192,6,1
24119,2192,7,1
24120,2192,8,1
24121,2192,9,1
24122,2192,10,1
24123,2193,0,0
24124,2193,1,0
24125,2193,2,0
24126,2193,3,0
24127,2193,4,0
24128,2193,5,0
24129,2193,6,0
24130,2193,7,0
24131,2193,8,0
24132,2193,9,0
24133,2193,10,0
24134,2194,0,0
24135,2194,1,0
24136,2194,2,0
24137,2194,3,1
24138,2194,4,0
24139,2194,5,0
24140,2194,6,0
24141,2194,7,0
24142,2194,8,0
24143,2194,9,1
24144,2194,10,0
24145,2195,0,0
24146,2195,1,1
24147,2195,2,0
24148,2195,3,1
24149,2195,4,2
24150,2195,5,2
24151,2195,6,2
24152,2195,7,1
24153,2195,8,2
24154,2195,9,3
24155,2195,10,4
24156,2196,0,0
24157,2196,1,0
24158,2196,2,0
24159,2196,3,1
24160,2196,4,1
24161,2196,5,0
24162,2196,6,1
24163,2196,7,0
24164,2196,8,0
24165,2196,9,0
24166,2196,10,0
24167,2197,0,0
24168,2197,1,1
24169,2197,2,0
24170,2197,3,1
24171,2197,4,0
24172,2197,5,1
24173,2197,6,0
24174,2197,7,0
24175,2197,8,1
24176,2197,9,0
24177,2197,10,1
24178,2198,0,0
24179,2198,1,0
24180,2198,2,1
24181,2198,3,2
24182,2198,4,3
24183,2198,5,2
24184,2198,6,1
24185,2198,7,2
24186,2198,8,1
24187,2198,9,2
24188,2198,10,1
24189,2199,0,0
24190,2199,1,0
24191,2199,2,1
24192,2199,3,2
24193,2199,4,3
24194,2199,5,2
24195,2199,6,3
24196,2199,7,2
24197,2199,8,2
24198,2199,9,3
24199,2199,10,2
24200,2200,0,0
24201,2200,1,0
24202,2200,2,1
24203,2200,3,0
24204,2200,4,1
24205,2200,5,0
24206,2200,6,1
24207,2200,7,0
24208,2200,8,1
24209,2200,9,0
24210,2200,10,1
24211,2201,0,0
24212,2201,1,1
24213,2201,2,0
24214,2201,3,1
24215,2201,4,0
24216,2201,5,1
24217,2201,6,0
24218,2201,7,1
24219,2201,8,0
24220,2201,9,1
24221,2201,10,0
24222,2202,0,0
24223,2202,1,1
24224,2202,2,0
24225,2202,3,1
24226,2202,4,1
24227,2202,5,2
24228,2202,6,3
24229,2202,7,4
24230,2202,8,4
24231,2202,9,4
24232,2202,10,4
24233,2203,0,0
24234,2203,1,1
24235,2203,2,1
24236,2203,3,1
24237,2203,4,1
24238,2203,5,0
24239,2203,6,1
24240,2203,7,0
24241,2203,8,1
24242,2203,9,0
24243,2203,10,1
24244,2204,0,0
24245,2204,1,1
24246,2204,2,2
24247,2204,3,3
24248,2204,4,4
24249,2204,5,5
24250,2204,6,5
24251,2204,7,5
24252,2204,8,5
24253,2204,9,5
24254,2204,10,5
24255,2205,0,0
24256,2205,1,0
24257,2205,2,0
24258,2205,3,0
24259,2205,4,0
24260,2205,5,0
24261,2205,6,0
24262,2205,7,0
24263,2205,8,0
24264,2205,9,0
24265,2205,10,0
24266,2206,0,0
24267,2206,1,0
24268,2206,2,1
24269,2206,3,2
24270,2206,4,1
24271,2206,5,2
24272,2206,6,1
24273,2206,7,2
24274,2206,8,1
24275,2206,9,2
24276,2206,10,1
24277,2207,0,0
24278,2207,1,1
24279,2207,2,0
24280,2207,3,1
24281,2207,4,0
24282,2207,5,0
24283,2207,6,1
24284,2207,7,0
24285,2207,8,0
24286,2207,9,1
24287,2207,10,0
24288,2208,0,0
24289,2208,1,0
24290,2208,2,0
24291,2208,3,0
24292,2208,4,0
24293,2208,5,0
24294,2208,6,0
24295,2208,7,0
24296,2208,8,0
24297,2208,9,0
24298,2208,10,0
24299,2209,0,0
24300,2209,1,1
24301,2209,2,2
24302,2209,3,3
24303,2209,4,2
24304,2209,5,3
24305,2209,6,2
24306,2209,7,3
24307,2209,8,2
24308,2209,9,3
24309,2209,10,4
24310,2210,0,0
24311,2210,1,0
24312,2210,2,0
24313,2210,3,0
24314,2210,4,0
24315,2210,5,0
24316,2210,6,0
24317,2210,7,0
24318,2210,8,0
24319,2210,9,0
24320,2210,10,0
24321,2211,0,0
24322,2211,1,0
24323,2211,2,0
24324,2211,3,0
24325,2211,4,0
24326,2211,5,0
24327,2211,6,0
24328,2211,7,0
24329,2211,8,0
24330,2211,9,0
24331,2211,10,0
24332,2212,0,0
24333,2212,1,0
24334,2212,2,1
24335,2212,3,0
24336,2212,4,0
24337,2212,5,0
24338,2212,6,0
24339,2212,7,0
24340,2212,8,0
24341,2212,9,0
24342,2212,10,0
24343,2213,0,0
24344,2213,1,0
24345,2213,2,0
24346,2213,3,0
24347,2213,4,0
24348,2213,5,0
24349,2213,6,0
24350,2213,7,0
24351,2213,8,0
24352,2213,9,0
24353,2213,10,0
24354,2214,0,0
24355,2214,1,0
24356,2214,2,0
24357,2214,3,0
24358,2214,4,0
24359,2214,5,0
24360,2214,6,0
24361,2214,7,0
24362,2214,8,0
24363,2214,9,1
24364,2214,10,0
24365,2215,0,0
24366,2215,1,1
24367,2215,2,0
24368,2215,3,1
24369,2215,4,2
24370,2215,5,1
24371,2215,6,2
24372,2215,7,3
24373,2215,8,4
24374,2215,9,5
24375,2215,10,5
24376,2216,0,0
24377,2216,1,1
24378,2216,2,2
24379,2216,3,1
24380,2216,4,2
24381,2216,5,3
24382,2216,6,3
24383,2216,7,3
24384,2216,8,3
24385,2216,9,2
24386,2216,10,1
24387,2217,0,0
24388,2217,1,1
24389,2217,2,0
24390,2217,3,1
24391,2217,4,0
24392,2217,5,1
24393,2217,6,1
24394,2217,7,2
24395,2217,8,2
24396,2217,9,1
24397,2217,10,2
24398,2218,0,0
24399,2218,1,1
24400,2218,2,0
24401,2218,3,0
24402,2218,4,0
24403,2218,5,0
24404,2218,6,1
24405,2218,7,2
24406,2218,8,2
24407,2218,9,2
24408,2218,10,2
24409,2219,0,0
24410,2219,1,1
24411,2219,2,2
24412,2219,3,3
24413,2219,4,2
24414,2219,5,3
24415,2219,6,4
24416,2219,7,4
24417,2219,8,3
24418,2219,9,2
24419,2219,10,3
24420,2220,0,0
24421,2220,1,0
24422,2220,2,0
24423,2220,3,0
24424,2220,4,0
24425,2220,5,0
24426,2220,6,0
24427,2220,7,0
24428,2220,8,0
24429,2220,9,0
24430,2220,10,0
24431,2221,0,0
24432,2221,1,1
24433,2221,2,2
24434,2221,3,3
24435,2221,4,2
24436,2221,5,1
24437,2221,6,2
24438,2221,7,3
24439,2221,8,2
24440,2221,9,3
24441,2221,10,2
24442,2222,0,0
24443,2222,1,1
24444,2222,2,2
24445,2222,3,3
24446,2222,4,2
24447,2222,5,1
24448,2222,6,2
24449,2222,7,1
24450,2222,8,2
24451,2222,9,1
24452,2222,10,2
24453,2223,0,0
24454,2223,1,1
24455,2223,2,0
24456,2223,3,1
24457,2223,4,2
24458,2223,5,1
24459,2223,6,0
24460,2223,7,1
24461,2223,8,2
24462,2223,9,3
24463,2223,10,2
24464,2224,0,0
24465,2224,1,1
24466,2224,2,0
24467,2224,3,1
24468,2224,4,1
24469,2224,5,0
24470,2224,6,1
24471,2224,7,2
24472,2224,8,1
24473,2224,9,0
24474,2224,10,1
24475,2225,0,0
24476,2225,1,1
24477,2225,2,0
24478,2225,3,1
24479,2225,4,0
24480,2225,5,1
24481,2225,6,2
24482,2225,7,1
24483,2225,8,2
24484,2225,9,3
24485,2225,10,2
24486,2226,0,0
24487,2226,1,1
24488,2226,2,2
24489,2226,3,1
24490,2226,4,2
24491,2226,5,1
24492,2226,6,2
24493,2226,7,1
24494,2226,8,2
24495,2226,9,3
24496,2226,10,4
24497,2227,0,0
24498,2227,1,1
24499,2227,2,2
24500,2227,3,3
24501,2227,4,2
24502,2227,5,3
24503,2227,6,4
24504,2227,7,5
24505,2227,8,5
24506,2227,9,5
24507,2227,10,5
24508,2228,0,0
24509,2228,1,1
24510,2228,2,2
24511,2228,3,1
24512,2228,4,2
24513,2228,5,3
24514,2228,6,2
24515,2228,7,3
24516,2228,8,2
24517,2228,9,1
24518,2228,10,2
24519,2229,0,0
24520,2229,1,0
24521,2229,2,0
24522,2229,3,0
24523,2229,4,0
24524,2229,5,0
24525,2229,6,0
24526,2229,7,0
24527,2229,8,0
24528,2229,9,0
24529,2229,10,0
24530,2230,0,0
24531,2230,1,1
24532,2230,2,2
24533,2230,3,1
24534,2230,4,2
24535,2230,5,3
24536,2230,6,2
24537,2230,7,1
24538,2230,8,2
24539,2230,9,1
24540,2230,10,2
24541,2231,0,0
24542,2231,1,1
24543,2231,2,2
24544,2231,3,3
24545,2231,4,2
24546,2231,5,1
24547,2231,6,2
24548,2231,7,1
24549,2231,8,2
24550,2231,9,1
24551,2231,10,0
24552,2232,0,0
24553,2232,1,0
24554,2232,2,1
24555,2232,3,2
24556,2232,4,1
24557,2232,5,2
24558,2232,6,1
24559,2232,7,0
24560,2232,8,0
24561,2232,9,0
24562,2232,10,1
24563,2233,0,0
24564,2233,1,1
24565,2233,2,2
24566,2233,3,1
24567,2233,4,0
24568,2233,5,1
24569,2233,6,2
24570,2233,7,1
24571,2233,8,2
24572,2233,9,1
24573,2233,10,0
24574,2234,0,0
24575,2234,1,1
24576,2234,2,2
24577,2234,3,2
24578,2234,4,3
24579,2234,5,4
24580,2234,6,4
24581,2234,7,4
24582,2234,8,4
24583,2234,9,5
24584,2234,10,5
24585,2235,0,0
24586,2235,1,1
24587,2235,2,2
24588,2235,3,1
24589,2235,4,2
24590,2235,5,1
24591,2235,6,2
24592,2235,7,1
24593,2235,8,2
24594,2235,9,1
24595,2235,10,0
24596,2236,0,0
24597,2236,1,0
24598,2236,2,0
24599,2236,3,0
24600,2236,4,0
24601,2236,5,0
24602,2236,6,0
24603,2236,7,0
24604,2236,8,0
24605,2236,9,0
24606,2236,10,0
24607,2237,0,0
24608,2237,1,1
24609,2237,2,2
24610,2237,3,3
24611,2237,4,2
24612,2237,5,3
24613,2237,6,2
24614,2237,7,3
24615,2237,8,2
24616,2237,9,3
24617,2237,10,2
24618,2238,0,0
24619,2238,1,1
24620,2238,2,0
24621,2238,3,1
24622,2238,4,0
24623,2238,5,1
24624,2238,6,2
24625,2238,7,3
24626,2238,8,4
24627,2238,9,3
24628,2238,10,2
24629,2239,0,0
24630,2239,1,1
24631,2239,2,2
24632,2239,3,3
24633,2239,4,4
24634,2239,5,3
24635,2239,6,4
24636,2239,7,3
24637,2239,8,2
24638,2239,9,1
24639,2239,10,2
24640,2240,0,0
24641,2240,1,0
24642,2240,2,0
24643,2240,3,0
24644,2240,4,0
24645,2240,5,0
24646,2240,6,0
24647,2240,7,0
24648,2240,8,0
24649,2240,9,0
24650,2240,10,0
24651,2241,0,0
24652,2241,1,0
24653,2241,2,0
24654,2241,3,0
24655,2241,4,0
24656,2241,5,0
24657,2241,6,0
24658,2241,7,0
24659,2241,8,0
24660,2241,9,0
24661,2241,10,0
24662,2242,0,0
24663,2242,1,0
24664,2242,2,0
24665,2242,3,0
24666,2242,4,0
24667,2242,5,0
24668,2242,6,0
24669,2242,7,0
24670,2242,8,0
24671,2242,9,0
24672,2242,10,0
24673,2243,0,0
24674,2243,1,1
24675,2243,2,1
24676,2243,3,0
24677,2243,4,0
24678,2243,5,0
24679,2243,6,0
24680,2243,7,0
24681,2243,8,0
24682,2243,9,0
24683,2243,10,0
24684,2244,0,0
24685,2244,1,1
24686,2244,2,2
24687,2244,3,1
24688,2244,4,2
24689,2244,5,2
24690,2244,6,2
24691,2244,7,1
24692,2244,8,2
24693,2244,9,1
24694,2244,10,2
24695,2245,0,0
24696,2245,1,1
24697,2245,2,2
24698,2245,3,3
24699,2245,4,4
24700,2245,5,3
24701,2245,6,4
24702,2245,7,3
24703,2245,8,4
24704,2245,9,3
24705,2245,10,2
24706,2246,0,0
24707,2246,1,1
24708,2246,2,2
24709,2246,3,1
24710,2246,4,2
24711,2246,5,3
24712,2246,6,2
24713,2246,7,3
24714,2246,8,2
24715,2246,9,1
24716,2246,10,2
24717,2247,0,0
24718,2247,1,1
24719,2247,2,0
24720,2247,3,1
24721,2247,4,2
24722,2247,5,3
24723,2247,6,2
24724,2247,7,3
24725,2247,8,4
24726,2247,9,3
24727,2247,10,4
24728,2248,0,0
24729,2248,1,1
24730,2248,2,2
24731,2248,3,3
24732,2248,4,2
24733,2248,5,3
24734,2248,6,2
24735,2248,7,3
24736,2248,8,2
24737,2248,9,3
24738,2248,10,4
24739,2249,0,0
24740,2249,1,1
24741,2249,2,0
24742,2249,3,1
24743,2249,4,2
24744,2249,5,3
24745,2249,6,2
24746,2249,7,3
24747,2249,8,4
24748,2249,9,3
24749,2249,10,4
24750,2250,0,0
24751,2250,1,1
24752,2250,2,0
24753,2250,3,0
24754,2250,4,1
24755,2250,5,0
24756,2250,6,1
24757,2250,7,0
24758,2250,8,1
24759,2250,9,0
24760,2250,10,1
24761,2251,0,0
24762,2251,1,1
24763,2251,2,0
24764,2251,3,1
24765,2251,4,0
24766,2251,5,1
24767,2251,6,1
24768,2251,7,2
24769,2251,8,2
24770,2251,9,2
24771,2251,10,1
24772,2252,0,0
24773,2252,1,1
24774,2252,2,2
24775,2252,3,3
24776,2252,4,2
24777,2252,5,3
24778,2252,6,4
24779,2252,7,4
24780,2252,8,4
24781,2252,9,4
24782,2252,10,3
24783,2253,0,0
24784,2253,1,1
24785,2253,2,0
24786,2253,3,1
24787,2253,4,2
24788,2253,5,3
24789,2253,6,2
24790,2253,7,1
24791,2253,8,2
24792,2253,9,3
24793,2253,10,4
24794,2254,0,0
24795,2254,1,1
24796,2254,2,0
24797,2254,3,0
24798,2254,4,0
24799,2254,5,1
24800,2254,6,0
24801,2254,7,0
24802,2254,8,0
24803,2254,9,0
24804,2254,10,0
24805,2255,0,0
24806,2255,1,0
24807,2255,2,0
24808,2255,3,0
24809,2255,4,0
24810,2255,5,0
24811,2255,6,0
24812,2255,7,0
24813,2255,8,0
24814,2255,9,0
24815,2255,10,0
24816,2256,0,0
24817,2256,1,0
24818,2256,2,1
24819,2256,3,0
24820,2256,4,0
24821,2256,5,1
24822,2256,6,0
24823,2256,7,1
24824,2256,8,0
24825,2256,9,0
24826,2256,10,0
24827,2257,0,0
24828,2257,1,0
24829,2257,2,0
24830,2257,3,1
24831,2257,4,0
24832,2257,5,0
24833,2257,6,1
24834,2257,7,0
24835,2257,8,0
24836,2257,9,0
24837,2257,10,0
24838,2258,0,0
24839,2258,1,1
24840,2258,2,0
24841,2258,3,1
24842,2258,4,2
24843,2258,5,2
24844,2258,6,3
24845,2258,7,2
24846,2258,8,3
24847,2258,9,4
24848,2258,10,3
24849,2259,0,0
24850,2259,1,0
24851,2259,2,0
24852,2259,3,1
24853,2259,4,2
24854,2259,5,1
24855,2259,6,2
24856,2259,7,2
24857,2259,8,2
24858,2259,9,2
24859,2259,10,1
24860,2260,0,0
24861,2260,1,1
24862,2260,2,1
24863,2260,3,1
24864,2260,4,2
24865,2260,5,2
24866,2260,6,1
24867,2260,7,0
24868,2260,8,0
24869,2260,9,0
24870,2260,10,0
24871,2261,0,0
24872,2261,1,0
24873,2261,2,0
24874,2261,3,0
24875,2261,4,0
24876,2261,5,0
24877,2261,6,0
24878,2261,7,0
24879,2261,8,0
24880,2261,9,0
24881,2261,10,0
24882,2262,0,0
24883,2262,1,1
24884,2262,2,2
24885,2262,3,1
24886,2262,4,2
24887,2262,5,3
24888,2262,6,2
24889,2262,7,3
24890,2262,8,4
24891,2262,9,3
24892,2262,10,2
24893,2263,0,0
24894,2263,1,1
24895,2263,2,0
24896,2263,3,1
24897,2263,4,0
24898,2263,5,1
24899,2263,6,2
24900,2263,7,3
24901,2263,8,2
24902,2263,9,3
24903,2263,10,4
24904,2264,0,0
24905,2264,1,0
24906,2264,2,1
24907,2264,3,0
24908,2264,4,0
24909,2264,5,1
24910,2264,6,0
24911,2264,7,0
24912,2264,8,0
24913,2264,9,1
24914,2264,10,2
24915,2265,0,0
24916,2265,1,0
24917,2265,2,0
24918,2265,3,0
24919,2265,4,1
24920,2265,5,2
24921,2265,6,1
24922,2265,7,2
24923,2265,8,1
24924,2265,9,2
24925,2265,10,1
24926,2266,0,0
24927,2266,1,1
24928,2266,2,2
24929,2266,3,3
24930,2266,4,4
24931,2266,5,5
24932,2266,6,5
24933,2266,7,5
24934,2266,8,5
24935,2266,9,5
24936,2266,10,5
24937,2267,0,0
24938,2267,1,1
24939,2267,2,0
24940,2267,3,1
24941,2267,4,0
24942,2267,5,1
24943,2267,6,0
24944,2267,7,0
24945,2267,8,1
24946,2267,9,0
24947,2267,10,0
24948,2268,0,0
24949,2268,1,1
24950,2268,2,2
24951,2268,3,3
24952,2268,4,4
24953,2268,5,3
24954,2268,6,2
24955,2268,7,3
24956,2268,8,4
24957,2268,9,5
24958,2268,10,5
24959,2269,0,0
24960,2269,1,1
24961,2269,2,2
24962,2269,3,1
24963,2269,4,2
24964,2269,5,1
24965,2269,6,2
24966,2269,7,1
24967,2269,8,2
24968,2269,9,1
24969,2269,10,0
24970,2270,0,0
24971,2270,1,0
24972,2270,2,0
24973,2270,3,0
24974,2270,4,0
24975,2270,5,0
24976,2270,6,0
24977,2270,7,0
24978,2270,8,0
24979,2270,9,0
24980,2270,10,0
24981,2271,0,0
24982,2271,1,0
24983,2271,2,0
24984,2271,3,0
24985,2271,4,0
24986,2271,5,0
24987,2271,6,0
24988,2271,7,0
24989,2271,8,0
24990,2271,9,0
24991,2271,10,0
24992,2272,0,0
24993,2272,1,0
24994,2272,2,1
24995,2272,3,2
24996,2272,4,1
24997,2272,5,2
24998,2272,6,1
24999,2272,7,2
25000,2272,8,3
25001,2272,9,3
25002,2272,10,2
25003,2273,0,0
25004,2273,1,1
25005,2273,2,0
25006,2273,3,1
25007,2273,4,2
25008,2273,5,1
25009,2273,6,2
25010,2273,7,1
25011,2273,8,2
25012,2273,9,1
25013,2273,10,2
25014,2274,0,0
25015,2274,1,1
25016,2274,2,2
25017,2274,3,3
25018,2274,4,2
25019,2274,5,1
25020,2274,6,0
25021,2274,7,1
25022,2274,8,2
25023,2274,9,1
25024,2274,10,2
25025,2275,0,0
25026,2275,1,1
25027,2275,2,2
25028,2275,3,1
25029,2275,4,0
25030,2275,5,1
25031,2275,6,2
25032,2275,7,1
25033,2275,8,0
25034,2275,9,1
25035,2275,10,2
25036,2276,0,0
25037,2276,1,1
25038,2276,2,0
25039,2276,3,1
25040,2276,4,0
25041,2276,5,1
25042,2276,6,2
25043,2276,7,3
25044,2276,8,4
25045,2276,9,5
25046,2276,10,5
25047,2277,0,0
25048,2277,1,0
25049,2277,2,0
25050,2277,3,0
25051,2277,4,0
25052,2277,5,0
25053,2277,6,0
25054,2277,7,0
25055,2277,8,0
25056,2277,9,0
25057,2277,10,0
25058,2278,0,0
25059,2278,1,0
25060,2278,2,0
25061,2278,3,0
25062,2278,4,1
25063,2278,5,2
25064,2278,6,1
25065,2278,7,2
25066,2278,8,1
25067,2278,9,2
25068,2278,10,1
25069,2279,0,0
25070,2279,1,0
25071,2279,2,0
25072,2279,3,0
25073,2279,4,0
25074,2279,5,0
25075,2279,6,0
25076,2279,7,0
25077,2279,8,0
25078,2279,9,0
25079,2279,10,0
25080,2280,0,0
25081,2280,1,0
25082,2280,2,0
25083,2280,3,0
25084,2280,4,0
25085,2280,5,0
25086,2280,6,0
25087,2280,7,0
25088,2280,8,0
25089,2280,9,0
25090,2280,10,0
25091,2281,0,0
25092,2281,1,1
25093,2281,2,2
25094,2281,3,3
25095,2281,4,4
25096,2281,5,5
25097,2281,6,5
25098,2281,7,5
25099,2281,8,5
25100,2281,9,5
25101,2281,10,5
25102,2282,0,0
25103,2282,1,1
25104,2282,2,2
25105,2282,3,1
25106,2282,4,2
25107,2282,5,1
25108,2282,6,2
25109,2282,7,3
25110,2282,8,2
25111,2282,9,1
25112,2282,10,2
25113,2283,0,0
25114,2283,1,0
25115,2283,2,0
25116,2283,3,0
25117,2283,4,0
25118,2283,5,1
25119,2283,6,2
25120,2283,7,3
25121,2283,8,2
25122,2283,9,1
25123,2283,10,0
25124,2284,0,0
25125,2284,1,0
25126,2284,2,0
25127,2284,3,0
25128,2284,4,0
25129,2284,5,0
25130,2284,6,0
25131,2284,7,0
25132,2284,8,0
25133,2284,9,0
25134,2284,10,0
25135,2285,0,0
25136,2285,1,1
25137,2285,2,1
25138,2285,3,2
25139,2285,4,3
25140,2285,5,3
25141,2285,6,3
25142,2285,7,4
25143,2285,8,4
25144,2285,9,3
25145,2285,10,3
25146,2286,0,0
25147,2286,1,1
25148,2286,2,0
25149,2286,3,1
25150,2286,4,0
25151,2286,5,1
25152,2286,6,0
25153,2286,7,1
25154,2286,8,0
25155,2286,9,1
25156,2286,10,0
25157,2287,0,0
25158,2287,1,0
25159,2287,2,0
25160,2287,3,0
25161,2287,4,0
25162,2287,5,0
25163,2287,6,0
25164,2287,7,0
25165,2287,8,0
25166,2287,9,0
25167,2287,10,0
25168,2288,0,0
25169,2288,1,1
25170,2288,2,0
25171,2288,3,1
25172,2288,4,0
25173,2288,5,1
25174,2288,6,2
25175,2288,7,3
25176,2288,8,2
25177,2288,9,1
25178,2288,10,0
25179,2289,0,0
25180,2289,1,1
25181,2289,2,1
25182,2289,3,1
25183,2289,4,0
25184,2289,5,1
25185,2289,6,1
25186,2289,7,0
25187,2289,8,1
25188,2289,9,0
25189,2289,10,0
25190,2290,0,0
25191,2290,1,0
25192,2290,2,0
25193,2290,3,0
25194,2290,4,0
25195,2290,5,0
25196,2290,6,1
25197,2290,7,0
25198,2290,8,0
25199,2290,9,0
25200,2290,10,0
25201,2291,0,0
25202,2291,1,1
25203,2291,2,2
25204,2291,3,3
25205,2291,4,2
25206,2291,5,1
25207,2291,6,2
25208,2291,7,1
25209,2291,8,2
25210,2291,9,1
25211,2291,10,2
25212,2292,0,0
25213,2292,1,1
25214,2292,2,1
25215,2292,3,0
25216,2292,4,1
25217,2292,5,1
25218,2292,6,1
25219,2292,7,1
25220,2292,8,1
25221,2292,9,0
25222,2292,10,1
25223,2293,0,0
25224,2293,1,0
25225,2293,2,0
25226,2293,3,1
25227,2293,4,2
25228,2293,5,3
25229,2293,6,4
25230,2293,7,4
25231,2293,8,3
25232,2293,9,4
25233,2293,10,3
25234,2294,0,0
25235,2294,1,1
25236,2294,2,2
25237,2294,3,3
25238,2294,4,4
25239,2294,5,5
25240,2294,6,5
25241,2294,7,5
25242,2294,8,5
25243,2294,9,5
25244,2294,10,5
25245,2295,0,0
25246,2295,1,1
25247,2295,2,2
25248,2295,3,3
25249,2295,4,2
25250,2295,5,1
25251,2295,6,2
25252,2295,7,3
25253,2295,8,2
25254,2295,9,3
25255,2295,10,4
25256,2296,0,0
25257,2296,1,0
25258,2296,2,1
25259,2296,3,2
25260,2296,4,1
25261,2296,5,2
25262,2296,6,1
25263,2296,7,2
25264,2296,8,1
25265,2296,9,1
25266,2296,10,2
25267,2297,0,0
25268,2297,1,0
25269,2297,2,0
25270,2297,3,0
25271,2297,4,0
25272,2297,5,0
25273,2297,6,0
25274,2297,7,0
25275,2297,8,0
25276,2297,9,0
25277,2297,10,0
25278,2298,0,0
25279,2298,1,0
25280,2298,2,1
25281,2298,3,1
25282,2298,4,0
25283,2298,5,1
25284,2298,6,1
25285,2298,7,1
25286,2298,8,2
25287,2298,9,2
25288,2298,10,3
25289,2299,0,0
25290,2299,1,0
25291,2299,2,0
25292,2299,3,0
25293,2299,4,0
25294,2299,5,0
25295,2299,6,0
25296,2299,7,0
25297,2299,8,0
25298,2299,9,0
25299,2299,10,0
25300,2300,0,0
25301,2300,1,1
25302,2300,2,0
25303,2300,3,1
25304,2300,4,0
25305,2300,5,1
25306,2300,6,0
25307,2300,7,1
25308,2300,8,0
25309,2300,9,1
25310,2300,10,0
25311,2301,0,0
25312,2301,1,0
25313,2301,2,0
25314,2301,3,1
25315,2301,4,2
25316,2301,5,1
25317,2301,6,1
25318,2301,7,1
25319,2301,8,1
25320,2301,9,1
25321,2301,10,1
25322,2302,0,0
25323,2302,1,1
25324,2302,2,1
25325,2302,3,2
25326,2302,4,3
25327,2302,5,3
25328,2302,6,3
25329,2302,7,3
25330,2302,8,3
25331,2302,9,3
25332,2302,10,2
25333,2303,0,0
25334,2303,1,0
25335,2303,2,0
25336,2303,3,0
25337,2303,4,0
25338,2303,5,0
25339,2303,6,0
25340,2303,7,0
25341,2303,8,0
25342,2303,9,1
25343,2303,10,0
25344,2304,0,0
25345,2304,1,0
25346,2304,2,0
25347,2304,3,0
25348,2304,4,0
25349,2304,5,0
25350,2304,6,0
25351,2304,7,0
25352,2304,8,0
25353,2304,9,0
25354,2304,10,0
25355,2305,0,0
25356,2305,1,1
25357,2305,2,2
25358,2305,3,3
25359,2305,4,2
25360,2305,5,3
25361,2305,6,2
25362,2305,7,3
25363,2305,8,4
25364,2305,9,5
25365,2305,10,5
25366,2306,0,0
25367,2306,1,1
25368,2306,2,2
25369,2306,3,3
25370,2306,4,4
25371,2306,5,3
25372,2306,6,2
25373,2306,7,3
25374,2306,8,2
25375,2306,9,3
25376,2306,10,4
25377,2307,0,0
25378,2307,1,0
25379,2307,2,0
25380,2307,3,0
25381,2307,4,0
25382,2307,5,0
25383,2307,6,0
25384,2307,7,0
25385,2307,8,0
25386,2307,9,0
25387,2307,10,0
25388,2308,0,0
25389,2308,1,1
25390,2308,2,0
25391,2308,3,1
25392,2308,4,0
25393,2308,5,1
25394,2308,6,0
25395,2308,7,1
25396,2308,8,0
25397,2308,9,1
25398,2308,10,0
25399,2309,0,0
25400,2309,1,1
25401,2309,2,2
25402,2309,3,2
25403,2309,4,1
25404,2309,5,0
25405,2309,6,1
25406,2309,7,0
25407,2309,8,1
25408,2309,9,2
25409,2309,10,1
25410,2310,0,0
25411,2310,1,0
25412,2310,2,0
25413,2310,3,0
25414,2310,4,0
25415,2310,5,0
25416,2310,6,0
25417,2310,7,0
25418,2310,8,0
25419,2310,9,0
25420,2310,10,0
25421,2311,0,0
25422,2311,1,0
25423,2311,2,1
25424,2311,3,2
25425,2311,4,1
25426,2311,5,2
25427,2311,6,1
25428,2311,7,2
25429,2311,8,1
25430,2311,9,0
25431,2311,10,1
25432,2312,0,0
25433,2312,1,1
25434,2312,2,1
25435,2312,3,0
25436,2312,4,1
25437,2312,5,1
25438,2312,6,0
25439,2312,7,1
25440,2312,8,0
25441,2312,9,1
25442,2312,10,0
25443,2313,0,0
25444,2313,1,1
25445,2313,2,2
25446,2313,3,1
25447,2313,4,0
25448,2313,5,0
25449,2313,6,1
25450,2313,7,2
25451,2313,8,1
25452,2313,9,2
25453,2313,10,2
25454,2314,0,0
25455,2314,1,1
25456,2314,2,0
25457,2314,3,1
25458,2314,4,1
25459,2314,5,1
25460,2314,6,1
25461,2314,7,0
25462,2314,8,1
25463,2314,9,0
25464,2314,10,1
25465,2315,0,0
25466,2315,1,0
25467,2315,2,0
25468,2315,3,0
25469,2315,4,0
25470,2315,5,0
25471,2315,6,0
25472,2315,7,0
25473,2315,8,0
25474,2315,9,1
25475,2315,10,0
25476,2316,0,0
25477,2316,1,1
25478,2316,2,1
25479,2316,3,1
25480,2316,4,0
25481,2316,5,1
25482,2316,6,0
25483,2316,7,1
25484,2316,8,0
25485,2316,9,1
25486,2316,10,0
25487,2317,0,0
25488,2317,1,1
25489,2317,2,2
25490,2317,3,1
25491,2317,4,2
25492,2317,5,3
25493,2317,6,4
25494,2317,7,5
25495,2317,8,5
25496,2317,9,5
25497,2317,10,5
25498,2318,0,0
25499,2318,1,0
25500,2318,2,1
25501,2318,3,2
25502,2318,4,3
25503,2318,5,4
25504,2318,6,5
25505,2318,7,5
25506,2318,8,5
25507,2318,9,5
25508,2318,10,5
25509,2319,0,0
25510,2319,1,0
25511,2319,2,0
25512,2319,3,0
25513,2319,4,0
25514,2319,5,0
25515,2319,6,0
25516,2319,7,0
25517,2319,8,0
25518,2319,9,0
25519,2319,10,0
25520,2320,0,0
25521,2320,1,1
25522,2320,2,0
25523,2320,3,0
25524,2320,4,0
25525,2320,5,0
25526,2320,6,0
25527,2320,7,0
25528,2320,8,0
25529,2320,9,0
25530,2320,10,0
25531,2321,0,0
25532,2321,1,0
25533,2321,2,1
25534,2321,3,2
25535,2321,4,3
25536,2321,5,3
25537,2321,6,3
25538,2321,7,3
25539,2321,8,2
25540,2321,9,2
25541,2321,10,1
25542,2322,0,0
25543,2322,1,1
25544,2322,2,0
25545,2322,3,1
25546,2322,4,1
25547,2322,5,2
25548,2322,6,1
25549,2322,7,1
25550,2322,8,0
25551,2322,9,0
25552,2322,10,0
25553,2323,0,0
25554,2323,1,0
25555,2323,2,0
25556,2323,3,0
25557,2323,4,0
25558,2323,5,0
25559,2323,6,0
25560,2323,7,0
25561,2323,8,0
25562,2323,9,0
25563,2323,10,0
25564,2324,0,0
25565,2324,1,0
25566,2324,2,0
25567,2324,3,0
25568,2324,4,0
25569,2324,5,0
25570,2324,6,0
25571,2324,7,0
25572,2324,8,0
25573,2324,9,0
25574,2324,10,0
25575,2325,0,0
25576,2325,1,1
25577,2325,2,2
25578,2325,3,3
25579,2325,4,2
25580,2325,5,3
25581,2325,6,4
25582,2325,7,3
25583,2325,8,2
25584,2325,9,3
25585,2325,10,2
25586,2326,0,0
25587,2326,1,1
25588,2326,2,2
25589,2326,3,1
25590,2326,4,2
25591,2326,5,3
25592,2326,6,2
25593,2326,7,1
25594,2326,8,2
25595,2326,9,3
25596,2326,10,2
25597,2327,0,0
25598,2327,1,0
25599,2327,2,0
25600,2327,3,0
25601,2327,4,0
25602,2327,5,0
25603,2327,6,0
25604,2327,7,0
25605,2327,8,0
25606,2327,9,0
25607,2327,10,0
25608,2328,0,0
25609,2328,1,1
25610,2328,2,0
25611,2328,3,1
25612,2328,4,0
25613,2328,5,1
25614,2328,6,0
25615,2328,7,1
25616,2328,8,0
25617,2328,9,0
25618,2328,10,1
25619,2329,0,0
25620,2329,1,0
25621,2329,2,0
25622,2329,3,0
25623,2329,4,0
25624,2329,5,0
25625,2329,6,0
25626,2329,7,0
25627,2329,8,0
25628,2329,9,0
25629,2329,10,0
25630,2330,0,0
25631,2330,1,1
25632,2330,2,0
25633,2330,3,1
25634,2330,4,0
25635,2330,5,1
25636,2330,6,2
25637,2330,7,1
25638,2330,8,0
25639,2330,9,1
25640,2330,10,0
25641,2331,0,0
25642,2331,1,1
25643,2331,2,0
25644,2331,3,1
25645,2331,4,2
25646,2331,5,1
25647,2331,6,0
25648,2331,7,1
25649,2331,8,0
25650,2331,9,1
25651,2331,10,0
25652,2332,0,0
25653,2332,1,1
25654,2332,2,1
25655,2332,3,0
25656,2332,4,1
25657,2332,5,0
25658,2332,6,1
25659,2332,7,0
25660,2332,8,1
25661,2332,9,0
25662,2332,10,1
25663,2333,0,0
25664,2333,1,0
25665,2333,2,0
25666,2333,3,1
25667,2333,4,2
25668,2333,5,1
25669,2333,6,1
25670,2333,7,2
25671,2333,8,1
25672,2333,9,0
25673,2333,10,0
25674,2334,0,0
25675,2334,1,1
25676,2334,2,2
25677,2334,3,1
25678,2334,4,2
25679,2334,5,1
25680,2334,6,2
25681,2334,7,1
25682,2334,8,1
25683,2334,9,2
25684,2334,10,3
25685,2335,0,0
25686,2335,1,1
25687,2335,2,2
25688,2335,3,3
25689,2335,4,4
25690,2335,5,3
25691,2335,6,3
25692,2335,7,4
25693,2335,8,5
25694,2335,9,5
25695,2335,10,5
25696,2336,0,0
25697,2336,1,1
25698,2336,2,2
25699,2336,3,3
25700,2336,4,4
25701,2336,5,5
25702,2336,6,5
25703,2336,7,5
25704,2336,8,5
25705,2336,9,5
25706,2336,10,5
25707,2337,0,0
25708,2337,1,1
25709,2337,2,0
25710,2337,3,1
25711,2337,4,0
25712,2337,5,1
25713,2337,6,0
25714,2337,7,1
25715,2337,8,0
25716,2337,9,1
25717,2337,10,0
25718,2338,0,0
25719,2338,1,0
25720,2338,2,0
25721,2338,3,0
25722,2338,4,0
25723,2338,5,0
25724,2338,6,0
25725,2338,7,0
25726,2338,8,0
25727,2338,9,0
25728,2338,10,0
25729,2339,0,0
25730,2339,1,1
25731,2339,2,2
25732,2339,3,3
25733,2339,4,4
25734,2339,5,5
25735,2339,6,5
25736,2339,7,5
25737,2339,8,5
25738,2339,9,5
25739,2339,10,5
25740,2340,0,0
25741,2340,1,1
25742,2340,2,1
25743,2340,3,2
25744,2340,4,2
25745,2340,5,3
25746,2340,6,2
25747,2340,7,2
25748,2340,8,1
25749,2340,9,0
25750,2340,10,1
25751,2341,0,0
25752,2341,1,0
25753,2341,2,0
25754,2341,3,0
25755,2341,4,0
25756,2341,5,0
25757,2341,6,0
25758,2341,7,0
25759,2341,8,0
25760,2341,9,0
25761,2341,10,0
25762,2342,0,0
25763,2342,1,1
25764,2342,2,2
25765,2342,3,3
25766,2342,4,2
25767,2342,5,3
25768,2342,6,4
25769,2342,7,3
25770,2342,8,4
25771,2342,9,5
25772,2342,10,5
25773,2343,0,0
25774,2343,1,0
25775,2343,2,1
25776,2343,3,2
25777,2343,4,3
25778,2343,5,2
25779,2343,6,2
25780,2343,7,3
25781,2343,8,2
25782,2343,9,1
25783,2343,10,0
25784,2344,0,0
25785,2344,1,1
25786,2344,2,0
25787,2344,3,0
25788,2344,4,1
25789,2344,5,1
25790,2344,6,2
25791,2344,7,1
25792,2344,8,2
25793,2344,9,3
25794,2344,10,3
25795,2345,0,0
25796,2345,1,0
25797,2345,2,0
25798,2345,3,0
25799,2345,4,0
25800,2345,5,0
25801,2345,6,0
25802,2345,7,0
25803,2345,8,0
25804,2345,9,0
25805,2345,10,0
25806,2346,0,0
25807,2346,1,1
25808,2346,2,2
25809,2346,3,1
25810,2346,4,2
25811,2346,5,1
25812,2346,6,2
25813,2346,7,1
25814,2346,8,2
25815,2346,9,1
25816,2346,10,2
25817,2347,0,0
25818,2347,1,0
25819,2347,2,0
25820,2347,3,0
25821,2347,4,0
25822,2347,5,0
25823,2347,6,0
25824,2347,7,0
25825,2347,8,0
25826,2347,9,0
25827,2347,10,0
25828,2348,0,0
25829,2348,1,1
25830,2348,2,0
25831,2348,3,1
25832,2348,4,1
25833,2348,5,0
25834,2348,6,1
25835,2348,7,1
25836,2348,8,1
25837,2348,9,1
25838,2348,10,1
25839,2349,0,0
25840,2349,1,0
25841,2349,2,1
25842,2349,3,0
25843,2349,4,0
25844,2349,5,1
25845,2349,6,0
25846,2349,7,0
25847,2349,8,1
25848,2349,9,0
25849,2349,10,1
25850,2350,0,0
25851,2350,1,1
25852,2350,2,0
25853,2350,3,1
25854,2350,4,2
25855,2350,5,1
25856,2350,6,2
25857,2350,7,1
25858,2350,8,2
25859,2350,9,1
25860,2350,10,0
25861,2351,0,0
25862,2351,1,1
25863,2351,2,2
25864,2351,3,1
25865,2351,4,0
25866,2351,5,1
25867,2351,6,0
25868,2351,7,1
25869,2351,8,0
25870,2351,9,1
25871,2351,10,0
25872,2352,0,0
25873,2352,1,1
25874,2352,2,2
25875,2352,3,3
25876,2352,4,2
25877,2352,5,1
25878,2352,6,2
25879,2352,7,1
25880,2352,8,2
25881,2352,9,3
25882,2352,10,2
25883,2353,0,0
25884,2353,1,1
25885,2353,2,2
25886,2353,3,3
25887,2353,4,4
25888,2353,5,5
25889,2353,6,5
25890,2353,7,5
25891,2353,8,5
25892,2353,9,5
25893,2353,10,5
25894,2354,0,0
25895,2354,1,1
25896,2354,2,0
25897,2354,3,1
25898,2354,4,0
25899,2354,5,1
25900,2354,6,1
25901,2354,7,0
25902,2354,8,1
25903,2354,9,0
25904,2354,10,1
25905,2355,0,0
25906,2355,1,1
25907,2355,2,2
25908,2355,3,3
25909,2355,4,4
25910,2355,5,5
25911,2355,6,5
25912,2355,7,5
25913,2355,8,5
25914,2355,9,5
25915,2355,10,5
25916,2356,0,0
25917,2356,1,0
25918,2356,2,0
25919,2356,3,0
25920,2356,4,0
25921,2356,5,0
25922,2356,6,0
25923,2356,7,0
25924,2356,8,0
25925,2356,9,0
25926,2356,10,0
25927,2357,0,0
25928,2357,1,1
25929,2357,2,2
25930,2357,3,1
25931,2357,4,2
25932,2357,5,1
25933,2357,6,1
25934,2357,7,1
25935,2357,8,1
25936,2357,9,2
25937,2357,10,1
25938,2358,0,0
25939,2358,1,0
25940,2358,2,1
25941,2358,3,2
25942,2358,4,1
25943,2358,5,2
25944,2358,6,3
25945,2358,7,4
25946,2358,8,3
25947,2358,9,2
25948,2358,10,1
25949,2359,0,0
25950,2359,1,1
25951,2359,2,2
25952,2359,3,1
25953,2359,4,2
25954,2359,5,3
25955,2359,6,2
25956,2359,7,3
25957,2359,8,4
25958,2359,9,5
25959,2359,10,5
25960,2360,0,0
25961,2360,1,0
25962,2360,2,0
25963,2360,3,0
25964,2360,4,0
25965,2360,5,0
25966,2360,6,0
25967,2360,7,0
25968,2360,8,0
25969,2360,9,0
25970,2360,10,0
25971,2361,0,0
25972,2361,1,1
25973,2361,2,2
25974,2361,3,1
25975,2361,4,2
25976,2361,5,1
25977,2361,6,2
25978,2361,7,1
25979,2361,8,2
25980,2361,9,1
25981,2361,10,1
25982,2362,0,0
25983,2362,1,0
25984,2362,2,0
25985,2362,3,0
25986,2362,4,0
25987,2362,5,0
25988,2362,6,0
25989,2362,7,0
25990,2362,8,0
25991,2362,9,0
25992,2362,10,0
25993,2363,0,0
25994,2363,1,1
25995,2363,2,2
25996,2363,3,1
25997,2363,4,2
25998,2363,5,1
25999,2363,6,2
26000,2363,7,1
26001,2363,8,2
26002,2363,9,1
26003,2363,10,2
26004,2364,0,0
26005,2364,1,1
26006,2364,2,2
26007,2364,3,3
26008,2364,4,4
26009,2364,5,5
26010,2364,6,5
26011,2364,7,5
26012,2364,8,5
26013,2364,9,5
26014,2364,10,5
26015,2365,0,0
26016,2365,1,1
26017,2365,2,2
26018,2365,3,3
26019,2365,4,2
26020,2365,5,3
26021,2365,6,3
26022,2365,7,2
26023,2365,8,3
26024,2365,9,3
26025,2365,10,2
26026,2366,0,0
26027,2366,1,1
26028,2366,2,2
26029,2366,3,3
26030,2366,4,4
26031,2366,5,3
26032,2366,6,4
26033,2366,7,3
26034,2366,8,4
26035,2366,9,3
26036,2366,10,4
26037,2367,0,0
26038,2367,1,1
26039,2367,2,2
26040,2367,3,1
26041,2367,4,2
26042,2367,5,1
26043,2367,6,2
26044,2367,7,1
26045,2367,8,2
26046,2367,9,1
26047,2367,10,2
26048,2368,0,0
26049,2368,1,0
26050,2368,2,0
26051,2368,3,0
26052,2368,4,0
26053,2368,5,0
26054,2368,6,0
26055,2368,7,0
26056,2368,8,0
26057,2368,9,0
26058,2368,10,0
26059,2369,0,0
26060,2369,1,0
26061,2369,2,1
26062,2369,3,0
26063,2369,4,1
26064,2369,5,0
26065,2369,6,1
26066,2369,7,0
26067,2369,8,1
26068,2369,9,0
26069,2369,10,1
26070,2370,0,0
26071,2370,1,1
26072,2370,2,1
26073,2370,3,2
26074,2370,4,3
26075,2370,5,4
26076,2370,6,5
26077,2370,7,5
26078,2370,8,5
26079,2370,9,5
26080,2370,10,5
26081,2371,0,0
26082,2371,1,0
26083,2371,2,0
26084,2371,3,0
26085,2371,4,0
26086,2371,5,0
26087,2371,6,0
26088,2371,7,0
26089,2371,8,0
26090,2371,9,0
26091,2371,10,0
26092,2372,0,0
26093,2372,1,0
26094,2372,2,0
26095,2372,3,0
26096,2372,4,0
26097,2372,5,0
26098,2372,6,0
26099,2372,7,0
26100,2372,8,0
26101,2372,9,0
26102,2372,10,0
26103,2373,0,0
26104,2373,1,1
26105,2373,2,2
26106,2373,3,1
26107,2373,4,2
26108,2373,5,3
26109,2373,6,3
26110,2373,7,3
26111,2373,8,3
26112,2373,9,3
26113,2373,10,3
26114,2374,0,0
26115,2374,1,0
26116,2374,2,0
26117,2374,3,0
26118,2374,4,0
26119,2374,5,0
26120,2374,6,0
26121,2374,7,0
26122,2374,8,0
26123,2374,9,1
26124,2374,10,0
26125,2375,0,0
26126,2375,1,0
26127,2375,2,0
26128,2375,3,1
26129,2375,4,2
26130,2375,5,3
26131,2375,6,4
26132,2375,7,3
26133,2375,8,4
26134,2375,9,3
26135,2375,10,4
26136,2376,0,0
26137,2376,1,1
26138,2376,2,2
26139,2376,3,1
26140,2376,4,2
26141,2376,5,1
26142,2376,6,2
26143,2376,7,1
26144,2376,8,2
26145,2376,9,1
26146,2376,10,2
26147,2377,0,0
26148,2377,1,0
26149,2377,2,1
26150,2377,3,1
26151,2377,4,1
26152,2377,5,0
26153,2377,6,1
26154,2377,7,0
26155,2377,8,0
26156,2377,9,1
26157,2377,10,0
26158,2378,0,0
26159,2378,1,1
26160,2378,2,0
26161,2378,3,1
26162,2378,4,0
26163,2378,5,1
26164,2378,6,0
26165,2378,7,1
26166,2378,8,0
26167,2378,9,1
26168,2378,10,0
26169,2379,0,0
26170,2379,1,0
26171,2379,2,0
26172,2379,3,0
26173,2379,4,0
26174,2379,5,0
26175,2379,6,1
26176,2379,7,2
26177,2379,8,3
26178,2379,9,3
26179,2379,10,4
26180,2380,0,0
26181,2380,1,0
26182,2380,2,0
26183,2380,3,0
26184,2380,4,0
26185,2380,5,0
26186,2380,6,0
26187,2380,7,0
26188,2380,8,0
26189,2380,9,0
26190,2380,10,0
26191,2381,0,0
26192,2381,1,0
26193,2381,2,0
26194,2381,3,0
26195,2381,4,0
26196,2381,5,0
26197,2381,6,0
26198,2381,7,0
26199,2381,8,0
26200,2381,9,0
26201,2381,10,0
26202,2382,0,0
26203,2382,1,1
26204,2382,2,2
26205,2382,3,1
26206,2382,4,2
26207,2382,5,1
26208,2382,6,0
26209,2382,7,1
26210,2382,8,0
26211,2382,9,1
26212,2382,10,0
26213,2383,0,0
26214,2383,1,0
26215,2383,2,0
26216,2383,3,0
26217,2383,4,0
26218,2383,5,0
26219,2383,6,0
26220,2383,7,1
26221,2383,8,1
26222,2383,9,2
26223,2383,10,3
26224,2384,0,0
26225,2384,1,1
26226,2384,2,0
26227,2384,3,1
26228,2384,4,0
26229,2384,5,1
26230,2384,6,2
26231,2384,7,3
26232,2384,8,2
26233,2384,9,3
26234,2384,10,2
26235,2385,0,0
26236,2385,1,1
26237,2385,2,1
26238,2385,3,1
26239,2385,4,1
26240,2385,5,1
26241,2385,6,1
26242,2385,7,1
26243,2385,8,1
26244,2385,9,1
26245,2385,10,1
26246,2386,0,0
26247,2386,1,1
26248,2386,2,0
26249,2386,3,1
26250,2386,4,2
26251,2386,5,3
26252,2386,6,4
26253,2386,7,3
26254,2386,8,4
26255,2386,9,5
26256,2386,10,5
26257,2387,0,0
26258,2387,1,1
26259,2387,2,2
26260,2387,3,1
26261,2387,4,2
26262,2387,5,3
26263,2387,6,4
26264,2387,7,3
26265,2387,8,4
26266,2387,9,3
26267,2387,10,4
26268,2388,0,0
26269,2388,1,1
26270,2388,2,0
26271,2388,3,1
26272,2388,4,1
26273,2388,5,0
26274,2388,6,1
26275,2388,7,1
26276,2388,8,0
26277,2388,9,1
26278,2388,10,0
26279,2389,0,0
26280,2389,1,1
26281,2389,2,2
26282,2389,3,1
26283,2389,4,2
26284,2389,5,3
26285,2389,6,4
26286,2389,7,3
26287,2389,8,3
26288,2389,9,2
26289,2389,10,3
26290,2390,0,0
26291,2390,1,1
26292,2390,2,2
26293,2390,3,2
26294,2390,4,1
26295,2390,5,1
26296,2390,6,2
26297,2390,7,3
26298,2390,8,4
26299,2390,9,4
26300,2390,10,5
26301,2391,0,0
26302,2391,1,0
26303,2391,2,1
26304,2391,3,0
26305,2391,4,1
26306,2391,5,0
26307,2391,6,0
26308,2391,7,1
26309,2391,8,0
26310,2391,9,1
26311,2391,10,0
26312,2392,0,0
26313,2392,1,1
26314,2392,2,2
26315,2392,3,1
26316,2392,4,2
26317,2392,5,1
26318,2392,6,0
26319,2392,7,1
26320,2392,8,2
26321,2392,9,1
26322,2392,10,2
26323,2393,0,0
26324,2393,1,1
26325,2393,2,2
26326,2393,3,1
26327,2393,4,0
26328,2393,5,1
26329,2393,6,2
26330,2393,7,2
26331,2393,8,1
26332,2393,9,0
26333,2393,10,1
26334,2394,0,0
26335,2394,1,0
26336,2394,2,0
26337,2394,3,0
26338,2394,4,0
26339,2394,5,1
26340,2394,6,0
26341,2394,7,1
26342,2394,8,0
26343,2394,9,1
26344,2394,10,0
26345,2395,0,0
26346,2395,1,1
26347,2395,2,0
26348,2395,3,1
26349,2395,4,0
26350,2395,5,1
26351,2395,6,1
26352,2395,7,1
26353,2395,8,0
26354,2395,9,1
26355,2395,10,0
26356,2396,0,0
26357,2396,1,1
26358,2396,2,2
26359,2396,3,3
26360,2396,4,2
26361,2396,5,1
26362,2396,6,0
26363,2396,7,1
26364,2396,8,0
26365,2396,9,1
26366,2396,10,2
26367,2397,0,0
26368,2397,1,0
26369,2397,2,0
26370,2397,3,0
26371,2397,4,0
26372,2397,5,0
26373,2397,6,0
26374,2397,7,0
26375,2397,8,0
26376,2397,9,0
26377,2397,10,0
26378,2398,0,0
26379,2398,1,1
26380,2398,2,0
26381,2398,3,1
26382,2398,4,0
26383,2398,5,1
26384,2398,6,0
26385,2398,7,1
26386,2398,8,0
26387,2398,9,1
26388,2398,10,0
26389,2399,0,0
26390,2399,1,1
26391,2399,2,2
26392,2399,3,1
26393,2399,4,2
26394,2399,5,3
26395,2399,6,2
26396,2399,7,3
26397,2399,8,4
26398,2399,9,5
26399,2399,10,5
26400,2400,0,0
26401,2400,1,0
26402,2400,2,0
26403,2400,3,0
26404,2400,4,0
26405,2400,5,0
26406,2400,6,0
26407,2400,7,0
26408,2400,8,1
26409,2400,9,0
26410,2400,10,0
26411,2401,0,0
26412,2401,1,0
26413,2401,2,0
26414,2401,3,0
26415,2401,4,0
26416,2401,5,0
26417,2401,6,0
26418,2401,7,0
26419,2401,8,0
26420,2401,9,0
26421,2401,10,0
26422,2402,0,0
26423,2402,1,1
26424,2402,2,2
26425,2402,3,1
26426,2402,4,0
26427,2402,5,1
26428,2402,6,0
26429,2402,7,0
26430,2402,8,1
26431,2402,9,0
26432,2402,10,1
26433,2403,0,0
26434,2403,1,1
26435,2403,2,2
26436,2403,3,1
26437,2403,4,2
26438,2403,5,1
26439,2403,6,0
26440,2403,7,1
26441,2403,8,2
26442,2403,9,1
26443,2403,10,2
26444,2404,0,0
26445,2404,1,1
26446,2404,2,0
26447,2404,3,1
26448,2404,4,0
26449,2404,5,1
26450,2404,6,0
26451,2404,7,1
26452,2404,8,0
26453,2404,9,1
26454,2404,10,0
26455,2405,0,0
26456,2405,1,0
26457,2405,2,1
26458,2405,3,2
26459,2405,4,3
26460,2405,5,4
26461,2405,6,5
26462,2405,7,5
26463,2405,8,5
26464,2405,9,5
26465,2405,10,5
26466,2406,0,0
26467,2406,1,1
26468,2406,2,2
26469,2406,3,1
26470,2406,4,2
26471,2406,5,1
26472,2406,6,2
26473,2406,7,1
26474,2406,8,2
26475,2406,9,3
26476,2406,10,2
26477,2407,0,0
26478,2407,1,1
26479,2407,2,1
26480,2407,3,1
26481,2407,4,0
26482,2407,5,1
26483,2407,6,0
26484,2407,7,1
26485,2407,8,1
26486,2407,9,1
26487,2407,10,1
26488,2408,0,0
26489,2408,1,1
26490,2408,2,2
26491,2408,3,3
26492,2408,4,2
26493,2408,5,1
26494,2408,6,2
26495,2408,7,3
26496,2408,8,2
26497,2408,9,3
26498,2408,10,2
26499,2409,0,0
26500,2409,1,1
26501,2409,2,0
26502,2409,3,0
26503,2409,4,1
26504,2409,5,0
26505,2409,6,1
26506,2409,7,0
26507,2409,8,0
26508,2409,9,0
26509,2409,10,1
26510,2410,0,0
26511,2410,1,1
26512,2410,2,0
26513,2410,3,1
26514,2410,4,1
26515,2410,5,1
26516,2410,6,0
26517,2410,7,0
26518,2410,8,1
26519,2410,9,1
26520,2410,10,1
26521,2411,0,0
26522,2411,1,1
26523,2411,2,2
26524,2411,3,3
26525,2411,4,2
26526,2411,5,3
26527,2411,6,2
26528,2411,7,3
26529,2411,8,2
26530,2411,9,3
26531,2411,10,4
26532,2412,0,0
26533,2412,1,1
26534,2412,2,0
26535,2412,3,1
26536,2412,4,2
26537,2412,5,1
26538,2412,6,0
26539,2412,7,1
26540,2412,8,2
26541,2412,9,1
26542,2412,10,2
26543,2413,0,0
26544,2413,1,1
26545,2413,2,0
26546,2413,3,1
26547,2413,4,0
26548,2413,5,1
26549,2413,6,0
26550,2413,7,1
26551,2413,8,0
26552,2413,9,1
26553,2413,10,0
26554,2414,0,0
26555,2414,1,1
26556,2414,2,0
26557,2414,3,1
26558,2414,4,1
26559,2414,5,0
26560,2414,6,1
26561,2414,7,1
26562,2414,8,1
26563,2414,9,2
26564,2414,10,3
26565,2415,0,0
26566,2415,1,1
26567,2415,2,2
26568,2415,3,3
26569,2415,4,3
26570,2415,5,3
26571,2415,6,3
26572,2415,7,3
26573,2415,8,3
26574,2415,9,2
26575,2415,10,3
26576,2416,0,0
26577,2416,1,1
26578,2416,2,2
26579,2416,3,1
26580,2416,4,2
26581,2416,5,1
26582,2416,6,2
26583,2416,7,1
26584,2416,8,2
26585,2416,9,1
26586,2416,10,2
26587,2417,0,0
26588,2417,1,0
26589,2417,2,1
26590,2417,3,1
26591,2417,4,2
26592,2417,5,1
26593,2417,6,1
26594,2417,7,1
26595,2417,8,1
26596,2417,9,1
26597,2417,10,1
26598,2418,0,0
26599,2418,1,0
26600,2418,2,0
26601,2418,3,0
26602,2418,4,1
26603,2418,5,0
26604,2418,6,0
26605,2418,7,0
26606,2418,8,0
26607,2418,9,0
26608,2418,10,0
26609,2419,0,0
26610,2419,1,1
26611,2419,2,2
26612,2419,3,1
26613,2419,4,2
26614,2419,5,3
26615,2419,6,4
26616,2419,7,3
26617,2419,8,2
26618,2419,9,1
26619,2419,10,2
26620,2420,0,0
26621,2420,1,0
26622,2420,2,1
26623,2420,3,1
26624,2420,4,1
26625,2420,5,1
26626,2420,6,1
26627,2420,7,2
26628,2420,8,2
26629,2420,9,2
26630,2420,10,3
26631,2421,0,0
26632,2421,1,1
26633,2421,2,2
26634,2421,3,3
26635,2421,4,4
26636,2421,5,3
26637,2421,6,3
26638,2421,7,4
26639,2421,8,3
26640,2421,9,4
26641,2421,10,3
26642,2422,0,0
26643,2422,1,1
26644,2422,2,2
26645,2422,3,3
26646,2422,4,2
26647,2422,5,3
26648,2422,6,2
26649,2422,7,3
26650,2422,8,3
26651,2422,9,4
26652,2422,10,5
26653,2423,0,0
26654,2423,1,1
26655,2423,2,0
26656,2423,3,1
26657,2423,4,0
26658,2423,5,1
26659,2423,6,0
26660,2423,7,1
26661,2423,8,2
26662,2423,9,2
26663,2423,10,1
26664,2424,0,0
26665,2424,1,1
26666,2424,2,2
26667,2424,3,2
26668,2424,4,3
26669,2424,5,4
26670,2424,6,4
26671,2424,7,5
26672,2424,8,5
26673,2424,9,5
26674,2424,10,5
26675,2425,0,0
26676,2425,1,1
26677,2425,2,0
26678,2425,3,1
26679,2425,4,2
26680,2425,5,3
26681,2425,6,4
26682,2425,7,5
26683,2425,8,5
26684,2425,9,5
26685,2425,10,5
26686,2426,0,0
26687,2426,1,0
26688,2426,2,0
26689,2426,3,0
26690,2426,4,0
26691,2426,5,0
26692,2426,6,0
26693,2426,7,0
26694,2426,8,0
26695,2426,9,0
26696,2426,10,0
26697,2427,0,0
26698,2427,1,1
26699,2427,2,1
26700,2427,3,1
26701,2427,4,2
26702,2427,5,1
26703,2427,6,2
26704,2427,7,1
26705,2427,8,1
26706,2427,9,1
26707,2427,10,1
26708,2428,0,0
26709,2428,1,0
26710,2428,2,0
26711,2428,3,0
26712,2428,4,0
26713,2428,5,0
26714,2428,6,0
26715,2428,7,0
26716,2428,8,0
26717,2428,9,0
26718,2428,10,0
26719,2429,0,0
26720,2429,1,1
26721,2429,2,0
26722,2429,3,1
26723,2429,4,2
26724,2429,5,1
26725,2429,6,2
26726,2429,7,3
26727,2429,8,4
26728,2429,9,3
26729,2429,10,4
26730,2430,0,0
26731,2430,1,1
26732,2430,2,0
26733,2430,3,1
26734,2430,4,0
26735,2430,5,1
26736,2430,6,0
26737,2430,7,1
26738,2430,8,0
26739,2430,9,1
26740,2430,10,2
26741,2431,0,0
26742,2431,1,1
26743,2431,2,2
26744,2431,3,3
26745,2431,4,2
26746,2431,5,3
26747,2431,6,2
26748,2431,7,3
26749,2431,8,2
26750,2431,9,3
26751,2431,10,2
26752,2432,0,0
26753,2432,1,0
26754,2432,2,0
26755,2432,3,0
26756,2432,4,0
26757,2432,5,0
26758,2432,6,0
26759,2432,7,0
26760,2432,8,0
26761,2432,9,0
26762,2432,10,0
26763,2433,0,0
26764,2433,1,0
26765,2433,2,0
26766,2433,3,0
26767,2433,4,0
26768,2433,5,0
26769,2433,6,0
26770,2433,7,0
26771,2433,8,0
26772,2433,9,0
26773,2433,10,0
26774,2434,0,0
26775,2434,1,0
26776,2434,2,0
26777,2434,3,0
26778,2434,4,0
26779,2434,5,0
26780,2434,6,0
26781,2434,7,1
26782,2434,8,1
26783,2434,9,0
26784,2434,10,0
26785,2435,0,0
26786,2435,1,1
26787,2435,2,0
26788,2435,3,1
26789,2435,4,0
26790,2435,5,1
26791,2435,6,1
26792,2435,7,1
26793,2435,8,0
26794,2435,9,1
26795,2435,10,2
26796,2436,0,0
26797,2436,1,1
26798,2436,2,2
26799,2436,3,3
26800,2436,4,4
26801,2436,5,5
26802,2436,6,5
26803,2436,7,5
26804,2436,8,5
26805,2436,9,5
26806,2436,10,5
26807,2437,0,0
26808,2437,1,1
26809,2437,2,1
26810,2437,3,2
26811,2437,4,3
26812,2437,5,4
26813,2437,6,5
26814,2437,7,5
26815,2437,8,5
26816,2437,9,5
26817,2437,10,5
26818,2438,0,0
26819,2438,1,0
26820,2438,2,1
26821,2438,3,0
26822,2438,4,1
26823,2438,5,0
26824,2438,6,1
26825,2438,7,0
26826,2438,8,0
26827,2438,9,0
26828,2438,10,0
26829,2439,0,0
26830,2439,1,0
26831,2439,2,0
26832,2439,3,0
26833,2439,4,0
26834,2439,5,0
26835,2439,6,1
26836,2439,7,1
26837,2439,8,1
26838,2439,9,0
26839,2439,10,1
26840,2440,0,0
26841,2440,1,1
26842,2440,2,2
26843,2440,3,3
26844,2440,4,3
26845,2440,5,4
26846,2440,6,5
26847,2440,7,5
26848,2440,8,5
26849,2440,9,5
26850,2440,10,5
26851,2441,0,0
26852,2441,1,1
26853,2441,2,1
26854,2441,3,1
26855,2441,4,2
26856,2441,5,3
26857,2441,6,4
26858,2441,7,3
26859,2441,8,4
26860,2441,9,4
26861,2441,10,5
26862,2442,0,0
26863,2442,1,1
26864,2442,2,2
26865,2442,3,3
26866,2442,4,4
26867,2442,5,4
26868,2442,6,4
26869,2442,7,4
26870,2442,8,4
26871,2442,9,4
26872,2442,10,4
26873,2443,0,0
26874,2443,1,0
26875,2443,2,0
26876,2443,3,0
26877,2443,4,0
26878,2443,5,1
26879,2443,6,0
26880,2443,7,0
26881,2443,8,0
26882,2443,9,0
26883,2443,10,0
26884,2444,0,0
26885,2444,1,1
26886,2444,2,2
26887,2444,3,1
26888,2444,4,2
26889,2444,5,3
26890,2444,6,2
26891,2444,7,3
26892,2444,8,4
26893,2444,9,5
26894,2444,10,5
26895,2445,0,0
26896,2445,1,1
26897,2445,2,2
26898,2445,3,1
26899,2445,4,2
26900,2445,5,2
26901,2445,6,2
26902,2445,7,1
26903,2445,8,2
26904,2445,9,1
26905,2445,10,2
26906,2446,0,0
26907,2446,1,1
26908,2446,2,2
26909,2446,3,3
26910,2446,4,2
26911,2446,5,3
26912,2446,6,4
26913,2446,7,3
26914,2446,8,4
26915,2446,9,3
26916,2446,10,4
26917,2447,0,0
26918,2447,1,1
26919,2447,2,0
26920,2447,3,1
26921,2447,4,0
26922,2447,5,1
26923,2447,6,0
26924,2447,7,1
26925,2447,8,0
26926,2447,9,1
26927,2447,10,0
26928,2448,0,0
26929,2448,1,0
26930,2448,2,0
26931,2448,3,0
26932,2448,4,0
26933,2448,5,0
26934,2448,6,1
26935,2448,7,2
26936,2448,8,1
26937,2448,9,2
26938,2448,10,1
26939,2449,0,0
26940,2449,1,1
26941,2449,2,2
26942,2449,3,3
26943,2449,4,2
26944,2449,5,1
26945,2449,6,2
26946,2449,7,1
26947,2449,8,2
26948,2449,9,1
26949,2449,10,2
26950,2450,0,0
26951,2450,1,0
26952,2450,2,1
26953,2450,3,0
26954,2450,4,1
26955,2450,5,2
26956,2450,6,1
26957,2450,7,1
26958,2450,8,1
26959,2450,9,1
26960,2450,10,0
26961,2451,0,0
26962,2451,1,1
26963,2451,2,2
26964,2451,3,1
26965,2451,4,2
26966,2451,5,3
26967,2451,6,2
26968,2451,7,3
26969,2451,8,4
26970,2451,9,3
26971,2451,10,4
26972,2452,0,0
26973,2452,1,0
26974,2452,2,0
26975,2452,3,0
26976,2452,4,0
26977,2452,5,1
26978,2452,6,2
26979,2452,7,1
26980,2452,8,2
26981,2452,9,3
26982,2452,10,3
26983,2453,0,0
26984,2453,1,1
26985,2453,2,1
26986,2453,3,1
26987,2453,4,1
26988,2453,5,1
26989,2453,6,1
26990,2453,7,1
26991,2453,8,1
26992,2453,9,1
26993,2453,10,2
26994,2454,0,0
26995,2454,1,1
26996,2454,2,0
26997,2454,3,0
26998,2454,4,0
26999,2454,5,1
27000,2454,6,1
27001,2454,7,1
27002,2454,8,2
27003,2454,9,3
27004,2454,10,2
27005,2455,0,0
27006,2455,1,1
27007,2455,2,0
27008,2455,3,1
27009,2455,4,2
27010,2455,5,3
27011,2455,6,2
27012,2455,7,3
27013,2455,8,4
27014,2455,9,5
27015,2455,10,5
27016,2456,0,0
27017,2456,1,0
27018,2456,2,0
27019,2456,3,0
27020,2456,4,0
27021,2456,5,0
27022,2456,6,0
27023,2456,7,0
27024,2456,8,0
27025,2456,9,0
27026,2456,10,1
27027,2457,0,0
27028,2457,1,1
27029,2457,2,0
27030,2457,3,1
27031,2457,4,2
27032,2457,5,1
27033,2457,6,0
27034,2457,7,1
27035,2457,8,2
27036,2457,9,2
27037,2457,10,1
27038,2458,0,0
27039,2458,1,1
27040,2458,2,0
27041,2458,3,1
27042,2458,4,0
27043,2458,5,0
27044,2458,6,0
27045,2458,7,1
27046,2458,8,2
27047,2458,9,1
27048,2458,10,0
27049,2459,0,0
27050,2459,1,1
27051,2459,2,1
27052,2459,3,2
27053,2459,4,3
27054,2459,5,4
27055,2459,6,5
27056,2459,7,5
27057,2459,8,5
27058,2459,9,5
27059,2459,10,5
27060,2460,0,0
27061,2460,1,0
27062,2460,2,1
27063,2460,3,1
27064,2460,4,1
27065,2460,5,0
27066,2460,6,1
27067,2460,7,0
27068,2460,8,1
27069,2460,9,0
27070,2460,10,0
27071,2461,0,0
27072,2461,1,0
27073,2461,2,0
27074,2461,3,0
27075,2461,4,0
27076,2461,5,0
27077,2461,6,0
27078,2461,7,0
27079,2461,8,0
27080,2461,9,0
27081,2461,10,0
27082,2462,0,0
27083,2462,1,0
27084,2462,2,0
27085,2462,3,1
27086,2462,4,2
27087,2462,5,3
27088,2462,6,4
27089,2462,7,5
27090,2462,8,5
27091,2462,9,5
27092,2462,10,5
27093,2463,0,0
27094,2463,1,0
27095,2463,2,0
27096,2463,3,0
27097,2463,4,0
27098,2463,5,0
27099,2463,6,0
27100,2463,7,0
27101,2463,8,0
27102,2463,9,0
27103,2463,10,0
27104,2464,0,0
27105,2464,1,0
27106,2464,2,1
27107,2464,3,1
27108,2464,4,2
27109,2464,5,1
27110,2464,6,2
27111,2464,7,1
27112,2464,8,2
27113,2464,9,1
27114,2464,10,1
27115,2465,0,0
27116,2465,1,1
27117,2465,2,2
27118,2465,3,3
27119,2465,4,2
27120,2465,5,1
27121,2465,6,0
27122,2465,7,1
27123,2465,8,2
27124,2465,9,3
27125,2465,10,2
27126,2466,0,0
27127,2466,1,1
27128,2466,2,0
27129,2466,3,1
27130,2466,4,0
27131,2466,5,1
27132,2466,6,0
27133,2466,7,1
27134,2466,8,2
27135,2466,9,3
27136,2466,10,4
27137,2467,0,0
27138,2467,1,1
27139,2467,2,0
27140,2467,3,0
27141,2467,4,0
27142,2467,5,0
27143,2467,6,1
27144,2467,7,0
27145,2467,8,0
27146,2467,9,1
27147,2467,10,2
27148,2468,0,0
27149,2468,1,0
27150,2468,2,0
27151,2468,3,1
27152,2468,4,2
27153,2468,5,3
27154,2468,6,3
27155,2468,7,4
27156,2468,8,5
27157,2468,9,5
27158,2468,10,5
27159,2469,0,0
27160,2469,1,0
27161,2469,2,0
27162,2469,3,0
27163,2469,4,0
27164,2469,5,0
27165,2469,6,0
27166,2469,7,0
27167,2469,8,0
27168,2469,9,0
27169,2469,10,0
27170,2470,0,0
27171,2470,1,1
27172,2470,2,2
27173,2470,3,1
27174,2470,4,2
27175,2470,5,1
27176,2470,6,2
27177,2470,7,3
27178,2470,8,2
27179,2470,9,1
27180,2470,10,2
27181,2471,0,0
27182,2471,1,0
27183,2471,2,0
27184,2471,3,1
27185,2471,4,2
27186,2471,5,2
27187,2471,6,3
27188,2471,7,4
27189,2471,8,4
27190,2471,9,3
27191,2471,10,2
27192,2472,0,0
27193,2472,1,0
27194,2472,2,1
27195,2472,3,0
27196,2472,4,1
27197,2472,5,2
27198,2472,6,3
27199,2472,7,2
27200,2472,8,3
27201,2472,9,2
27202,2472,10,1
27203,2473,0,0
27204,2473,1,1
27205,2473,2,1
27206,2473,3,1
27207,2473,4,1
27208,2473,5,1
27209,2473,6,1
27210,2473,7,0
27211,2473,8,0
27212,2473,9,1
27213,2473,10,0
27214,2474,0,0
27215,2474,1,1
27216,2474,2,1
27217,2474,3,2
27218,2474,4,3
27219,2474,5,4
27220,2474,6,4
27221,2474,7,4
27222,2474,8,3
27223,2474,9,2
27224,2474,10,1
27225,2475,0,0
27226,2475,1,1
27227,2475,2,0
27228,2475,3,1
27229,2475,4,0
27230,2475,5,1
27231,2475,6,0
27232,2475,7,1
27233,2475,8,1
27234,2475,9,0
27235,2475,10,1
27236,2476,0,0
27237,2476,1,0
27238,2476,2,0
27239,2476,3,1
27240,2476,4,1
27241,2476,5,1
27242,2476,6,1
27243,2476,7,1
27244,2476,8,0
27245,2476,9,1
27246,2476,10,1
27247,2477,0,0
27248,2477,1,0
27249,2477,2,0
27250,2477,3,0
27251,2477,4,0
27252,2477,5,0
27253,2477,6,0
27254,2477,7,0
27255,2477,8,0
27256,2477,9,0
27257,2477,10,0
27258,2478,0,0
27259,2478,1,0
27260,2478,2,0
27261,2478,3,0
27262,2478,4,0
27263,2478,5,0
27264,2478,6,0
27265,2478,7,0
27266,2478,8,0
27267,2478,9,0
27268,2478,10,0
27269,2479,0,0
27270,2479,1,1
27271,2479,2,1
27272,2479,3,2
27273,2479,4,3
27274,2479,5,2
27275,2479,6,2
27276,2479,7,1
27277,2479,8,1
27278,2479,9,0
27279,2479,10,1
27280,2480,0,0
27281,2480,1,1
27282,2480,2,0
27283,2480,3,1
27284,2480,4,1
27285,2480,5,2
27286,2480,6,1
27287,2480,7,0
27288,2480,8,1
27289,2480,9,1
27290,2480,10,0
27291,2481,0,0
27292,2481,1,0
27293,2481,2,1
27294,2481,3,2
27295,2481,4,3
27296,2481,5,3
27297,2481,6,2
27298,2481,7,3
27299,2481,8,4
27300,2481,9,3
27301,2481,10,2
27302,2482,0,0
27303,2482,1,0
27304,2482,2,0
27305,2482,3,0
27306,2482,4,0
27307,2482,5,0
27308,2482,6,0
27309,2482,7,0
27310,2482,8,0
27311,2482,9,0
27312,2482,10,0
27313,2483,0,0
27314,2483,1,1
27315,2483,2,2
27316,2483,3,1
27317,2483,4,2
27318,2483,5,1
27319,2483,6,2
27320,2483,7,3
27321,2483,8,2
27322,2483,9,3
27323,2483,10,2
27324,2484,0,0
27325,2484,1,0
27326,2484,2,1
27327,2484,3,0
27328,2484,4,1
27329,2484,5,1
27330,2484,6,0
27331,2484,7,0
27332,2484,8,1
27333,2484,9,1
27334,2484,10,0
27335,2485,0,0
27336,2485,1,1
27337,2485,2,2
27338,2485,3,1
27339,2485,4,2
27340,2485,5,1
27341,2485,6,0
27342,2485,7,0
27343,2485,8,1
27344,2485,9,0
27345,2485,10,1
27346,2486,0,0
27347,2486,1,1
27348,2486,2,2
27349,2486,3,1
27350,2486,4,0
27351,2486,5,1
27352,2486,6,2
27353,2486,7,1
27354,2486,8,0
27355,2486,9,1
27356,2486,10,2
27357,2487,0,0
27358,2487,1,1
27359,2487,2,2
27360,2487,3,3
27361,2487,4,2
27362,2487,5,3
27363,2487,6,2
27364,2487,7,3
27365,2487,8,2
27366,2487,9,3
27367,2487,10,2
27368,2488,0,0
27369,2488,1,0
27370,2488,2,0
27371,2488,3,0
27372,2488,4,0
27373,2488,5,0
27374,2488,6,0
27375,2488,7,0
27376,2488,8,0
27377,2488,9,0
27378,2488,10,0
27379,2489,0,0
27380,2489,1,1
27381,2489,2,2
27382,2489,3,1
27383,2489,4,2
27384,2489,5,3
27385,2489,6,2
27386,2489,7,1
27387,2489,8,2
27388,2489,9,3
27389,2489,10,2
27390,2490,0,0
27391,2490,1,1
27392,2490,2,0
27393,2490,3,1
27394,2490,4,0
27395,2490,5,1
27396,2490,6,0
27397,2490,7,1
27398,2490,8,0
27399,2490,9,1
27400,2490,10,0
27401,2491,0,0
27402,2491,1,1
27403,2491,2,2
27404,2491,3,2
27405,2491,4,3
27406,2491,5,4
27407,2491,6,5
27408,2491,7,5
27409,2491,8,5
27410,2491,9,5
27411,2491,10,5
27412,2492,0,0
27413,2492,1,1
27414,2492,2,1
27415,2492,3,2
27416,2492,4,3
27417,2492,5,3
27418,2492,6,2
27419,2492,7,3
27420,2492,8,4
27421,2492,9,3
27422,2492,10,4
27423,2493,0,0
27424,2493,1,1
27425,2493,2,0
27426,2493,3,1
27427,2493,4,0
27428,2493,5,1
27429,2493,6,0
27430,2493,7,1
27431,2493,8,0
27432,2493,9,1
27433,2493,10,0
27434,2494,0,0
27435,2494,1,1
27436,2494,2,2
27437,2494,3,3
27438,2494,4,4
27439,2494,5,5
27440,2494,6,5
27441,2494,7,5
27442,2494,8,5
27443,2494,9,5
27444,2494,10,5
27445,2495,0,0
27446,2495,1,1
27447,2495,2,2
27448,2495,3,3
27449,2495,4,4
27450,2495,5,3
27451,2495,6,4
27452,2495,7,3
27453,2495,8,4
27454,2495,9,5
27455,2495,10,5
27456,2496,0,0
27457,2496,1,1
27458,2496,2,2
27459,2496,3,1
27460,2496,4,2
27461,2496,5,3
27462,2496,6,4
27463,2496,7,5
27464,2496,8,5
27465,2496,9,5
27466,2496,10,5
27467,2497,0,0
27468,2497,1,0
27469,2497,2,0
27470,2497,3,0
27471,2497,4,0
27472,2497,5,0
27473,2497,6,0
27474,2497,7,0
27475,2497,8,0
27476,2497,9,0
27477,2497,10,0
27478,2498,0,0
27479,2498,1,0
27480,2498,2,0
27481,2498,3,0
27482,2498,4,0
27483,2498,5,0
27484,2498,6,0
27485,2498,7,0
27486,2498,8,0
27487,2498,9,0
27488,2498,10,0
27489,2499,0,0
27490,2499,1,0
27491,2499,2,0
27492,2499,3,0
27493,2499,4,0
27494,2499,5,0
27495,2499,6,0
27496,2499,7,0
27497,2499,8,0
27498,2499,9,0
27499,2499,10,0
27500,2500,0,0
27501,2500,1,1
27502,2500,2,2
27503,2500,3,3
27504,2500,4,4
27505,2500,5,3
27506,2500,6,4
27507,2500,7,5
27508,2500,8,5
27509,2500,9,5
27510,2500,10,5
27511,2501,0,0
27512,2501,1,0
27513,2501,2,0
27514,2501,3,0
27515,2501,4,0
27516,2501,5,0
27517,2501,6,0
27518,2501,7,0
27519,2501,8,0
27520,2501,9,0
27521,2501,10,0
27522,2502,0,0
27523,2502,1,0
27524,2502,2,0
27525,2502,3,0
27526,2502,4,0
27527,2502,5,0
27528,2502,6,0
27529,2502,7,0
27530,2502,8,0
27531,2502,9,0
27532,2502,10,0
27533,2503,0,0
27534,2503,1,0
27535,2503,2,0
27536,2503,3,0
27537,2503,4,0
27538,2503,5,0
27539,2503,6,0
27540,2503,7,0
27541,2503,8,0
27542,2503,9,0
27543,2503,10,0
27544,2504,0,0
27545,2504,1,1
27546,2504,2,0
27547,2504,3,1
27548,2504,4,2
27549,2504,5,1
27550,2504,6,0
27551,2504,7,1
27552,2504,8,2
27553,2504,9,1
27554,2504,10,0
27555,2505,0,0
27556,2505,1,1
27557,2505,2,2
27558,2505,3,1
27559,2505,4,2
27560,2505,5,3
27561,2505,6,4
27562,2505,7,3
27563,2505,8,2
27564,2505,9,3
27565,2505,10,4
27566,2506,0,0
27567,2506,1,0
27568,2506,2,1
27569,2506,3,0
27570,2506,4,1
27571,2506,5,0
27572,2506,6,1
27573,2506,7,2
27574,2506,8,3
27575,2506,9,2
27576,2506,10,3
27577,2507,0,0
27578,2507,1,1
27579,2507,2,2
27580,2507,3,3
27581,2507,4,3
27582,2507,5,3
27583,2507,6,3
27584,2507,7,3
27585,2507,8,3
27586,2507,9,3
27587,2507,10,3
27588,2508,0,0
27589,2508,1,0
27590,2508,2,0
27591,2508,3,0
27592,2508,4,1
27593,2508,5,2
27594,2508,6,1
27595,2508,7,2
27596,2508,8,1
27597,2508,9,2
27598,2508,10,1
27599,2509,0,0
27600,2509,1,1
27601,2509,2,2
27602,2509,3,1
27603,2509,4,2
27604,2509,5,1
27605,2509,6,2
27606,2509,7,3
27607,2509,8,2
27608,2509,9,3
27609,2509,10,2
27610,2510,0,0
27611,2510,1,0
27612,2510,2,0
27613,2510,3,0
27614,2510,4,0
27615,2510,5,1
27616,2510,6,0
27617,2510,7,0
27618,2510,8,1
27619,2510,9,1
27620,2510,10,0
27621,2511,0,0
27622,2511,1,1
27623,2511,2,2
27624,2511,3,1
27625,2511,4,2
27626,2511,5,1
27627,2511,6,2
27628,2511,7,1
27629,2511,8,2
27630,2511,9,1
27631,2511,10,0
27632,2512,0,0
27633,2512,1,1
27634,2512,2,2
27635,2512,3,1
27636,2512,4,2
27637,2512,5,1
27638,2512,6,2
27639,2512,7,1
27640,2512,8,2
27641,2512,9,1
27642,2512,10,2
27643,2513,0,0
27644,2513,1,0
27645,2513,2,0
27646,2513,3,0
27647,2513,4,0
27648,2513,5,0
27649,2513,6,0
27650,2513,7,0
27651,2513,8,0
27652,2513,9,0
27653,2513,10,0
27654,2514,0,0
27655,2514,1,1
27656,2514,2,2
27657,2514,3,3
27658,2514,4,4
27659,2514,5,3
27660,2514,6,2
27661,2514,7,3
27662,2514,8,4
27663,2514,9,3
27664,2514,10,4
27665,2515,0,0
27666,2515,1,1
27667,2515,2,2
27668,2515,3,3
27669,2515,4,4
27670,2515,5,3
27671,2515,6,4
27672,2515,7,5
27673,2515,8,5
27674,2515,9,5
27675,2515,10,5
27676,2516,0,0
27677,2516,1,0
27678,2516,2,0
27679,2516,3,0
27680,2516,4,0
27681,2516,5,0
27682,2516,6,0
27683,2516,7,0
27684,2516,8,0
27685,2516,9,0
27686,2516,10,0
27687,2517,0,0
27688,2517,1,0
27689,2517,2,0
27690,2517,3,0
27691,2517,4,0
27692,2517,5,0
27693,2517,6,0
27694,2517,7,0
27695,2517,8,0
27696,2517,9,0
27697,2517,10,0
27698,2518,0,0
27699,2518,1,1
27700,2518,2,2
27701,2518,3,3
27702,2518,4,4
27703,2518,5,5
27704,2518,6,5
27705,2518,7,5
27706,2518,8,5
27707,2518,9,5
27708,2518,10,5
27709,2519,0,0
27710,2519,1,0
27711,2519,2,0
27712,2519,3,0
27713,2519,4,0
27714,2519,5,0
27715,2519,6,0
27716,2519,7,0
27717,2519,8,0
27718,2519,9,0
27719,2519,10,0
27720,2520,0,0
27721,2520,1,1
27722,2520,2,0
27723,2520,3,1
27724,2520,4,2
27725,2520,5,1
27726,2520,6,2
27727,2520,7,1
27728,2520,8,0
27729,2520,9,1
27730,2520,10,0
27731,2521,0,0
27732,2521,1,1
27733,2521,2,2
27734,2521,3,3
27735,2521,4,4
27736,2521,5,3
27737,2521,6,4
27738,2521,7,3
27739,2521,8,4
27740,2521,9,5
27741,2521,10,5
27742,2522,0,0
27743,2522,1,0
27744,2522,2,0
27745,2522,3,0
27746,2522,4,1
27747,2522,5,0
27748,2522,6,0
27749,2522,7,0
27750,2522,8,1
27751,2522,9,1
27752,2522,10,0
27753,2523,0,0
27754,2523,1,0
27755,2523,2,1
27756,2523,3,2
27757,2523,4,3
27758,2523,5,4
27759,2523,6,4
27760,2523,7,4
27761,2523,8,4
27762,2523,9,4
27763,2523,10,5
27764,2524,0,0
27765,2524,1,1
27766,2524,2,2
27767,2524,3,3
27768,2524,4,2
27769,2524,5,3
27770,2524,6,2
27771,2524,7,1
27772,2524,8,2
27773,2524,9,3
27774,2524,10,2
27775,2525,0,0
27776,2525,1,1
27777,2525,2,2
27778,2525,3,1
27779,2525,4,2
27780,2525,5,1
27781,2525,6,2
27782,2525,7,1
27783,2525,8,2
27784,2525,9,1
27785,2525,10,2
27786,2526,0,0
27787,2526,1,1
27788,2526,2,0
27789,2526,3,1
27790,2526,4,1
27791,2526,5,1
27792,2526,6,1
27793,2526,7,0
27794,2526,8,1
27795,2526,9,0
27796,2526,10,1
27797,2527,0,0
27798,2527,1,0
27799,2527,2,0
27800,2527,3,1
27801,2527,4,0
27802,2527,5,0
27803,2527,6,0
27804,2527,7,0
27805,2527,8,0
27806,2527,9,0
27807,2527,10,0
27808,2528,0,0
27809,2528,1,1
27810,2528,2,2
27811,2528,3,1
27812,2528,4,2
27813,2528,5,1
27814,2528,6,1
27815,2528,7,1
27816,2528,8,2
27817,2528,9,1
27818,2528,10,2
27819,2529,0,0
27820,2529,1,0
27821,2529,2,0
27822,2529,3,0
27823,2529,4,0
27824,2529,5,0
27825,2529,6,0
27826,2529,7,0
27827,2529,8,0
27828,2529,9,0
27829,2529,10,0
27830,2530,0,0
27831,2530,1,0
27832,2530,2,0
27833,2530,3,1
27834,2530,4,0
27835,2530,5,0
27836,2530,6,0
27837,2530,7,0
27838,2530,8,0
27839,2530,9,0
27840,2530,10,0
27841,2531,0,0
27842,2531,1,1
27843,2531,2,0
27844,2531,3,1
27845,2531,4,2
27846,2531,5,1
27847,2531,6,0
27848,2531,7,1
27849,2531,8,2
27850,2531,9,3
27851,2531,10,4
27852,2532,0,0
27853,2532,1,0
27854,2532,2,0
27855,2532,3,0
27856,2532,4,1
27857,2532,5,0
27858,2532,6,1
27859,2532,7,0
27860,2532,8,0
27861,2532,9,0
27862,2532,10,0
27863,2533,0,0
27864,2533,1,1
27865,2533,2,2
27866,2533,3,1
27867,2533,4,0
27868,2533,5,1
27869,2533,6,2
27870,2533,7,1
27871,2533,8,0
27872,2533,9,1
27873,2533,10,2
27874,2534,0,0
27875,2534,1,0
27876,2534,2,0
27877,2534,3,0
27878,2534,4,1
27879,2534,5,1
27880,2534,6,1
27881,2534,7,2
27882,2534,8,3
27883,2534,9,4
27884,2534,10,3
27885,2535,0,0
27886,2535,1,1
27887,2535,2,2
27888,2535,3,1
27889,2535,4,0
27890,2535,5,1
27891,2535,6,0
27892,2535,7,0
27893,2535,8,0
27894,2535,9,0
27895,2535,10,0
27896,2536,0,0
27897,2536,1,1
27898,2536,2,0
27899,2536,3,1
27900,2536,4,0
27901,2536,5,1
27902,2536,6,1
27903,2536,7,0
27904,2536,8,1
27905,2536,9,0
27906,2536,10,1
27907,2537,0,0
27908,2537,1,1
27909,2537,2,2
27910,2537,3,2
27911,2537,4,2
27912,2537,5,2
27913,2537,6,2
27914,2537,7,2
27915,2537,8,1
27916,2537,9,2
27917,2537,10,1
27918,2538,0,0
27919,2538,1,0
27920,2538,2,1
27921,2538,3,0
27922,2538,4,0
27923,2538,5,0
27924,2538,6,0
27925,2538,7,0
27926,2538,8,0
27927,2538,9,0
27928,2538,10,1
27929,2539,0,0
27930,2539,1,1
27931,2539,2,0
27932,2539,3,1
27933,2539,4,2
27934,2539,5,3
27935,2539,6,2
27936,2539,7,1
27937,2539,8,2
27938,2539,9,3
27939,2539,10,4
27940,2540,0,0
27941,2540,1,1
27942,2540,2,0
27943,2540,3,1
27944,2540,4,0
27945,2540,5,0
27946,2540,6,0
27947,2540,7,1
27948,2540,8,1
27949,2540,9,1
27950,2540,10,0
27951,2541,0,0
27952,2541,1,1
27953,2541,2,0
27954,2541,3,1
27955,2541,4,0
27956,2541,5,0
27957,2541,6,1
27958,2541,7,0
27959,2541,8,0
27960,2541,9,1
27961,2541,10,0
27962,2542,0,0
27963,2542,1,1
27964,2542,2,2
27965,2542,3,1
27966,2542,4,2
27967,2542,5,3
27968,2542,6,4
27969,2542,7,3
27970,2542,8,4
27971,2542,9,3
27972,2542,10,2
27973,2543,0,0
27974,2543,1,0
27975,2543,2,1
27976,2543,3,1
27977,2543,4,1
27978,2543,5,1
27979,2543,6,1
27980,2543,7,1
27981,2543,8,1
27982,2543,9,1
27983,2543,10,1
27984,2544,0,0
27985,2544,1,0
27986,2544,2,0
27987,2544,3,0
27988,2544,4,0
27989,2544,5,0
27990,2544,6,0
27991,2544,7,0
27992,2544,8,0
27993,2544,9,0
27994,2544,10,0
27995,2545,0,0
27996,2545,1,0
27997,2545,2,1
27998,2545,3,2
27999,2545,4,1
28000,2545,5,1
28001,2545,6,2
28002,2545,7,1
28003,2545,8,2
28004,2545,9,1
28005,2545,10,2
28006,2546,0,0
28007,2546,1,1
28008,2546,2,0
28009,2546,3,1
28010,2546,4,0
28011,2546,5,0
28012,2546,6,1
28013,2546,7,0
28014,2546,8,1
28015,2546,9,0
28016,2546,10,0
28017,2547,0,0
28018,2547,1,1
28019,2547,2,0
28020,2547,3,1
28021,2547,4,0
28022,2547,5,1
28023,2547,6,2
28024,2547,7,1
28025,2547,8,0
28026,2547,9,1
28027,2547,10,0
28028,2548,0,0
28029,2548,1,1
28030,2548,2,0
28031,2548,3,1
28032,2548,4,2
28033,2548,5,3
28034,2548,6,4
28035,2548,7,3
28036,2548,8,4
28037,2548,9,3
28038,2548,10,4
28039,2549,0,0
28040,2549,1,0
28041,2549,2,1
28042,2549,3,2
28043,2549,4,2
28044,2549,5,3
28045,2549,6,2
28046,2549,7,2
28047,2549,8,3
28048,2549,9,2
28049,2549,10,2
28050,2550,0,0
28051,2550,1,0
28052,2550,2,0
28053,2550,3,0
28054,2550,4,0
28055,2550,5,0
28056,2550,6,0
28057,2550,7,0
28058,2550,8,0
28059,2550,9,0
28060,2550,10,0
28061,2551,0,0
28062,2551,1,0
28063,2551,2,1
28064,2551,3,0
28065,2551,4,0
28066,2551,5,1
28067,2551,6,0
28068,2551,7,0
28069,2551,8,0
28070,2551,9,1
28071,2551,10,0
28072,2552,0,0
28073,2552,1,0
28074,2552,2,1
28075,2552,3,2
28076,2552,4,3
28077,2552,5,4
28078,2552,6,5
28079,2552,7,5
28080,2552,8,5
28081,2552,9,5
28082,2552,10,5
28083,2553,0,0
28084,2553,1,0
28085,2553,2,0
28086,2553,3,0
28087,2553,4,0
28088,2553,5,0
28089,2553,6,0
28090,2553,7,0
28091,2553,8,0
28092,2553,9,0
28093,2553,10,0
28094,2554,0,0
28095,2554,1,1
28096,2554,2,0
28097,2554,3,1
28098,2554,4,0
28099,2554,5,1
28100,2554,6,2
28101,2554,7,3
28102,2554,8,2
28103,2554,9,1
28104,2554,10,2
28105,2555,0,0
28106,2555,1,1
28107,2555,2,1
28108,2555,3,0
28109,2555,4,0
28110,2555,5,0
28111,2555,6,0
28112,2555,7,1
28113,2555,8,1
28114,2555,9,1
28115,2555,10,1
28116,2556,0,0
28117,2556,1,0
28118,2556,2,0
28119,2556,3,0
28120,2556,4,0
28121,2556,5,0
28122,2556,6,0
28123,2556,7,0
28124,2556,8,0
28125,2556,9,0
28126,2556,10,0
28127,2557,0,0
28128,2557,1,0
28129,2557,2,0
28130,2557,3,0
28131,2557,4,0
28132,2557,5,0
28133,2557,6,0
28134,2557,7,0
28135,2557,8,0
28136,2557,9,0
28137,2557,10,0
28138,2558,0,0
28139,2558,1,1
28140,2558,2,2
28141,2558,3,1
28142,2558,4,2
28143,2558,5,1
28144,2558,6,2
28145,2558,7,3
28146,2558,8,2
28147,2558,9,3
28148,2558,10,2
28149,2559,0,0
28150,2559,1,1
28151,2559,2,2
28152,2559,3,3
28153,2559,4,2
28154,2559,5,3
28155,2559,6,4
28156,2559,7,5
28157,2559,8,5
28158,2559,9,5
28159,2559,10,5
28160,2560,0,0
28161,2560,1,1
28162,2560,2,0
28163,2560,3,1
28164,2560,4,0
28165,2560,5,1
28166,2560,6,0
28167,2560,7,1
28168,2560,8,1
28169,2560,9,0
28170,2560,10,1
28171,2561,0,0
28172,2561,1,1
28173,2561,2,2
28174,2561,3,1
28175,2561,4,2
28176,2561,5,1
28177,2561,6,2
28178,2561,7,1
28179,2561,8,1
28180,2561,9,1
28181,2561,10,1
28182,2562,0,0
28183,2562,1,1
28184,2562,2,0
28185,2562,3,1
28186,2562,4,2
28187,2562,5,1
28188,2562,6,2
28189,2562,7,1
28190,2562,8,0
28191,2562,9,1
28192,2562,10,1
28193,2563,0,0
28194,2563,1,1
28195,2563,2,2
28196,2563,3,1
28197,2563,4,2
28198,2563,5,1
28199,2563,6,2
28200,2563,7,1
28201,2563,8,2
28202,2563,9,1
28203,2563,10,2
28204,2564,0,0
28205,2564,1,1
28206,2564,2,2
28207,2564,3,3
28208,2564,4,4
28209,2564,5,5
28210,2564,6,5
28211,2564,7,5
28212,2564,8,5
28213,2564,9,5
28214,2564,10,5
28215,2565,0,0
28216,2565,1,1
28217,2565,2,2
28218,2565,3,3
28219,2565,4,4
28220,2565,5,3
28221,2565,6,4
28222,2565,7,3
28223,2565,8,4
28224,2565,9,3
28225,2565,10,3
28226,2566,0,0
28227,2566,1,0
28228,2566,2,1
28229,2566,3,2
28230,2566,4,3
28231,2566,5,3
28232,2566,6,3
28233,2566,7,3
28234,2566,8,3
28235,2566,9,3
28236,2566,10,4
28237,2567,0,0
28238,2567,1,0
28239,2567,2,0
28240,2567,3,0
28241,2567,4,0
28242,2567,5,0
28243,2567,6,0
28244,2567,7,0
28245,2567,8,0
28246,2567,9,0
28247,2567,10,0
28248,2568,0,0
28249,2568,1,1
28250,2568,2,1
28251,2568,3,1
28252,2568,4,1
28253,2568,5,1
28254,2568,6,1
28255,2568,7,0
28256,2568,8,1
28257,2568,9,0
28258,2568,10,1
28259,2569,0,0
28260,2569,1,0
28261,2569,2,0
28262,2569,3,0
28263,2569,4,0
28264,2569,5,0
28265,2569,6,0
28266,2569,7,0
28267,2569,8,0
28268,2569,9,0
28269,2569,10,0
28270,2570,0,0
28271,2570,1,0
28272,2570,2,0
28273,2570,3,0
28274,2570,4,0
28275,2570,5,0
28276,2570,6,0
28277,2570,7,0
28278,2570,8,0
28279,2570,9,0
28280,2570,10,0
28281,2571,0,0
28282,2571,1,0
28283,2571,2,0
28284,2571,3,0
28285,2571,4,0
28286,2571,5,0
28287,2571,6,0
28288,2571,7,0
28289,2571,8,0
28290,2571,9,0
28291,2571,10,1
28292,2572,0,0
28293,2572,1,0
28294,2572,2,1
28295,2572,3,2
28296,2572,4,3
28297,2572,5,4
28298,2572,6,3
28299,2572,7,4
28300,2572,8,3
28301,2572,9,2
28302,2572,10,3
28303,2573,0,0
28304,2573,1,0
28305,2573,2,0
28306,2573,3,0
28307,2573,4,0
28308,2573,5,0
28309,2573,6,1
28310,2573,7,0
28311,2573,8,0
28312,2573,9,0
28313,2573,10,0
28314,2574,0,0
28315,2574,1,0
28316,2574,2,1
28317,2574,3,2
28318,2574,4,3
28319,2574,5,4
28320,2574,6,4
28321,2574,7,3
28322,2574,8,2
28323,2574,9,3
28324,2574,10,2
28325,2575,0,0
28326,2575,1,1
28327,2575,2,0
28328,2575,3,0
28329,2575,4,0
28330,2575,5,0
28331,2575,6,1
28332,2575,7,1
28333,2575,8,0
28334,2575,9,0
28335,2575,10,1
28336,2576,0,0
28337,2576,1,1
28338,2576,2,0
28339,2576,3,1
28340,2576,4,2
28341,2576,5,3
28342,2576,6,4
28343,2576,7,4
28344,2576,8,4
28345,2576,9,4
28346,2576,10,4
28347,2577,0,0
28348,2577,1,1
28349,2577,2,2
28350,2577,3,3
28351,2577,4,4
28352,2577,5,3
28353,2577,6,4
28354,2577,7,3
28355,2577,8,2
28356,2577,9,3
28357,2577,10,4
28358,2578,0,0
28359,2578,1,1
28360,2578,2,0
28361,2578,3,1
28362,2578,4,0
28363,2578,5,1
28364,2578,6,0
28365,2578,7,0
28366,2578,8,1
28367,2578,9,0
28368,2578,10,0
28369,2579,0,0
28370,2579,1,1
28371,2579,2,1
28372,2579,3,1
28373,2579,4,1
28374,2579,5,1
28375,2579,6,1
28376,2579,7,1
28377,2579,8,1
28378,2579,9,1
28379,2579,10,1
28380,2580,0,0
28381,2580,1,0
28382,2580,2,0
28383,2580,3,0
28384,2580,4,0
28385,2580,5,0
28386,2580,6,0
28387,2580,7,0
28388,2580,8,0
28389,2580,9,0
28390,2580,10,0
28391,2581,0,0
28392,2581,1,1
28393,2581,2,2
28394,2581,3,3
28395,2581,4,2
28396,2581,5,1
28397,2581,6,2
28398,2581,7,3
28399,2581,8,4
28400,2581,9,3
28401,2581,10,4
28402,2582,0,0
28403,2582,1,0
28404,2582,2,0
28405,2582,3,0
28406,2582,4,0
28407,2582,5,0
28408,2582,6,0
28409,2582,7,0
28410,2582,8,0
28411,2582,9,0
28412,2582,10,0
28413,2583,0,0
28414,2583,1,0
28415,2583,2,0
28416,2583,3,0
28417,2583,4,0
28418,2583,5,0
28419,2583,6,0
28420,2583,7,0
28421,2583,8,0
28422,2583,9,0
28423,2583,10,0
28424,2584,0,0
28425,2584,1,1
28426,2584,2,0
28427,2584,3,1
28428,2584,4,0
28429,2584,5,1
28430,2584,6,0
28431,2584,7,1
28432,2584,8,0
28433,2584,9,1
28434,2584,10,0
28435,2585,0,0
28436,2585,1,1
28437,2585,2,2
28438,2585,3,1
28439,2585,4,2
28440,2585,5,1
28441,2585,6,2
28442,2585,7,1
28443,2585,8,0
28444,2585,9,1
28445,2585,10,2
28446,2586,0,0
28447,2586,1,1
28448,2586,2,0
28449,2586,3,1
28450,2586,4,0
28451,2586,5,1
28452,2586,6,0
28453,2586,7,1
28454,2586,8,0
28455,2586,9,1
28456,2586,10,1
28457,2587,0,0
28458,2587,1,0
28459,2587,2,0
28460,2587,3,0
28461,2587,4,0
28462,2587,5,0
28463,2587,6,0
28464,2587,7,0
28465,2587,8,0
28466,2587,9,0
28467,2587,10,0
28468,2588,0,0
28469,2588,1,0
28470,2588,2,0
28471,2588,3,0
28472,2588,4,0
28473,2588,5,0
28474,2588,6,0
28475,2588,7,0
28476,2588,8,0
28477,2588,9,0
28478,2588,10,1
28479,2589,0,0
28480,2589,1,0
28481,2589,2,0
28482,2589,3,0
28483,2589,4,0
28484,2589,5,0
28485,2589,6,0
28486,2589,7,0
28487,2589,8,0
28488,2589,9,0
28489,2589,10,1
28490,2590,0,0
28491,2590,1,1
28492,2590,2,0
28493,2590,3,1
28494,2590,4,2
28495,2590,5,1
28496,2590,6,1
28497,2590,7,2
28498,2590,8,3
28499,2590,9,3
28500,2590,10,3
28501,2591,0,0
28502,2591,1,0
28503,2591,2,0
28504,2591,3,0
28505,2591,4,0
28506,2591,5,0
28507,2591,6,0
28508,2591,7,0
28509,2591,8,0
28510,2591,9,0
28511,2591,10,0
28512,2592,0,0
28513,2592,1,0
28514,2592,2,1
28515,2592,3,0
28516,2592,4,0
28517,2592,5,1
28518,2592,6,1
28519,2592,7,1
28520,2592,8,2
28521,2592,9,3
28522,2592,10,2
28523,2593,0,0
28524,2593,1,0
28525,2593,2,1
28526,2593,3,0
28527,2593,4,0
28528,2593,5,1
28529,2593,6,0
28530,2593,7,0
28531,2593,8,0
28532,2593,9,1
28533,2593,10,0
28534,2594,0,0
28535,2594,1,1
28536,2594,2,2
28537,2594,3,3
28538,2594,4,4
28539,2594,5,4
28540,2594,6,4
28541,2594,7,5
28542,2594,8,5
28543,2594,9,5
28544,2594,10,5
28545,2595,0,0
28546,2595,1,1
28547,2595,2,1
28548,2595,3,1
28549,2595,4,1
28550,2595,5,0
28551,2595,6,1
28552,2595,7,0
28553,2595,8,1
28554,2595,9,1
28555,2595,10,1
28556,2596,0,0
28557,2596,1,0
28558,2596,2,0
28559,2596,3,0
28560,2596,4,0
28561,2596,5,1
28562,2596,6,0
28563,2596,7,0
28564,2596,8,0
28565,2596,9,0
28566,2596,10,0
28567,2597,0,0
28568,2597,1,0
28569,2597,2,0
28570,2597,3,0
28571,2597,4,0
28572,2597,5,0
28573,2597,6,0
28574,2597,7,0
28575,2597,8,0
28576,2597,9,0
28577,2597,10,0
28578,2598,0,0
28579,2598,1,1
28580,2598,2,0
28581,2598,3,1
28582,2598,4,1
28583,2598,5,0
28584,2598,6,1
28585,2598,7,1
28586,2598,8,0
28587,2598,9,1
28588,2598,10,0
28589,2599,0,0
28590,2599,1,1
28591,2599,2,1
28592,2599,3,1
28593,2599,4,1
28594,2599,5,1
28595,2599,6,0
28596,2599,7,1
28597,2599,8,1
28598,2599,9,1
28599,2599,10,1
28600,2600,0,0
28601,2600,1,1
28602,2600,2,2
28603,2600,3,3
28604,2600,4,4
28605,2600,5,3
28606,2600,6,2
28607,2600,7,1
28608,2600,8,2
28609,2600,9,3
28610,2600,10,4
28611,2601,0,0
28612,2601,1,0
28613,2601,2,0
28614,2601,3,1
28615,2601,4,2
28616,2601,5,3
28617,2601,6,4
28618,2601,7,3
28619,2601,8,3
28620,2601,9,3
28621,2601,10,4
28622,2602,0,0
28623,2602,1,1
28624,2602,2,2
28625,2602,3,1
28626,2602,4,1
28627,2602,5,2
28628,2602,6,1
28629,2602,7,2
28630,2602,8,3
28631,2602,9,4
28632,2602,10,3
28633,2603,0,0
28634,2603,1,0
28635,2603,2,0
28636,2603,3,0
28637,2603,4,0
28638,2603,5,0
28639,2603,6,0
28640,2603,7,0
28641,2603,8,0
28642,2603,9,0
28643,2603,10,0
28644,2604,0,0
28645,2604,1,0
28646,2604,2,0
28647,2604,3,0
28648,2604,4,0
28649,2604,5,0
28650,2604,6,0
28651,2604,7,0
28652,2604,8,0
28653,2604,9,0
28654,2604,10,0
28655,2605,0,0
28656,2605,1,1
28657,2605,2,0
28658,2605,3,1
28659,2605,4,0
28660,2605,5,1
28661,2605,6,0
28662,2605,7,1
28663,2605,8,1
28664,2605,9,1
28665,2605,10,1
28666,2606,0,0
28667,2606,1,0
28668,2606,2,0
28669,2606,3,0
28670,2606,4,0
28671,2606,5,0
28672,2606,6,0
28673,2606,7,0
28674,2606,8,0
28675,2606,9,0
28676,2606,10,0
28677,2607,0,0
28678,2607,1,1
28679,2607,2,0
28680,2607,3,1
28681,2607,4,1
28682,2607,5,2
28683,2607,6,3
28684,2607,7,4
28685,2607,8,4
28686,2607,9,3
28687,2607,10,3
28688,2608,0,0
28689,2608,1,0
28690,2608,2,1
28691,2608,3,1
28692,2608,4,1
28693,2608,5,1
28694,2608,6,1
28695,2608,7,1
28696,2608,8,1
28697,2608,9,1
28698,2608,10,1
28699,2609,0,0
28700,2609,1,1
28701,2609,2,0
28702,2609,3,0
28703,2609,4,1
28704,2609,5,0
28705,2609,6,0
28706,2609,7,1
28707,2609,8,0
28708,2609,9,1
28709,2609,10,0
28710,2610,0,0
28711,2610,1,1
28712,2610,2,0
28713,2610,3,1
28714,2610,4,2
28715,2610,5,3
28716,2610,6,4
28717,2610,7,5
28718,2610,8,5
28719,2610,9,5
28720,2610,10,5
28721,2611,0,0
28722,2611,1,0
28723,2611,2,1
28724,2611,3,2
28725,2611,4,3
28726,2611,5,2
28727,2611,6,3
28728,2611,7,2
28729,2611,8,3
28730,2611,9,2
28731,2611,10,3
28732,2612,0,0
28733,2612,1,1
28734,2612,2,2
28735,2612,3,3
28736,2612,4,4
28737,2612,5,3
28738,2612,6,4
28739,2612,7,3
28740,2612,8,4
28741,2612,9,3
28742,2612,10,2
28743,2613,0,0
28744,2613,1,0
28745,2613,2,0
28746,2613,3,0
28747,2613,4,0
28748,2613,5,0
28749,2613,6,0
28750,2613,7,0
28751,2613,8,0
28752,2613,9,0
28753,2613,10,0
28754,2614,0,0
28755,2614,1,1
28756,2614,2,2
28757,2614,3,3
28758,2614,4,2
28759,2614,5,3
28760,2614,6,4
28761,2614,7,3
28762,2614,8,2
28763,2614,9,3
28764,2614,10,4
28765,2615,0,0
28766,2615,1,0
28767,2615,2,0
28768,2615,3,1
28769,2615,4,0
28770,2615,5,1
28771,2615,6,2
28772,2615,7,2
28773,2615,8,3
28774,2615,9,3
28775,2615,10,3
28776,2616,0,0
28777,2616,1,1
28778,2616,2,0
28779,2616,3,1
28780,2616,4,0
28781,2616,5,1
28782,2616,6,2
28783,2616,7,3
28784,2616,8,4
28785,2616,9,4
28786,2616,10,4
28787,2617,0,0
28788,2617,1,1
28789,2617,2,0
28790,2617,3,1
28791,2617,4,2
28792,2617,5,1
28793,2617,6,0
28794,2617,7,1
28795,2617,8,0
28796,2617,9,1
28797,2617,10,2
28798,2618,0,0
28799,2618,1,1
28800,2618,2,0
28801,2618,3,1
28802,2618,4,2
28803,2618,5,3
28804,2618,6,4
28805,2618,7,3
28806,2618,8,4
28807,2618,9,3
28808,2618,10,4
28809,2619,0,0
28810,2619,1,0
28811,2619,2,0
28812,2619,3,0
28813,2619,4,0
28814,2619,5,1
28815,2619,6,0
28816,2619,7,1
28817,2619,8,2
28818,2619,9,3
28819,2619,10,3
28820,2620,0,0
28821,2620,1,0
28822,2620,2,0
28823,2620,3,0
28824,2620,4,0
28825,2620,5,0
28826,2620,6,0
28827,2620,7,0
28828,2620,8,0
28829,2620,9,0
28830,2620,10,0
28831,2621,0,0
28832,2621,1,0
28833,2621,2,0
28834,2621,3,0
28835,2621,4,0
28836,2621,5,0
28837,2621,6,0
28838,2621,7,0
28839,2621,8,0
28840,2621,9,0
28841,2621,10,0
28842,2622,0,0
28843,2622,1,0
28844,2622,2,0
28845,2622,3,0
28846,2622,4,0
28847,2622,5,1
28848,2622,6,0
28849,2622,7,0
28850,2622,8,0
28851,2622,9,0
28852,2622,10,0
28853,2623,0,0
28854,2623,1,1
28855,2623,2,0
28856,2623,3,1
28857,2623,4,2
28858,2623,5,3
28859,2623,6,2
28860,2623,7,3
28861,2623,8,2
28862,2623,9,3
28863,2623,10,2
28864,2624,0,0
28865,2624,1,1
28866,2624,2,1
28867,2624,3,1
28868,2624,4,1
28869,2624,5,2
28870,2624,6,3
28871,2624,7,2
28872,2624,8,2
28873,2624,9,1
28874,2624,10,1
28875,2625,0,0
28876,2625,1,1
28877,2625,2,0
28878,2625,3,1
28879,2625,4,2
28880,2625,5,2
28881,2625,6,2
28882,2625,7,3
28883,2625,8,4
28884,2625,9,3
28885,2625,10,3
28886,2626,0,0
28887,2626,1,1
28888,2626,2,0
28889,2626,3,1
28890,2626,4,2
28891,2626,5,2
28892,2626,6,1
28893,2626,7,0
28894,2626,8,1
28895,2626,9,0
28896,2626,10,1
28897,2627,0,0
28898,2627,1,0
28899,2627,2,0
28900,2627,3,0
28901,2627,4,0
28902,2627,5,0
28903,2627,6,0
28904,2627,7,0
28905,2627,8,0
28906,2627,9,0
28907,2627,10,0
28908,2628,0,0
28909,2628,1,0
28910,2628,2,0
28911,2628,3,1
28912,2628,4,1
28913,2628,5,0
28914,2628,6,1
28915,2628,7,1
28916,2628,8,0
28917,2628,9,0
28918,2628,10,0
28919,2629,0,0
28920,2629,1,1
28921,2629,2,2
28922,2629,3,3
28923,2629,4,2
28924,2629,5,3
28925,2629,6,2
28926,2629,7,3
28927,2629,8,4
28928,2629,9,3
28929,2629,10,4
28930,2630,0,0
28931,2630,1,1
28932,2630,2,0
28933,2630,3,1
28934,2630,4,0
28935,2630,5,1
28936,2630,6,0
28937,2630,7,1
28938,2630,8,0
28939,2630,9,1
28940,2630,10,2
28941,2631,0,0
28942,2631,1,1
28943,2631,2,1
28944,2631,3,1
28945,2631,4,1
28946,2631,5,1
28947,2631,6,1
28948,2631,7,1
28949,2631,8,1
28950,2631,9,1
28951,2631,10,1
28952,2632,0,0
28953,2632,1,0
28954,2632,2,0
28955,2632,3,0
28956,2632,4,0
28957,2632,5,0
28958,2632,6,0
28959,2632,7,0
28960,2632,8,0
28961,2632,9,0
28962,2632,10,0
28963,2633,0,0
28964,2633,1,1
28965,2633,2,2
28966,2633,3,1
28967,2633,4,0
28968,2633,5,1
28969,2633,6,1
28970,2633,7,0
28971,2633,8,1
28972,2633,9,2
28973,2633,10,1
28974,2634,0,0
28975,2634,1,0
28976,2634,2,1
28977,2634,3,1
28978,2634,4,2
28979,2634,5,1
28980,2634,6,2
28981,2634,7,3
28982,2634,8,4
28983,2634,9,3
28984,2634,10,4
28985,2635,0,0
28986,2635,1,1
28987,2635,2,2
28988,2635,3,3
28989,2635,4,2
28990,2635,5,3
28991,2635,6,2
28992,2635,7,3
28993,2635,8,2
28994,2635,9,3
28995,2635,10,2
28996,2636,0,0
28997,2636,1,1
28998,2636,2,0
28999,2636,3,1
29000,2636,4,0
29001,2636,5,0
29002,2636,6,1
29003,2636,7,0
29004,2636,8,1
29005,2636,9,0
29006,2636,10,0
29007,2637,0,0
29008,2637,1,0
29009,2637,2,0
29010,2637,3,1
29011,2637,4,0
29012,2637,5,1
29013,2637,6,0
29014,2637,7,0
29015,2637,8,1
29016,2637,9,0
29017,2637,10,1
29018,2638,0,0
29019,2638,1,1
29020,2638,2,2
29021,2638,3,3
29022,2638,4,3
29023,2638,5,3
29024,2638,6,3
29025,2638,7,4
29026,2638,8,3
29027,2638,9,4
29028,2638,10,4
29029,2639,0,0
29030,2639,1,1
29031,2639,2,0
29032,2639,3,1
29033,2639,4,0
29034,2639,5,1
29035,2639,6,0
29036,2639,7,1
29037,2639,8,2
29038,2639,9,3
29039,2639,10,3
29040,2640,0,0
29041,2640,1,0
29042,2640,2,0
29043,2640,3,0
29044,2640,4,0
29045,2640,5,0
29046,2640,6,0
29047,2640,7,0
29048,2640,8,0
29049,2640,9,0
29050,2640,10,0
29051,2641,0,0
29052,2641,1,1
29053,2641,2,1
29054,2641,3,1
29055,2641,4,1
29056,2641,5,1
29057,2641,6,0
29058,2641,7,1
29059,2641,8,1
29060,2641,9,1
29061,2641,10,1
29062,2642,0,0
29063,2642,1,1
29064,2642,2,0
29065,2642,3,1
29066,2642,4,0
29067,2642,5,1
29068,2642,6,2
29069,2642,7,3
29070,2642,8,4
29071,2642,9,5
29072,2642,10,5
29073,2643,0,0
29074,2643,1,0
29075,2643,2,0
29076,2643,3,0
29077,2643,4,0
29078,2643,5,0
29079,2643,6,0
29080,2643,7,0
29081,2643,8,0
29082,2643,9,0
29083,2643,10,0
29084,2644,0,0
29085,2644,1,0
29086,2644,2,0
29087,2644,3,0
29088,2644,4,0
29089,2644,5,0
29090,2644,6,0
29091,2644,7,0
29092,2644,8,0
29093,2644,9,0
29094,2644,10,0
29095,2645,0,0
29096,2645,1,0
29097,2645,2,0
29098,2645,3,0
29099,2645,4,0
29100,2645,5,0
29101,2645,6,0
29102,2645,7,0
29103,2645,8,0
29104,2645,9,0
29105,2645,10,0
29106,2646,0,0
29107,2646,1,0
29108,2646,2,0
29109,2646,3,0
29110,2646,4,0
29111,2646,5,0
29112,2646,6,0
29113,2646,7,0
29114,2646,8,0
29115,2646,9,0
29116,2646,10,0
29117,2647,0,0
29118,2647,1,1
29119,2647,2,1
29120,2647,3,2
29121,2647,4,2
29122,2647,5,1
29123,2647,6,1
29124,2647,7,2
29125,2647,8,2
29126,2647,9,3
29127,2647,10,4
29128,2648,0,0
29129,2648,1,0
29130,2648,2,0
29131,2648,3,0
29132,2648,4,0
29133,2648,5,0
29134,2648,6,0
29135,2648,7,0
29136,2648,8,0
29137,2648,9,0
29138,2648,10,0
29139,2649,0,0
29140,2649,1,1
29141,2649,2,2
29142,2649,3,3
29143,2649,4,2
29144,2649,5,1
29145,2649,6,2
29146,2649,7,1
29147,2649,8,2
29148,2649,9,3
29149,2649,10,4
29150,2650,0,0
29151,2650,1,0
29152,2650,2,0
29153,2650,3,0
29154,2650,4,0
29155,2650,5,0
29156,2650,6,0
29157,2650,7,0
29158,2650,8,0
29159,2650,9,0
29160,2650,10,0
29161,2651,0,0
29162,2651,1,1
29163,2651,2,2
29164,2651,3,1
29165,2651,4,2
29166,2651,5,1
29167,2651,6,2
29168,2651,7,1
29169,2651,8,2
29170,2651,9,1
29171,2651,10,0
29172,2652,0,0
29173,2652,1,1
29174,2652,2,1
29175,2652,3,0
29176,2652,4,1
29177,2652,5,0
29178,2652,6,1
29179,2652,7,0
29180,2652,8,1
29181,2652,9,0
29182,2652,10,1
29183,2653,0,0
29184,2653,1,1
29185,2653,2,2
29186,2653,3,1
29187,2653,4,2
29188,2653,5,3
29189,2653,6,2
29190,2653,7,3
29191,2653,8,4
29192,2653,9,3
29193,2653,10,4
29194,2654,0,0
29195,2654,1,1
29196,2654,2,0
29197,2654,3,1
29198,2654,4,0
29199,2654,5,1
29200,2654,6,0
29201,2654,7,1
29202,2654,8,1
29203,2654,9,1
29204,2654,10,0
29205,2655,0,0
29206,2655,1,1
29207,2655,2,1
29208,2655,3,0
29209,2655,4,1
29210,2655,5,1
29211,2655,6,1
29212,2655,7,1
29213,2655,8,0
29214,2655,9,1
29215,2655,10,1
29216,2656,0,0
29217,2656,1,1
29218,2656,2,2
29219,2656,3,3
29220,2656,4,2
29221,2656,5,1
29222,2656,6,2
29223,2656,7,1
29224,2656,8,2
29225,2656,9,3
29226,2656,10,2
29227,2657,0,0
29228,2657,1,1
29229,2657,2,0
29230,2657,3,1
29231,2657,4,0
29232,2657,5,1
29233,2657,6,0
29234,2657,7,1
29235,2657,8,1
29236,2657,9,0
29237,2657,10,1
29238,2658,0,0
29239,2658,1,1
29240,2658,2,2
29241,2658,3,1
29242,2658,4,2
29243,2658,5,3
29244,2658,6,2
29245,2658,7,1
29246,2658,8,2
29247,2658,9,3
29248,2658,10,2
29249,2659,0,0
29250,2659,1,1
29251,2659,2,2
29252,2659,3,2
29253,2659,4,3
29254,2659,5,2
29255,2659,6,3
29256,2659,7,4
29257,2659,8,3
29258,2659,9,2
29259,2659,10,2
29260,2660,0,0
29261,2660,1,1
29262,2660,2,0
29263,2660,3,1
29264,2660,4,2
29265,2660,5,3
29266,2660,6,4
29267,2660,7,3
29268,2660,8,4
29269,2660,9,3
29270,2660,10,2
29271,2661,0,0
29272,2661,1,1
29273,2661,2,0
29274,2661,3,1
29275,2661,4,0
29276,2661,5,1
29277,2661,6,0
29278,2661,7,1
29279,2661,8,0
29280,2661,9,0
29281,2661,10,1
29282,2662,0,0
29283,2662,1,0
29284,2662,2,1
29285,2662,3,0
29286,2662,4,1
29287,2662,5,2
29288,2662,6,3
29289,2662,7,3
29290,2662,8,3
29291,2662,9,3
29292,2662,10,3
29293,2663,0,0
29294,2663,1,0
29295,2663,2,0
29296,2663,3,0
29297,2663,4,1
29298,2663,5,2
29299,2663,6,1
29300,2663,7,0
29301,2663,8,0
29302,2663,9,0
29303,2663,10,1
29304,2664,0,0
29305,2664,1,1
29306,2664,2,2
29307,2664,3,3
29308,2664,4,4
29309,2664,5,3
29310,2664,6,2
29311,2664,7,3
29312,2664,8,2
29313,2664,9,3
29314,2664,10,2
29315,2665,0,0
29316,2665,1,0
29317,2665,2,0
29318,2665,3,0
29319,2665,4,0
29320,2665,5,0
29321,2665,6,0
29322,2665,7,0
29323,2665,8,0
29324,2665,9,0
29325,2665,10,0
29326,2666,0,0
29327,2666,1,0
29328,2666,2,1
29329,2666,3,2
29330,2666,4,2
29331,2666,5,1
29332,2666,6,0
29333,2666,7,0
29334,2666,8,0
29335,2666,9,0
29336,2666,10,0
29337,2667,0,0
29338,2667,1,1
29339,2667,2,0
29340,2667,3,1
29341,2667,4,0
29342,2667,5,1
29343,2667,6,0
29344,2667,7,1
29345,2667,8,0
29346,2667,9,1
29347,2667,10,0
29348,2668,0,0
29349,2668,1,0
29350,2668,2,0
29351,2668,3,0
29352,2668,4,0
29353,2668,5,0
29354,2668,6,0
29355,2668,7,0
29356,2668,8,0
29357,2668,9,0
29358,2668,10,0
29359,2669,0,0
29360,2669,1,0
29361,2669,2,0
29362,2669,3,0
29363,2669,4,0
29364,2669,5,0
29365,2669,6,0
29366,2669,7,0
29367,2669,8,0
29368,2669,9,0
29369,2669,10,0
29370,2670,0,0
29371,2670,1,1
29372,2670,2,0
29373,2670,3,1
29374,2670,4,2
29375,2670,5,1
29376,2670,6,2
29377,2670,7,1
29378,2670,8,2
29379,2670,9,1
29380,2670,10,2
29381,2671,0,0
29382,2671,1,0
29383,2671,2,0
29384,2671,3,0
29385,2671,4,0
29386,2671,5,0
29387,2671,6,0
29388,2671,7,0
29389,2671,8,0
29390,2671,9,0
29391,2671,10,0
29392,2672,0,0
29393,2672,1,1
29394,2672,2,2
29395,2672,3,3
29396,2672,4,3
29397,2672,5,3
29398,2672,6,3
29399,2672,7,3
29400,2672,8,3
29401,2672,9,3
29402,2672,10,3
29403,2673,0,0
29404,2673,1,0
29405,2673,2,0
29406,2673,3,0
29407,2673,4,0
29408,2673,5,0
29409,2673,6,0
29410,2673,7,0
29411,2673,8,0
29412,2673,9,0
29413,2673,10,0
29414,2674,0,0
29415,2674,1,1
29416,2674,2,2
29417,2674,3,3
29418,2674,4,2
29419,2674,5,3
29420,2674,6,4
29421,2674,7,3
29422,2674,8,4
29423,2674,9,5
29424,2674,10,5
29425,2675,0,0
29426,2675,1,0
29427,2675,2,0
29428,2675,3,0
29429,2675,4,0
29430,2675,5,0
29431,2675,6,0
29432,2675,7,0
29433,2675,8,0
29434,2675,9,0
29435,2675,10,0
29436,2676,0,0
29437,2676,1,1
29438,2676,2,2
29439,2676,3,1
29440,2676,4,2
29441,2676,5,1
29442,2676,6,2
29443,2676,7,1
29444,2676,8,2
29445,2676,9,1
29446,2676,10,2
29447,2677,0,0
29448,2677,1,1
29449,2677,2,1
29450,2677,3,1
29451,2677,4,0
29452,2677,5,0
29453,2677,6,1
29454,2677,7,0
29455,2677,8,1
29456,2677,9,0
29457,2677,10,1
29458,2678,0,0
29459,2678,1,0
29460,2678,2,0
29461,2678,3,0
29462,2678,4,0
29463,2678,5,0
29464,2678,6,0
29465,2678,7,0
29466,2678,8,0
29467,2678,9,0
29468,2678,10,0
29469,2679,0,0
29470,2679,1,0
29471,2679,2,1
29472,2679,3,2
29473,2679,4,3
29474,2679,5,2
29475,2679,6,2
29476,2679,7,3
29477,2679,8,3
29478,2679,9,4
29479,2679,10,3
29480,2680,0,0
29481,2680,1,0
29482,2680,2,0
29483,2680,3,0
29484,2680,4,0
29485,2680,5,0
29486,2680,6,0
29487,2680,7,0
29488,2680,8,0
29489,2680,9,0
29490,2680,10,0
29491,2681,0,0
29492,2681,1,1
29493,2681,2,2
29494,2681,3,1
29495,2681,4,2
29496,2681,5,3
29497,2681,6,4
29498,2681,7,5
29499,2681,8,5
29500,2681,9,5
29501,2681,10,5
29502,2682,0,0
29503,2682,1,0
29504,2682,2,0
29505,2682,3,0
29506,2682,4,1
29507,2682,5,0
29508,2682,6,0
29509,2682,7,0
29510,2682,8,0
29511,2682,9,0
29512,2682,10,0
29513,2683,0,0
29514,2683,1,1
29515,2683,2,2
29516,2683,3,3
29517,2683,4,4
29518,2683,5,5
29519,2683,6,5
29520,2683,7,5
29521,2683,8,5
29522,2683,9,5
29523,2683,10,5
29524,2684,0,0
29525,2684,1,1
29526,2684,2,2
29527,2684,3,3
29528,2684,4,2
29529,2684,5,3
29530,2684,6,4
29531,2684,7,3
29532,2684,8,2
29533,2684,9,3
29534,2684,10,4
29535,2685,0,0
29536,2685,1,0
29537,2685,2,0
29538,2685,3,0
29539,2685,4,0
29540,2685,5,0
29541,2685,6,0
29542,2685,7,0
29543,2685,8,0
29544,2685,9,0
29545,2685,10,0
29546,2686,0,0
29547,2686,1,1
29548,2686,2,2
29549,2686,3,3
29550,2686,4,4
29551,2686,5,5
29552,2686,6,5
29553,2686,7,5
29554,2686,8,5
29555,2686,9,5
29556,2686,10,5
29557,2687,0,0
29558,2687,1,0
29559,2687,2,1
29560,2687,3,2
29561,2687,4,2
29562,2687,5,2
29563,2687,6,2
29564,2687,7,2
29565,2687,8,1
29566,2687,9,2
29567,2687,10,2
29568,2688,0,0
29569,2688,1,1
29570,2688,2,0
29571,2688,3,1
29572,2688,4,0
29573,2688,5,1
29574,2688,6,2
29575,2688,7,1
29576,2688,8,0
29577,2688,9,1
29578,2688,10,0
29579,2689,0,0
29580,2689,1,0
29581,2689,2,0
29582,2689,3,0
29583,2689,4,0
29584,2689,5,0
29585,2689,6,0
29586,2689,7,0
29587,2689,8,0
29588,2689,9,0
29589,2689,10,0
29590,2690,0,0
29591,2690,1,0
29592,2690,2,0
29593,2690,3,1
29594,2690,4,2
29595,2690,5,3
29596,2690,6,3
29597,2690,7,2
29598,2690,8,3
29599,2690,9,2
29600,2690,10,3
29601,2691,0,0
29602,2691,1,0
29603,2691,2,0
29604,2691,3,0
29605,2691,4,0
29606,2691,5,0
29607,2691,6,0
29608,2691,7,0
29609,2691,8,1
29610,2691,9,0
29611,2691,10,0
29612,2692,0,0
29613,2692,1,1
29614,2692,2,2
29615,2692,3,1
29616,2692,4,2
29617,2692,5,1
29618,2692,6,2
29619,2692,7,1
29620,2692,8,2
29621,2692,9,1
29622,2692,10,2
29623,2693,0,0
29624,2693,1,0
29625,2693,2,0
29626,2693,3,0
29627,2693,4,0
29628,2693,5,0
29629,2693,6,0
29630,2693,7,0
29631,2693,8,0
29632,2693,9,0
29633,2693,10,0
29634,2694,0,0
29635,2694,1,1
29636,2694,2,0
29637,2694,3,1
29638,2694,4,0
29639,2694,5,1
29640,2694,6,0
29641,2694,7,1
29642,2694,8,0
29643,2694,9,1
29644,2694,10,0
29645,2695,0,0
29646,2695,1,0
29647,2695,2,1
29648,2695,3,2
29649,2695,4,3
29650,2695,5,4
29651,2695,6,5
29652,2695,7,5
29653,2695,8,5
29654,2695,9,5
29655,2695,10,5
29656,2696,0,0
29657,2696,1,0
29658,2696,2,0
29659,2696,3,0
29660,2696,4,0
29661,2696,5,0
29662,2696,6,0
29663,2696,7,0
29664,2696,8,0
29665,2696,9,0
29666,2696,10,0
29667,2697,0,0
29668,2697,1,0
29669,2697,2,0
29670,2697,3,0
29671,2697,4,0
29672,2697,5,0
29673,2697,6,0
29674,2697,7,0
29675,2697,8,0
29676,2697,9,0
29677,2697,10,0
29678,2698,0,0
29679,2698,1,1
29680,2698,2,0
29681,2698,3,1
29682,2698,4,0
29683,2698,5,1
29684,2698,6,1
29685,2698,7,1
29686,2698,8,0
29687,2698,9,1
29688,2698,10,0
29689,2699,0,0
29690,2699,1,1
29691,2699,2,2
29692,2699,3,3
29693,2699,4,2
29694,2699,5,1
29695,2699,6,2
29696,2699,7,2
29697,2699,8,3
29698,2699,9,4
29699,2699,10,5
29700,2700,0,0
29701,2700,1,0
29702,2700,2,0
29703,2700,3,0
29704,2700,4,0
29705,2700,5,0
29706,2700,6,0
29707,2700,7,0
29708,2700,8,0
29709,2700,9,0
29710,2700,10,0
29711,2701,0,0
29712,2701,1,1
29713,2701,2,2
29714,2701,3,1
29715,2701,4,1
29716,2701,5,2
29717,2701,6,3
29718,2701,7,4
29719,2701,8,5
29720,2701,9,5
29721,2701,10,5
29722,2702,0,0
29723,2702,1,1
29724,2702,2,2
29725,2702,3,1
29726,2702,4,2
29727,2702,5,1
29728,2702,6,2
29729,2702,7,3
29730,2702,8,4
29731,2702,9,3
29732,2702,10,2
29733,2703,0,0
29734,2703,1,0
29735,2703,2,1
29736,2703,3,2
29737,2703,4,3
29738,2703,5,2
29739,2703,6,3
29740,2703,7,2
29741,2703,8,3
29742,2703,9,2
29743,2703,10,1
29744,2704,0,0
29745,2704,1,1
29746,2704,2,1
29747,2704,3,0
29748,2704,4,1
29749,2704,5,0
29750,2704,6,1
29751,2704,7,2
29752,2704,8,1
29753,2704,9,2
29754,2704,10,3
29755,2705,0,0
29756,2705,1,0
29757,2705,2,0
29758,2705,3,0
29759,2705,4,0
29760,2705,5,0
29761,2705,6,0
29762,2705,7,0
29763,2705,8,0
29764,2705,9,0
29765,2705,10,0
29766,2706,0,0
29767,2706,1,1
29768,2706,2,0
29769,2706,3,0
29770,2706,4,0
29771,2706,5,0
29772,2706,6,0
29773,2706,7,0
29774,2706,8,0
29775,2706,9,0
29776,2706,10,0
29777,2707,0,0
29778,2707,1,1
29779,2707,2,0
29780,2707,3,1
29781,2707,4,0
29782,2707,5,1
29783,2707,6,1
29784,2707,7,0
29785,2707,8,0
29786,2707,9,1
29787,2707,10,0
29788,2708,0,0
29789,2708,1,1
29790,2708,2,1
29791,2708,3,0
29792,2708,4,1
29793,2708,5,1
29794,2708,6,0
29795,2708,7,1
29796,2708,8,1
29797,2708,9,2
29798,2708,10,1
29799,2709,0,0
29800,2709,1,1
29801,2709,2,0
29802,2709,3,1
29803,2709,4,1
29804,2709,5,0
29805,2709,6,1
29806,2709,7,0
29807,2709,8,1
29808,2709,9,1
29809,2709,10,1
29810,2710,0,0
29811,2710,1,0
29812,2710,2,0
29813,2710,3,0
29814,2710,4,0
29815,2710,5,0
29816,2710,6,0
29817,2710,7,0
29818,2710,8,0
29819,2710,9,0
29820,2710,10,0
29821,2711,0,0
29822,2711,1,1
29823,2711,2,1
29824,2711,3,1
29825,2711,4,1
29826,2711,5,1
29827,2711,6,1
29828,2711,7,1
29829,2711,8,1
29830,2711,9,1
29831,2711,10,1
29832,2712,0,0
29833,2712,1,0
29834,2712,2,0
29835,2712,3,0
29836,2712,4,1
29837,2712,5,0
29838,2712,6,0
29839,2712,7,0
29840,2712,8,0
29841,2712,9,0
29842,2712,10,0
29843,2713,0,0
29844,2713,1,0
29845,2713,2,0
29846,2713,3,0
29847,2713,4,0
29848,2713,5,0
29849,2713,6,0
29850,2713,7,0
29851,2713,8,0
29852,2713,9,0
29853,2713,10,0
29854,2714,0,0
29855,2714,1,0
29856,2714,2,0
29857,2714,3,0
29858,2714,4,0
29859,2714,5,0
29860,2714,6,0
29861,2714,7,0
29862,2714,8,0
29863,2714,9,0
29864,2714,10,0
29865,2715,0,0
29866,2715,1,1
29867,2715,2,1
29868,2715,3,1
29869,2715,4,2
29870,2715,5,2
29871,2715,6,2
29872,2715,7,1
29873,2715,8,0
29874,2715,9,1
29875,2715,10,0
29876,2716,0,0
29877,2716,1,0
29878,2716,2,1
29879,2716,3,0
29880,2716,4,0
29881,2716,5,0
29882,2716,6,1
29883,2716,7,0
29884,2716,8,0
29885,2716,9,0
29886,2716,10,0
29887,2717,0,0
29888,2717,1,0
29889,2717,2,0
29890,2717,3,0
29891,2717,4,0
29892,2717,5,0
29893,2717,6,0
29894,2717,7,0
29895,2717,8,0
29896,2717,9,0
29897,2717,10,0
29898,2718,0,0
29899,2718,1,1
29900,2718,2,2
29901,2718,3,1
29902,2718,4,2
29903,2718,5,1
29904,2718,6,2
29905,2718,7,1
29906,2718,8,2
29907,2718,9,3
29908,2718,10,3
29909,2719,0,0
29910,2719,1,1
29911,2719,2,0
29912,2719,3,1
29913,2719,4,1
29914,2719,5,2
29915,2719,6,1
29916,2719,7,2
29917,2719,8,1
29918,2719,9,1
29919,2719,10,0
29920,2720,0,0
29921,2720,1,1
29922,2720,2,0
29923,2720,3,0
29924,2720,4,1
29925,2720,5,0
29926,2720,6,1
29927,2720,7,1
29928,2720,8,0
29929,2720,9,1
29930,2720,10,0
29931,2721,0,0
29932,2721,1,1
29933,2721,2,0
29934,2721,3,1
29935,2721,4,1
29936,2721,5,1
29937,2721,6,0
29938,2721,7,1
29939,2721,8,1
29940,2721,9,1
29941,2721,10,1
29942,2722,0,0
29943,2722,1,0
29944,2722,2,0
29945,2722,3,0
29946,2722,4,0
29947,2722,5,0
29948,2722,6,0
29949,2722,7,0
29950,2722,8,0
29951,2722,9,0
29952,2722,10,0
29953,2723,0,0
29954,2723,1,0
29955,2723,2,0
29956,2723,3,0
29957,2723,4,0
29958,2723,5,0
29959,2723,6,0
29960,2723,7,0
29961,2723,8,0
29962,2723,9,0
29963,2723,10,0
29964,2724,0,0
29965,2724,1,1
29966,2724,2,0
29967,2724,3,1
29968,2724,4,0
29969,2724,5,1
29970,2724,6,0
29971,2724,7,1
29972,2724,8,0
29973,2724,9,1
29974,2724,10,0
29975,2725,0,0
29976,2725,1,1
29977,2725,2,2
29978,2725,3,1
29979,2725,4,2
29980,2725,5,1
29981,2725,6,2
29982,2725,7,1
29983,2725,8,2
29984,2725,9,1
29985,2725,10,2
29986,2726,0,0
29987,2726,1,1
29988,2726,2,2
29989,2726,3,1
29990,2726,4,2
29991,2726,5,1
29992,2726,6,2
29993,2726,7,1
29994,2726,8,2
29995,2726,9,1
29996,2726,10,2
29997,2727,0,0
29998,2727,1,1
29999,2727,2,2
30000,2727,3,3
30001,2727,4,2
30002,2727,5,3
30003,2727,6,2
30004,2727,7,3
30005,2727,8,2
30006,2727,9,3
30007,2727,10,2
30008,2728,0,0
30009,2728,1,0
30010,2728,2,0
30011,2728,3,0
30012,2728,4,0
30013,2728,5,0
30014,2728,6,0
30015,2728,7,0
30016,2728,8,0
30017,2728,9,0
30018,2728,10,0
30019,2729,0,0
30020,2729,1,1
30021,2729,2,2
30022,2729,3,1
30023,2729,4,1
30024,2729,5,0
30025,2729,6,1
30026,2729,7,2
30027,2729,8,3
30028,2729,9,3
30029,2729,10,3
30030,2730,0,0
30031,2730,1,1
30032,2730,2,2
30033,2730,3,3
30034,2730,4,2
30035,2730,5,3
30036,2730,6,2
30037,2730,7,3
30038,2730,8,2
30039,2730,9,3
30040,2730,10,2
30041,2731,0,0
30042,2731,1,1
30043,2731,2,0
30044,2731,3,0
30045,2731,4,0
30046,2731,5,0
30047,2731,6,0
30048,2731,7,0
30049,2731,8,1
30050,2731,9,0
30051,2731,10,0
30052,2732,0,0
30053,2732,1,1
30054,2732,2,0
30055,2732,3,1
30056,2732,4,1
30057,2732,5,1
30058,2732,6,0
30059,2732,7,1
30060,2732,8,1
30061,2732,9,1
30062,2732,10,1
30063,2733,0,0
30064,2733,1,0
30065,2733,2,1
30066,2733,3,0
30067,2733,4,0
30068,2733,5,0
30069,2733,6,0
30070,2733,7,0
30071,2733,8,1
30072,2733,9,0
30073,2733,10,0
30074,2734,0,0
30075,2734,1,1
30076,2734,2,0
30077,2734,3,1
30078,2734,4,0
30079,2734,5,1
30080,2734,6,0
30081,2734,7,1
30082,2734,8,0
30083,2734,9,1
30084,2734,10,0
30085,2735,0,0
30086,2735,1,1
30087,2735,2,1
30088,2735,3,2
30089,2735,4,1
30090,2735,5,1
30091,2735,6,0
30092,2735,7,1
30093,2735,8,0
30094,2735,9,1
30095,2735,10,0
30096,2736,0,0
30097,2736,1,0
30098,2736,2,0
30099,2736,3,0
30100,2736,4,0
30101,2736,5,0
30102,2736,6,0
30103,2736,7,0
30104,2736,8,0
30105,2736,9,1
30106,2736,10,2
30107,2737,0,0
30108,2737,1,0
30109,2737,2,0
30110,2737,3,0
30111,2737,4,1
30112,2737,5,2
30113,2737,6,1
30114,2737,7,0
30115,2737,8,0
30116,2737,9,0
30117,2737,10,1
30118,2738,0,0
30119,2738,1,0
30120,2738,2,0
30121,2738,3,0
30122,2738,4,0
30123,2738,5,0
30124,2738,6,0
30125,2738,7,0
30126,2738,8,0
30127,2738,9,0
30128,2738,10,0
30129,2739,0,0
30130,2739,1,0
30131,2739,2,0
30132,2739,3,0
30133,2739,4,0
30134,2739,5,0
30135,2739,6,0
30136,2739,7,0
30137,2739,8,0
30138,2739,9,0
30139,2739,10,0
30140,2740,0,0
30141,2740,1,0
30142,2740,2,1
30143,2740,3,0
30144,2740,4,1
30145,2740,5,0
30146,2740,6,0
30147,2740,7,1
30148,2740,8,0
30149,2740,9,0
30150,2740,10,1
30151,2741,0,0
30152,2741,1,0
30153,2741,2,0
30154,2741,3,0
30155,2741,4,0
30156,2741,5,0
30157,2741,6,0
30158,2741,7,0
30159,2741,8,0
30160,2741,9,0
30161,2741,10,0
30162,2742,0,0
30163,2742,1,0
30164,2742,2,0
30165,2742,3,1
30166,2742,4,0
30167,2742,5,1
30168,2742,6,1
30169,2742,7,2
30170,2742,8,2
30171,2742,9,3
30172,2742,10,4
30173,2743,0,0
30174,2743,1,1
30175,2743,2,2
30176,2743,3,3
30177,2743,4,3
30178,2743,5,3
30179,2743,6,3
30180,2743,7,3
30181,2743,8,3
30182,2743,9,3
30183,2743,10,3
30184,2744,0,0
30185,2744,1,0
30186,2744,2,0
30187,2744,3,0
30188,2744,4,0
30189,2744,5,0
30190,2744,6,0
30191,2744,7,0
30192,2744,8,0
30193,2744,9,0
30194,2744,10,0
30195,2745,0,0
30196,2745,1,0
30197,2745,2,0
30198,2745,3,0
30199,2745,4,0
30200,2745,5,0
30201,2745,6,0
30202,2745,7,0
30203,2745,8,0
30204,2745,9,0
30205,2745,10,0
30206,2746,0,0
30207,2746,1,1
30208,2746,2,0
30209,2746,3,1
30210,2746,4,0
30211,2746,5,1
30212,2746,6,2
30213,2746,7,3
30214,2746,8,2
30215,2746,9,3
30216,2746,10,2
30217,2747,0,0
30218,2747,1,0
30219,2747,2,0
30220,2747,3,0
30221,2747,4,0
30222,2747,5,0
30223,2747,6,0
30224,2747,7,0
30225,2747,8,0
30226,2747,9,0
30227,2747,10,0
30228,2748,0,0
30229,2748,1,0
30230,2748,2,0
30231,2748,3,0
30232,2748,4,0
30233,2748,5,0
30234,2748,6,0
30235,2748,7,0
30236,2748,8,0
30237,2748,9,0
30238,2748,10,0
30239,2749,0,0
30240,2749,1,1
30241,2749,2,0
30242,2749,3,1
30243,2749,4,0
30244,2749,5,1
30245,2749,6,1
30246,2749,7,0
30247,2749,8,1
30248,2749,9,0
30249,2749,10,1
30250,2750,0,0
30251,2750,1,1
30252,2750,2,2
30253,2750,3,2
30254,2750,4,3
30255,2750,5,4
30256,2750,6,3
30257,2750,7,4
30258,2750,8,3
30259,2750,9,4
30260,2750,10,3
30261,2751,0,0
30262,2751,1,0
30263,2751,2,0
30264,2751,3,0
30265,2751,4,0
30266,2751,5,0
30267,2751,6,0
30268,2751,7,0
30269,2751,8,0
30270,2751,9,0
30271,2751,10,0
30272,2752,0,0
30273,2752,1,1
30274,2752,2,1
30275,2752,3,0
30276,2752,4,1
30277,2752,5,0
30278,2752,6,1
30279,2752,7,1
30280,2752,8,0
30281,2752,9,1
30282,2752,10,0
30283,2753,0,0
30284,2753,1,0
30285,2753,2,0
30286,2753,3,0
30287,2753,4,0
30288,2753,5,0
30289,2753,6,0
30290,2753,7,0
30291,2753,8,0
30292,2753,9,0
30293,2753,10,0
30294,2754,0,0
30295,2754,1,0
30296,2754,2,1
30297,2754,3,0
30298,2754,4,1
30299,2754,5,2
30300,2754,6,3
30301,2754,7,4
30302,2754,8,4
30303,2754,9,4
30304,2754,10,3
30305,2755,0,0
30306,2755,1,1
30307,2755,2,0
30308,2755,3,1
30309,2755,4,0
30310,2755,5,1
30311,2755,6,0
30312,2755,7,1
30313,2755,8,0
30314,2755,9,1
30315,2755,10,0
30316,2756,0,0
30317,2756,1,0
30318,2756,2,0
30319,2756,3,0
30320,2756,4,0
30321,2756,5,0
30322,2756,6,0
30323,2756,7,0
30324,2756,8,0
30325,2756,9,0
30326,2756,10,1
30327,2757,0,0
30328,2757,1,0
30329,2757,2,0
30330,2757,3,0
30331,2757,4,0
30332,2757,5,0
30333,2757,6,0
30334,2757,7,0
30335,2757,8,0
30336,2757,9,0
30337,2757,10,0
30338,2758,0,0
30339,2758,1,1
30340,2758,2,2
30341,2758,3,1
30342,2758,4,2
30343,2758,5,1
30344,2758,6,2
30345,2758,7,1
30346,2758,8,0
30347,2758,9,1
30348,2758,10,2
30349,2759,0,0
30350,2759,1,0
30351,2759,2,0
30352,2759,3,1
30353,2759,4,0
30354,2759,5,1
30355,2759,6,2
30356,2759,7,2
30357,2759,8,2
30358,2759,9,2
30359,2759,10,2
30360,2760,0,0
30361,2760,1,0
30362,2760,2,0
30363,2760,3,1
30364,2760,4,0
30365,2760,5,0
30366,2760,6,0
30367,2760,7,0
30368,2760,8,1
30369,2760,9,2
30370,2760,10,2
30371,2761,0,0
30372,2761,1,0
30373,2761,2,0
30374,2761,3,0
30375,2761,4,0
30376,2761,5,1
30377,2761,6,2
30378,2761,7,3
30379,2761,8,2
30380,2761,9,3
30381,2761,10,2
30382,2762,0,0
30383,2762,1,0
30384,2762,2,0
30385,2762,3,0
30386,2762,4,0
30387,2762,5,0
30388,2762,6,0
30389,2762,7,0
30390,2762,8,0
30391,2762,9,0
30392,2762,10,0
30393,2763,0,0
30394,2763,1,1
30395,2763,2,0
30396,2763,3,1
30397,2763,4,0
30398,2763,5,1
30399,2763,6,0
30400,2763,7,1
30401,2763,8,0
30402,2763,9,1
30403,2763,10,0
30404,2764,0,0
30405,2764,1,0
30406,2764,2,0
30407,2764,3,0
30408,2764,4,0
30409,2764,5,0
30410,2764,6,0
30411,2764,7,0
30412,2764,8,0
30413,2764,9,0
30414,2764,10,0
30415,2765,0,0
30416,2765,1,0
30417,2765,2,0
30418,2765,3,1
30419,2765,4,0
30420,2765,5,0
30421,2765,6,1
30422,2765,7,2
30423,2765,8,2
30424,2765,9,3
30425,2765,10,4
30426,2766,0,0
30427,2766,1,0
30428,2766,2,0
30429,2766,3,0
30430,2766,4,1
30431,2766,5,2
30432,2766,6,3
30433,2766,7,4
30434,2766,8,3
30435,2766,9,4
30436,2766,10,5
30437,2767,0,0
30438,2767,1,0
30439,2767,2,0
30440,2767,3,1
30441,2767,4,2
30442,2767,5,3
30443,2767,6,4
30444,2767,7,5
30445,2767,8,5
30446,2767,9,5
30447,2767,10,5
30448,2768,0,0
30449,2768,1,0
30450,2768,2,0
30451,2768,3,0
30452,2768,4,0
30453,2768,5,0
30454,2768,6,0
30455,2768,7,0
30456,2768,8,0
30457,2768,9,0
30458,2768,10,0
30459,2769,0,0
30460,2769,1,1
30461,2769,2,0
30462,2769,3,1
30463,2769,4,0
30464,2769,5,1
30465,2769,6,0
30466,2769,7,1
30467,2769,8,1
30468,2769,9,2
30469,2769,10,1
30470,2770,0,0
30471,2770,1,1
30472,2770,2,1
30473,2770,3,1
30474,2770,4,1
30475,2770,5,1
30476,2770,6,0
30477,2770,7,1
30478,2770,8,0
30479,2770,9,1
30480,2770,10,2
30481,2771,0,0
30482,2771,1,0
30483,2771,2,0
30484,2771,3,0
30485,2771,4,0
30486,2771,5,0
30487,2771,6,0
30488,2771,7,0
30489,2771,8,0
30490,2771,9,0
30491,2771,10,0
30492,2772,0,0
30493,2772,1,1
30494,2772,2,0
30495,2772,3,1
30496,2772,4,2
30497,2772,5,2
30498,2772,6,2
30499,2772,7,1
30500,2772,8,1
30501,2772,9,2
30502,2772,10,2
30503,2773,0,0
30504,2773,1,1
30505,2773,2,2
30506,2773,3,1
30507,2773,4,2
30508,2773,5,1
30509,2773,6,2
30510,2773,7,2
30511,2773,8,2
30512,2773,9,1
30513,2773,10,2
30514,2774,0,0
30515,2774,1,0
30516,2774,2,0
30517,2774,3,0
30518,2774,4,0
30519,2774,5,0
30520,2774,6,0
30521,2774,7,0
30522,2774,8,0
30523,2774,9,0
30524,2774,10,0
30525,2775,0,0
30526,2775,1,0
30527,2775,2,1
30528,2775,3,2
30529,2775,4,1
30530,2775,5,2
30531,2775,6,3
30532,2775,7,4
30533,2775,8,4
30534,2775,9,3
30535,2775,10,4
30536,2776,0,0
30537,2776,1,0
30538,2776,2,1
30539,2776,3,1
30540,2776,4,1
30541,2776,5,0
30542,2776,6,0
30543,2776,7,0
30544,2776,8,0
30545,2776,9,0
30546,2776,10,0
30547,2777,0,0
30548,2777,1,0
30549,2777,2,0
30550,2777,3,0
30551,2777,4,0
30552,2777,5,0
30553,2777,6,0
30554,2777,7,0
30555,2777,8,0
30556,2777,9,0
30557,2777,10,0
30558,2778,0,0
30559,2778,1,0
30560,2778,2,0
30561,2778,3,0
30562,2778,4,0
30563,2778,5,0
30564,2778,6,0
30565,2778,7,0
30566,2778,8,0
30567,2778,9,0
30568,2778,10,0
30569,2779,0,0
30570,2779,1,1
30571,2779,2,0
30572,2779,3,1
30573,2779,4,2
30574,2779,5,3
30575,2779,6,2
30576,2779,7,3
30577,2779,8,2
30578,2779,9,1
30579,2779,10,2
30580,2780,0,0
30581,2780,1,0
30582,2780,2,0
30583,2780,3,0
30584,2780,4,0
30585,2780,5,0
30586,2780,6,0
30587,2780,7,1
30588,2780,8,0
30589,2780,9,0
30590,2780,10,1
30591,2781,0,0
30592,2781,1,1
30593,2781,2,1
30594,2781,3,2
30595,2781,4,3
30596,2781,5,4
30597,2781,6,4
30598,2781,7,4
30599,2781,8,5
30600,2781,9,5
30601,2781,10,5
30602,2782,0,0
30603,2782,1,1
30604,2782,2,0
30605,2782,3,1
30606,2782,4,0
30607,2782,5,1
30608,2782,6,0
30609,2782,7,0
30610,2782,8,1
30611,2782,9,0
30612,2782,10,1
30613,2783,0,0
30614,2783,1,1
30615,2783,2,2
30616,2783,3,1
30617,2783,4,0
30618,2783,5,1
30619,2783,6,2
30620,2783,7,1
30621,2783,8,2
30622,2783,9,1
30623,2783,10,2
30624,2784,0,0
30625,2784,1,1
30626,2784,2,1
30627,2784,3,2
30628,2784,4,3
30629,2784,5,2
30630,2784,6,3
30631,2784,7,2
30632,2784,8,3
30633,2784,9,4
30634,2784,10,3
30635,2785,0,0
30636,2785,1,1
30637,2785,2,1
30638,2785,3,2
30639,2785,4,1
30640,2785,5,1
30641,2785,6,1
30642,2785,7,1
30643,2785,8,1
30644,2785,9,0
30645,2785,10,1
30646,2786,0,0
30647,2786,1,0
30648,2786,2,0
30649,2786,3,0
30650,2786,4,1
30651,2786,5,1
30652,2786,6,0
30653,2786,7,0
30654,2786,8,0
30655,2786,9,0
30656,2786,10,0
30657,2787,0,0
30658,2787,1,1
30659,2787,2,2
30660,2787,3,1
30661,2787,4,2
30662,2787,5,2
30663,2787,6,2
30664,2787,7,1
30665,2787,8,2
30666,2787,9,1
30667,2787,10,2
30668,2788,0,0
30669,2788,1,1
30670,2788,2,2
30671,2788,3,3
30672,2788,4,4
30673,2788,5,5
30674,2788,6,5
30675,2788,7,5
30676,2788,8,5
30677,2788,9,5
30678,2788,10,5
30679,2789,0,0
30680,2789,1,1
30681,2789,2,1
30682,2789,3,0
30683,2789,4,1
30684,2789,5,1
30685,2789,6,0
30686,2789,7,0
30687,2789,8,1
30688,2789,9,2
30689,2789,10,3
30690,2790,0,0
30691,2790,1,1
30692,2790,2,1
30693,2790,3,1
30694,2790,4,2
30695,2790,5,1
30696,2790,6,1
30697,2790,7,1
30698,2790,8,2
30699,2790,9,2
30700,2790,10,3
30701,2791,0,0
30702,2791,1,1
30703,2791,2,2
30704,2791,3,1
30705,2791,4,2
30706,2791,5,3
30707,2791,6,4
30708,2791,7,5
30709,2791,8,5
30710,2791,9,5
30711,2791,10,5
30712,2792,0,0
30713,2792,1,1
30714,2792,2,2
30715,2792,3,3
30716,2792,4,2
30717,2792,5,1
30718,2792,6,2
30719,2792,7,1
30720,2792,8,2
30721,2792,9,3
30722,2792,10,2
30723,2793,0,0
30724,2793,1,1
30725,2793,2,0
30726,2793,3,1
30727,2793,4,1
30728,2793,5,0
30729,2793,6,1
30730,2793,7,0
30731,2793,8,0
30732,2793,9,0
30733,2793,10,1
30734,2794,0,0
30735,2794,1,1
30736,2794,2,2
30737,2794,3,1
30738,2794,4,2
30739,2794,5,1
30740,2794,6,2
30741,2794,7,3
30742,2794,8,4
30743,2794,9,5
30744,2794,10,5
30745,2795,0,0
30746,2795,1,0
30747,2795,2,0
30748,2795,3,0
30749,2795,4,0
30750,2795,5,0
30751,2795,6,0
30752,2795,7,0
30753,2795,8,0
30754,2795,9,0
30755,2795,10,0
30756,2796,0,0
30757,2796,1,1
30758,2796,2,0
30759,2796,3,1
30760,2796,4,2
30761,2796,5,3
30762,2796,6,4
30763,2796,7,5
30764,2796,8,5
30765,2796,9,5
30766,2796,10,5
30767,2797,0,0
30768,2797,1,0
30769,2797,2,0
30770,2797,3,0
30771,2797,4,0
30772,2797,5,0
30773,2797,6,1
30774,2797,7,0
30775,2797,8,1
30776,2797,9,0
30777,2797,10,0
30778,2798,0,0
30779,2798,1,1
30780,2798,2,2
30781,2798,3,2
30782,2798,4,2
30783,2798,5,1
30784,2798,6,2
30785,2798,7,2
30786,2798,8,2
30787,2798,9,2
30788,2798,10,1
30789,2799,0,0
30790,2799,1,1
30791,2799,2,2
30792,2799,3,3
30793,2799,4,4
30794,2799,5,5
30795,2799,6,5
30796,2799,7,5
30797,2799,8,5
30798,2799,9,5
30799,2799,10,5
30800,2800,0,0
30801,2800,1,1
30802,2800,2,1
30803,2800,3,2
30804,2800,4,2
30805,2800,5,3
30806,2800,6,2
30807,2800,7,3
30808,2800,8,4
30809,2800,9,4
30810,2800,10,4
30811,2801,0,0
30812,2801,1,0
30813,2801,2,0
30814,2801,3,1
30815,2801,4,2
30816,2801,5,1
30817,2801,6,2
30818,2801,7,3
30819,2801,8,4
30820,2801,9,3
30821,2801,10,4
30822,2802,0,0
30823,2802,1,0
30824,2802,2,0
30825,2802,3,0
30826,2802,4,1
30827,2802,5,1
30828,2802,6,0
30829,2802,7,0
30830,2802,8,0
30831,2802,9,0
30832,2802,10,1
30833,2803,0,0
30834,2803,1,0
30835,2803,2,0
30836,2803,3,1
30837,2803,4,2
30838,2803,5,3
30839,2803,6,4
30840,2803,7,5
30841,2803,8,5
30842,2803,9,5
30843,2803,10,5
30844,2804,0,0
30845,2804,1,1
30846,2804,2,0
30847,2804,3,1
30848,2804,4,0
30849,2804,5,1
30850,2804,6,2
30851,2804,7,3
30852,2804,8,2
30853,2804,9,1
30854,2804,10,2
30855,2805,0,0
30856,2805,1,1
30857,2805,2,2
30858,2805,3,1
30859,2805,4,0
30860,2805,5,1
30861,2805,6,2
30862,2805,7,1
30863,2805,8,2
30864,2805,9,1
30865,2805,10,0
30866,2806,0,0
30867,2806,1,1
30868,2806,2,0
30869,2806,3,0
30870,2806,4,1
30871,2806,5,2
30872,2806,6,3
30873,2806,7,4
30874,2806,8,5
30875,2806,9,5
30876,2806,10,5
30877,2807,0,0
30878,2807,1,1
30879,2807,2,2
30880,2807,3,1
30881,2807,4,2
30882,2807,5,1
30883,2807,6,2
30884,2807,7,1
30885,2807,8,2
30886,2807,9,1
30887,2807,10,0
30888,2808,0,0
30889,2808,1,1
30890,2808,2,2
30891,2808,3,3
30892,2808,4,2
30893,2808,5,3
30894,2808,6,4
30895,2808,7,5
30896,2808,8,5
30897,2808,9,5
30898,2808,10,5
30899,2809,0,0
30900,2809,1,1
30901,2809,2,0
30902,2809,3,1
30903,2809,4,0
30904,2809,5,1
30905,2809,6,0
30906,2809,7,1
30907,2809,8,2
30908,2809,9,1
30909,2809,10,0
30910,2810,0,0
30911,2810,1,1
30912,2810,2,1
30913,2810,3,2
30914,2810,4,3
30915,2810,5,4
30916,2810,6,5
30917,2810,7,5
30918,2810,8,5
30919,2810,9,5
30920,2810,10,5
30921,2811,0,0
30922,2811,1,1
30923,2811,2,0
30924,2811,3,0
30925,2811,4,0
30926,2811,5,0
30927,2811,6,0
30928,2811,7,1
30929,2811,8,1
30930,2811,9,1
30931,2811,10,0
30932,2812,0,0
30933,2812,1,1
30934,2812,2,0
30935,2812,3,1
30936,2812,4,2
30937,2812,5,3
30938,2812,6,2
30939,2812,7,3
30940,2812,8,2
30941,2812,9,3
30942,2812,10,2
30943,2813,0,0
30944,2813,1,0
30945,2813,2,0
30946,2813,3,0
30947,2813,4,0
30948,2813,5,0
30949,2813,6,0
30950,2813,7,0
30951,2813,8,0
30952,2813,9,0
30953,2813,10,0
30954,2814,0,0
30955,2814,1,0
30956,2814,2,1
30957,2814,3,2
30958,2814,4,1
30959,2814,5,2
30960,2814,6,1
30961,2814,7,2
30962,2814,8,1
30963,2814,9,2
30964,2814,10,3
30965,2815,0,0
30966,2815,1,0
30967,2815,2,0
30968,2815,3,0
30969,2815,4,0
30970,2815,5,0
30971,2815,6,0
30972,2815,7,0
30973,2815,8,0
30974,2815,9,0
30975,2815,10,0
30976,2816,0,0
30977,2816,1,0
30978,2816,2,0
30979,2816,3,0
30980,2816,4,1
30981,2816,5,1
30982,2816,6,1
30983,2816,7,2
30984,2816,8,3
30985,2816,9,2
30986,2816,10,3
30987,2817,0,0
30988,2817,1,1
30989,2817,2,2
30990,2817,3,3
30991,2817,4,2
30992,2817,5,1
30993,2817,6,2
30994,2817,7,3
30995,2817,8,2
30996,2817,9,1
30997,2817,10,2
30998,2818,0,0
30999,2818,1,0
31000,2818,2,0
31001,2818,3,0
31002,2818,4,0
31003,2818,5,0
31004,2818,6,0
31005,2818,7,0
31006,2818,8,0
31007,2818,9,0
31008,2818,10,0
31009,2819,0,0
31010,2819,1,0
31011,2819,2,0
31012,2819,3,0
31013,2819,4,0
31014,2819,5,0
31015,2819,6,0
31016,2819,7,0
31017,2819,8,0
31018,2819,9,0
31019,2819,10,0
31020,2820,0,0
31021,2820,1,0
31022,2820,2,0
31023,2820,3,1
31024,2820,4,1
31025,2820,5,1
31026,2820,6,0
31027,2820,7,1
31028,2820,8,1
31029,2820,9,2
31030,2820,10,3
31031,2821,0,0
31032,2821,1,0
31033,2821,2,0
31034,2821,3,0
31035,2821,4,1
31036,2821,5,2
31037,2821,6,1
31038,2821,7,2
31039,2821,8,1
31040,2821,9,0
31041,2821,10,0
31042,2822,0,0
31043,2822,1,1
31044,2822,2,1
31045,2822,3,2
31046,2822,4,1
31047,2822,5,1
31048,2822,6,2
31049,2822,7,1
31050,2822,8,0
31051,2822,9,1
31052,2822,10,0
31053,2823,0,0
31054,2823,1,1
31055,2823,2,0
31056,2823,3,1
31057,2823,4,0
31058,2823,5,1
31059,2823,6,1
31060,2823,7,2
31061,2823,8,2
31062,2823,9,3
31063,2823,10,2
31064,2824,0,0
31065,2824,1,1
31066,2824,2,2
31067,2824,3,3
31068,2824,4,2
31069,2824,5,3
31070,2824,6,4
31071,2824,7,5
31072,2824,8,5
31073,2824,9,5
31074,2824,10,5
31075,2825,0,0
31076,2825,1,1
31077,2825,2,2
31078,2825,3,1
31079,2825,4,2
31080,2825,5,3
31081,2825,6,4
31082,2825,7,5
31083,2825,8,5
31084,2825,9,5
31085,2825,10,5
31086,2826,0,0
31087,2826,1,1
31088,2826,2,2
31089,2826,3,1
31090,2826,4,2
31091,2826,5,3
31092,2826,6,2
31093,2826,7,3
31094,2826,8,2
31095,2826,9,1
31096,2826,10,2
31097,2827,0,0
31098,2827,1,1
31099,2827,2,0
31100,2827,3,0
31101,2827,4,0
31102,2827,5,0
31103,2827,6,0
31104,2827,7,0
31105,2827,8,1
31106,2827,9,0
31107,2827,10,0
31108,2828,0,0
31109,2828,1,1
31110,2828,2,2
31111,2828,3,1
31112,2828,4,0
31113,2828,5,0
31114,2828,6,1
31115,2828,7,0
31116,2828,8,0
31117,2828,9,0
31118,2828,10,0
31119,2829,0,0
31120,2829,1,0
31121,2829,2,1
31122,2829,3,0
31123,2829,4,0
31124,2829,5,0
31125,2829,6,0
31126,2829,7,0
31127,2829,8,0
31128,2829,9,0
31129,2829,10,0
31130,2830,0,0
31131,2830,1,1
31132,2830,2,0
31133,2830,3,1
31134,2830,4,0
31135,2830,5,1
31136,2830,6,2
31137,2830,7,1
31138,2830,8,1
31139,2830,9,0
31140,2830,10,1
31141,2831,0,0
31142,2831,1,0
31143,2831,2,1
31144,2831,3,2
31145,2831,4,3
31146,2831,5,4
31147,2831,6,4
31148,2831,7,5
31149,2831,8,5
31150,2831,9,5
31151,2831,10,5
31152,2832,0,0
31153,2832,1,1
31154,2832,2,2
31155,2832,3,1
31156,2832,4,2
31157,2832,5,1
31158,2832,6,2
31159,2832,7,1
31160,2832,8,2
31161,2832,9,1
31162,2832,10,2
31163,2833,0,0
31164,2833,1,0
31165,2833,2,0
31166,2833,3,0
31167,2833,4,0
31168,2833,5,0
31169,2833,6,0
31170,2833,7,0
31171,2833,8,0
31172,2833,9,1
31173,2833,10,0
31174,2834,0,0
31175,2834,1,0
31176,2834,2,0
31177,2834,3,0
31178,2834,4,0
31179,2834,5,0
31180,2834,6,0
31181,2834,7,0
31182,2834,8,0
31183,2834,9,0
31184,2834,10,0
31185,2835,0,0
31186,2835,1,1
31187,2835,2,2
31188,2835,3,3
31189,2835,4,2
31190,2835,5,1
31191,2835,6,2
31192,2835,7,1
31193,2835,8,0
31194,2835,9,1
31195,2835,10,2
31196,2836,0,0
31197,2836,1,0
31198,2836,2,1
31199,2836,3,2
31200,2836,4,3
31201,2836,5,4
31202,2836,6,3
31203,2836,7,2
31204,2836,8,1
31205,2836,9,0
31206,2836,10,0
31207,2837,0,0
31208,2837,1,0
31209,2837,2,0
31210,2837,3,0
31211,2837,4,0
31212,2837,5,0
31213,2837,6,0
31214,2837,7,0
31215,2837,8,0
31216,2837,9,0
31217,2837,10,0
31218,2838,0,0
31219,2838,1,1
31220,2838,2,2
31221,2838,3,1
31222,2838,4,2
31223,2838,5,1
31224,2838,6,2
31225,2838,7,1
31226,2838,8,2
31227,2838,9,1
31228,2838,10,2
31229,2839,0,0
31230,2839,1,1
31231,2839,2,2
31232,2839,3,3
31233,2839,4,4
31234,2839,5,3
31235,2839,6,4
31236,2839,7,3
31237,2839,8,4
31238,2839,9,3
31239,2839,10,3
31240,2840,0,0
31241,2840,1,1
31242,2840,2,2
31243,2840,3,3
31244,2840,4,4
31245,2840,5,3
31246,2840,6,4
31247,2840,7,3
31248,2840,8,4
31249,2840,9,3
31250,2840,10,4
31251,2841,0,0
31252,2841,1,0
31253,2841,2,1
31254,2841,3,0
31255,2841,4,0
31256,2841,5,0
31257,2841,6,0
31258,2841,7,1
31259,2841,8,0
31260,2841,9,1
31261,2841,10,0
31262,2842,0,0
31263,2842,1,1
31264,2842,2,1
31265,2842,3,0
31266,2842,4,1
31267,2842,5,2
31268,2842,6,1
31269,2842,7,1
31270,2842,8,2
31271,2842,9,2
31272,2842,10,1
31273,2843,0,0
31274,2843,1,1
31275,2843,2,2
31276,2843,3,1
31277,2843,4,1
31278,2843,5,0
31279,2843,6,1
31280,2843,7,1
31281,2843,8,0
31282,2843,9,1
31283,2843,10,1
31284,2844,0,0
31285,2844,1,1
31286,2844,2,1
31287,2844,3,0
31288,2844,4,0
31289,2844,5,1
31290,2844,6,2
31291,2844,7,2
31292,2844,8,3
31293,2844,9,2
31294,2844,10,3
31295,2845,0,0
31296,2845,1,0
31297,2845,2,1
31298,2845,3,0
31299,2845,4,0
31300,2845,5,1
31301,2845,6,0
31302,2845,7,1
31303,2845,8,0
31304,2845,9,1
31305,2845,10,0
31306,2846,0,0
31307,2846,1,0
31308,2846,2,0
31309,2846,3,0
31310,2846,4,0
31311,2846,5,0
31312,2846,6,0
31313,2846,7,0
31314,2846,8,0
31315,2846,9,0
31316,2846,10,0
31317,2847,0,0
31318,2847,1,0
31319,2847,2,0
31320,2847,3,0
31321,2847,4,1
31322,2847,5,2
31323,2847,6,2
31324,2847,7,1
31325,2847,8,2
31326,2847,9,3
31327,2847,10,3
31328,2848,0,0
31329,2848,1,1
31330,2848,2,2
31331,2848,3,1
31332,2848,4,2
31333,2848,5,1
31334,2848,6,2
31335,2848,7,1
31336,2848,8,2
31337,2848,9,1
31338,2848,10,2
31339,2849,0,0
31340,2849,1,1
31341,2849,2,0
31342,2849,3,1
31343,2849,4,2
31344,2849,5,1
31345,2849,6,0
31346,2849,7,1
31347,2849,8,2
31348,2849,9,3
31349,2849,10,2
31350,2850,0,0
31351,2850,1,1
31352,2850,2,0
31353,2850,3,1
31354,2850,4,0
31355,2850,5,1
31356,2850,6,0
31357,2850,7,1
31358,2850,8,0
31359,2850,9,1
31360,2850,10,0
31361,2851,0,0
31362,2851,1,1
31363,2851,2,0
31364,2851,3,1
31365,2851,4,2
31366,2851,5,1
31367,2851,6,2
31368,2851,7,3
31369,2851,8,4
31370,2851,9,3
31371,2851,10,4
31372,2852,0,0
31373,2852,1,0
31374,2852,2,0
31375,2852,3,1
31376,2852,4,1
31377,2852,5,2
31378,2852,6,3
31379,2852,7,4
31380,2852,8,3
31381,2852,9,4
31382,2852,10,5
31383,2853,0,0
31384,2853,1,0
31385,2853,2,1
31386,2853,3,0
31387,2853,4,1
31388,2853,5,2
31389,2853,6,3
31390,2853,7,3
31391,2853,8,4
31392,2853,9,5
31393,2853,10,5
31394,2854,0,0
31395,2854,1,0
31396,2854,2,0
31397,2854,3,0
31398,2854,4,0
31399,2854,5,1
31400,2854,6,1
31401,2854,7,0
31402,2854,8,1
31403,2854,9,1
31404,2854,10,0
31405,2855,0,0
31406,2855,1,0
31407,2855,2,0
31408,2855,3,0
31409,2855,4,0
31410,2855,5,0
31411,2855,6,0
31412,2855,7,0
31413,2855,8,0
31414,2855,9,0
31415,2855,10,0
31416,2856,0,0
31417,2856,1,1
31418,2856,2,1
31419,2856,3,1
31420,2856,4,0
31421,2856,5,1
31422,2856,6,0
31423,2856,7,1
31424,2856,8,1
31425,2856,9,0
31426,2856,10,1
31427,2857,0,0
31428,2857,1,1
31429,2857,2,0
31430,2857,3,1
31431,2857,4,2
31432,2857,5,3
31433,2857,6,4
31434,2857,7,5
31435,2857,8,5
31436,2857,9,5
31437,2857,10,5
31438,2858,0,0
31439,2858,1,1
31440,2858,2,1
31441,2858,3,2
31442,2858,4,1
31443,2858,5,2
31444,2858,6,1
31445,2858,7,1
31446,2858,8,2
31447,2858,9,1
31448,2858,10,1
31449,2859,0,0
31450,2859,1,0
31451,2859,2,0
31452,2859,3,1
31453,2859,4,1
31454,2859,5,2
31455,2859,6,1
31456,2859,7,1
31457,2859,8,1
31458,2859,9,0
31459,2859,10,0
31460,2860,0,0
31461,2860,1,0
31462,2860,2,0
31463,2860,3,0
31464,2860,4,0
31465,2860,5,0
31466,2860,6,0
31467,2860,7,0
31468,2860,8,0
31469,2860,9,0
31470,2860,10,0
31471,2861,0,0
31472,2861,1,1
31473,2861,2,0
31474,2861,3,0
31475,2861,4,0
31476,2861,5,0
31477,2861,6,0
31478,2861,7,0
31479,2861,8,0
31480,2861,9,0
31481,2861,10,0
31482,2862,0,0
31483,2862,1,1
31484,2862,2,1
31485,2862,3,1
31486,2862,4,2
31487,2862,5,1
31488,2862,6,2
31489,2862,7,1
31490,2862,8,1
31491,2862,9,2
31492,2862,10,1
31493,2863,0,0
31494,2863,1,1
31495,2863,2,2
31496,2863,3,1
31497,2863,4,2
31498,2863,5,1
31499,2863,6,2
31500,2863,7,3
31501,2863,8,4
31502,2863,9,3
31503,2863,10,2
31504,2864,0,0
31505,2864,1,0
31506,2864,2,0
31507,2864,3,0
31508,2864,4,0
31509,2864,5,0
31510,2864,6,0
31511,2864,7,0
31512,2864,8,0
31513,2864,9,0
31514,2864,10,0
31515,2865,0,0
31516,2865,1,0
31517,2865,2,0
31518,2865,3,0
31519,2865,4,0
31520,2865,5,0
31521,2865,6,0
31522,2865,7,0
31523,2865,8,0
31524,2865,9,0
31525,2865,10,0
31526,2866,0,0
31527,2866,1,0
31528,2866,2,0
31529,2866,3,0
31530,2866,4,0
31531,2866,5,0
31532,2866,6,0
31533,2866,7,0
31534,2866,8,0
31535,2866,9,0
31536,2866,10,0
31537,2867,0,0
31538,2867,1,1
31539,2867,2,0
31540,2867,3,1
31541,2867,4,0
31542,2867,5,1
31543,2867,6,0
31544,2867,7,1
31545,2867,8,0
31546,2867,9,0
31547,2867,10,1
31548,2868,0,0
31549,2868,1,1
31550,2868,2,2
31551,2868,3,1
31552,2868,4,2
31553,2868,5,1
31554,2868,6,0
31555,2868,7,1
31556,2868,8,2
31557,2868,9,3
31558,2868,10,2
31559,2869,0,0
31560,2869,1,1
31561,2869,2,2
31562,2869,3,3
31563,2869,4,2
31564,2869,5,1
31565,2869,6,2
31566,2869,7,1
31567,2869,8,1
31568,2869,9,2
31569,2869,10,2
31570,2870,0,0
31571,2870,1,0
31572,2870,2,1
31573,2870,3,1
31574,2870,4,1
31575,2870,5,1
31576,2870,6,1
31577,2870,7,1
31578,2870,8,1
31579,2870,9,1
31580,2870,10,1
31581,2871,0,0
31582,2871,1,0
31583,2871,2,1
31584,2871,3,0
31585,2871,4,0
31586,2871,5,1
31587,2871,6,0
31588,2871,7,0
31589,2871,8,0
31590,2871,9,0
31591,2871,10,1
31592,2872,0,0
31593,2872,1,1
31594,2872,2,0
31595,2872,3,0
31596,2872,4,0
31597,2872,5,0
31598,2872,6,1
31599,2872,7,0
31600,2872,8,0
31601,2872,9,0
31602,2872,10,0
31603,2873,0,0
31604,2873,1,1
31605,2873,2,0
31606,2873,3,0
31607,2873,4,0
31608,2873,5,0
31609,2873,6,0
31610,2873,7,0
31611,2873,8,0
31612,2873,9,1
31613,2873,10,0
31614,2874,0,0
31615,2874,1,1
31616,2874,2,2
31617,2874,3,3
31618,2874,4,2
31619,2874,5,2
31620,2874,6,3
31621,2874,7,2
31622,2874,8,1
31623,2874,9,2
31624,2874,10,3
31625,2875,0,0
31626,2875,1,1
31627,2875,2,2
31628,2875,3,1
31629,2875,4,2
31630,2875,5,1
31631,2875,6,2
31632,2875,7,1
31633,2875,8,2
31634,2875,9,1
31635,2875,10,2
31636,2876,0,0
31637,2876,1,0
31638,2876,2,0
31639,2876,3,1
31640,2876,4,2
31641,2876,5,1
31642,2876,6,0
31643,2876,7,1
31644,2876,8,0
31645,2876,9,1
31646,2876,10,1
31647,2877,0,0
31648,2877,1,0
31649,2877,2,1
31650,2877,3,0
31651,2877,4,1
31652,2877,5,2
31653,2877,6,1
31654,2877,7,2
31655,2877,8,1
31656,2877,9,2
31657,2877,10,1
31658,2878,0,0
31659,2878,1,1
31660,2878,2,0
31661,2878,3,1
31662,2878,4,2
31663,2878,5,1
31664,2878,6,0
31665,2878,7,1
31666,2878,8,2
31667,2878,9,1
31668,2878,10,2
31669,2879,0,0
31670,2879,1,1
31671,2879,2,1
31672,2879,3,2
31673,2879,4,3
31674,2879,5,4
31675,2879,6,5
31676,2879,7,5
31677,2879,8,5
31678,2879,9,5
31679,2879,10,5
31680,2880,0,0
31681,2880,1,1
31682,2880,2,2
31683,2880,3,1
31684,2880,4,2
31685,2880,5,1
31686,2880,6,2
31687,2880,7,1
31688,2880,8,2
31689,2880,9,1
31690,2880,10,2
31691,2881,0,0
31692,2881,1,1
31693,2881,2,0
31694,2881,3,1
31695,2881,4,2
31696,2881,5,3
31697,2881,6,2
31698,2881,7,2
31699,2881,8,3
31700,2881,9,2
31701,2881,10,2
31702,2882,0,0
31703,2882,1,0
31704,2882,2,0
31705,2882,3,0
31706,2882,4,0
31707,2882,5,0
31708,2882,6,0
31709,2882,7,0
31710,2882,8,0
31711,2882,9,0
31712,2882,10,0
31713,2883,0,0
31714,2883,1,0
31715,2883,2,0
31716,2883,3,0
31717,2883,4,0
31718,2883,5,0
31719,2883,6,0
31720,2883,7,0
31721,2883,8,0
31722,2883,9,0
31723,2883,10,0
31724,2884,0,0
31725,2884,1,1
31726,2884,2,1
31727,2884,3,2
31728,2884,4,3
31729,2884,5,4
31730,2884,6,3
31731,2884,7,4
31732,2884,8,5
31733,2884,9,5
31734,2884,10,5
31735,2885,0,0
31736,2885,1,1
31737,2885,2,0
31738,2885,3,1
31739,2885,4,1
31740,2885,5,0
31741,2885,6,1
31742,2885,7,1
31743,2885,8,1
31744,2885,9,1
31745,2885,10,0
31746,2886,0,0
31747,2886,1,0
31748,2886,2,0
31749,2886,3,0
31750,2886,4,0
31751,2886,5,0
31752,2886,6,0
31753,2886,7,0
31754,2886,8,0
31755,2886,9,1
31756,2886,10,2
31757,2887,0,0
31758,2887,1,1
31759,2887,2,2
31760,2887,3,3
31761,2887,4,4
31762,2887,5,4
31763,2887,6,3
31764,2887,7,4
31765,2887,8,3
31766,2887,9,3
31767,2887,10,3
31768,2888,0,0
31769,2888,1,1
31770,2888,2,2
31771,2888,3,1
31772,2888,4,2
31773,2888,5,1
31774,2888,6,2
31775,2888,7,1
31776,2888,8,2
31777,2888,9,1
31778,2888,10,2
31779,2889,0,0
31780,2889,1,1
31781,2889,2,0
31782,2889,3,1
31783,2889,4,0
31784,2889,5,1
31785,2889,6,0
31786,2889,7,1
31787,2889,8,2
31788,2889,9,2
31789,2889,10,2
31790,2890,0,0
31791,2890,1,0
31792,2890,2,0
31793,2890,3,0
31794,2890,4,0
31795,2890,5,0
31796,2890,6,0
31797,2890,7,0
31798,2890,8,0
31799,2890,9,0
31800,2890,10,0
31801,2891,0,0
31802,2891,1,1
31803,2891,2,2
31804,2891,3,3
31805,2891,4,2
31806,2891,5,3
31807,2891,6,2
31808,2891,7,3
31809,2891,8,2
31810,2891,9,3
31811,2891,10,2
31812,2892,0,0
31813,2892,1,1
31814,2892,2,0
31815,2892,3,1
31816,2892,4,2
31817,2892,5,2
31818,2892,6,1
31819,2892,7,2
31820,2892,8,3
31821,2892,9,4
31822,2892,10,3
31823,2893,0,0
31824,2893,1,1
31825,2893,2,1
31826,2893,3,1
31827,2893,4,1
31828,2893,5,2
31829,2893,6,2
31830,2893,7,3
31831,2893,8,2
31832,2893,9,2
31833,2893,10,3
31834,2894,0,0
31835,2894,1,1
31836,2894,2,2
31837,2894,3,1
31838,2894,4,2
31839,2894,5,3
31840,2894,6,4
31841,2894,7,3
31842,2894,8,2
31843,2894,9,3
31844,2894,10,4
31845,2895,0,0
31846,2895,1,1
31847,2895,2,1
31848,2895,3,1
31849,2895,4,1
31850,2895,5,1
31851,2895,6,1
31852,2895,7,1
31853,2895,8,2
31854,2895,9,1
31855,2895,10,1
31856,2896,0,0
31857,2896,1,0
31858,2896,2,0
31859,2896,3,0
31860,2896,4,0
31861,2896,5,0
31862,2896,6,0
31863,2896,7,0
31864,2896,8,0
31865,2896,9,0
31866,2896,10,0
31867,2897,0,0
31868,2897,1,0
31869,2897,2,1
31870,2897,3,0
31871,2897,4,0
31872,2897,5,0
31873,2897,6,0
31874,2897,7,0
31875,2897,8,0
31876,2897,9,0
31877,2897,10,1
31878,2898,0,0
31879,2898,1,0
31880,2898,2,1
31881,2898,3,1
31882,2898,4,1
31883,2898,5,1
31884,2898,6,2
31885,2898,7,3
31886,2898,8,2
31887,2898,9,3
31888,2898,10,4
31889,2899,0,0
31890,2899,1,0
31891,2899,2,0
31892,2899,3,0
31893,2899,4,0
31894,2899,5,0
31895,2899,6,0
31896,2899,7,0
31897,2899,8,0
31898,2899,9,0
31899,2899,10,0
31900,2900,0,0
31901,2900,1,0
31902,2900,2,0
31903,2900,3,0
31904,2900,4,0
31905,2900,5,0
31906,2900,6,0
31907,2900,7,0
31908,2900,8,0
31909,2900,9,0
31910,2900,10,0
31911,2901,0,0
31912,2901,1,1
31913,2901,2,2
31914,2901,3,1
31915,2901,4,2
31916,2901,5,3
31917,2901,6,3
31918,2901,7,4
31919,2901,8,3
31920,2901,9,2
31921,2901,10,3
31922,2902,0,0
31923,2902,1,0
31924,2902,2,0
31925,2902,3,0
31926,2902,4,0
31927,2902,5,0
31928,2902,6,0
31929,2902,7,0
31930,2902,8,0
31931,2902,9,0
31932,2902,10,0
31933,2903,0,0
31934,2903,1,1
31935,2903,2,2
31936,2903,3,1
31937,2903,4,2
31938,2903,5,3
31939,2903,6,4
31940,2903,7,3
31941,2903,8,4
31942,2903,9,5
31943,2903,10,5
31944,2904,0,0
31945,2904,1,1
31946,2904,2,2
31947,2904,3,3
31948,2904,4,2
31949,2904,5,3
31950,2904,6,4
31951,2904,7,5
31952,2904,8,5
31953,2904,9,5
31954,2904,10,5
31955,2905,0,0
31956,2905,1,0
31957,2905,2,0
31958,2905,3,1
31959,2905,4,0
31960,2905,5,0
31961,2905,6,1
31962,2905,7,0
31963,2905,8,0
31964,2905,9,0
31965,2905,10,1
31966,2906,0,0
31967,2906,1,1
31968,2906,2,1
31969,2906,3,1
31970,2906,4,1
31971,2906,5,1
31972,2906,6,1
31973,2906,7,1
31974,2906,8,1
31975,2906,9,1
31976,2906,10,2
31977,2907,0,0
31978,2907,1,0
31979,2907,2,1
31980,2907,3,0
31981,2907,4,0
31982,2907,5,0
31983,2907,6,0
31984,2907,7,0
31985,2907,8,0
31986,2907,9,0
31987,2907,10,1
31988,2908,0,0
31989,2908,1,1
31990,2908,2,0
31991,2908,3,1
31992,2908,4,0
31993,2908,5,0
31994,2908,6,1
31995,2908,7,0
31996,2908,8,1
31997,2908,9,0
31998,2908,10,1
31999,2909,0,0
32000,2909,1,0
32001,2909,2,0
32002,2909,3,0
32003,2909,4,0
32004,2909,5,0
32005,2909,6,0
32006,2909,7,0
32007,2909,8,0
32008,2909,9,0
32009,2909,10,0
32010,2910,0,0
32011,2910,1,0
32012,2910,2,0
32013,2910,3,0
32014,2910,4,0
32015,2910,5,0
32016,2910,6,0
32017,2910,7,0
32018,2910,8,0
32019,2910,9,0
32020,2910,10,0
32021,2911,0,0
32022,2911,1,1
32023,2911,2,1
32024,2911,3,1
32025,2911,4,2
32026,2911,5,2
32027,2911,6,1
32028,2911,7,1
32029,2911,8,1
32030,2911,9,1
32031,2911,10,1
32032,2912,0,0
32033,2912,1,1
32034,2912,2,1
32035,2912,3,1
32036,2912,4,0
32037,2912,5,1
32038,2912,6,0
32039,2912,7,1
32040,2912,8,1
32041,2912,9,0
32042,2912,10,1
32043,2913,0,0
32044,2913,1,0
32045,2913,2,0
32046,2913,3,0
32047,2913,4,0
32048,2913,5,0
32049,2913,6,0
32050,2913,7,0
32051,2913,8,0
32052,2913,9,0
32053,2913,10,0
32054,2914,0,0
32055,2914,1,1
32056,2914,2,0
32057,2914,3,1
32058,2914,4,0
32059,2914,5,1
32060,2914,6,0
32061,2914,7,1
32062,2914,8,1
32063,2914,9,1
32064,2914,10,0
32065,2915,0,0
32066,2915,1,1
32067,2915,2,1
32068,2915,3,2
32069,2915,4,1
32070,2915,5,2
32071,2915,6,1
32072,2915,7,1
32073,2915,8,2
32074,2915,9,1
32075,2915,10,1
32076,2916,0,0
32077,2916,1,1
32078,2916,2,0
32079,2916,3,1
32080,2916,4,1
32081,2916,5,0
32082,2916,6,0
32083,2916,7,1
32084,2916,8,1
32085,2916,9,1
32086,2916,10,0
32087,2917,0,0
32088,2917,1,0
32089,2917,2,0
32090,2917,3,0
32091,2917,4,0
32092,2917,5,0
32093,2917,6,0
32094,2917,7,0
32095,2917,8,0
32096,2917,9,0
32097,2917,10,0
32098,2918,0,0
32099,2918,1,0
32100,2918,2,1
32101,2918,3,1
32102,2918,4,1
32103,2918,5,0
32104,2918,6,0
32105,2918,7,0
32106,2918,8,0
32107,2918,9,0
32108,2918,10,0
32109,2919,0,0
32110,2919,1,0
32111,2919,2,1
32112,2919,3,1
32113,2919,4,2
32114,2919,5,2
32115,2919,6,3
32116,2919,7,4
32117,2919,8,4
32118,2919,9,3
32119,2919,10,2
32120,2920,0,0
32121,2920,1,0
32122,2920,2,0
32123,2920,3,1
32124,2920,4,1
32125,2920,5,1
32126,2920,6,0
32127,2920,7,1
32128,2920,8,2
32129,2920,9,2
32130,2920,10,3
32131,2921,0,0
32132,2921,1,1
32133,2921,2,1
32134,2921,3,0
32135,2921,4,1
32136,2921,5,0
32137,2921,6,1
32138,2921,7,2
32139,2921,8,2
32140,2921,9,3
32141,2921,10,2
32142,2922,0,0
32143,2922,1,0
32144,2922,2,0
32145,2922,3,0
32146,2922,4,0
32147,2922,5,0
32148,2922,6,0
32149,2922,7,0
32150,2922,8,0
32151,2922,9,0
32152,2922,10,0
32153,2923,0,0
32154,2923,1,0
32155,2923,2,0
32156,2923,3,0
32157,2923,4,0
32158,2923,5,0
32159,2923,6,0
32160,2923,7,0
32161,2923,8,0
32162,2923,9,0
32163,2923,10,1
32164,2924,0,0
32165,2924,1,1
32166,2924,2,0
32167,2924,3,1
32168,2924,4,0
32169,2924,5,1
32170,2924,6,0
32171,2924,7,1
32172,2924,8,1
32173,2924,9,0
32174,2924,10,1
32175,2925,0,0
32176,2925,1,1
32177,2925,2,1
32178,2925,3,0
32179,2925,4,1
32180,2925,5,1
32181,2925,6,0
32182,2925,7,0
32183,2925,8,1
32184,2925,9,0
32185,2925,10,1
32186,2926,0,0
32187,2926,1,0
32188,2926,2,0
32189,2926,3,0
32190,2926,4,0
32191,2926,5,0
32192,2926,6,0
32193,2926,7,0
32194,2926,8,0
32195,2926,9,0
32196,2926,10,0
32197,2927,0,0
32198,2927,1,1
32199,2927,2,2
32200,2927,3,1
32201,2927,4,2
32202,2927,5,3
32203,2927,6,4
32204,2927,7,3
32205,2927,8,4
32206,2927,9,5
32207,2927,10,5
32208,2928,0,0
32209,2928,1,0
32210,2928,2,1
32211,2928,3,0
32212,2928,4,1
32213,2928,5,0
32214,2928,6,1
32215,2928,7,0
32216,2928,8,1
32217,2928,9,0
32218,2928,10,0
32219,2929,0,0
32220,2929,1,1
32221,2929,2,0
32222,2929,3,1
32223,2929,4,0
32224,2929,5,1
32225,2929,6,0
32226,2929,7,1
32227,2929,8,0
32228,2929,9,1
32229,2929,10,0
32230,2930,0,0
32231,2930,1,1
32232,2930,2,2
32233,2930,3,1
32234,2930,4,2
32235,2930,5,1
32236,2930,6,2
32237,2930,7,1
32238,2930,8,2
32239,2930,9,3
32240,2930,10,4
32241,2931,0,0
32242,2931,1,1
32243,2931,2,0
32244,2931,3,1
32245,2931,4,2
32246,2931,5,3
32247,2931,6,2
32248,2931,7,3
32249,2931,8,2
32250,2931,9,3
32251,2931,10,2
32252,2932,0,0
32253,2932,1,0
32254,2932,2,0
32255,2932,3,0
32256,2932,4,0
32257,2932,5,0
32258,2932,6,0
32259,2932,7,0
32260,2932,8,0
32261,2932,9,0
32262,2932,10,0
32263,2933,0,0
32264,2933,1,0
32265,2933,2,0
32266,2933,3,0
32267,2933,4,0
32268,2933,5,1
32269,2933,6,0
32270,2933,7,1
32271,2933,8,0
32272,2933,9,0
32273,2933,10,1
32274,2934,0,0
32275,2934,1,1
32276,2934,2,0
32277,2934,3,1
32278,2934,4,0
32279,2934,5,1
32280,2934,6,2
32281,2934,7,3
32282,2934,8,2
32283,2934,9,2
32284,2934,10,1
32285,2935,0,0
32286,2935,1,1
32287,2935,2,1
32288,2935,3,2
32289,2935,4,3
32290,2935,5,4
32291,2935,6,3
32292,2935,7,2
32293,2935,8,1
32294,2935,9,1
32295,2935,10,1
32296,2936,0,0
32297,2936,1,0
32298,2936,2,0
32299,2936,3,0
32300,2936,4,0
32301,2936,5,0
32302,2936,6,0
32303,2936,7,0
32304,2936,8,0
32305,2936,9,0
32306,2936,10,0
32307,2937,0,0
32308,2937,1,0
32309,2937,2,0
32310,2937,3,0
32311,2937,4,0
32312,2937,5,0
32313,2937,6,0
32314,2937,7,0
32315,2937,8,0
32316,2937,9,0
32317,2937,10,0
32318,2938,0,0
32319,2938,1,1
32320,2938,2,2
32321,2938,3,1
32322,2938,4,2
32323,2938,5,1
32324,2938,6,2
32325,2938,7,3
32326,2938,8,2
32327,2938,9,1
32328,2938,10,2
32329,2939,0,0
32330,2939,1,0
32331,2939,2,0
32332,2939,3,0
32333,2939,4,0
32334,2939,5,0
32335,2939,6,0
32336,2939,7,0
32337,2939,8,0
32338,2939,9,0
32339,2939,10,0
32340,2940,0,0
32341,2940,1,1
32342,2940,2,0
32343,2940,3,1
32344,2940,4,0
32345,2940,5,1
32346,2940,6,2
32347,2940,7,1
32348,2940,8,0
32349,2940,9,1
32350,2940,10,0
32351,2941,0,0
32352,2941,1,1
32353,2941,2,2
32354,2941,3,3
32355,2941,4,2
32356,2941,5,3
32357,2941,6,4
32358,2941,7,3
32359,2941,8,4
32360,2941,9,3
32361,2941,10,4
32362,2942,0,0
32363,2942,1,0
32364,2942,2,0
32365,2942,3,0
32366,2942,4,0
32367,2942,5,0
32368,2942,6,0
32369,2942,7,0
32370,2942,8,0
32371,2942,9,1
32372,2942,10,2
32373,2943,0,0
32374,2943,1,0
32375,2943,2,0
32376,2943,3,0
32377,2943,4,1
32378,2943,5,0
32379,2943,6,0
32380,2943,7,1
32381,2943,8,0
32382,2943,9,1
32383,2943,10,0
32384,2944,0,0
32385,2944,1,1
32386,2944,2,0
32387,2944,3,1
32388,2944,4,0
32389,2944,5,1
32390,2944,6,2
32391,2944,7,3
32392,2944,8,2
32393,2944,9,1
32394,2944,10,0
32395,2945,0,0
32396,2945,1,0
32397,2945,2,0
32398,2945,3,0
32399,2945,4,0
32400,2945,5,0
32401,2945,6,0
32402,2945,7,0
32403,2945,8,0
32404,2945,9,0
32405,2945,10,0
32406,2946,0,0
32407,2946,1,0
32408,2946,2,0
32409,2946,3,0
32410,2946,4,1
32411,2946,5,2
32412,2946,6,3
32413,2946,7,2
32414,2946,8,3
32415,2946,9,2
32416,2946,10,1
32417,2947,0,0
32418,2947,1,1
32419,2947,2,2
32420,2947,3,1
32421,2947,4,2
32422,2947,5,1
32423,2947,6,2
32424,2947,7,3
32425,2947,8,2
32426,2947,9,1
32427,2947,10,2
32428,2948,0,0
32429,2948,1,1
32430,2948,2,1
32431,2948,3,1
32432,2948,4,0
32433,2948,5,1
32434,2948,6,1
32435,2948,7,0
32436,2948,8,1
32437,2948,9,0
32438,2948,10,1
32439,2949,0,0
32440,2949,1,0
32441,2949,2,0
32442,2949,3,0
32443,2949,4,0
32444,2949,5,0
32445,2949,6,0
32446,2949,7,0
32447,2949,8,0
32448,2949,9,0
32449,2949,10,0
32450,2950,0,0
32451,2950,1,1
32452,2950,2,2
32453,2950,3,1
32454,2950,4,1
32455,2950,5,2
32456,2950,6,3
32457,2950,7,4
32458,2950,8,5
32459,2950,9,5
32460,2950,10,5
32461,2951,0,0
32462,2951,1,1
32463,2951,2,2
32464,2951,3,3
32465,2951,4,4
32466,2951,5,3
32467,2951,6,4
32468,2951,7,3
32469,2951,8,4
32470,2951,9,5
32471,2951,10,5
32472,2952,0,0
32473,2952,1,1
32474,2952,2,0
32475,2952,3,0
32476,2952,4,0
32477,2952,5,1
32478,2952,6,1
32479,2952,7,0
32480,2952,8,1
32481,2952,9,2
32482,2952,10,1
32483,2953,0,0
32484,2953,1,0
32485,2953,2,0
32486,2953,3,0
32487,2953,4,0
32488,2953,5,0
32489,2953,6,0
32490,2953,7,0
32491,2953,8,0
32492,2953,9,0
32493,2953,10,0
32494,2954,0,0
32495,2954,1,1
32496,2954,2,0
32497,2954,3,1
32498,2954,4,2
32499,2954,5,3
32500,2954,6,2
32501,2954,7,1
32502,2954,8,0
32503,2954,9,1
32504,2954,10,0
32505,2955,0,0
32506,2955,1,0
32507,2955,2,1
32508,2955,3,1
32509,2955,4,2
32510,2955,5,3
32511,2955,6,4
32512,2955,7,3
32513,2955,8,4
32514,2955,9,3
32515,2955,10,4
32516,2956,0,0
32517,2956,1,0
32518,2956,2,0
32519,2956,3,0
32520,2956,4,0
32521,2956,5,0
32522,2956,6,0
32523,2956,7,0
32524,2956,8,0
32525,2956,9,0
32526,2956,10,0
32527,2957,0,0
32528,2957,1,1
32529,2957,2,1
32530,2957,3,1
32531,2957,4,0
32532,2957,5,1
32533,2957,6,1
32534,2957,7,1
32535,2957,8,1
32536,2957,9,1
32537,2957,10,1
32538,2958,0,0
32539,2958,1,0
32540,2958,2,0
32541,2958,3,0
32542,2958,4,0
32543,2958,5,0
32544,2958,6,0
32545,2958,7,0
32546,2958,8,0
32547,2958,9,0
32548,2958,10,0
32549,2959,0,0
32550,2959,1,0
32551,2959,2,1
32552,2959,3,2
32553,2959,4,1
32554,2959,5,2
32555,2959,6,1
32556,2959,7,2
32557,2959,8,1
32558,2959,9,2
32559,2959,10,1
32560,2960,0,0
32561,2960,1,1
32562,2960,2,0
32563,2960,3,0
32564,2960,4,1
32565,2960,5,0
32566,2960,6,1
32567,2960,7,0
32568,2960,8,0
32569,2960,9,1
32570,2960,10,0
32571,2961,0,0
32572,2961,1,0
32573,2961,2,0
32574,2961,3,0
32575,2961,4,1
32576,2961,5,0
32577,2961,6,0
32578,2961,7,0
32579,2961,8,0
32580,2961,9,1
32581,2961,10,0
32582,2962,0,0
32583,2962,1,0
32584,2962,2,1
32585,2962,3,2
32586,2962,4,3
32587,2962,5,4
32588,2962,6,5
32589,2962,7,5
32590,2962,8,5
32591,2962,9,5
32592,2962,10,5
32593,2963,0,0
32594,2963,1,0
32595,2963,2,1
32596,2963,3,1
32597,2963,4,2
32598,2963,5,2
32599,2963,6,3
32600,2963,7,3
32601,2963,8,4
32602,2963,9,3
32603,2963,10,4
32604,2964,0,0
32605,2964,1,1
32606,2964,2,0
32607,2964,3,1
32608,2964,4,0
32609,2964,5,1
32610,2964,6,0
32611,2964,7,1
32612,2964,8,2
32613,2964,9,2
32614,2964,10,3
32615,2965,0,0
32616,2965,1,0
32617,2965,2,0
32618,2965,3,0
32619,2965,4,1
32620,2965,5,0
32621,2965,6,0
32622,2965,7,0
32623,2965,8,0
32624,2965,9,0
32625,2965,10,0
32626,2966,0,0
32627,2966,1,0
32628,2966,2,1
32629,2966,3,1
32630,2966,4,2
32631,2966,5,1
32632,2966,6,2
32633,2966,7,1
32634,2966,8,1
32635,2966,9,0
32636,2966,10,1
32637,2967,0,0
32638,2967,1,0
32639,2967,2,0
32640,2967,3,0
32641,2967,4,0
32642,2967,5,0
32643,2967,6,0
32644,2967,7,0
32645,2967,8,0
32646,2967,9,0
32647,2967,10,0
32648,2968,0,0
32649,2968,1,0
32650,2968,2,0
32651,2968,3,0
32652,2968,4,0
32653,2968,5,0
32654,2968,6,0
32655,2968,7,0
32656,2968,8,0
32657,2968,9,0
32658,2968,10,0
32659,2969,0,0
32660,2969,1,1
32661,2969,2,0
32662,2969,3,1
32663,2969,4,0
32664,2969,5,1
32665,2969,6,0
32666,2969,7,1
32667,2969,8,0
32668,2969,9,1
32669,2969,10,2
32670,2970,0,0
32671,2970,1,1
32672,2970,2,0
32673,2970,3,1
32674,2970,4,0
32675,2970,5,1
32676,2970,6,0
32677,2970,7,1
32678,2970,8,0
32679,2970,9,1
32680,2970,10,0
32681,2971,0,0
32682,2971,1,1
32683,2971,2,2
32684,2971,3,1
32685,2971,4,2
32686,2971,5,1
32687,2971,6,2
32688,2971,7,1
32689,2971,8,0
32690,2971,9,1
32691,2971,10,2
32692,2972,0,0
32693,2972,1,1
32694,2972,2,2
32695,2972,3,3
32696,2972,4,2
32697,2972,5,3
32698,2972,6,2
32699,2972,7,3
32700,2972,8,4
32701,2972,9,5
32702,2972,10,5
32703,2973,0,0
32704,2973,1,1
32705,2973,2,0
32706,2973,3,1
32707,2973,4,2
32708,2973,5,3
32709,2973,6,2
32710,2973,7,3
32711,2973,8,4
32712,2973,9,5
32713,2973,10,5
32714,2974,0,0
32715,2974,1,0
32716,2974,2,0
32717,2974,3,0
32718,2974,4,0
32719,2974,5,0
32720,2974,6,0
32721,2974,7,0
32722,2974,8,0
32723,2974,9,0
32724,2974,10,0
32725,2975,0,0
32726,2975,1,0
32727,2975,2,0
32728,2975,3,0
32729,2975,4,0
32730,2975,5,0
32731,2975,6,0
32732,2975,7,0
32733,2975,8,0
32734,2975,9,0
32735,2975,10,0
32736,2976,0,0
32737,2976,1,1
32738,2976,2,0
32739,2976,3,1
32740,2976,4,0
32741,2976,5,1
32742,2976,6,0
32743,2976,7,1
32744,2976,8,1
32745,2976,9,0
32746,2976,10,1
32747,2977,0,0
32748,2977,1,0
32749,2977,2,0
32750,2977,3,0
32751,2977,4,0
32752,2977,5,0
32753,2977,6,0
32754,2977,7,0
32755,2977,8,0
32756,2977,9,0
32757,2977,10,0
32758,2978,0,0
32759,2978,1,1
32760,2978,2,0
32761,2978,3,1
32762,2978,4,2
32763,2978,5,2
32764,2978,6,2
32765,2978,7,2
32766,2978,8,2
32767,2978,9,2
32768,2978,10,2
32769,2979,0,0
32770,2979,1,0
32771,2979,2,0
32772,2979,3,0
32773,2979,4,0
32774,2979,5,0
32775,2979,6,0
32776,2979,7,0
32777,2979,8,0
32778,2979,9,0
32779,2979,10,0
32780,2980,0,0
32781,2980,1,1
32782,2980,2,2
32783,2980,3,3
32784,2980,4,4
32785,2980,5,3
32786,2980,6,4
32787,2980,7,3
32788,2980,8,4
32789,2980,9,5
32790,2980,10,5
32791,2981,0,0
32792,2981,1,0
32793,2981,2,1
32794,2981,3,2
32795,2981,4,1
32796,2981,5,2
32797,2981,6,1
32798,2981,7,1
32799,2981,8,2
32800,2981,9,1
32801,2981,10,0
32802,2982,0,0
32803,2982,1,1
32804,2982,2,1
32805,2982,3,1
32806,2982,4,1
32807,2982,5,1
32808,2982,6,1
32809,2982,7,1
32810,2982,8,1
32811,2982,9,1
32812,2982,10,1
32813,2983,0,0
32814,2983,1,1
32815,2983,2,2
32816,2983,3,1
32817,2983,4,2
32818,2983,5,3
32819,2983,6,2
32820,2983,7,3
32821,2983,8,2
32822,2983,9,3
32823,2983,10,2
32824,2984,0,0
32825,2984,1,0
32826,2984,2,0
32827,2984,3,0
32828,2984,4,1
32829,2984,5,0
32830,2984,6,1
32831,2984,7,0
32832,2984,8,0
32833,2984,9,1
32834,2984,10,2
32835,2985,0,0
32836,2985,1,0
32837,2985,2,0
32838,2985,3,0
32839,2985,4,0
32840,2985,5,0
32841,2985,6,0
32842,2985,7,0
32843,2985,8,1
32844,2985,9,2
32845,2985,10,1
32846,2986,0,0
32847,2986,1,1
32848,2986,2,0
32849,2986,3,1
32850,2986,4,0
32851,2986,5,1
32852,2986,6,1
32853,2986,7,2
32854,2986,8,1
32855,2986,9,0
32856,2986,10,1
32857,2987,0,0
32858,2987,1,0
32859,2987,2,0
32860,2987,3,0
32861,2987,4,1
32862,2987,5,0
32863,2987,6,0
32864,2987,7,1
32865,2987,8,2
32866,2987,9,1
32867,2987,10,2
32868,2988,0,0
32869,2988,1,1
32870,2988,2,2
32871,2988,3,3
32872,2988,4,3
32873,2988,5,3
32874,2988,6,4
32875,2988,7,5
32876,2988,8,5
32877,2988,9,5
32878,2988,10,5
32879,2989,0,0
32880,2989,1,1
32881,2989,2,2
32882,2989,3,3
32883,2989,4,4
32884,2989,5,5
32885,2989,6,5
32886,2989,7,5
32887,2989,8,5
32888,2989,9,5
32889,2989,10,5
32890,2990,0,0
32891,2990,1,0
32892,2990,2,0
32893,2990,3,0
32894,2990,4,0
32895,2990,5,0
32896,2990,6,0
32897,2990,7,0
32898,2990,8,0
32899,2990,9,0
32900,2990,10,0
32901,2991,0,0
32902,2991,1,1
32903,2991,2,0
32904,2991,3,1
32905,2991,4,0
32906,2991,5,1
32907,2991,6,0
32908,2991,7,1
32909,2991,8,0
32910,2991,9,1
32911,2991,10,0
32912,2992,0,0
32913,2992,1,1
32914,2992,2,0
32915,2992,3,1
32916,2992,4,0
32917,2992,5,1
32918,2992,6,0
32919,2992,7,1
32920,2992,8,0
32921,2992,9,1
32922,2992,10,0
32923,2993,0,0
32924,2993,1,0
32925,2993,2,0
32926,2993,3,0
32927,2993,4,0
32928,2993,5,0
32929,2993,6,0
32930,2993,7,0
32931,2993,8,0
32932,2993,9,0
32933,2993,10,0
32934,2994,0,0
32935,2994,1,0
32936,2994,2,0
32937,2994,3,0
32938,2994,4,0
32939,2994,5,1
32940,2994,6,1
32941,2994,7,1
32942,2994,8,1
32943,2994,9,0
32944,2994,10,0
32945,2995,0,0
32946,2995,1,0
32947,2995,2,0
32948,2995,3,0
32949,2995,4,1
32950,2995,5,2
32951,2995,6,1
32952,2995,7,2
32953,2995,8,1
32954,2995,9,2
32955,2995,10,1
32956,2996,0,0
32957,2996,1,1
32958,2996,2,1
32959,2996,3,0
32960,2996,4,1
32961,2996,5,1
32962,2996,6,0
32963,2996,7,1
32964,2996,8,2
32965,2996,9,2
32966,2996,10,1
32967,2997,0,0
32968,2997,1,1
32969,2997,2,2
32970,2997,3,1
32971,2997,4,2
32972,2997,5,3
32973,2997,6,4
32974,2997,7,3
32975,2997,8,2
32976,2997,9,1
32977,2997,10,2
32978,2998,0,0
32979,2998,1,1
32980,2998,2,1
32981,2998,3,0
32982,2998,4,1
32983,2998,5,0
32984,2998,6,1
32985,2998,7,0
32986,2998,8,1
32987,2998,9,0
32988,2998,10,1
32989,2999,0,0
32990,2999,1,1
32991,2999,2,2
32992,2999,3,1
32993,2999,4,2
32994,2999,5,3
32995,2999,6,4
32996,2999,7,3
32997,2999,8,2
32998,2999,9,3
32999,2999,10,2
33000,3000,0,0
33001,3000,1,0
33002,3000,2,0
33003,3000,3,0
33004,3000,4,0
33005,3000,5,0
33006,3000,6,0
33007,3000,7,0
33008,3000,8,0
33009,3000,9,0
33010,3000,10,0
33011,3001,0,0
33012,3001,1,0
33013,3001,2,1
33014,3001,3,2
33015,3001,4,3
33016,3001,5,4
33017,3001,6,3
33018,3001,7,4
33019,3001,8,3
33020,3001,9,2
33021,3001,10,3
33022,3002,0,0
33023,3002,1,0
33024,3002,2,0
33025,3002,3,0
33026,3002,4,0
33027,3002,5,0
33028,3002,6,0
33029,3002,7,0
33030,3002,8,0
33031,3002,9,0
33032,3002,10,0
33033,3003,0,0
33034,3003,1,1
33035,3003,2,1
33036,3003,3,1
33037,3003,4,1
33038,3003,5,1
33039,3003,6,0
33040,3003,7,1
33041,3003,8,1
33042,3003,9,1
33043,3003,10,1
33044,3004,0,0
33045,3004,1,0
33046,3004,2,0
33047,3004,3,0
33048,3004,4,0
33049,3004,5,0
33050,3004,6,0
33051,3004,7,0
33052,3004,8,0
33053,3004,9,0
33054,3004,10,0
33055,3005,0,0
33056,3005,1,0
33057,3005,2,0
33058,3005,3,0
33059,3005,4,0
33060,3005,5,0
33061,3005,6,0
33062,3005,7,0
33063,3005,8,0
33064,3005,9,0
33065,3005,10,0
33066,3006,0,0
33067,3006,1,1
33068,3006,2,2
33069,3006,3,3
33070,3006,4,4
33071,3006,5,3
33072,3006,6,4
33073,3006,7,3
33074,3006,8,4
33075,3006,9,3
33076,3006,10,4
33077,3007,0,0
33078,3007,1,0
33079,3007,2,0
33080,3007,3,0
33081,3007,4,0
33082,3007,5,0
33083,3007,6,0
33084,3007,7,0
33085,3007,8,0
33086,3007,9,0
33087,3007,10,0
33088,3008,0,0
33089,3008,1,0
33090,3008,2,0
33091,3008,3,0
33092,3008,4,0
33093,3008,5,0
33094,3008,6,0
33095,3008,7,0
33096,3008,8,0
33097,3008,9,0
33098,3008,10,0
33099,3009,0,0
33100,3009,1,1
33101,3009,2,0
33102,3009,3,1
33103,3009,4,0
33104,3009,5,1
33105,3009,6,0
33106,3009,7,1
33107,3009,8,2
33108,3009,9,3
33109,3009,10,3
33110,3010,0,0
33111,3010,1,1
33112,3010,2,2
33113,3010,3,1
33114,3010,4,2
33115,3010,5,1
33116,3010,6,2
33117,3010,7,1
33118,3010,8,2
33119,3010,9,3
33120,3010,10,2
33121,3011,0,0
33122,3011,1,0
33123,3011,2,0
33124,3011,3,0
33125,3011,4,0
33126,3011,5,0
33127,3011,6,0
33128,3011,7,0
33129,3011,8,0
33130,3011,9,0
33131,3011,10,0
33132,3012,0,0
33133,3012,1,0
33134,3012,2,0
33135,3012,3,0
33136,3012,4,0
33137,3012,5,0
33138,3012,6,0
33139,3012,7,0
33140,3012,8,0
33141,3012,9,0
33142,3012,10,0
33143,3013,0,0
33144,3013,1,0
33145,3013,2,0
33146,3013,3,0
33147,3013,4,0
33148,3013,5,0
33149,3013,6,0
33150,3013,7,0
33151,3013,8,0
33152,3013,9,0
33153,3013,10,0
33154,3014,0,0
33155,3014,1,0
33156,3014,2,1
33157,3014,3,2
33158,3014,4,3
33159,3014,5,2
33160,3014,6,3
33161,3014,7,2
33162,3014,8,3
33163,3014,9,2
33164,3014,10,1
33165,3015,0,0
33166,3015,1,0
33167,3015,2,0
33168,3015,3,1
33169,3015,4,2
33170,3015,5,3
33171,3015,6,4
33172,3015,7,3
33173,3015,8,2
33174,3015,9,1
33175,3015,10,2
33176,3016,0,0
33177,3016,1,1
33178,3016,2,2
33179,3016,3,3
33180,3016,4,4
33181,3016,5,3
33182,3016,6,4
33183,3016,7,3
33184,3016,8,4
33185,3016,9,3
33186,3016,10,4
33187,3017,0,0
33188,3017,1,0
33189,3017,2,0
33190,3017,3,0
33191,3017,4,0
33192,3017,5,0
33193,3017,6,0
33194,3017,7,0
33195,3017,8,0
33196,3017,9,0
33197,3017,10,0
33198,3018,0,0
33199,3018,1,1
33200,3018,2,2
33201,3018,3,1
33202,3018,4,2
33203,3018,5,1
33204,3018,6,2
33205,3018,7,3
33206,3018,8,2
33207,3018,9,1
33208,3018,10,2
33209,3019,0,0
33210,3019,1,1
33211,3019,2,1
33212,3019,3,1
33213,3019,4,0
33214,3019,5,1
33215,3019,6,1
33216,3019,7,2
33217,3019,8,1
33218,3019,9,2
33219,3019,10,3
33220,3020,0,0
33221,3020,1,1
33222,3020,2,0
33223,3020,3,0
33224,3020,4,0
33225,3020,5,1
33226,3020,6,2
33227,3020,7,3
33228,3020,8,2
33229,3020,9,3
33230,3020,10,4
33231,3021,0,0
33232,3021,1,0
33233,3021,2,1
33234,3021,3,2
33235,3021,4,1
33236,3021,5,1
33237,3021,6,2
33238,3021,7,3
33239,3021,8,2
33240,3021,9,3
33241,3021,10,2
33242,3022,0,0
33243,3022,1,1
33244,3022,2,0
33245,3022,3,1
33246,3022,4,2
33247,3022,5,3
33248,3022,6,4
33249,3022,7,3
33250,3022,8,4
33251,3022,9,3
33252,3022,10,4
33253,3023,0,0
33254,3023,1,1
33255,3023,2,0
33256,3023,3,1
33257,3023,4,1
33258,3023,5,1
33259,3023,6,0
33260,3023,7,1
33261,3023,8,0
33262,3023,9,1
33263,3023,10,1
33264,3024,0,0
33265,3024,1,0
33266,3024,2,0
33267,3024,3,0
33268,3024,4,0
33269,3024,5,0
33270,3024,6,0
33271,3024,7,0
33272,3024,8,0
33273,3024,9,0
33274,3024,10,0
33275,3025,0,0
33276,3025,1,1
33277,3025,2,2
33278,3025,3,1
33279,3025,4,2
33280,3025,5,1
33281,3025,6,2
33282,3025,7,1
33283,3025,8,2
33284,3025,9,3
33285,3025,10,4
33286,3026,0,0
33287,3026,1,1
33288,3026,2,0
33289,3026,3,1
33290,3026,4,2
33291,3026,5,3
33292,3026,6,2
33293,3026,7,1
33294,3026,8,2
33295,3026,9,3
33296,3026,10,2
33297,3027,0,0
33298,3027,1,0
33299,3027,2,0
33300,3027,3,0
33301,3027,4,0
33302,3027,5,0
33303,3027,6,0
33304,3027,7,0
33305,3027,8,0
33306,3027,9,0
33307,3027,10,0
33308,3028,0,0
33309,3028,1,0
33310,3028,2,0
33311,3028,3,0
33312,3028,4,0
33313,3028,5,0
33314,3028,6,1
33315,3028,7,0
33316,3028,8,1
33317,3028,9,0
33318,3028,10,1
33319,3029,0,0
33320,3029,1,0
33321,3029,2,1
33322,3029,3,2
33323,3029,4,3
33324,3029,5,2
33325,3029,6,3
33326,3029,7,2
33327,3029,8,3
33328,3029,9,2
33329,3029,10,3
33330,3030,0,0
33331,3030,1,1
33332,3030,2,0
33333,3030,3,1
33334,3030,4,0
33335,3030,5,1
33336,3030,6,0
33337,3030,7,1
33338,3030,8,0
33339,3030,9,1
33340,3030,10,0
33341,3031,0,0
33342,3031,1,0
33343,3031,2,0
33344,3031,3,0
33345,3031,4,1
33346,3031,5,2
33347,3031,6,3
33348,3031,7,2
33349,3031,8,3
33350,3031,9,2
33351,3031,10,3
33352,3032,0,0
33353,3032,1,0
33354,3032,2,0
33355,3032,3,0
33356,3032,4,0
33357,3032,5,0
33358,3032,6,0
33359,3032,7,0
33360,3032,8,0
33361,3032,9,0
33362,3032,10,0
33363,3033,0,0
33364,3033,1,0
33365,3033,2,0
33366,3033,3,0
33367,3033,4,0
33368,3033,5,0
33369,3033,6,0
33370,3033,7,0
33371,3033,8,0
33372,3033,9,0
33373,3033,10,0
33374,3034,0,0
33375,3034,1,1
33376,3034,2,0
33377,3034,3,0
33378,3034,4,1
33379,3034,5,0
33380,3034,6,1
33381,3034,7,0
33382,3034,8,1
33383,3034,9,1
33384,3034,10,0
33385,3035,0,0
33386,3035,1,0
33387,3035,2,0
33388,3035,3,0
33389,3035,4,1
33390,3035,5,1
33391,3035,6,1
33392,3035,7,1
33393,3035,8,1
33394,3035,9,1
33395,3035,10,1
33396,3036,0,0
33397,3036,1,0
33398,3036,2,0
33399,3036,3,0
33400,3036,4,0
33401,3036,5,0
33402,3036,6,0
33403,3036,7,0
33404,3036,8,0
33405,3036,9,0
33406,3036,10,0
33407,3037,0,0
33408,3037,1,1
33409,3037,2,0
33410,3037,3,1
33411,3037,4,1
33412,3037,5,1
33413,3037,6,2
33414,3037,7,3
33415,3037,8,4
33416,3037,9,3
33417,3037,10,3
33418,3038,0,0
33419,3038,1,1
33420,3038,2,0
33421,3038,3,1
33422,3038,4,2
33423,3038,5,2
33424,3038,6,3
33425,3038,7,4
33426,3038,8,5
33427,3038,9,5
33428,3038,10,5
33429,3039,0,0
33430,3039,1,1
33431,3039,2,1
33432,3039,3,2
33433,3039,4,3
33434,3039,5,4
33435,3039,6,5
33436,3039,7,5
33437,3039,8,5
33438,3039,9,5
33439,3039,10,5
33440,3040,0,0
33441,3040,1,0
33442,3040,2,0
33443,3040,3,0
33444,3040,4,0
33445,3040,5,0
33446,3040,6,0
33447,3040,7,0
33448,3040,8,0
33449,3040,9,0
33450,3040,10,0
33451,3041,0,0
33452,3041,1,1
33453,3041,2,1
33454,3041,3,0
33455,3041,4,1
33456,3041,5,0
33457,3041,6,1
33458,3041,7,1
33459,3041,8,0
33460,3041,9,1
33461,3041,10,0
33462,3042,0,0
33463,3042,1,1
33464,3042,2,1
33465,3042,3,0
33466,3042,4,0
33467,3042,5,1
33468,3042,6,2
33469,3042,7,3
33470,3042,8,3
33471,3042,9,3
33472,3042,10,2
33473,3043,0,0
33474,3043,1,0
33475,3043,2,1
33476,3043,3,2
33477,3043,4,3
33478,3043,5,3
33479,3043,6,4
33480,3043,7,4
33481,3043,8,5
33482,3043,9,5
33483,3043,10,5
33484,3044,0,0
33485,3044,1,0
33486,3044,2,0
33487,3044,3,0
33488,3044,4,0
33489,3044,5,0
33490,3044,6,0
33491,3044,7,0
33492,3044,8,0
33493,3044,9,0
33494,3044,10,0
33495,3045,0,0
33496,3045,1,1
33497,3045,2,2
33498,3045,3,3
33499,3045,4,4
33500,3045,5,3
33501,3045,6,4
33502,3045,7,5
33503,3045,8,5
33504,3045,9,5
33505,3045,10,5
33506,3046,0,0
33507,3046,1,1
33508,3046,2,2
33509,3046,3,3
33510,3046,4,2
33511,3046,5,3
33512,3046,6,2
33513,3046,7,3
33514,3046,8,2
33515,3046,9,3
33516,3046,10,2
33517,3047,0,0
33518,3047,1,1
33519,3047,2,2
33520,3047,3,1
33521,3047,4,2
33522,3047,5,1
33523,3047,6,2
33524,3047,7,3
33525,3047,8,2
33526,3047,9,1
33527,3047,10,0
33528,3048,0,0
33529,3048,1,1
33530,3048,2,2
33531,3048,3,3
33532,3048,4,4
33533,3048,5,3
33534,3048,6,4
33535,3048,7,3
33536,3048,8,4
33537,3048,9,3
33538,3048,10,4
33539,3049,0,0
33540,3049,1,0
33541,3049,2,0
33542,3049,3,1
33543,3049,4,2
33544,3049,5,1
33545,3049,6,1
33546,3049,7,2
33547,3049,8,3
33548,3049,9,3
33549,3049,10,2
33550,3050,0,0
33551,3050,1,1
33552,3050,2,0
33553,3050,3,1
33554,3050,4,2
33555,3050,5,1
33556,3050,6,2
33557,3050,7,1
33558,3050,8,2
33559,3050,9,3
33560,3050,10,2
33561,3051,0,0
33562,3051,1,0
33563,3051,2,0
33564,3051,3,0
33565,3051,4,0
33566,3051,5,0
33567,3051,6,0
33568,3051,7,0
33569,3051,8,0
33570,3051,9,0
33571,3051,10,0
33572,3052,0,0
33573,3052,1,0
33574,3052,2,0
33575,3052,3,0
33576,3052,4,0
33577,3052,5,0
33578,3052,6,0
33579,3052,7,0
33580,3052,8,0
33581,3052,9,0
33582,3052,10,0
33583,3053,0,0
33584,3053,1,0
33585,3053,2,0
33586,3053,3,0
33587,3053,4,0
33588,3053,5,0
33589,3053,6,0
33590,3053,7,0
33591,3053,8,0
33592,3053,9,0
33593,3053,10,0
33594,3054,0,0
33595,3054,1,1
33596,3054,2,1
33597,3054,3,1
33598,3054,4,0
33599,3054,5,1
33600,3054,6,1
33601,3054,7,1
33602,3054,8,0
33603,3054,9,1
33604,3054,10,0
33605,3055,0,0
33606,3055,1,1
33607,3055,2,2
33608,3055,3,3
33609,3055,4,4
33610,3055,5,3
33611,3055,6,4
33612,3055,7,3
33613,3055,8,4
33614,3055,9,5
33615,3055,10,5
33616,3056,0,0
33617,3056,1,0
33618,3056,2,1
33619,3056,3,0
33620,3056,4,0
33621,3056,5,0
33622,3056,6,1
33623,3056,7,0
33624,3056,8,1
33625,3056,9,0
33626,3056,10,1
33627,3057,0,0
33628,3057,1,0
33629,3057,2,0
33630,3057,3,1
33631,3057,4,0
33632,3057,5,0
33633,3057,6,1
33634,3057,7,1
33635,3057,8,0
33636,3057,9,0
33637,3057,10,1
33638,3058,0,0
33639,3058,1,1
33640,3058,2,1
33641,3058,3,1
33642,3058,4,0
33643,3058,5,1
33644,3058,6,2
33645,3058,7,3
33646,3058,8,2
33647,3058,9,3
33648,3058,10,4
33649,3059,0,0
33650,3059,1,1
33651,3059,2,2
33652,3059,3,3
33653,3059,4,4
33654,3059,5,5
33655,3059,6,5
33656,3059,7,5
33657,3059,8,5
33658,3059,9,5
33659,3059,10,5
33660,3060,0,0
33661,3060,1,1
33662,3060,2,2
33663,3060,3,1
33664,3060,4,2
33665,3060,5,3
33666,3060,6,2
33667,3060,7,3
33668,3060,8,2
33669,3060,9,1
33670,3060,10,2
33671,3061,0,0
33672,3061,1,1
33673,3061,2,1
33674,3061,3,0
33675,3061,4,1
33676,3061,5,1
33677,3061,6,1
33678,3061,7,0
33679,3061,8,0
33680,3061,9,1
33681,3061,10,1
33682,3062,0,0
33683,3062,1,0
33684,3062,2,0
33685,3062,3,0
33686,3062,4,0
33687,3062,5,0
33688,3062,6,0
33689,3062,7,0
33690,3062,8,0
33691,3062,9,0
33692,3062,10,0
33693,3063,0,0
33694,3063,1,0
33695,3063,2,0
33696,3063,3,0
33697,3063,4,0
33698,3063,5,0
33699,3063,6,0
33700,3063,7,0
33701,3063,8,0
33702,3063,9,0
33703,3063,10,0
33704,3064,0,0
33705,3064,1,0
33706,3064,2,1
33707,3064,3,1
33708,3064,4,0
33709,3064,5,1
33710,3064,6,1
33711,3064,7,0
33712,3064,8,0
33713,3064,9,0
33714,3064,10,1
33715,3065,0,0
33716,3065,1,0
33717,3065,2,1
33718,3065,3,2
33719,3065,4,3
33720,3065,5,2
33721,3065,6,3
33722,3065,7,3
33723,3065,8,2
33724,3065,9,3
33725,3065,10,2
33726,3066,0,0
33727,3066,1,0
33728,3066,2,0
33729,3066,3,0
33730,3066,4,0
33731,3066,5,1
33732,3066,6,0
33733,3066,7,0
33734,3066,8,0
33735,3066,9,0
33736,3066,10,0
33737,3067,0,0
33738,3067,1,1
33739,3067,2,0
33740,3067,3,1
33741,3067,4,0
33742,3067,5,0
33743,3067,6,0
33744,3067,7,0
33745,3067,8,0
33746,3067,9,0
33747,3067,10,0
33748,3068,0,0
33749,3068,1,1
33750,3068,2,2
33751,3068,3,3
33752,3068,4,3
33753,3068,5,3
33754,3068,6,3
33755,3068,7,3
33756,3068,8,3
33757,3068,9,3
33758,3068,10,3
33759,3069,0,0
33760,3069,1,1
33761,3069,2,2
33762,3069,3,1
33763,3069,4,2
33764,3069,5,1
33765,3069,6,2
33766,3069,7,1
33767,3069,8,2
33768,3069,9,3
33769,3069,10,4
33770,3070,0,0
33771,3070,1,1
33772,3070,2,2
33773,3070,3,3
33774,3070,4,2
33775,3070,5,1
33776,3070,6,1
33777,3070,7,1
33778,3070,8,1
33779,3070,9,0
33780,3070,10,1
33781,3071,0,0
33782,3071,1,0
33783,3071,2,1
33784,3071,3,0
33785,3071,4,0
33786,3071,5,1
33787,3071,6,2
33788,3071,7,3
33789,3071,8,2
33790,3071,9,3
33791,3071,10,4
33792,3072,0,0
33793,3072,1,1
33794,3072,2,0
33795,3072,3,1
33796,3072,4,0
33797,3072,5,1
33798,3072,6,0
33799,3072,7,1
33800,3072,8,0
33801,3072,9,1
33802,3072,10,0
33803,3073,0,0
33804,3073,1,1
33805,3073,2,2
33806,3073,3,3
33807,3073,4,2
33808,3073,5,3
33809,3073,6,4
33810,3073,7,5
33811,3073,8,5
33812,3073,9,5
33813,3073,10,5
33814,3074,0,0
33815,3074,1,1
33816,3074,2,0
33817,3074,3,1
33818,3074,4,0
33819,3074,5,1
33820,3074,6,2
33821,3074,7,3
33822,3074,8,2
33823,3074,9,3
33824,3074,10,4
33825,3075,0,0
33826,3075,1,0
33827,3075,2,0
33828,3075,3,0
33829,3075,4,0
33830,3075,5,0
33831,3075,6,0
33832,3075,7,0
33833,3075,8,0
33834,3075,9,0
33835,3075,10,0
33836,3076,0,0
33837,3076,1,0
33838,3076,2,0
33839,3076,3,0
33840,3076,4,0
33841,3076,5,0
33842,3076,6,0
33843,3076,7,0
33844,3076,8,1
33845,3076,9,2
33846,3076,10,1
33847,3077,0,0
33848,3077,1,0
33849,3077,2,0
33850,3077,3,0
33851,3077,4,0
33852,3077,5,0
33853,3077,6,0
33854,3077,7,0
33855,3077,8,0
33856,3077,9,0
33857,3077,10,0
33858,3078,0,0
33859,3078,1,1
33860,3078,2,2
33861,3078,3,1
33862,3078,4,2
33863,3078,5,3
33864,3078,6,4
33865,3078,7,5
33866,3078,8,5
33867,3078,9,5
33868,3078,10,5
33869,3079,0,0
33870,3079,1,1
33871,3079,2,2
33872,3079,3,1
33873,3079,4,2
33874,3079,5,3
33875,3079,6,2
33876,3079,7,3
33877,3079,8,2
33878,3079,9,1
33879,3079,10,0
33880,3080,0,0
33881,3080,1,0
33882,3080,2,0
33883,3080,3,0
33884,3080,4,0
33885,3080,5,1
33886,3080,6,2
33887,3080,7,1
33888,3080,8,2
33889,3080,9,3
33890,3080,10,3
33891,3081,0,0
33892,3081,1,0
33893,3081,2,0
33894,3081,3,0
33895,3081,4,0
33896,3081,5,0
33897,3081,6,0
33898,3081,7,0
33899,3081,8,0
33900,3081,9,0
33901,3081,10,0
33902,3082,0,0
33903,3082,1,0
33904,3082,2,1
33905,3082,3,2
33906,3082,4,1
33907,3082,5,2
33908,3082,6,3
33909,3082,7,2
33910,3082,8,3
33911,3082,9,2
33912,3082,10,1
33913,3083,0,0
33914,3083,1,1
33915,3083,2,2
33916,3083,3,1
33917,3083,4,2
33918,3083,5,1
33919,3083,6,2
33920,3083,7,1
33921,3083,8,2
33922,3083,9,1
33923,3083,10,2
33924,3084,0,0
33925,3084,1,1
33926,3084,2,0
33927,3084,3,1
33928,3084,4,1
33929,3084,5,1
33930,3084,6,0
33931,3084,7,1
33932,3084,8,0
33933,3084,9,1
33934,3084,10,1
33935,3085,0,0
33936,3085,1,0
33937,3085,2,0
33938,3085,3,0
33939,3085,4,0
33940,3085,5,0
33941,3085,6,0
33942,3085,7,0
33943,3085,8,0
33944,3085,9,0
33945,3085,10,0
33946,3086,0,0
33947,3086,1,1
33948,3086,2,0
33949,3086,3,1
33950,3086,4,0
33951,3086,5,1
33952,3086,6,1
33953,3086,7,0
33954,3086,8,1
33955,3086,9,1
33956,3086,10,0
33957,3087,0,0
33958,3087,1,0
33959,3087,2,0
33960,3087,3,1
33961,3087,4,0
33962,3087,5,0
33963,3087,6,0
33964,3087,7,0
33965,3087,8,0
33966,3087,9,0
33967,3087,10,1
33968,3088,0,0
33969,3088,1,1
33970,3088,2,2
33971,3088,3,1
33972,3088,4,2
33973,3088,5,3
33974,3088,6,2
33975,3088,7,3
33976,3088,8,4
33977,3088,9,5
33978,3088,10,5
33979,3089,0,0
33980,3089,1,1
33981,3089,2,1
33982,3089,3,1
33983,3089,4,1
33984,3089,5,1
33985,3089,6,1
33986,3089,7,1
33987,3089,8,0
33988,3089,9,1
33989,3089,10,1
33990,3090,0,0
33991,3090,1,0
33992,3090,2,0
33993,3090,3,0
33994,3090,4,0
33995,3090,5,0
33996,3090,6,0
33997,3090,7,0
33998,3090,8,0
33999,3090,9,0
34000,3090,10,0
34001,3091,0,0
34002,3091,1,1
34003,3091,2,2
34004,3091,3,1
34005,3091,4,0
34006,3091,5,1
34007,3091,6,2
34008,3091,7,1
34009,3091,8,2
34010,3091,9,1
34011,3091,10,0
34012,3092,0,0
34013,3092,1,1
34014,3092,2,0
34015,3092,3,1
34016,3092,4,0
34017,3092,5,1
34018,3092,6,1
34019,3092,7,2
34020,3092,8,3
34021,3092,9,4
34022,3092,10,3
34023,3093,0,0
34024,3093,1,1
34025,3093,2,0
34026,3093,3,1
34027,3093,4,0
34028,3093,5,1
34029,3093,6,0
34030,3093,7,1
34031,3093,8,0
34032,3093,9,1
34033,3093,10,0
34034,3094,0,0
34035,3094,1,1
34036,3094,2,0
34037,3094,3,0
34038,3094,4,1
34039,3094,5,0
34040,3094,6,1
34041,3094,7,0
34042,3094,8,1
34043,3094,9,0
34044,3094,10,1
34045,3095,0,0
34046,3095,1,0
34047,3095,2,0
34048,3095,3,0
34049,3095,4,0
34050,3095,5,0
34051,3095,6,0
34052,3095,7,0
34053,3095,8,0
34054,3095,9,0
34055,3095,10,0
34056,3096,0,0
34057,3096,1,0
34058,3096,2,0
34059,3096,3,0
34060,3096,4,1
34061,3096,5,0
34062,3096,6,1
34063,3096,7,0
34064,3096,8,1
34065,3096,9,0
34066,3096,10,1
34067,3097,0,0
34068,3097,1,1
34069,3097,2,2
34070,3097,3,1
34071,3097,4,2
34072,3097,5,1
34073,3097,6,2
34074,3097,7,3
34075,3097,8,4
34076,3097,9,3
34077,3097,10,2
34078,3098,0,0
34079,3098,1,0
34080,3098,2,1
34081,3098,3,0
34082,3098,4,0
34083,3098,5,0
34084,3098,6,1
34085,3098,7,0
34086,3098,8,1
34087,3098,9,0
34088,3098,10,1
34089,3099,0,0
34090,3099,1,1
34091,3099,2,0
34092,3099,3,1
34093,3099,4,0
34094,3099,5,1
34095,3099,6,0
34096,3099,7,1
34097,3099,8,0
34098,3099,9,1
34099,3099,10,1
34100,3100,0,0
34101,3100,1,0
34102,3100,2,0
34103,3100,3,0
34104,3100,4,0
34105,3100,5,0
34106,3100,6,0
34107,3100,7,1
34108,3100,8,0
34109,3100,9,0
34110,3100,10,0
34111,3101,0,0
34112,3101,1,1
34113,3101,2,0
34114,3101,3,0
34115,3101,4,0
34116,3101,5,0
34117,3101,6,0
34118,3101,7,0
34119,3101,8,0
34120,3101,9,0
34121,3101,10,0
34122,3102,0,0
34123,3102,1,0
34124,3102,2,0
34125,3102,3,0
34126,3102,4,1
34127,3102,5,1
34128,3102,6,1
34129,3102,7,1
34130,3102,8,0
34131,3102,9,0
34132,3102,10,0
34133,3103,0,0
34134,3103,1,1
34135,3103,2,0
34136,3103,3,1
34137,3103,4,0
34138,3103,5,1
34139,3103,6,0
34140,3103,7,1
34141,3103,8,0
34142,3103,9,1
34143,3103,10,0
34144,3104,0,0
34145,3104,1,1
34146,3104,2,2
34147,3104,3,1
34148,3104,4,2
34149,3104,5,1
34150,3104,6,2
34151,3104,7,1
34152,3104,8,2
34153,3104,9,1
34154,3104,10,2
34155,3105,0,0
34156,3105,1,1
34157,3105,2,2
34158,3105,3,2
34159,3105,4,2
34160,3105,5,3
34161,3105,6,4
34162,3105,7,3
34163,3105,8,3
34164,3105,9,4
34165,3105,10,5
34166,3106,0,0
34167,3106,1,1
34168,3106,2,0
34169,3106,3,1
34170,3106,4,0
34171,3106,5,1
34172,3106,6,2
34173,3106,7,1
34174,3106,8,2
34175,3106,9,3
34176,3106,10,2
34177,3107,0,0
34178,3107,1,0
34179,3107,2,0
34180,3107,3,0
34181,3107,4,0
34182,3107,5,0
34183,3107,6,0
34184,3107,7,0
34185,3107,8,0
34186,3107,9,0
34187,3107,10,0
34188,3108,0,0
34189,3108,1,1
34190,3108,2,1
34191,3108,3,2
34192,3108,4,3
34193,3108,5,4
34194,3108,6,4
34195,3108,7,5
34196,3108,8,5
34197,3108,9,5
34198,3108,10,5
34199,3109,0,0
34200,3109,1,1
34201,3109,2,0
34202,3109,3,1
34203,3109,4,2
34204,3109,5,2
34205,3109,6,1
34206,3109,7,2
34207,3109,8,2
34208,3109,9,3
34209,3109,10,4
34210,3110,0,0
34211,3110,1,1
34212,3110,2,2
34213,3110,3,3
34214,3110,4,4
34215,3110,5,3
34216,3110,6,4
34217,3110,7,5
34218,3110,8,5
34219,3110,9,5
34220,3110,10,5
34221,3111,0,0
34222,3111,1,1
34223,3111,2,2
34224,3111,3,3
34225,3111,4,2
34226,3111,5,3
34227,3111,6,2
34228,3111,7,3
34229,3111,8,2
34230,3111,9,3
34231,3111,10,4
34232,3112,0,0
34233,3112,1,1
34234,3112,2,1
34235,3112,3,1
34236,3112,4,1
34237,3112,5,2
34238,3112,6,1
34239,3112,7,2
34240,3112,8,3
34241,3112,9,4
34242,3112,10,3
34243,3113,0,0
34244,3113,1,1
34245,3113,2,2
34246,3113,3,3
34247,3113,4,4
34248,3113,5,5
34249,3113,6,5
34250,3113,7,5
34251,3113,8,5
34252,3113,9,5
34253,3113,10,5
34254,3114,0,0
34255,3114,1,0
34256,3114,2,0
34257,3114,3,0
34258,3114,4,0
34259,3114,5,0
34260,3114,6,0
34261,3114,7,0
34262,3114,8,0
34263,3114,9,0
34264,3114,10,0
34265,3115,0,0
34266,3115,1,0
34267,3115,2,0
34268,3115,3,0
34269,3115,4,0
34270,3115,5,0
34271,3115,6,0
34272,3115,7,0
34273,3115,8,0
34274,3115,9,0
34275,3115,10,0
34276,3116,0,0
34277,3116,1,1
34278,3116,2,0
34279,3116,3,1
34280,3116,4,1
34281,3116,5,2
34282,3116,6,1
34283,3116,7,1
34284,3116,8,0
34285,3116,9,1
34286,3116,10,2
34287,3117,0,0
34288,3117,1,0
34289,3117,2,0
34290,3117,3,1
34291,3117,4,0
34292,3117,5,0
34293,3117,6,1
34294,3117,7,1
34295,3117,8,1
34296,3117,9,0
34297,3117,10,0
34298,3118,0,0
34299,3118,1,1
34300,3118,2,2
34301,3118,3,3
34302,3118,4,2
34303,3118,5,1
34304,3118,6,2
34305,3118,7,3
34306,3118,8,2
34307,3118,9,1
34308,3118,10,2
34309,3119,0,0
34310,3119,1,0
34311,3119,2,1
34312,3119,3,0
34313,3119,4,0
34314,3119,5,0
34315,3119,6,0
34316,3119,7,1
34317,3119,8,0
34318,3119,9,0
34319,3119,10,0
34320,3120,0,0
34321,3120,1,0
34322,3120,2,1
34323,3120,3,0
34324,3120,4,1
34325,3120,5,0
34326,3120,6,1
34327,3120,7,0
34328,3120,8,0
34329,3120,9,1
34330,3120,10,0
34331,3121,0,0
34332,3121,1,1
34333,3121,2,2
34334,3121,3,1
34335,3121,4,2
34336,3121,5,1
34337,3121,6,2
34338,3121,7,1
34339,3121,8,2
34340,3121,9,1
34341,3121,10,2
34342,3122,0,0
34343,3122,1,0
34344,3122,2,0
34345,3122,3,1
34346,3122,4,0
34347,3122,5,0
34348,3122,6,0
34349,3122,7,1
34350,3122,8,0
34351,3122,9,0
34352,3122,10,1
34353,3123,0,0
34354,3123,1,1
34355,3123,2,0
34356,3123,3,0
34357,3123,4,1
34358,3123,5,0
34359,3123,6,1
34360,3123,7,2
34361,3123,8,1
34362,3123,9,2
34363,3123,10,1
34364,3124,0,0
34365,3124,1,0
34366,3124,2,0
34367,3124,3,0
34368,3124,4,0
34369,3124,5,0
34370,3124,6,0
34371,3124,7,0
34372,3124,8,0
34373,3124,9,0
34374,3124,10,0
34375,3125,0,0
34376,3125,1,0
34377,3125,2,0
34378,3125,3,1
34379,3125,4,0
34380,3125,5,0
34381,3125,6,1
34382,3125,7,2
34383,3125,8,2
34384,3125,9,2
34385,3125,10,3
34386,3126,0,0
34387,3126,1,1
34388,3126,2,2
34389,3126,3,3
34390,3126,4,2
34391,3126,5,3
34392,3126,6,2
34393,3126,7,3
34394,3126,8,2
34395,3126,9,3
34396,3126,10,2
34397,3127,0,0
34398,3127,1,1
34399,3127,2,0
34400,3127,3,1
34401,3127,4,0
34402,3127,5,1
34403,3127,6,0
34404,3127,7,1
34405,3127,8,1
34406,3127,9,1
34407,3127,10,1
34408,3128,0,0
34409,3128,1,0
34410,3128,2,0
34411,3128,3,0
34412,3128,4,0
34413,3128,5,0
34414,3128,6,0
34415,3128,7,0
34416,3128,8,0
34417,3128,9,0
34418,3128,10,1
34419,3129,0,0
34420,3129,1,1
34421,3129,2,2
34422,3129,3,1
34423,3129,4,2
34424,3129,5,3
34425,3129,6,4
34426,3129,7,5
34427,3129,8,5
34428,3129,9,5
34429,3129,10,5
34430,3130,0,0
34431,3130,1,1
34432,3130,2,0
34433,3130,3,1
34434,3130,4,0
34435,3130,5,1
34436,3130,6,2
34437,3130,7,1
34438,3130,8,0
34439,3130,9,0
34440,3130,10,1
34441,3131,0,0
34442,3131,1,0
34443,3131,2,0
34444,3131,3,0
34445,3131,4,0
34446,3131,5,0
34447,3131,6,0
34448,3131,7,0
34449,3131,8,1
34450,3131,9,2
34451,3131,10,3
34452,3132,0,0
34453,3132,1,0
34454,3132,2,0
34455,3132,3,0
34456,3132,4,0
34457,3132,5,0
34458,3132,6,0
34459,3132,7,0
34460,3132,8,0
34461,3132,9,0
34462,3132,10,0
34463,3133,0,0
34464,3133,1,1
34465,3133,2,0
34466,3133,3,1
34467,3133,4,0
34468,3133,5,1
34469,3133,6,2
34470,3133,7,1
34471,3133,8,0
34472,3133,9,1
34473,3133,10,0
34474,3134,0,0
34475,3134,1,1
34476,3134,2,1
34477,3134,3,0
34478,3134,4,1
34479,3134,5,0
34480,3134,6,1
34481,3134,7,1
34482,3134,8,0
34483,3134,9,1
34484,3134,10,1
34485,3135,0,0
34486,3135,1,0
34487,3135,2,1
34488,3135,3,0
34489,3135,4,0
34490,3135,5,1
34491,3135,6,0
34492,3135,7,1
34493,3135,8,0
34494,3135,9,1
34495,3135,10,0
34496,3136,0,0
34497,3136,1,1
34498,3136,2,0
34499,3136,3,1
34500,3136,4,0
34501,3136,5,1
34502,3136,6,0
34503,3136,7,1
34504,3136,8,0
34505,3136,9,1
34506,3136,10,0
34507,3137,0,0
34508,3137,1,1
34509,3137,2,2
34510,3137,3,3
34511,3137,4,2
34512,3137,5,3
34513,3137,6,2
34514,3137,7,1
34515,3137,8,2
34516,3137,9,3
34517,3137,10,2
34518,3138,0,0
34519,3138,1,1
34520,3138,2,0
34521,3138,3,1
34522,3138,4,2
34523,3138,5,3
34524,3138,6,4
34525,3138,7,5
34526,3138,8,5
34527,3138,9,5
34528,3138,10,5
34529,3139,0,0
34530,3139,1,0
34531,3139,2,0
34532,3139,3,0
34533,3139,4,1
34534,3139,5,0
34535,3139,6,0
34536,3139,7,0
34537,3139,8,1
34538,3139,9,0
34539,3139,10,1
34540,3140,0,0
34541,3140,1,0
34542,3140,2,1
34543,3140,3,2
34544,3140,4,3
34545,3140,5,4
34546,3140,6,3
34547,3140,7,2
34548,3140,8,3
34549,3140,9,2
34550,3140,10,3
34551,3141,0,0
34552,3141,1,1
34553,3141,2,0
34554,3141,3,0
34555,3141,4,1
34556,3141,5,0
34557,3141,6,1
34558,3141,7,2
34559,3141,8,2
34560,3141,9,2
34561,3141,10,2
34562,3142,0,0
34563,3142,1,0
34564,3142,2,0
34565,3142,3,0
34566,3142,4,0
34567,3142,5,0
34568,3142,6,0
34569,3142,7,1
34570,3142,8,2
34571,3142,9,3
34572,3142,10,3
34573,3143,0,0
34574,3143,1,1
34575,3143,2,0
34576,3143,3,0
34577,3143,4,1
34578,3143,5,2
34579,3143,6,3
34580,3143,7,2
34581,3143,8,1
34582,3143,9,2
34583,3143,10,1
34584,3144,0,0
34585,3144,1,1
34586,3144,2,0
34587,3144,3,1
34588,3144,4,0
34589,3144,5,1
34590,3144,6,2
34591,3144,7,1
34592,3144,8,0
34593,3144,9,1
34594,3144,10,2
34595,3145,0,0
34596,3145,1,1
34597,3145,2,2
34598,3145,3,1
34599,3145,4,2
34600,3145,5,1
34601,3145,6,2
34602,3145,7,1
34603,3145,8,2
34604,3145,9,1
34605,3145,10,2
34606,3146,0,0
34607,3146,1,1
34608,3146,2,2
34609,3146,3,3
34610,3146,4,4
34611,3146,5,4
34612,3146,6,4
34613,3146,7,4
34614,3146,8,4
34615,3146,9,4
34616,3146,10,5
34617,3147,0,0
34618,3147,1,0
34619,3147,2,0
34620,3147,3,0
34621,3147,4,0
34622,3147,5,0
34623,3147,6,0
34624,3147,7,0
34625,3147,8,0
34626,3147,9,0
34627,3147,10,0
34628,3148,0,0
34629,3148,1,1
34630,3148,2,0
34631,3148,3,0
34632,3148,4,1
34633,3148,5,2
34634,3148,6,1
34635,3148,7,0
34636,3148,8,0
34637,3148,9,1
34638,3148,10,2
34639,3149,0,0
34640,3149,1,1
34641,3149,2,1
34642,3149,3,1
34643,3149,4,0
34644,3149,5,1
34645,3149,6,0
34646,3149,7,1
34647,3149,8,1
34648,3149,9,1
34649,3149,10,1
34650,3150,0,0
34651,3150,1,1
34652,3150,2,0
34653,3150,3,1
34654,3150,4,2
34655,3150,5,1
34656,3150,6,0
34657,3150,7,1
34658,3150,8,2
34659,3150,9,1
34660,3150,10,2
34661,3151,0,0
34662,3151,1,0
34663,3151,2,1
34664,3151,3,1
34665,3151,4,1
34666,3151,5,0
34667,3151,6,1
34668,3151,7,0
34669,3151,8,1
34670,3151,9,1
34671,3151,10,0
34672,3152,0,0
34673,3152,1,0
34674,3152,2,0
34675,3152,3,0
34676,3152,4,0
34677,3152,5,0
34678,3152,6,0
34679,3152,7,0
34680,3152,8,0
34681,3152,9,0
34682,3152,10,0
34683,3153,0,0
34684,3153,1,1
34685,3153,2,1
34686,3153,3,0
34687,3153,4,1
34688,3153,5,1
34689,3153,6,1
34690,3153,7,0
34691,3153,8,1
34692,3153,9,0
34693,3153,10,1
34694,3154,0,0
34695,3154,1,1
34696,3154,2,1
34697,3154,3,1
34698,3154,4,2
34699,3154,5,1
34700,3154,6,0
34701,3154,7,1
34702,3154,8,2
34703,3154,9,3
34704,3154,10,4
34705,3155,0,0
34706,3155,1,1
34707,3155,2,2
34708,3155,3,1
34709,3155,4,0
34710,3155,5,1
34711,3155,6,2
34712,3155,7,1
34713,3155,8,0
34714,3155,9,1
34715,3155,10,2
34716,3156,0,0
34717,3156,1,0
34718,3156,2,0
34719,3156,3,0
34720,3156,4,0
34721,3156,5,0
34722,3156,6,0
34723,3156,7,0
34724,3156,8,0
34725,3156,9,0
34726,3156,10,0
34727,3157,0,0
34728,3157,1,1
34729,3157,2,1
34730,3157,3,0
34731,3157,4,1
34732,3157,5,0
34733,3157,6,1
34734,3157,7,1
34735,3157,8,1
34736,3157,9,0
34737,3157,10,1
34738,3158,0,0
34739,3158,1,1
34740,3158,2,0
34741,3158,3,1
34742,3158,4,1
34743,3158,5,1
34744,3158,6,0
34745,3158,7,1
34746,3158,8,0
34747,3158,9,1
34748,3158,10,0
34749,3159,0,0
34750,3159,1,1
34751,3159,2,2
34752,3159,3,2
34753,3159,4,3
34754,3159,5,4
34755,3159,6,3
34756,3159,7,2
34757,3159,8,3
34758,3159,9,4
34759,3159,10,3
34760,3160,0,0
34761,3160,1,0
34762,3160,2,0
34763,3160,3,0
34764,3160,4,1
34765,3160,5,0
34766,3160,6,0
34767,3160,7,0
34768,3160,8,0
34769,3160,9,0
34770,3160,10,0
34771,3161,0,0
34772,3161,1,0
34773,3161,2,0
34774,3161,3,0
34775,3161,4,0
34776,3161,5,0
34777,3161,6,0
34778,3161,7,0
34779,3161,8,0
34780,3161,9,0
34781,3161,10,0
34782,3162,0,0
34783,3162,1,0
34784,3162,2,0
34785,3162,3,0
34786,3162,4,0
34787,3162,5,0
34788,3162,6,0
34789,3162,7,0
34790,3162,8,0
34791,3162,9,0
34792,3162,10,0
34793,3163,0,0
34794,3163,1,0
34795,3163,2,0
34796,3163,3,0
34797,3163,4,0
34798,3163,5,0
34799,3163,6,0
34800,3163,7,0
34801,3163,8,0
34802,3163,9,0
34803,3163,10,0
34804,3164,0,0
34805,3164,1,1
34806,3164,2,2
34807,3164,3,1
34808,3164,4,2
34809,3164,5,1
34810,3164,6,2
34811,3164,7,1
34812,3164,8,2
34813,3164,9,3
34814,3164,10,2
34815,3165,0,0
34816,3165,1,1
34817,3165,2,2
34818,3165,3,1
34819,3165,4,2
34820,3165,5,3
34821,3165,6,4
34822,3165,7,5
34823,3165,8,5
34824,3165,9,5
34825,3165,10,5
34826,3166,0,0
34827,3166,1,1
34828,3166,2,1
34829,3166,3,2
34830,3166,4,3
34831,3166,5,2
34832,3166,6,3
34833,3166,7,2
34834,3166,8,3
34835,3166,9,2
34836,3166,10,3
34837,3167,0,0
34838,3167,1,1
34839,3167,2,0
34840,3167,3,1
34841,3167,4,0
34842,3167,5,1
34843,3167,6,0
34844,3167,7,1
34845,3167,8,0
34846,3167,9,1
34847,3167,10,0
34848,3168,0,0
34849,3168,1,1
34850,3168,2,2
34851,3168,3,3
34852,3168,4,4
34853,3168,5,3
34854,3168,6,4
34855,3168,7,3
34856,3168,8,4
34857,3168,9,5
34858,3168,10,5
34859,3169,0,0
34860,3169,1,1
34861,3169,2,0
34862,3169,3,1
34863,3169,4,2
34864,3169,5,3
34865,3169,6,4
34866,3169,7,3
34867,3169,8,4
34868,3169,9,4
34869,3169,10,4
34870,3170,0,0
34871,3170,1,0
34872,3170,2,0
34873,3170,3,0
34874,3170,4,0
34875,3170,5,0
34876,3170,6,0
34877,3170,7,0
34878,3170,8,0
34879,3170,9,0
34880,3170,10,0
34881,3171,0,0
34882,3171,1,0
34883,3171,2,0
34884,3171,3,0
34885,3171,4,0
34886,3171,5,0
34887,3171,6,0
34888,3171,7,0
34889,3171,8,0
34890,3171,9,0
34891,3171,10,0
34892,3172,0,0
34893,3172,1,1
34894,3172,2,1
34895,3172,3,0
34896,3172,4,1
34897,3172,5,1
34898,3172,6,0
34899,3172,7,1
34900,3172,8,1
34901,3172,9,0
34902,3172,10,1
34903,3173,0,0
34904,3173,1,1
34905,3173,2,2
34906,3173,3,3
34907,3173,4,4
34908,3173,5,5
34909,3173,6,5
34910,3173,7,5
34911,3173,8,5
34912,3173,9,5
34913,3173,10,5
34914,3174,0,0
34915,3174,1,1
34916,3174,2,2
34917,3174,3,3
34918,3174,4,2
34919,3174,5,3
34920,3174,6,4
34921,3174,7,3
34922,3174,8,2
34923,3174,9,1
34924,3174,10,2
34925,3175,0,0
34926,3175,1,0
34927,3175,2,0
34928,3175,3,0
34929,3175,4,0
34930,3175,5,0
34931,3175,6,0
34932,3175,7,0
34933,3175,8,0
34934,3175,9,0
34935,3175,10,0
34936,3176,0,0
34937,3176,1,0
34938,3176,2,1
34939,3176,3,1
34940,3176,4,1
34941,3176,5,1
34942,3176,6,1
34943,3176,7,1
34944,3176,8,0
34945,3176,9,1
34946,3176,10,1
34947,3177,0,0
34948,3177,1,0
34949,3177,2,0
34950,3177,3,0
34951,3177,4,0
34952,3177,5,1
34953,3177,6,0
34954,3177,7,1
34955,3177,8,1
34956,3177,9,1
34957,3177,10,1
34958,3178,0,0
34959,3178,1,0
34960,3178,2,1
34961,3178,3,2
34962,3178,4,3
34963,3178,5,4
34964,3178,6,4
34965,3178,7,3
34966,3178,8,4
34967,3178,9,3
34968,3178,10,4
34969,3179,0,0
34970,3179,1,0
34971,3179,2,0
34972,3179,3,0
34973,3179,4,0
34974,3179,5,0
34975,3179,6,0
34976,3179,7,0
34977,3179,8,0
34978,3179,9,0
34979,3179,10,0
34980,3180,0,0
34981,3180,1,0
34982,3180,2,0
34983,3180,3,1
34984,3180,4,0
34985,3180,5,1
34986,3180,6,1
34987,3180,7,1
34988,3180,8,1
34989,3180,9,1
34990,3180,10,1
34991,3181,0,0
34992,3181,1,0
34993,3181,2,0
34994,3181,3,0
34995,3181,4,0
34996,3181,5,0
34997,3181,6,0
34998,3181,7,0
34999,3181,8,0
35000,3181,9,0
35001,3181,10,0
35002,3182,0,0
35003,3182,1,0
35004,3182,2,0
35005,3182,3,0
35006,3182,4,0
35007,3182,5,0
35008,3182,6,1
35009,3182,7,1
35010,3182,8,1
35011,3182,9,1
35012,3182,10,1
35013,3183,0,0
35014,3183,1,0
35015,3183,2,0
35016,3183,3,0
35017,3183,4,0
35018,3183,5,0
35019,3183,6,0
35020,3183,7,0
35021,3183,8,0
35022,3183,9,0
35023,3183,10,0
35024,3184,0,0
35025,3184,1,0
35026,3184,2,0
35027,3184,3,0
35028,3184,4,0
35029,3184,5,0
35030,3184,6,0
35031,3184,7,0
35032,3184,8,0
35033,3184,9,0
35034,3184,10,0
35035,3185,0,0
35036,3185,1,1
35037,3185,2,0
35038,3185,3,1
35039,3185,4,0
35040,3185,5,1
35041,3185,6,0
35042,3185,7,1
35043,3185,8,0
35044,3185,9,1
35045,3185,10,0
35046,3186,0,0
35047,3186,1,0
35048,3186,2,0
35049,3186,3,0
35050,3186,4,0
35051,3186,5,0
35052,3186,6,0
35053,3186,7,0
35054,3186,8,0
35055,3186,9,0
35056,3186,10,0
35057,3187,0,0
35058,3187,1,1
35059,3187,2,0
35060,3187,3,1
35061,3187,4,0
35062,3187,5,1
35063,3187,6,0
35064,3187,7,1
35065,3187,8,1
35066,3187,9,2
35067,3187,10,1
35068,3188,0,0
35069,3188,1,1
35070,3188,2,2
35071,3188,3,3
35072,3188,4,2
35073,3188,5,3
35074,3188,6,2
35075,3188,7,1
35076,3188,8,2
35077,3188,9,3
35078,3188,10,4
35079,3189,0,0
35080,3189,1,0
35081,3189,2,0
35082,3189,3,0
35083,3189,4,1
35084,3189,5,0
35085,3189,6,0
35086,3189,7,1
35087,3189,8,0
35088,3189,9,0
35089,3189,10,0
35090,3190,0,0
35091,3190,1,1
35092,3190,2,2
35093,3190,3,3
35094,3190,4,2
35095,3190,5,1
35096,3190,6,2
35097,3190,7,3
35098,3190,8,2
35099,3190,9,1
35100,3190,10,2
35101,3191,0,0
35102,3191,1,0
35103,3191,2,0
35104,3191,3,0
35105,3191,4,0
35106,3191,5,0
35107,3191,6,0
35108,3191,7,0
35109,3191,8,0
35110,3191,9,0
35111,3191,10,0
35112,3192,0,0
35113,3192,1,1
35114,3192,2,2
35115,3192,3,1
35116,3192,4,2
35117,3192,5,1
35118,3192,6,2
35119,3192,7,3
35120,3192,8,4
35121,3192,9,3
35122,3192,10,4
35123,3193,0,0
35124,3193,1,1
35125,3193,2,2
35126,3193,3,1
35127,3193,4,2
35128,3193,5,3
35129,3193,6,4
35130,3193,7,5
35131,3193,8,5
35132,3193,9,5
35133,3193,10,5
35134,3194,0,0
35135,3194,1,0
35136,3194,2,1
35137,3194,3,0
35138,3194,4,0
35139,3194,5,0
35140,3194,6,0
35141,3194,7,0
35142,3194,8,0
35143,3194,9,0
35144,3194,10,0
35145,3195,0,0
35146,3195,1,1
35147,3195,2,0
35148,3195,3,1
35149,3195,4,2
35150,3195,5,1
35151,3195,6,2
35152,3195,7,3
35153,3195,8,2
35154,3195,9,3
35155,3195,10,4
35156,3196,0,0
35157,3196,1,1
35158,3196,2,1
35159,3196,3,2
35160,3196,4,3
35161,3196,5,3
35162,3196,6,4
35163,3196,7,4
35164,3196,8,4
35165,3196,9,3
35166,3196,10,3
35167,3197,0,0
35168,3197,1,1
35169,3197,2,2
35170,3197,3,1
35171,3197,4,2
35172,3197,5,1
35173,3197,6,2
35174,3197,7,1
35175,3197,8,2
35176,3197,9,3
35177,3197,10,2
35178,3198,0,0
35179,3198,1,0
35180,3198,2,0
35181,3198,3,1
35182,3198,4,2
35183,3198,5,3
35184,3198,6,4
35185,3198,7,5
35186,3198,8,5
35187,3198,9,5
35188,3198,10,5
35189,3199,0,0
35190,3199,1,1
35191,3199,2,1
35192,3199,3,0
35193,3199,4,1
35194,3199,5,0
35195,3199,6,1
35196,3199,7,0
35197,3199,8,1
35198,3199,9,1
35199,3199,10,1
35200,3200,0,0
35201,3200,1,1
35202,3200,2,1
35203,3200,3,2
35204,3200,4,3
35205,3200,5,4
35206,3200,6,3
35207,3200,7,4
35208,3200,8,5
35209,3200,9,5
35210,3200,10,5
35211,3201,0,0
35212,3201,1,1
35213,3201,2,2
35214,3201,3,1
35215,3201,4,2
35216,3201,5,1
35217,3201,6,2
35218,3201,7,1
35219,3201,8,2
35220,3201,9,1
35221,3201,10,2
35222,3202,0,0
35223,3202,1,1
35224,3202,2,0
35225,3202,3,1
35226,3202,4,2
35227,3202,5,3
35228,3202,6,2
35229,3202,7,3
35230,3202,8,4
35231,3202,9,5
35232,3202,10,5
35233,3203,0,0
35234,3203,1,0
35235,3203,2,0
35236,3203,3,0
35237,3203,4,1
35238,3203,5,0
35239,3203,6,0
35240,3203,7,1
35241,3203,8,0
35242,3203,9,0
35243,3203,10,1
35244,3204,0,0
35245,3204,1,1
35246,3204,2,2
35247,3204,3,3
35248,3204,4,2
35249,3204,5,1
35250,3204,6,0
35251,3204,7,1
35252,3204,8,2
35253,3204,9,1
35254,3204,10,2
35255,3205,0,0
35256,3205,1,0
35257,3205,2,0
35258,3205,3,1
35259,3205,4,2
35260,3205,5,1
35261,3205,6,2
35262,3205,7,1
35263,3205,8,2
35264,3205,9,1
35265,3205,10,2
35266,3206,0,0
35267,3206,1,0
35268,3206,2,1
35269,3206,3,2
35270,3206,4,3
35271,3206,5,4
35272,3206,6,3
35273,3206,7,4
35274,3206,8,3
35275,3206,9,2
35276,3206,10,3
35277,3207,0,0
35278,3207,1,0
35279,3207,2,1
35280,3207,3,1
35281,3207,4,1
35282,3207,5,1
35283,3207,6,1
35284,3207,7,1
35285,3207,8,1
35286,3207,9,1
35287,3207,10,1
35288,3208,0,0
35289,3208,1,0
35290,3208,2,0
35291,3208,3,0
35292,3208,4,0
35293,3208,5,0
35294,3208,6,0
35295,3208,7,0
35296,3208,8,0
35297,3208,9,0
35298,3208,10,0
35299,3209,0,0
35300,3209,1,0
35301,3209,2,0
35302,3209,3,0
35303,3209,4,0
35304,3209,5,0
35305,3209,6,0
35306,3209,7,0
35307,3209,8,1
35308,3209,9,0
35309,3209,10,0
35310,3210,0,0
35311,3210,1,0
35312,3210,2,0
35313,3210,3,0
35314,3210,4,0
35315,3210,5,0
35316,3210,6,0
35317,3210,7,0
35318,3210,8,0
35319,3210,9,0
35320,3210,10,0
35321,3211,0,0
35322,3211,1,0
35323,3211,2,0
35324,3211,3,0
35325,3211,4,1
35326,3211,5,2
35327,3211,6,1
35328,3211,7,2
35329,3211,8,1
35330,3211,9,2
35331,3211,10,1
35332,3212,0,0
35333,3212,1,0
35334,3212,2,0
35335,3212,3,0
35336,3212,4,0
35337,3212,5,0
35338,3212,6,0
35339,3212,7,0
35340,3212,8,0
35341,3212,9,0
35342,3212,10,0
35343,3213,0,0
35344,3213,1,1
35345,3213,2,2
35346,3213,3,1
35347,3213,4,2
35348,3213,5,1
35349,3213,6,0
35350,3213,7,1
35351,3213,8,2
35352,3213,9,1
35353,3213,10,0
35354,3214,0,0
35355,3214,1,0
35356,3214,2,0
35357,3214,3,0
35358,3214,4,0
35359,3214,5,0
35360,3214,6,0
35361,3214,7,0
35362,3214,8,0
35363,3214,9,0
35364,3214,10,0
35365,3215,0,0
35366,3215,1,0
35367,3215,2,0
35368,3215,3,1
35369,3215,4,2
35370,3215,5,1
35371,3215,6,0
35372,3215,7,0
35373,3215,8,1
35374,3215,9,0
35375,3215,10,0
35376,3216,0,0
35377,3216,1,0
35378,3216,2,0
35379,3216,3,0
35380,3216,4,0
35381,3216,5,0
35382,3216,6,0
35383,3216,7,0
35384,3216,8,0
35385,3216,9,0
35386,3216,10,1
35387,3217,0,0
35388,3217,1,1
35389,3217,2,2
35390,3217,3,3
35391,3217,4,4
35392,3217,5,4
35393,3217,6,5
35394,3217,7,5
35395,3217,8,5
35396,3217,9,5
35397,3217,10,5
35398,3218,0,0
35399,3218,1,1
35400,3218,2,2
35401,3218,3,1
35402,3218,4,2
35403,3218,5,1
35404,3218,6,0
35405,3218,7,1
35406,3218,8,2
35407,3218,9,1
35408,3218,10,0
35409,3219,0,0
35410,3219,1,1
35411,3219,2,2
35412,3219,3,2
35413,3219,4,1
35414,3219,5,0
35415,3219,6,1
35416,3219,7,0
35417,3219,8,1
35418,3219,9,2
35419,3219,10,1
35420,3220,0,0
35421,3220,1,0
35422,3220,2,0
35423,3220,3,0
35424,3220,4,0
35425,3220,5,0
35426,3220,6,0
35427,3220,7,0
35428,3220,8,0
35429,3220,9,0
35430,3220,10,0
35431,3221,0,0
35432,3221,1,1
35433,3221,2,2
35434,3221,3,3
35435,3221,4,3
35436,3221,5,3
35437,3221,6,4
35438,3221,7,5
35439,3221,8,5
35440,3221,9,5
35441,3221,10,5
35442,3222,0,0
35443,3222,1,0
35444,3222,2,0
35445,3222,3,0
35446,3222,4,0
35447,3222,5,0
35448,3222,6,1
35449,3222,7,0
35450,3222,8,0
35451,3222,9,0
35452,3222,10,0
35453,3223,0,0
35454,3223,1,1
35455,3223,2,2
35456,3223,3,1
35457,3223,4,2
35458,3223,5,1
35459,3223,6,2
35460,3223,7,3
35461,3223,8,4
35462,3223,9,3
35463,3223,10,4
35464,3224,0,0
35465,3224,1,1
35466,3224,2,1
35467,3224,3,0
35468,3224,4,1
35469,3224,5,1
35470,3224,6,1
35471,3224,7,0
35472,3224,8,1
35473,3224,9,1
35474,3224,10,0
35475,3225,0,0
35476,3225,1,0
35477,3225,2,0
35478,3225,3,1
35479,3225,4,0
35480,3225,5,1
35481,3225,6,0
35482,3225,7,0
35483,3225,8,0
35484,3225,9,1
35485,3225,10,2
35486,3226,0,0
35487,3226,1,0
35488,3226,2,1
35489,3226,3,1
35490,3226,4,1
35491,3226,5,1
35492,3226,6,1
35493,3226,7,1
35494,3226,8,1
35495,3226,9,0
35496,3226,10,1
35497,3227,0,0
35498,3227,1,1
35499,3227,2,0
35500,3227,3,1
35501,3227,4,2
35502,3227,5,1
35503,3227,6,0
35504,3227,7,1
35505,3227,8,0
35506,3227,9,1
35507,3227,10,0
35508,3228,0,0
35509,3228,1,0
35510,3228,2,0
35511,3228,3,0
35512,3228,4,0
35513,3228,5,0
35514,3228,6,0
35515,3228,7,0
35516,3228,8,0
35517,3228,9,0
35518,3228,10,0
35519,3229,0,0
35520,3229,1,0
35521,3229,2,1
35522,3229,3,0
35523,3229,4,1
35524,3229,5,0
35525,3229,6,1
35526,3229,7,0
35527,3229,8,1
35528,3229,9,0
35529,3229,10,1
35530,3230,0,0
35531,3230,1,1
35532,3230,2,2
35533,3230,3,1
35534,3230,4,2
35535,3230,5,1
35536,3230,6,2
35537,3230,7,1
35538,3230,8,2
35539,3230,9,1
35540,3230,10,2
35541,3231,0,0
35542,3231,1,1
35543,3231,2,2
35544,3231,3,3
35545,3231,4,4
35546,3231,5,3
35547,3231,6,3
35548,3231,7,3
35549,3231,8,4
35550,3231,9,3
35551,3231,10,4
35552,3232,0,0
35553,3232,1,0
35554,3232,2,0
35555,3232,3,0
35556,3232,4,0
35557,3232,5,0
35558,3232,6,0
35559,3232,7,0
35560,3232,8,0
35561,3232,9,0
35562,3232,10,0
35563,3233,0,0
35564,3233,1,0
35565,3233,2,0
35566,3233,3,0
35567,3233,4,0
35568,3233,5,0
35569,3233,6,0
35570,3233,7,0
35571,3233,8,0
35572,3233,9,0
35573,3233,10,0
35574,3234,0,0
35575,3234,1,0
35576,3234,2,1
35577,3234,3,0
35578,3234,4,1
35579,3234,5,1
35580,3234,6,2
35581,3234,7,3
35582,3234,8,2
35583,3234,9,3
35584,3234,10,2
35585,3235,0,0
35586,3235,1,1
35587,3235,2,2
35588,3235,3,3
35589,3235,4,4
35590,3235,5,5
35591,3235,6,5
35592,3235,7,5
35593,3235,8,5
35594,3235,9,5
35595,3235,10,5
35596,3236,0,0
35597,3236,1,1
35598,3236,2,0
35599,3236,3,1
35600,3236,4,2
35601,3236,5,3
35602,3236,6,4
35603,3236,7,4
35604,3236,8,3
35605,3236,9,4
35606,3236,10,3
35607,3237,0,0
35608,3237,1,1
35609,3237,2,0
35610,3237,3,1
35611,3237,4,0
35612,3237,5,1
35613,3237,6,0
35614,3237,7,1
35615,3237,8,2
35616,3237,9,3
35617,3237,10,2
35618,3238,0,0
35619,3238,1,1
35620,3238,2,2
35621,3238,3,1
35622,3238,4,0
35623,3238,5,1
35624,3238,6,0
35625,3238,7,1
35626,3238,8,0
35627,3238,9,1
35628,3238,10,2
35629,3239,0,0
35630,3239,1,0
35631,3239,2,0
35632,3239,3,0
35633,3239,4,0
35634,3239,5,1
35635,3239,6,0
35636,3239,7,0
35637,3239,8,0
35638,3239,9,0
35639,3239,10,0
35640,3240,0,0
35641,3240,1,0
35642,3240,2,0
35643,3240,3,0
35644,3240,4,0
35645,3240,5,0
35646,3240,6,0
35647,3240,7,0
35648,3240,8,0
35649,3240,9,0
35650,3240,10,0
35651,3241,0,0
35652,3241,1,1
35653,3241,2,2
35654,3241,3,3
35655,3241,4,2
35656,3241,5,3
35657,3241,6,4
35658,3241,7,5
35659,3241,8,5
35660,3241,9,5
35661,3241,10,5
35662,3242,0,0
35663,3242,1,1
35664,3242,2,0
35665,3242,3,1
35666,3242,4,2
35667,3242,5,3
35668,3242,6,2
35669,3242,7,3
35670,3242,8,2
35671,3242,9,1
35672,3242,10,2
35673,3243,0,0
35674,3243,1,1
35675,3243,2,0
35676,3243,3,1
35677,3243,4,1
35678,3243,5,0
35679,3243,6,0
35680,3243,7,1
35681,3243,8,0
35682,3243,9,1
35683,3243,10,1
35684,3244,0,0
35685,3244,1,1
35686,3244,2,2
35687,3244,3,3
35688,3244,4,2
35689,3244,5,3
35690,3244,6,2
35691,3244,7,3
35692,3244,8,4
35693,3244,9,3
35694,3244,10,2
35695,3245,0,0
35696,3245,1,1
35697,3245,2,0
35698,3245,3,1
35699,3245,4,0
35700,3245,5,1
35701,3245,6,0
35702,3245,7,1
35703,3245,8,0
35704,3245,9,0
35705,3245,10,1
35706,3246,0,0
35707,3246,1,0
35708,3246,2,0
35709,3246,3,0
35710,3246,4,0
35711,3246,5,0
35712,3246,6,0
35713,3246,7,0
35714,3246,8,0
35715,3246,9,0
35716,3246,10,0
35717,3247,0,0
35718,3247,1,1
35719,3247,2,0
35720,3247,3,1
35721,3247,4,0
35722,3247,5,1
35723,3247,6,1
35724,3247,7,2
35725,3247,8,2
35726,3247,9,2
35727,3247,10,2
35728,3248,0,0
35729,3248,1,1
35730,3248,2,0
35731,3248,3,1
35732,3248,4,0
35733,3248,5,1
35734,3248,6,2
35735,3248,7,2
35736,3248,8,2
35737,3248,9,3
35738,3248,10,4
35739,3249,0,0
35740,3249,1,1
35741,3249,2,0
35742,3249,3,1
35743,3249,4,0
35744,3249,5,1
35745,3249,6,0
35746,3249,7,1
35747,3249,8,0
35748,3249,9,0
35749,3249,10,1
35750,3250,0,0
35751,3250,1,1
35752,3250,2,2
35753,3250,3,3
35754,3250,4,2
35755,3250,5,1
35756,3250,6,0
35757,3250,7,0
35758,3250,8,0
35759,3250,9,1
35760,3250,10,2
35761,3251,0,0
35762,3251,1,0
35763,3251,2,0
35764,3251,3,0
35765,3251,4,0
35766,3251,5,0
35767,3251,6,0
35768,3251,7,0
35769,3251,8,0
35770,3251,9,0
35771,3251,10,0
35772,3252,0,0
35773,3252,1,1
35774,3252,2,0
35775,3252,3,1
35776,3252,4,2
35777,3252,5,1
35778,3252,6,2
35779,3252,7,1
35780,3252,8,2
35781,3252,9,1
35782,3252,10,2
35783,3253,0,0
35784,3253,1,0
35785,3253,2,0
35786,3253,3,0
35787,3253,4,0
35788,3253,5,0
35789,3253,6,0
35790,3253,7,0
35791,3253,8,0
35792,3253,9,0
35793,3253,10,0
35794,3254,0,0
35795,3254,1,1
35796,3254,2,1
35797,3254,3,1
35798,3254,4,1
35799,3254,5,2
35800,3254,6,3
35801,3254,7,2
35802,3254,8,3
35803,3254,9,4
35804,3254,10,4
35805,3255,0,0
35806,3255,1,0
35807,3255,2,0
35808,3255,3,0
35809,3255,4,0
35810,3255,5,0
35811,3255,6,0
35812,3255,7,0
35813,3255,8,0
35814,3255,9,0
35815,3255,10,0
35816,3256,0,0
35817,3256,1,1
35818,3256,2,0
35819,3256,3,1
35820,3256,4,0
35821,3256,5,1
35822,3256,6,2
35823,3256,7,1
35824,3256,8,2
35825,3256,9,1
35826,3256,10,0
35827,3257,0,0
35828,3257,1,0
35829,3257,2,0
35830,3257,3,0
35831,3257,4,0
35832,3257,5,0
35833,3257,6,0
35834,3257,7,0
35835,3257,8,0
35836,3257,9,0
35837,3257,10,0
35838,3258,0,0
35839,3258,1,1
35840,3258,2,2
35841,3258,3,3
35842,3258,4,2
35843,3258,5,3
35844,3258,6,4
35845,3258,7,5
35846,3258,8,5
35847,3258,9,5
35848,3258,10,5
35849,3259,0,0
35850,3259,1,1
35851,3259,2,2
35852,3259,3,3
35853,3259,4,2
35854,3259,5,3
35855,3259,6,2
35856,3259,7,3
35857,3259,8,2
35858,3259,9,3
35859,3259,10,2
35860,3260,0,0
35861,3260,1,1
35862,3260,2,0
35863,3260,3,1
35864,3260,4,1
35865,3260,5,0
35866,3260,6,1
35867,3260,7,0
35868,3260,8,1
35869,3260,9,0
35870,3260,10,1
35871,3261,0,0
35872,3261,1,0
35873,3261,2,0
35874,3261,3,0
35875,3261,4,0
35876,3261,5,0
35877,3261,6,0
35878,3261,7,0
35879,3261,8,0
35880,3261,9,0
35881,3261,10,0
35882,3262,0,0
35883,3262,1,0
35884,3262,2,0
35885,3262,3,0
35886,3262,4,0
35887,3262,5,0
35888,3262,6,0
35889,3262,7,0
35890,3262,8,0
35891,3262,9,0
35892,3262,10,0
35893,3263,0,0
35894,3263,1,1
35895,3263,2,0
35896,3263,3,0
35897,3263,4,0
35898,3263,5,0
35899,3263,6,0
35900,3263,7,0
35901,3263,8,0
35902,3263,9,1
35903,3263,10,0
35904,3264,0,0
35905,3264,1,0
35906,3264,2,0
35907,3264,3,0
35908,3264,4,1
35909,3264,5,2
35910,3264,6,1
35911,3264,7,2
35912,3264,8,2
35913,3264,9,3
35914,3264,10,2
35915,3265,0,0
35916,3265,1,1
35917,3265,2,1
35918,3265,3,2
35919,3265,4,1
35920,3265,5,2
35921,3265,6,3
35922,3265,7,2
35923,3265,8,1
35924,3265,9,2
35925,3265,10,1
35926,3266,0,0
35927,3266,1,0
35928,3266,2,0
35929,3266,3,1
35930,3266,4,1
35931,3266,5,1
35932,3266,6,2
35933,3266,7,1
35934,3266,8,1
35935,3266,9,0
35936,3266,10,1
35937,3267,0,0
35938,3267,1,0
35939,3267,2,1
35940,3267,3,0
35941,3267,4,0
35942,3267,5,0
35943,3267,6,0
35944,3267,7,0
35945,3267,8,0
35946,3267,9,0
35947,3267,10,0
35948,3268,0,0
35949,3268,1,1
35950,3268,2,2
35951,3268,3,1
35952,3268,4,0
35953,3268,5,1
35954,3268,6,2
35955,3268,7,1
35956,3268,8,0
35957,3268,9,1
35958,3268,10,0
35959,3269,0,0
35960,3269,1,1
35961,3269,2,2
35962,3269,3,3
35963,3269,4,4
35964,3269,5,5
35965,3269,6,5
35966,3269,7,5
35967,3269,8,5
35968,3269,9,5
35969,3269,10,5
35970,3270,0,0
35971,3270,1,0
35972,3270,2,0
35973,3270,3,0
35974,3270,4,0
35975,3270,5,0
35976,3270,6,0
35977,3270,7,0
35978,3270,8,0
35979,3270,9,0
35980,3270,10,0
35981,3271,0,0
35982,3271,1,1
35983,3271,2,1
35984,3271,3,0
35985,3271,4,1
35986,3271,5,1
35987,3271,6,0
35988,3271,7,1
35989,3271,8,0
35990,3271,9,1
35991,3271,10,2
35992,3272,0,0
35993,3272,1,1
35994,3272,2,0
35995,3272,3,1
35996,3272,4,0
35997,3272,5,1
35998,3272,6,1
35999,3272,7,0
36000,3272,8,1
36001,3272,9,0
36002,3272,10,1
36003,3273,0,0
36004,3273,1,0
36005,3273,2,0
36006,3273,3,0
36007,3273,4,0
36008,3273,5,0
36009,3273,6,0
36010,3273,7,0
36011,3273,8,0
36012,3273,9,0
36013,3273,10,0
36014,3274,0,0
36015,3274,1,1
36016,3274,2,2
36017,3274,3,3
36018,3274,4,2
36019,3274,5,3
36020,3274,6,3
36021,3274,7,4
36022,3274,8,5
36023,3274,9,5
36024,3274,10,5
36025,3275,0,0
36026,3275,1,0
36027,3275,2,0
36028,3275,3,0
36029,3275,4,0
36030,3275,5,0
36031,3275,6,0
36032,3275,7,0
36033,3275,8,0
36034,3275,9,0
36035,3275,10,0
36036,3276,0,0
36037,3276,1,0
36038,3276,2,1
36039,3276,3,0
36040,3276,4,0
36041,3276,5,0
36042,3276,6,0
36043,3276,7,0
36044,3276,8,1
36045,3276,9,0
36046,3276,10,0
36047,3277,0,0
36048,3277,1,0
36049,3277,2,1
36050,3277,3,1
36051,3277,4,0
36052,3277,5,0
36053,3277,6,0
36054,3277,7,0
36055,3277,8,1
36056,3277,9,1
36057,3277,10,1
36058,3278,0,0
36059,3278,1,1
36060,3278,2,0
36061,3278,3,1
36062,3278,4,0
36063,3278,5,1
36064,3278,6,2
36065,3278,7,1
36066,3278,8,0
36067,3278,9,1
36068,3278,10,0
36069,3279,0,0
36070,3279,1,0
36071,3279,2,0
36072,3279,3,0
36073,3279,4,0
36074,3279,5,0
36075,3279,6,0
36076,3279,7,0
36077,3279,8,0
36078,3279,9,0
36079,3279,10,0
36080,3280,0,0
36081,3280,1,1
36082,3280,2,1
36083,3280,3,0
36084,3280,4,0
36085,3280,5,1
36086,3280,6,0
36087,3280,7,1
36088,3280,8,1
36089,3280,9,0
36090,3280,10,0
36091,3281,0,0
36092,3281,1,1
36093,3281,2,0
36094,3281,3,0
36095,3281,4,1
36096,3281,5,1
36097,3281,6,1
36098,3281,7,0
36099,3281,8,0
36100,3281,9,1
36101,3281,10,1
36102,3282,0,0
36103,3282,1,1
36104,3282,2,1
36105,3282,3,1
36106,3282,4,0
36107,3282,5,0
36108,3282,6,0
36109,3282,7,1
36110,3282,8,0
36111,3282,9,1
36112,3282,10,1
36113,3283,0,0
36114,3283,1,1
36115,3283,2,2
36116,3283,3,1
36117,3283,4,0
36118,3283,5,0
36119,3283,6,1
36120,3283,7,2
36121,3283,8,1
36122,3283,9,1
36123,3283,10,2
36124,3284,0,0
36125,3284,1,1
36126,3284,2,0
36127,3284,3,1
36128,3284,4,0
36129,3284,5,0
36130,3284,6,1
36131,3284,7,0
36132,3284,8,1
36133,3284,9,0
36134,3284,10,1
36135,3285,0,0
36136,3285,1,0
36137,3285,2,0
36138,3285,3,0
36139,3285,4,0
36140,3285,5,0
36141,3285,6,0
36142,3285,7,0
36143,3285,8,0
36144,3285,9,0
36145,3285,10,0
36146,3286,0,0
36147,3286,1,1
36148,3286,2,2
36149,3286,3,1
36150,3286,4,1
36151,3286,5,1
36152,3286,6,1
36153,3286,7,1
36154,3286,8,1
36155,3286,9,1
36156,3286,10,2
36157,3287,0,0
36158,3287,1,1
36159,3287,2,0
36160,3287,3,1
36161,3287,4,0
36162,3287,5,1
36163,3287,6,0
36164,3287,7,1
36165,3287,8,0
36166,3287,9,1
36167,3287,10,2
36168,3288,0,0
36169,3288,1,1
36170,3288,2,2
36171,3288,3,2
36172,3288,4,2
36173,3288,5,1
36174,3288,6,1
36175,3288,7,0
36176,3288,8,1
36177,3288,9,0
36178,3288,10,1
36179,3289,0,0
36180,3289,1,0
36181,3289,2,0
36182,3289,3,0
36183,3289,4,0
36184,3289,5,0
36185,3289,6,0
36186,3289,7,0
36187,3289,8,0
36188,3289,9,0
36189,3289,10,0
36190,3290,0,0
36191,3290,1,1
36192,3290,2,2
36193,3290,3,3
36194,3290,4,4
36195,3290,5,3
36196,3290,6,4
36197,3290,7,3
36198,3290,8,2
36199,3290,9,1
36200,3290,10,2
36201,3291,0,0
36202,3291,1,1
36203,3291,2,2
36204,3291,3,3
36205,3291,4,3
36206,3291,5,3
36207,3291,6,3
36208,3291,7,3
36209,3291,8,3
36210,3291,9,3
36211,3291,10,4
36212,3292,0,0
36213,3292,1,1
36214,3292,2,2
36215,3292,3,3
36216,3292,4,2
36217,3292,5,3
36218,3292,6,3
36219,3292,7,4
36220,3292,8,3
36221,3292,9,2
36222,3292,10,3
36223,3293,0,0
36224,3293,1,0
36225,3293,2,0
36226,3293,3,0
36227,3293,4,0
36228,3293,5,0
36229,3293,6,1
36230,3293,7,0
36231,3293,8,0
36232,3293,9,0
36233,3293,10,0
36234,3294,0,0
36235,3294,1,1
36236,3294,2,2
36237,3294,3,3
36238,3294,4,2
36239,3294,5,3
36240,3294,6,2
36241,3294,7,1
36242,3294,8,2
36243,3294,9,3
36244,3294,10,2
36245,3295,0,0
36246,3295,1,1
36247,3295,2,0
36248,3295,3,1
36249,3295,4,1
36250,3295,5,1
36251,3295,6,1
36252,3295,7,0
36253,3295,8,1
36254,3295,9,2
36255,3295,10,3
36256,3296,0,0
36257,3296,1,1
36258,3296,2,0
36259,3296,3,1
36260,3296,4,0
36261,3296,5,1
36262,3296,6,2
36263,3296,7,2
36264,3296,8,3
36265,3296,9,3
36266,3296,10,2
36267,3297,0,0
36268,3297,1,1
36269,3297,2,0
36270,3297,3,1
36271,3297,4,0
36272,3297,5,1
36273,3297,6,0
36274,3297,7,1
36275,3297,8,0
36276,3297,9,1
36277,3297,10,0
36278,3298,0,0
36279,3298,1,0
36280,3298,2,0
36281,3298,3,0
36282,3298,4,0
36283,3298,5,1
36284,3298,6,1
36285,3298,7,0
36286,3298,8,0
36287,3298,9,0
36288,3298,10,0
36289,3299,0,0
36290,3299,1,0
36291,3299,2,0
36292,3299,3,1
36293,3299,4,0
36294,3299,5,0
36295,3299,6,0
36296,3299,7,0
36297,3299,8,0
36298,3299,9,0
36299,3299,10,0
36300,3300,0,0
36301,3300,1,1
36302,3300,2,2
36303,3300,3,2
36304,3300,4,2
36305,3300,5,3
36306,3300,6,3
36307,3300,7,2
36308,3300,8,2
36309,3300,9,2
36310,3300,10,2
36311,3301,0,0
36312,3301,1,1
36313,3301,2,2
36314,3301,3,1
36315,3301,4,2
36316,3301,5,3
36317,3301,6,2
36318,3301,7,1
36319,3301,8,0
36320,3301,9,1
36321,3301,10,2
36322,3302,0,0
36323,3302,1,0
36324,3302,2,0
36325,3302,3,0
36326,3302,4,0
36327,3302,5,0
36328,3302,6,0
36329,3302,7,0
36330,3302,8,0
36331,3302,9,0
36332,3302,10,0
36333,3303,0,0
36334,3303,1,0
36335,3303,2,0
36336,3303,3,0
36337,3303,4,0
36338,3303,5,0
36339,3303,6,0
36340,3303,7,0
36341,3303,8,0
36342,3303,9,0
36343,3303,10,0
36344,3304,0,0
36345,3304,1,1
36346,3304,2,2
36347,3304,3,1
36348,3304,4,2
36349,3304,5,3
36350,3304,6,2
36351,3304,7,3
36352,3304,8,4
36353,3304,9,5
36354,3304,10,5
36355,3305,0,0
36356,3305,1,0
36357,3305,2,0
36358,3305,3,0
36359,3305,4,0
36360,3305,5,1
36361,3305,6,2
36362,3305,7,3
36363,3305,8,3
36364,3305,9,3
36365,3305,10,3
36366,3306,0,0
36367,3306,1,0
36368,3306,2,1
36369,3306,3,0
36370,3306,4,0
36371,3306,5,1
36372,3306,6,0
36373,3306,7,1
36374,3306,8,0
36375,3306,9,1
36376,3306,10,0
36377,3307,0,0
36378,3307,1,0
36379,3307,2,0
36380,3307,3,0
36381,3307,4,0
36382,3307,5,0
36383,3307,6,0
36384,3307,7,0
36385,3307,8,0
36386,3307,9,0
36387,3307,10,0
36388,3308,0,0
36389,3308,1,1
36390,3308,2,0
36391,3308,3,1
36392,3308,4,2
36393,3308,5,3
36394,3308,6,2
36395,3308,7,3
36396,3308,8,4
36397,3308,9,5
36398,3308,10,5
36399,3309,0,0
36400,3309,1,0
36401,3309,2,0
36402,3309,3,1
36403,3309,4,2
36404,3309,5,3
36405,3309,6,4
36406,3309,7,4
36407,3309,8,5
36408,3309,9,5
36409,3309,10,5
36410,3310,0,0
36411,3310,1,1
36412,3310,2,1
36413,3310,3,0
36414,3310,4,1
36415,3310,5,1
36416,3310,6,1
36417,3310,7,1
36418,3310,8,1
36419,3310,9,1
36420,3310,10,1
36421,3311,0,0
36422,3311,1,1
36423,3311,2,2
36424,3311,3,3
36425,3311,4,2
36426,3311,5,1
36427,3311,6,1
36428,3311,7,2
36429,3311,8,1
36430,3311,9,2
36431,3311,10,1
36432,3312,0,0
36433,3312,1,1
36434,3312,2,1
36435,3312,3,1
36436,3312,4,1
36437,3312,5,1
36438,3312,6,1
36439,3312,7,1
36440,3312,8,1
36441,3312,9,1
36442,3312,10,0
36443,3313,0,0
36444,3313,1,1
36445,3313,2,2
36446,3313,3,3
36447,3313,4,4
36448,3313,5,3
36449,3313,6,2
36450,3313,7,3
36451,3313,8,4
36452,3313,9,3
36453,3313,10,4
36454,3314,0,0
36455,3314,1,1
36456,3314,2,0
36457,3314,3,1
36458,3314,4,1
36459,3314,5,2
36460,3314,6,2
36461,3314,7,2
36462,3314,8,3
36463,3314,9,4
36464,3314,10,3
36465,3315,0,0
36466,3315,1,1
36467,3315,2,2
36468,3315,3,1
36469,3315,4,2
36470,3315,5,2
36471,3315,6,1
36472,3315,7,0
36473,3315,8,1
36474,3315,9,0
36475,3315,10,0
36476,3316,0,0
36477,3316,1,0
36478,3316,2,1
36479,3316,3,2
36480,3316,4,1
36481,3316,5,2
36482,3316,6,1
36483,3316,7,2
36484,3316,8,1
36485,3316,9,2
36486,3316,10,1
36487,3317,0,0
36488,3317,1,1
36489,3317,2,2
36490,3317,3,1
36491,3317,4,2
36492,3317,5,1
36493,3317,6,2
36494,3317,7,2
36495,3317,8,1
36496,3317,9,2
36497,3317,10,1
36498,3318,0,0
36499,3318,1,1
36500,3318,2,1
36501,3318,3,1
36502,3318,4,1
36503,3318,5,1
36504,3318,6,1
36505,3318,7,1
36506,3318,8,0
36507,3318,9,0
36508,3318,10,0
36509,3319,0,0
36510,3319,1,0
36511,3319,2,0
36512,3319,3,0
36513,3319,4,0
36514,3319,5,0
36515,3319,6,0
36516,3319,7,0
36517,3319,8,0
36518,3319,9,0
36519,3319,10,0
36520,3320,0,0
36521,3320,1,1
36522,3320,2,2
36523,3320,3,3
36524,3320,4,2
36525,3320,5,3
36526,3320,6,4
36527,3320,7,4
36528,3320,8,5
36529,3320,9,5
36530,3320,10,5
36531,3321,0,0
36532,3321,1,1
36533,3321,2,2
36534,3321,3,3
36535,3321,4,4
36536,3321,5,4
36537,3321,6,4
36538,3321,7,4
36539,3321,8,5
36540,3321,9,5
36541,3321,10,5
36542,3322,0,0
36543,3322,1,1
36544,3322,2,0
36545,3322,3,1
36546,3322,4,2
36547,3322,5,1
36548,3322,6,2
36549,3322,7,1
36550,3322,8,2
36551,3322,9,1
36552,3322,10,2
36553,3323,0,0
36554,3323,1,1
36555,3323,2,0
36556,3323,3,0
36557,3323,4,1
36558,3323,5,0
36559,3323,6,1
36560,3323,7,0
36561,3323,8,1
36562,3323,9,0
36563,3323,10,0
36564,3324,0,0
36565,3324,1,1
36566,3324,2,1
36567,3324,3,1
36568,3324,4,1
36569,3324,5,1
36570,3324,6,2
36571,3324,7,3
36572,3324,8,2
36573,3324,9,2
36574,3324,10,3
36575,3325,0,0
36576,3325,1,1
36577,3325,2,0
36578,3325,3,1
36579,3325,4,0
36580,3325,5,1
36581,3325,6,0
36582,3325,7,1
36583,3325,8,0
36584,3325,9,1
36585,3325,10,0
36586,3326,0,0
36587,3326,1,1
36588,3326,2,0
36589,3326,3,1
36590,3326,4,0
36591,3326,5,1
36592,3326,6,0
36593,3326,7,1
36594,3326,8,0
36595,3326,9,1
36596,3326,10,0
36597,3327,0,0
36598,3327,1,1
36599,3327,2,2
36600,3327,3,1
36601,3327,4,2
36602,3327,5,1
36603,3327,6,2
36604,3327,7,1
36605,3327,8,0
36606,3327,9,1
36607,3327,10,2
36608,3328,0,0
36609,3328,1,1
36610,3328,2,2
36611,3328,3,1
36612,3328,4,2
36613,3328,5,1
36614,3328,6,2
36615,3328,7,1
36616,3328,8,2
36617,3328,9,1
36618,3328,10,2
36619,3329,0,0
36620,3329,1,0
36621,3329,2,1
36622,3329,3,0
36623,3329,4,1
36624,3329,5,0
36625,3329,6,1
36626,3329,7,0
36627,3329,8,1
36628,3329,9,0
36629,3329,10,1
36630,3330,0,0
36631,3330,1,0
36632,3330,2,0
36633,3330,3,0
36634,3330,4,0
36635,3330,5,0
36636,3330,6,0
36637,3330,7,0
36638,3330,8,0
36639,3330,9,1
36640,3330,10,2
36641,3331,0,0
36642,3331,1,0
36643,3331,2,0
36644,3331,3,1
36645,3331,4,2
36646,3331,5,1
36647,3331,6,2
36648,3331,7,1
36649,3331,8,0
36650,3331,9,1
36651,3331,10,2
36652,3332,0,0
36653,3332,1,1
36654,3332,2,2
36655,3332,3,3
36656,3332,4,2
36657,3332,5,1
36658,3332,6,2
36659,3332,7,3
36660,3332,8,2
36661,3332,9,1
36662,3332,10,2
36663,3333,0,0
36664,3333,1,1
36665,3333,2,1
36666,3333,3,1
36667,3333,4,1
36668,3333,5,1
36669,3333,6,1
36670,3333,7,1
36671,3333,8,1
36672,3333,9,1
36673,3333,10,2
36674,3334,0,0
36675,3334,1,1
36676,3334,2,0
36677,3334,3,1
36678,3334,4,0
36679,3334,5,1
36680,3334,6,0
36681,3334,7,1
36682,3334,8,0
36683,3334,9,1
36684,3334,10,0
36685,3335,0,0
36686,3335,1,1
36687,3335,2,1
36688,3335,3,1
36689,3335,4,1
36690,3335,5,1
36691,3335,6,2
36692,3335,7,2
36693,3335,8,1
36694,3335,9,1
36695,3335,10,1
36696,3336,0,0
36697,3336,1,1
36698,3336,2,2
36699,3336,3,1
36700,3336,4,0
36701,3336,5,1
36702,3336,6,2
36703,3336,7,2
36704,3336,8,2
36705,3336,9,1
36706,3336,10,2
36707,3337,0,0
36708,3337,1,1
36709,3337,2,0
36710,3337,3,1
36711,3337,4,0
36712,3337,5,1
36713,3337,6,2
36714,3337,7,1
36715,3337,8,2
36716,3337,9,1
36717,3337,10,0
36718,3338,0,0
36719,3338,1,0
36720,3338,2,0
36721,3338,3,0
36722,3338,4,1
36723,3338,5,0
36724,3338,6,0
36725,3338,7,0
36726,3338,8,0
36727,3338,9,0
36728,3338,10,0
36729,3339,0,0
36730,3339,1,1
36731,3339,2,2
36732,3339,3,3
36733,3339,4,2
36734,3339,5,2
36735,3339,6,3
36736,3339,7,4
36737,3339,8,5
36738,3339,9,5
36739,3339,10,5
36740,3340,0,0
36741,3340,1,1
36742,3340,2,2
36743,3340,3,1
36744,3340,4,2
36745,3340,5,3
36746,3340,6,4
36747,3340,7,5
36748,3340,8,5
36749,3340,9,5
36750,3340,10,5
36751,3341,0,0
36752,3341,1,0
36753,3341,2,0
36754,3341,3,0
36755,3341,4,0
36756,3341,5,0
36757,3341,6,0
36758,3341,7,0
36759,3341,8,1
36760,3341,9,0
36761,3341,10,0
36762,3342,0,0
36763,3342,1,1
36764,3342,2,2
36765,3342,3,1
36766,3342,4,2
36767,3342,5,1
36768,3342,6,2
36769,3342,7,1
36770,3342,8,2
36771,3342,9,1
36772,3342,10,2
36773,3343,0,0
36774,3343,1,0
36775,3343,2,0
36776,3343,3,0
36777,3343,4,0
36778,3343,5,0
36779,3343,6,0
36780,3343,7,0
36781,3343,8,0
36782,3343,9,0
36783,3343,10,1
36784,3344,0,0
36785,3344,1,1
36786,3344,2,0
36787,3344,3,1
36788,3344,4,0
36789,3344,5,1
36790,3344,6,2
36791,3344,7,2
36792,3344,8,1
36793,3344,9,2
36794,3344,10,1
36795,3345,0,0
36796,3345,1,0
36797,3345,2,0
36798,3345,3,0
36799,3345,4,0
36800,3345,5,0
36801,3345,6,0
36802,3345,7,0
36803,3345,8,0
36804,3345,9,0
36805,3345,10,0
36806,3346,0,0
36807,3346,1,1
36808,3346,2,1
36809,3346,3,1
36810,3346,4,1
36811,3346,5,1
36812,3346,6,1
36813,3346,7,1
36814,3346,8,0
36815,3346,9,1
36816,3346,10,1
36817,3347,0,0
36818,3347,1,0
36819,3347,2,0
36820,3347,3,0
36821,3347,4,0
36822,3347,5,1
36823,3347,6,2
36824,3347,7,3
36825,3347,8,4
36826,3347,9,3
36827,3347,10,4
36828,3348,0,0
36829,3348,1,1
36830,3348,2,0
36831,3348,3,1
36832,3348,4,2
36833,3348,5,2
36834,3348,6,3
36835,3348,7,3
36836,3348,8,3
36837,3348,9,3
36838,3348,10,3
36839,3349,0,0
36840,3349,1,0
36841,3349,2,0
36842,3349,3,0
36843,3349,4,0
36844,3349,5,0
36845,3349,6,0
36846,3349,7,0
36847,3349,8,0
36848,3349,9,0
36849,3349,10,0
36850,3350,0,0
36851,3350,1,1
36852,3350,2,2
36853,3350,3,3
36854,3350,4,3
36855,3350,5,2
36856,3350,6,3
36857,3350,7,3
36858,3350,8,2
36859,3350,9,1
36860,3350,10,2
36861,3351,0,0
36862,3351,1,1
36863,3351,2,2
36864,3351,3,2
36865,3351,4,1
36866,3351,5,1
36867,3351,6,0
36868,3351,7,1
36869,3351,8,0
36870,3351,9,1
36871,3351,10,0
36872,3352,0,0
36873,3352,1,0
36874,3352,2,0
36875,3352,3,0
36876,3352,4,0
36877,3352,5,0
36878,3352,6,1
36879,3352,7,0
36880,3352,8,0
36881,3352,9,0
36882,3352,10,1
36883,3353,0,0
36884,3353,1,1
36885,3353,2,0
36886,3353,3,1
36887,3353,4,0
36888,3353,5,1
36889,3353,6,2
36890,3353,7,1
36891,3353,8,0
36892,3353,9,1
36893,3353,10,0
36894,3354,0,0
36895,3354,1,1
36896,3354,2,0
36897,3354,3,1
36898,3354,4,2
36899,3354,5,1
36900,3354,6,2
36901,3354,7,1
36902,3354,8,2
36903,3354,9,1
36904,3354,10,0
36905,3355,0,0
36906,3355,1,1
36907,3355,2,1
36908,3355,3,1
36909,3355,4,1
36910,3355,5,0
36911,3355,6,1
36912,3355,7,0
36913,3355,8,1
36914,3355,9,1
36915,3355,10,1
36916,3356,0,0
36917,3356,1,1
36918,3356,2,2
36919,3356,3,3
36920,3356,4,2
36921,3356,5,3
36922,3356,6,4
36923,3356,7,3
36924,3356,8,4
36925,3356,9,3
36926,3356,10,2
36927,3357,0,0
36928,3357,1,0
36929,3357,2,0
36930,3357,3,0
36931,3357,4,0
36932,3357,5,0
36933,3357,6,0
36934,3357,7,0
36935,3357,8,0
36936,3357,9,0
36937,3357,10,0
36938,3358,0,0
36939,3358,1,1
36940,3358,2,1
36941,3358,3,1
36942,3358,4,1
36943,3358,5,1
36944,3358,6,1
36945,3358,7,1
36946,3358,8,2
36947,3358,9,2
36948,3358,10,1
36949,3359,0,0
36950,3359,1,0
36951,3359,2,0
36952,3359,3,0
36953,3359,4,0
36954,3359,5,0
36955,3359,6,0
36956,3359,7,0
36957,3359,8,0
36958,3359,9,0
36959,3359,10,0
36960,3360,0,0
36961,3360,1,0
36962,3360,2,0
36963,3360,3,0
36964,3360,4,0
36965,3360,5,0
36966,3360,6,0
36967,3360,7,0
36968,3360,8,0
36969,3360,9,0
36970,3360,10,0
36971,3361,0,0
36972,3361,1,0
36973,3361,2,0
36974,3361,3,0
36975,3361,4,0
36976,3361,5,0
36977,3361,6,0
36978,3361,7,0
36979,3361,8,0
36980,3361,9,0
36981,3361,10,0
36982,3362,0,0
36983,3362,1,1
36984,3362,2,1
36985,3362,3,2
36986,3362,4,3
36987,3362,5,4
36988,3362,6,4
36989,3362,7,3
36990,3362,8,4
36991,3362,9,5
36992,3362,10,5
36993,3363,0,0
36994,3363,1,0
36995,3363,2,1
36996,3363,3,2
36997,3363,4,3
36998,3363,5,2
36999,3363,6,3
37000,3363,7,2
37001,3363,8,3
37002,3363,9,2
37003,3363,10,3
37004,3364,0,0
37005,3364,1,1
37006,3364,2,0
37007,3364,3,1
37008,3364,4,0
37009,3364,5,1
37010,3364,6,0
37011,3364,7,1
37012,3364,8,0
37013,3364,9,1
37014,3364,10,0
37015,3365,0,0
37016,3365,1,0
37017,3365,2,0
37018,3365,3,0
37019,3365,4,0
37020,3365,5,0
37021,3365,6,1
37022,3365,7,2
37023,3365,8,3
37024,3365,9,2
37025,3365,10,3
37026,3366,0,0
37027,3366,1,1
37028,3366,2,0
37029,3366,3,1
37030,3366,4,0
37031,3366,5,1
37032,3366,6,0
37033,3366,7,1
37034,3366,8,0
37035,3366,9,1
37036,3366,10,0
37037,3367,0,0
37038,3367,1,0
37039,3367,2,0
37040,3367,3,0
37041,3367,4,0
37042,3367,5,1
37043,3367,6,2
37044,3367,7,2
37045,3367,8,1
37046,3367,9,0
37047,3367,10,0
37048,3368,0,0
37049,3368,1,1
37050,3368,2,2
37051,3368,3,3
37052,3368,4,4
37053,3368,5,4
37054,3368,6,5
37055,3368,7,5
37056,3368,8,5
37057,3368,9,5
37058,3368,10,5
37059,3369,0,0
37060,3369,1,1
37061,3369,2,2
37062,3369,3,1
37063,3369,4,2
37064,3369,5,1
37065,3369,6,2
37066,3369,7,1
37067,3369,8,2
37068,3369,9,1
37069,3369,10,2
37070,3370,0,0
37071,3370,1,1
37072,3370,2,2
37073,3370,3,3
37074,3370,4,4
37075,3370,5,5
37076,3370,6,5
37077,3370,7,5
37078,3370,8,5
37079,3370,9,5
37080,3370,10,5
37081,3371,0,0
37082,3371,1,1
37083,3371,2,1
37084,3371,3,2
37085,3371,4,3
37086,3371,5,2
37087,3371,6,3
37088,3371,7,2
37089,3371,8,3
37090,3371,9,4
37091,3371,10,4
37092,3372,0,0
37093,3372,1,0
37094,3372,2,1
37095,3372,3,0
37096,3372,4,1
37097,3372,5,0
37098,3372,6,1
37099,3372,7,0
37100,3372,8,0
37101,3372,9,0
37102,3372,10,1
37103,3373,0,0
37104,3373,1,0
37105,3373,2,0
37106,3373,3,0
37107,3373,4,0
37108,3373,5,0
37109,3373,6,0
37110,3373,7,0
37111,3373,8,0
37112,3373,9,0
37113,3373,10,0
37114,3374,0,0
37115,3374,1,0
37116,3374,2,0
37117,3374,3,0
37118,3374,4,0
37119,3374,5,0
37120,3374,6,0
37121,3374,7,0
37122,3374,8,0
37123,3374,9,0
37124,3374,10,0
37125,3375,0,0
37126,3375,1,1
37127,3375,2,1
37128,3375,3,2
37129,3375,4,3
37130,3375,5,4
37131,3375,6,5
37132,3375,7,5
37133,3375,8,5
37134,3375,9,5
37135,3375,10,5
37136,3376,0,0
37137,3376,1,1
37138,3376,2,2
37139,3376,3,1
37140,3376,4,2
37141,3376,5,2
37142,3376,6,3
37143,3376,7,4
37144,3376,8,3
37145,3376,9,3
37146,3376,10,4
37147,3377,0,0
37148,3377,1,0
37149,3377,2,0
37150,3377,3,0
37151,3377,4,0
37152,3377,5,0
37153,3377,6,0
37154,3377,7,0
37155,3377,8,0
37156,3377,9,0
37157,3377,10,0
37158,3378,0,0
37159,3378,1,1
37160,3378,2,1
37161,3378,3,1
37162,3378,4,0
37163,3378,5,1
37164,3378,6,2
37165,3378,7,1
37166,3378,8,1
37167,3378,9,2
37168,3378,10,3
37169,3379,0,0
37170,3379,1,1
37171,3379,2,2
37172,3379,3,3
37173,3379,4,4
37174,3379,5,5
37175,3379,6,5
37176,3379,7,5
37177,3379,8,5
37178,3379,9,5
37179,3379,10,5
37180,3380,0,0
37181,3380,1,1
37182,3380,2,1
37183,3380,3,2
37184,3380,4,3
37185,3380,5,2
37186,3380,6,3
37187,3380,7,4
37188,3380,8,3
37189,3380,9,2
37190,3380,10,3
37191,3381,0,0
37192,3381,1,1
37193,3381,2,1
37194,3381,3,1
37195,3381,4,1
37196,3381,5,1
37197,3381,6,0
37198,3381,7,1
37199,3381,8,1
37200,3381,9,1
37201,3381,10,2
37202,3382,0,0
37203,3382,1,0
37204,3382,2,0
37205,3382,3,0
37206,3382,4,0
37207,3382,5,0
37208,3382,6,0
37209,3382,7,0
37210,3382,8,0
37211,3382,9,0
37212,3382,10,0
37213,3383,0,0
37214,3383,1,1
37215,3383,2,0
37216,3383,3,1
37217,3383,4,0
37218,3383,5,1
37219,3383,6,0
37220,3383,7,1
37221,3383,8,0
37222,3383,9,1
37223,3383,10,0
37224,3384,0,0
37225,3384,1,0
37226,3384,2,0
37227,3384,3,0
37228,3384,4,0
37229,3384,5,0
37230,3384,6,0
37231,3384,7,0
37232,3384,8,0
37233,3384,9,0
37234,3384,10,0
37235,3385,0,0
37236,3385,1,1
37237,3385,2,2
37238,3385,3,1
37239,3385,4,2
37240,3385,5,1
37241,3385,6,2
37242,3385,7,1
37243,3385,8,2
37244,3385,9,1
37245,3385,10,2
37246,3386,0,0
37247,3386,1,1
37248,3386,2,0
37249,3386,3,0
37250,3386,4,0
37251,3386,5,0
37252,3386,6,0
37253,3386,7,0
37254,3386,8,0
37255,3386,9,0
37256,3386,10,0
37257,3387,0,0
37258,3387,1,1
37259,3387,2,2
37260,3387,3,3
37261,3387,4,4
37262,3387,5,3
37263,3387,6,2
37264,3387,7,3
37265,3387,8,4
37266,3387,9,3
37267,3387,10,2
37268,3388,0,0
37269,3388,1,1
37270,3388,2,2
37271,3388,3,3
37272,3388,4,2
37273,3388,5,3
37274,3388,6,2
37275,3388,7,1
37276,3388,8,0
37277,3388,9,1
37278,3388,10,0
37279,3389,0,0
37280,3389,1,1
37281,3389,2,2
37282,3389,3,1
37283,3389,4,2
37284,3389,5,1
37285,3389,6,2
37286,3389,7,1
37287,3389,8,2
37288,3389,9,1
37289,3389,10,2
37290,3390,0,0
37291,3390,1,0
37292,3390,2,0
37293,3390,3,0
37294,3390,4,0
37295,3390,5,0
37296,3390,6,0
37297,3390,7,0
37298,3390,8,0
37299,3390,9,0
37300,3390,10,0
37301,3391,0,0
37302,3391,1,0
37303,3391,2,1
37304,3391,3,2
37305,3391,4,3
37306,3391,5,2
37307,3391,6,3
37308,3391,7,2
37309,3391,8,3
37310,3391,9,2
37311,3391,10,3
37312,3392,0,0
37313,3392,1,0
37314,3392,2,0
37315,3392,3,0
37316,3392,4,0
37317,3392,5,0
37318,3392,6,0
37319,3392,7,0
37320,3392,8,0
37321,3392,9,0
37322,3392,10,0
37323,3393,0,0
37324,3393,1,1
37325,3393,2,2
37326,3393,3,3
37327,3393,4,4
37328,3393,5,4
37329,3393,6,3
37330,3393,7,4
37331,3393,8,3
37332,3393,9,4
37333,3393,10,3
37334,3394,0,0
37335,3394,1,1
37336,3394,2,2
37337,3394,3,3
37338,3394,4,2
37339,3394,5,1
37340,3394,6,2
37341,3394,7,3
37342,3394,8,4
37343,3394,9,5
37344,3394,10,5
37345,3395,0,0
37346,3395,1,1
37347,3395,2,1
37348,3395,3,0
37349,3395,4,1
37350,3395,5,0
37351,3395,6,1
37352,3395,7,2
37353,3395,8,1
37354,3395,9,1
37355,3395,10,0
37356,3396,0,0
37357,3396,1,1
37358,3396,2,2
37359,3396,3,3
37360,3396,4,2
37361,3396,5,3
37362,3396,6,2
37363,3396,7,1
37364,3396,8,2
37365,3396,9,3
37366,3396,10,2
37367,3397,0,0
37368,3397,1,1
37369,3397,2,1
37370,3397,3,2
37371,3397,4,3
37372,3397,5,2
37373,3397,6,3
37374,3397,7,4
37375,3397,8,5
37376,3397,9,5
37377,3397,10,5
37378,3398,0,0
37379,3398,1,0
37380,3398,2,0
37381,3398,3,0
37382,3398,4,0
37383,3398,5,0
37384,3398,6,0
37385,3398,7,0
37386,3398,8,0
37387,3398,9,0
37388,3398,10,0
37389,3399,0,0
37390,3399,1,1
37391,3399,2,2
37392,3399,3,1
37393,3399,4,2
37394,3399,5,3
37395,3399,6,4
37396,3399,7,5
37397,3399,8,5
37398,3399,9,5
37399,3399,10,5
37400,3400,0,0
37401,3400,1,0
37402,3400,2,0
37403,3400,3,0
37404,3400,4,0
37405,3400,5,0
37406,3400,6,0
37407,3400,7,0
37408,3400,8,0
37409,3400,9,0
37410,3400,10,0
37411,3401,0,0
37412,3401,1,1
37413,3401,2,0
37414,3401,3,1
37415,3401,4,0
37416,3401,5,1
37417,3401,6,0
37418,3401,7,1
37419,3401,8,2
37420,3401,9,1
37421,3401,10,0
37422,3402,0,0
37423,3402,1,0
37424,3402,2,0
37425,3402,3,0
37426,3402,4,0
37427,3402,5,0
37428,3402,6,0
37429,3402,7,0
37430,3402,8,0
37431,3402,9,0
37432,3402,10,0
37433,3403,0,0
37434,3403,1,1
37435,3403,2,0
37436,3403,3,1
37437,3403,4,2
37438,3403,5,2
37439,3403,6,2
37440,3403,7,3
37441,3403,8,2
37442,3403,9,3
37443,3403,10,4
37444,3404,0,0
37445,3404,1,1
37446,3404,2,1
37447,3404,3,1
37448,3404,4,1
37449,3404,5,1
37450,3404,6,0
37451,3404,7,1
37452,3404,8,1
37453,3404,9,1
37454,3404,10,1
37455,3405,0,0
37456,3405,1,1
37457,3405,2,2
37458,3405,3,1
37459,3405,4,2
37460,3405,5,3
37461,3405,6,4
37462,3405,7,3
37463,3405,8,4
37464,3405,9,3
37465,3405,10,4
37466,3406,0,0
37467,3406,1,0
37468,3406,2,0
37469,3406,3,0
37470,3406,4,0
37471,3406,5,0
37472,3406,6,0
37473,3406,7,1
37474,3406,8,1
37475,3406,9,1
37476,3406,10,1
37477,3407,0,0
37478,3407,1,1
37479,3407,2,2
37480,3407,3,3
37481,3407,4,4
37482,3407,5,5
37483,3407,6,5
37484,3407,7,5
37485,3407,8,5
37486,3407,9,5
37487,3407,10,5
37488,3408,0,0
37489,3408,1,0
37490,3408,2,0
37491,3408,3,0
37492,3408,4,0
37493,3408,5,0
37494,3408,6,0
37495,3408,7,0
37496,3408,8,0
37497,3408,9,0
37498,3408,10,1
37499,3409,0,0
37500,3409,1,0
37501,3409,2,0
37502,3409,3,0
37503,3409,4,1
37504,3409,5,2
37505,3409,6,3
37506,3409,7,4
37507,3409,8,5
37508,3409,9,5
37509,3409,10,5
37510,3410,0,0
37511,3410,1,0
37512,3410,2,0
37513,3410,3,0
37514,3410,4,0
37515,3410,5,0
37516,3410,6,1
37517,3410,7,2
37518,3410,8,3
37519,3410,9,4
37520,3410,10,4
37521,3411,0,0
37522,3411,1,0
37523,3411,2,0
37524,3411,3,1
37525,3411,4,2
37526,3411,5,2
37527,3411,6,2
37528,3411,7,3
37529,3411,8,4
37530,3411,9,4
37531,3411,10,3
37532,3412,0,0
37533,3412,1,1
37534,3412,2,1
37535,3412,3,0
37536,3412,4,1
37537,3412,5,0
37538,3412,6,1
37539,3412,7,0
37540,3412,8,1
37541,3412,9,0
37542,3412,10,1
37543,3413,0,0
37544,3413,1,0
37545,3413,2,0
37546,3413,3,0
37547,3413,4,0
37548,3413,5,0
37549,3413,6,0
37550,3413,7,0
37551,3413,8,0
37552,3413,9,0
37553,3413,10,0
37554,3414,0,0
37555,3414,1,1
37556,3414,2,0
37557,3414,3,1
37558,3414,4,0
37559,3414,5,1
37560,3414,6,0
37561,3414,7,1
37562,3414,8,0
37563,3414,9,0
37564,3414,10,1
37565,3415,0,0
37566,3415,1,0
37567,3415,2,0
37568,3415,3,1
37569,3415,4,2
37570,3415,5,3
37571,3415,6,2
37572,3415,7,3
37573,3415,8,2
37574,3415,9,3
37575,3415,10,2
37576,3416,0,0
37577,3416,1,1
37578,3416,2,2
37579,3416,3,3
37580,3416,4,3
37581,3416,5,2
37582,3416,6,2
37583,3416,7,3
37584,3416,8,4
37585,3416,9,3
37586,3416,10,3
37587,3417,0,0
37588,3417,1,1
37589,3417,2,0
37590,3417,3,1
37591,3417,4,2
37592,3417,5,3
37593,3417,6,4
37594,3417,7,3
37595,3417,8,4
37596,3417,9,3
37597,3417,10,3
37598,3418,0,0
37599,3418,1,1
37600,3418,2,0
37601,3418,3,1
37602,3418,4,0
37603,3418,5,0
37604,3418,6,1
37605,3418,7,0
37606,3418,8,1
37607,3418,9,0
37608,3418,10,0
37609,3419,0,0
37610,3419,1,0
37611,3419,2,0
37612,3419,3,0
37613,3419,4,0
37614,3419,5,0
37615,3419,6,0
37616,3419,7,0
37617,3419,8,0
37618,3419,9,0
37619,3419,10,0
37620,3420,0,0
37621,3420,1,1
37622,3420,2,0
37623,3420,3,1
37624,3420,4,1
37625,3420,5,1
37626,3420,6,1
37627,3420,7,0
37628,3420,8,1
37629,3420,9,1
37630,3420,10,0
37631,3421,0,0
37632,3421,1,0
37633,3421,2,0
37634,3421,3,0
37635,3421,4,0
37636,3421,5,0
37637,3421,6,0
37638,3421,7,0
37639,3421,8,0
37640,3421,9,0
37641,3421,10,0
37642,3422,0,0
37643,3422,1,1
37644,3422,2,0
37645,3422,3,1
37646,3422,4,2
37647,3422,5,1
37648,3422,6,2
37649,3422,7,1
37650,3422,8,0
37651,3422,9,1
37652,3422,10,0
37653,3423,0,0
37654,3423,1,0
37655,3423,2,0
37656,3423,3,0
37657,3423,4,0
37658,3423,5,0
37659,3423,6,0
37660,3423,7,0
37661,3423,8,0
37662,3423,9,0
37663,3423,10,0
37664,3424,0,0
37665,3424,1,0
37666,3424,2,0
37667,3424,3,1
37668,3424,4,2
37669,3424,5,3
37670,3424,6,2
37671,3424,7,1
37672,3424,8,1
37673,3424,9,2
37674,3424,10,1
37675,3425,0,0
37676,3425,1,0
37677,3425,2,0
37678,3425,3,0
37679,3425,4,0
37680,3425,5,0
37681,3425,6,0
37682,3425,7,0
37683,3425,8,0
37684,3425,9,0
37685,3425,10,0
37686,3426,0,0
37687,3426,1,0
37688,3426,2,0
37689,3426,3,0
37690,3426,4,0
37691,3426,5,0
37692,3426,6,1
37693,3426,7,1
37694,3426,8,1
37695,3426,9,2
37696,3426,10,3
37697,3427,0,0
37698,3427,1,1
37699,3427,2,0
37700,3427,3,1
37701,3427,4,0
37702,3427,5,1
37703,3427,6,0
37704,3427,7,1
37705,3427,8,0
37706,3427,9,1
37707,3427,10,0
37708,3428,0,0
37709,3428,1,1
37710,3428,2,1
37711,3428,3,1
37712,3428,4,0
37713,3428,5,0
37714,3428,6,0
37715,3428,7,0
37716,3428,8,0
37717,3428,9,0
37718,3428,10,0
37719,3429,0,0
37720,3429,1,1
37721,3429,2,2
37722,3429,3,3
37723,3429,4,4
37724,3429,5,3
37725,3429,6,4
37726,3429,7,3
37727,3429,8,4
37728,3429,9,5
37729,3429,10,5
37730,3430,0,0
37731,3430,1,1
37732,3430,2,2
37733,3430,3,2
37734,3430,4,3
37735,3430,5,2
37736,3430,6,3
37737,3430,7,2
37738,3430,8,3
37739,3430,9,2
37740,3430,10,1
37741,3431,0,0
37742,3431,1,1
37743,3431,2,2
37744,3431,3,3
37745,3431,4,3
37746,3431,5,2
37747,3431,6,3
37748,3431,7,3
37749,3431,8,2
37750,3431,9,1
37751,3431,10,2
37752,3432,0,0
37753,3432,1,0
37754,3432,2,0
37755,3432,3,0
37756,3432,4,0
37757,3432,5,0
37758,3432,6,0
37759,3432,7,0
37760,3432,8,0
37761,3432,9,0
37762,3432,10,0
37763,3433,0,0
37764,3433,1,1
37765,3433,2,2
37766,3433,3,1
37767,3433,4,2
37768,3433,5,1
37769,3433,6,0
37770,3433,7,1
37771,3433,8,0
37772,3433,9,1
37773,3433,10,0
37774,3434,0,0
37775,3434,1,0
37776,3434,2,0
37777,3434,3,0
37778,3434,4,0
37779,3434,5,0
37780,3434,6,0
37781,3434,7,0
37782,3434,8,0
37783,3434,9,0
37784,3434,10,0
37785,3435,0,0
37786,3435,1,1
37787,3435,2,2
37788,3435,3,1
37789,3435,4,1
37790,3435,5,2
37791,3435,6,1
37792,3435,7,2
37793,3435,8,1
37794,3435,9,2
37795,3435,10,1
37796,3436,0,0
37797,3436,1,0
37798,3436,2,0
37799,3436,3,0
37800,3436,4,0
37801,3436,5,0
37802,3436,6,0
37803,3436,7,1
37804,3436,8,0
37805,3436,9,0
37806,3436,10,0
37807,3437,0,0
37808,3437,1,0
37809,3437,2,0
37810,3437,3,1
37811,3437,4,2
37812,3437,5,1
37813,3437,6,2
37814,3437,7,1
37815,3437,8,2
37816,3437,9,3
37817,3437,10,3
37818,3438,0,0
37819,3438,1,1
37820,3438,2,1
37821,3438,3,1
37822,3438,4,1
37823,3438,5,1
37824,3438,6,1
37825,3438,7,0
37826,3438,8,1
37827,3438,9,1
37828,3438,10,0
37829,3439,0,0
37830,3439,1,1
37831,3439,2,1
37832,3439,3,1
37833,3439,4,0
37834,3439,5,1
37835,3439,6,0
37836,3439,7,1
37837,3439,8,0
37838,3439,9,1
37839,3439,10,2
37840,3440,0,0
37841,3440,1,0
37842,3440,2,0
37843,3440,3,0
37844,3440,4,0
37845,3440,5,0
37846,3440,6,0
37847,3440,7,0
37848,3440,8,0
37849,3440,9,0
37850,3440,10,0
37851,3441,0,0
37852,3441,1,0
37853,3441,2,1
37854,3441,3,2
37855,3441,4,1
37856,3441,5,2
37857,3441,6,1
37858,3441,7,2
37859,3441,8,1
37860,3441,9,2
37861,3441,10,1
37862,3442,0,0
37863,3442,1,1
37864,3442,2,2
37865,3442,3,1
37866,3442,4,2
37867,3442,5,1
37868,3442,6,2
37869,3442,7,1
37870,3442,8,2
37871,3442,9,3
37872,3442,10,2
37873,3443,0,0
37874,3443,1,1
37875,3443,2,1
37876,3443,3,0
37877,3443,4,1
37878,3443,5,1
37879,3443,6,2
37880,3443,7,3
37881,3443,8,3
37882,3443,9,2
37883,3443,10,3
37884,3444,0,0
37885,3444,1,1
37886,3444,2,2
37887,3444,3,3
37888,3444,4,2
37889,3444,5,3
37890,3444,6,4
37891,3444,7,5
37892,3444,8,5
37893,3444,9,5
37894,3444,10,5
37895,3445,0,0
37896,3445,1,0
37897,3445,2,1
37898,3445,3,2
37899,3445,4,3
37900,3445,5,2
37901,3445,6,3
37902,3445,7,2
37903,3445,8,3
37904,3445,9,4
37905,3445,10,3
37906,3446,0,0
37907,3446,1,0
37908,3446,2,0
37909,3446,3,0
37910,3446,4,0
37911,3446,5,0
37912,3446,6,0
37913,3446,7,0
37914,3446,8,0
37915,3446,9,0
37916,3446,10,0
37917,3447,0,0
37918,3447,1,1
37919,3447,2,2
37920,3447,3,3
37921,3447,4,2
37922,3447,5,1
37923,3447,6,2
37924,3447,7,3
37925,3447,8,2
37926,3447,9,3
37927,3447,10,3
37928,3448,0,0
37929,3448,1,1
37930,3448,2,1
37931,3448,3,0
37932,3448,4,1
37933,3448,5,2
37934,3448,6,3
37935,3448,7,4
37936,3448,8,3
37937,3448,9,4
37938,3448,10,5
37939,3449,0,0
37940,3449,1,1
37941,3449,2,0
37942,3449,3,1
37943,3449,4,0
37944,3449,5,1
37945,3449,6,1
37946,3449,7,2
37947,3449,8,1
37948,3449,9,0
37949,3449,10,1
37950,3450,0,0
37951,3450,1,0
37952,3450,2,0
37953,3450,3,0
37954,3450,4,1
37955,3450,5,0
37956,3450,6,0
37957,3450,7,0
37958,3450,8,0
37959,3450,9,0
37960,3450,10,0
37961,3451,0,0
37962,3451,1,1
37963,3451,2,1
37964,3451,3,2
37965,3451,4,3
37966,3451,5,3
37967,3451,6,2
37968,3451,7,1
37969,3451,8,0
37970,3451,9,1
37971,3451,10,1
37972,3452,0,0
37973,3452,1,0
37974,3452,2,0
37975,3452,3,0
37976,3452,4,0
37977,3452,5,0
37978,3452,6,0
37979,3452,7,0
37980,3452,8,0
37981,3452,9,0
37982,3452,10,0
37983,3453,0,0
37984,3453,1,0
37985,3453,2,1
37986,3453,3,2
37987,3453,4,2
37988,3453,5,2
37989,3453,6,2
37990,3453,7,1
37991,3453,8,0
37992,3453,9,1
37993,3453,10,0
37994,3454,0,0
37995,3454,1,1
37996,3454,2,1
37997,3454,3,1
37998,3454,4,1
37999,3454,5,1
38000,3454,6,2
38001,3454,7,2
38002,3454,8,2
38003,3454,9,2
38004,3454,10,2
38005,3455,0,0
38006,3455,1,0
38007,3455,2,0
38008,3455,3,0
38009,3455,4,0
38010,3455,5,0
38011,3455,6,0
38012,3455,7,0
38013,3455,8,0
38014,3455,9,0
38015,3455,10,0
38016,3456,0,0
38017,3456,1,1
38018,3456,2,2
38019,3456,3,1
38020,3456,4,2
38021,3456,5,1
38022,3456,6,2
38023,3456,7,3
38024,3456,8,2
38025,3456,9,1
38026,3456,10,2
38027,3457,0,0
38028,3457,1,1
38029,3457,2,2
38030,3457,3,3
38031,3457,4,2
38032,3457,5,3
38033,3457,6,2
38034,3457,7,1
38035,3457,8,2
38036,3457,9,3
38037,3457,10,2
38038,3458,0,0
38039,3458,1,0
38040,3458,2,0
38041,3458,3,0
38042,3458,4,0
38043,3458,5,0
38044,3458,6,0
38045,3458,7,0
38046,3458,8,0
38047,3458,9,0
38048,3458,10,0
38049,3459,0,0
38050,3459,1,1
38051,3459,2,1
38052,3459,3,1
38053,3459,4,0
38054,3459,5,1
38055,3459,6,1
38056,3459,7,1
38057,3459,8,1
38058,3459,9,1
38059,3459,10,1
38060,3460,0,0
38061,3460,1,0
38062,3460,2,0
38063,3460,3,0
38064,3460,4,0
38065,3460,5,0
38066,3460,6,0
38067,3460,7,1
38068,3460,8,0
38069,3460,9,0
38070,3460,10,0
38071,3461,0,0
38072,3461,1,0
38073,3461,2,0
38074,3461,3,0
38075,3461,4,0
38076,3461,5,0
38077,3461,6,1
38078,3461,7,0
38079,3461,8,0
38080,3461,9,0
38081,3461,10,0
38082,3462,0,0
38083,3462,1,1
38084,3462,2,0
38085,3462,3,1
38086,3462,4,1
38087,3462,5,0
38088,3462,6,1
38089,3462,7,0
38090,3462,8,1
38091,3462,9,0
38092,3462,10,1
38093,3463,0,0
38094,3463,1,0
38095,3463,2,0
38096,3463,3,0
38097,3463,4,0
38098,3463,5,0
38099,3463,6,0
38100,3463,7,0
38101,3463,8,0
38102,3463,9,0
38103,3463,10,0
38104,3464,0,0
38105,3464,1,1
38106,3464,2,0
38107,3464,3,1
38108,3464,4,0
38109,3464,5,1
38110,3464,6,1
38111,3464,7,1
38112,3464,8,0
38113,3464,9,1
38114,3464,10,0
38115,3465,0,0
38116,3465,1,1
38117,3465,2,2
38118,3465,3,1
38119,3465,4,2
38120,3465,5,3
38121,3465,6,2
38122,3465,7,3
38123,3465,8,2
38124,3465,9,3
38125,3465,10,2
38126,3466,0,0
38127,3466,1,0
38128,3466,2,0
38129,3466,3,0
38130,3466,4,0
38131,3466,5,0
38132,3466,6,0
38133,3466,7,0
38134,3466,8,0
38135,3466,9,0
38136,3466,10,0
38137,3467,0,0
38138,3467,1,1
38139,3467,2,2
38140,3467,3,3
38141,3467,4,4
38142,3467,5,3
38143,3467,6,2
38144,3467,7,3
38145,3467,8,4
38146,3467,9,3
38147,3467,10,4
38148,3468,0,0
38149,3468,1,1
38150,3468,2,2
38151,3468,3,3
38152,3468,4,4
38153,3468,5,3
38154,3468,6,4
38155,3468,7,3
38156,3468,8,4
38157,3468,9,3
38158,3468,10,4
38159,3469,0,0
38160,3469,1,0
38161,3469,2,0
38162,3469,3,0
38163,3469,4,1
38164,3469,5,0
38165,3469,6,0
38166,3469,7,0
38167,3469,8,0
38168,3469,9,1
38169,3469,10,2
38170,3470,0,0
38171,3470,1,1
38172,3470,2,1
38173,3470,3,2
38174,3470,4,3
38175,3470,5,2
38176,3470,6,3
38177,3470,7,4
38178,3470,8,3
38179,3470,9,2
38180,3470,10,3
38181,3471,0,0
38182,3471,1,1
38183,3471,2,0
38184,3471,3,0
38185,3471,4,1
38186,3471,5,2
38187,3471,6,3
38188,3471,7,3
38189,3471,8,3
38190,3471,9,4
38191,3471,10,3
38192,3472,0,0
38193,3472,1,0
38194,3472,2,0
38195,3472,3,0
38196,3472,4,0
38197,3472,5,0
38198,3472,6,0
38199,3472,7,0
38200,3472,8,0
38201,3472,9,0
38202,3472,10,0
38203,3473,0,0
38204,3473,1,1
38205,3473,2,2
38206,3473,3,1
38207,3473,4,2
38208,3473,5,2
38209,3473,6,2
38210,3473,7,3
38211,3473,8,3
38212,3473,9,2
38213,3473,10,1
38214,3474,0,0
38215,3474,1,1
38216,3474,2,0
38217,3474,3,0
38218,3474,4,1
38219,3474,5,0
38220,3474,6,1
38221,3474,7,0
38222,3474,8,0
38223,3474,9,0
38224,3474,10,1
38225,3475,0,0
38226,3475,1,1
38227,3475,2,2
38228,3475,3,3
38229,3475,4,2
38230,3475,5,3
38231,3475,6,2
38232,3475,7,3
38233,3475,8,2
38234,3475,9,3
38235,3475,10,2
38236,3476,0,0
38237,3476,1,0
38238,3476,2,0
38239,3476,3,0
38240,3476,4,1
38241,3476,5,2
38242,3476,6,3
38243,3476,7,2
38244,3476,8,3
38245,3476,9,4
38246,3476,10,5
38247,3477,0,0
38248,3477,1,1
38249,3477,2,2
38250,3477,3,3
38251,3477,4,3
38252,3477,5,3
38253,3477,6,4
38254,3477,7,3
38255,3477,8,2
38256,3477,9,1
38257,3477,10,2
38258,3478,0,0
38259,3478,1,1
38260,3478,2,0
38261,3478,3,0
38262,3478,4,0
38263,3478,5,1
38264,3478,6,1
38265,3478,7,2
38266,3478,8,3
38267,3478,9,4
38268,3478,10,5
38269,3479,0,0
38270,3479,1,1
38271,3479,2,2
38272,3479,3,2
38273,3479,4,2
38274,3479,5,2
38275,3479,6,2
38276,3479,7,2
38277,3479,8,2
38278,3479,9,2
38279,3479,10,2
38280,3480,0,0
38281,3480,1,0
38282,3480,2,1
38283,3480,3,2
38284,3480,4,1
38285,3480,5,2
38286,3480,6,1
38287,3480,7,2
38288,3480,8,1
38289,3480,9,2
38290,3480,10,3
38291,3481,0,0
38292,3481,1,0
38293,3481,2,0
38294,3481,3,0
38295,3481,4,0
38296,3481,5,0
38297,3481,6,0
38298,3481,7,0
38299,3481,8,0
38300,3481,9,0
38301,3481,10,0
38302,3482,0,0
38303,3482,1,0
38304,3482,2,0
38305,3482,3,0
38306,3482,4,0
38307,3482,5,0
38308,3482,6,0
38309,3482,7,0
38310,3482,8,0
38311,3482,9,0
38312,3482,10,0
38313,3483,0,0
38314,3483,1,0
38315,3483,2,0
38316,3483,3,0
38317,3483,4,0
38318,3483,5,0
38319,3483,6,0
38320,3483,7,0
38321,3483,8,0
38322,3483,9,0
38323,3483,10,0
38324,3484,0,0
38325,3484,1,0
38326,3484,2,0
38327,3484,3,0
38328,3484,4,0
38329,3484,5,0
38330,3484,6,0
38331,3484,7,0
38332,3484,8,0
38333,3484,9,0
38334,3484,10,0
38335,3485,0,0
38336,3485,1,1
38337,3485,2,1
38338,3485,3,1
38339,3485,4,1
38340,3485,5,1
38341,3485,6,1
38342,3485,7,1
38343,3485,8,1
38344,3485,9,2
38345,3485,10,1
38346,3486,0,0
38347,3486,1,0
38348,3486,2,0
38349,3486,3,0
38350,3486,4,0
38351,3486,5,0
38352,3486,6,0
38353,3486,7,0
38354,3486,8,0
38355,3486,9,0
38356,3486,10,0
38357,3487,0,0
38358,3487,1,0
38359,3487,2,0
38360,3487,3,0
38361,3487,4,1
38362,3487,5,0
38363,3487,6,1
38364,3487,7,0
38365,3487,8,0
38366,3487,9,0
38367,3487,10,0
38368,3488,0,0
38369,3488,1,0
38370,3488,2,0
38371,3488,3,0
38372,3488,4,0
38373,3488,5,1
38374,3488,6,0
38375,3488,7,0
38376,3488,8,0
38377,3488,9,0
38378,3488,10,0
38379,3489,0,0
38380,3489,1,1
38381,3489,2,1
38382,3489,3,2
38383,3489,4,3
38384,3489,5,2
38385,3489,6,3
38386,3489,7,2
38387,3489,8,3
38388,3489,9,2
38389,3489,10,3
38390,3490,0,0
38391,3490,1,1
38392,3490,2,2
38393,3490,3,3
38394,3490,4,3
38395,3490,5,3
38396,3490,6,3
38397,3490,7,2
38398,3490,8,3
38399,3490,9,4
38400,3490,10,5
38401,3491,0,0
38402,3491,1,1
38403,3491,2,2
38404,3491,3,1
38405,3491,4,2
38406,3491,5,1
38407,3491,6,2
38408,3491,7,1
38409,3491,8,2
38410,3491,9,1
38411,3491,10,2
38412,3492,0,0
38413,3492,1,1
38414,3492,2,2
38415,3492,3,1
38416,3492,4,0
38417,3492,5,1
38418,3492,6,0
38419,3492,7,1
38420,3492,8,2
38421,3492,9,1
38422,3492,10,2
38423,3493,0,0
38424,3493,1,0
38425,3493,2,0
38426,3493,3,0
38427,3493,4,0
38428,3493,5,0
38429,3493,6,0
38430,3493,7,0
38431,3493,8,0
38432,3493,9,0
38433,3493,10,0
38434,3494,0,0
38435,3494,1,1
38436,3494,2,2
38437,3494,3,1
38438,3494,4,2
38439,3494,5,1
38440,3494,6,2
38441,3494,7,1
38442,3494,8,2
38443,3494,9,1
38444,3494,10,2
38445,3495,0,0
38446,3495,1,0
38447,3495,2,0
38448,3495,3,0
38449,3495,4,0
38450,3495,5,0
38451,3495,6,0
38452,3495,7,0
38453,3495,8,0
38454,3495,9,0
38455,3495,10,0
38456,3496,0,0
38457,3496,1,1
38458,3496,2,2
38459,3496,3,3
38460,3496,4,4
38461,3496,5,5
38462,3496,6,5
38463,3496,7,5
38464,3496,8,5
38465,3496,9,5
38466,3496,10,5
38467,3497,0,0
38468,3497,1,0
38469,3497,2,0
38470,3497,3,0
38471,3497,4,0
38472,3497,5,0
38473,3497,6,0
38474,3497,7,0
38475,3497,8,0
38476,3497,9,0
38477,3497,10,0
38478,3498,0,0
38479,3498,1,0
38480,3498,2,1
38481,3498,3,1
38482,3498,4,2
38483,3498,5,3
38484,3498,6,4
38485,3498,7,5
38486,3498,8,5
38487,3498,9,5
38488,3498,10,5
38489,3499,0,0
38490,3499,1,1
38491,3499,2,0
38492,3499,3,0
38493,3499,4,0
38494,3499,5,0
38495,3499,6,0
38496,3499,7,1
38497,3499,8,2
38498,3499,9,1
38499,3499,10,2
38500,3500,0,0
38501,3500,1,1
38502,3500,2,0
38503,3500,3,1
38504,3500,4,2
38505,3500,5,3
38506,3500,6,2
38507,3500,7,3
38508,3500,8,4
38509,3500,9,5
38510,3500,10,5
38511,3501,0,0
38512,3501,1,1
38513,3501,2,2
38514,3501,3,1
38515,3501,4,2
38516,3501,5,3
38517,3501,6,4
38518,3501,7,3
38519,3501,8,4
38520,3501,9,3
38521,3501,10,4
38522,3502,0,0
38523,3502,1,0
38524,3502,2,0
38525,3502,3,0
38526,3502,4,0
38527,3502,5,0
38528,3502,6,0
38529,3502,7,0
38530,3502,8,0
38531,3502,9,0
38532,3502,10,0
38533,3503,0,0
38534,3503,1,1
38535,3503,2,0
38536,3503,3,0
38537,3503,4,0
38538,3503,5,1
38539,3503,6,0
38540,3503,7,0
38541,3503,8,1
38542,3503,9,1
38543,3503,10,2
38544,3504,0,0
38545,3504,1,0
38546,3504,2,0
38547,3504,3,1
38548,3504,4,2
38549,3504,5,3
38550,3504,6,2
38551,3504,7,3
38552,3504,8,3
38553,3504,9,4
38554,3504,10,4
38555,3505,0,0
38556,3505,1,1
38557,3505,2,2
38558,3505,3,1
38559,3505,4,2
38560,3505,5,2
38561,3505,6,2
38562,3505,7,1
38563,3505,8,0
38564,3505,9,1
38565,3505,10,2
38566,3506,0,0
38567,3506,1,1
38568,3506,2,1
38569,3506,3,1
38570,3506,4,1
38571,3506,5,1
38572,3506,6,1
38573,3506,7,1
38574,3506,8,1
38575,3506,9,1
38576,3506,10,1
38577,3507,0,0
38578,3507,1,1
38579,3507,2,1
38580,3507,3,0
38581,3507,4,1
38582,3507,5,0
38583,3507,6,1
38584,3507,7,2
38585,3507,8,3
38586,3507,9,4
38587,3507,10,3
38588,3508,0,0
38589,3508,1,1
38590,3508,2,2
38591,3508,3,3
38592,3508,4,2
38593,3508,5,3
38594,3508,6,2
38595,3508,7,3
38596,3508,8,2
38597,3508,9,3
38598,3508,10,2
38599,3509,0,0
38600,3509,1,0
38601,3509,2,0
38602,3509,3,0
38603,3509,4,1
38604,3509,5,0
38605,3509,6,0
38606,3509,7,0
38607,3509,8,1
38608,3509,9,0
38609,3509,10,1
38610,3510,0,0
38611,3510,1,1
38612,3510,2,2
38613,3510,3,3
38614,3510,4,4
38615,3510,5,3
38616,3510,6,2
38617,3510,7,1
38618,3510,8,0
38619,3510,9,1
38620,3510,10,2
38621,3511,0,0
38622,3511,1,0
38623,3511,2,0
38624,3511,3,0
38625,3511,4,0
38626,3511,5,0
38627,3511,6,1
38628,3511,7,2
38629,3511,8,1
38630,3511,9,0
38631,3511,10,1
38632,3512,0,0
38633,3512,1,1
38634,3512,2,0
38635,3512,3,0
38636,3512,4,0
38637,3512,5,0
38638,3512,6,0
38639,3512,7,0
38640,3512,8,0
38641,3512,9,0
38642,3512,10,0
38643,3513,0,0
38644,3513,1,0
38645,3513,2,0
38646,3513,3,0
38647,3513,4,0
38648,3513,5,0
38649,3513,6,0
38650,3513,7,0
38651,3513,8,0
38652,3513,9,0
38653,3513,10,0
38654,3514,0,0
38655,3514,1,1
38656,3514,2,1
38657,3514,3,1
38658,3514,4,1
38659,3514,5,2
38660,3514,6,1
38661,3514,7,2
38662,3514,8,3
38663,3514,9,2
38664,3514,10,1
38665,3515,0,0
38666,3515,1,1
38667,3515,2,1
38668,3515,3,2
38669,3515,4,3
38670,3515,5,4
38671,3515,6,3
38672,3515,7,4
38673,3515,8,4
38674,3515,9,4
38675,3515,10,3
38676,3516,0,0
38677,3516,1,0
38678,3516,2,0
38679,3516,3,0
38680,3516,4,0
38681,3516,5,0
38682,3516,6,0
38683,3516,7,0
38684,3516,8,0
38685,3516,9,0
38686,3516,10,0
38687,3517,0,0
38688,3517,1,1
38689,3517,2,2
38690,3517,3,1
38691,3517,4,2
38692,3517,5,1
38693,3517,6,2
38694,3517,7,1
38695,3517,8,2
38696,3517,9,1
38697,3517,10,2
38698,3518,0,0
38699,3518,1,0
38700,3518,2,0
38701,3518,3,0
38702,3518,4,0
38703,3518,5,0
38704,3518,6,0
38705,3518,7,0
38706,3518,8,0
38707,3518,9,0
38708,3518,10,0
38709,3519,0,0
38710,3519,1,1
38711,3519,2,1
38712,3519,3,2
38713,3519,4,2
38714,3519,5,3
38715,3519,6,3
38716,3519,7,4
38717,3519,8,5
38718,3519,9,5
38719,3519,10,5
38720,3520,0,0
38721,3520,1,1
38722,3520,2,2
38723,3520,3,3
38724,3520,4,3
38725,3520,5,3
38726,3520,6,4
38727,3520,7,5
38728,3520,8,5
38729,3520,9,5
38730,3520,10,5
38731,3521,0,0
38732,3521,1,1
38733,3521,2,2
38734,3521,3,3
38735,3521,4,2
38736,3521,5,3
38737,3521,6,4
38738,3521,7,3
38739,3521,8,4
38740,3521,9,5
38741,3521,10,5
38742,3522,0,0
38743,3522,1,1
38744,3522,2,0
38745,3522,3,1
38746,3522,4,0
38747,3522,5,1
38748,3522,6,2
38749,3522,7,1
38750,3522,8,0
38751,3522,9,1
38752,3522,10,0
38753,3523,0,0
38754,3523,1,1
38755,3523,2,2
38756,3523,3,1
38757,3523,4,2
38758,3523,5,1
38759,3523,6,2
38760,3523,7,1
38761,3523,8,2
38762,3523,9,1
38763,3523,10,2
38764,3524,0,0
38765,3524,1,0
38766,3524,2,0
38767,3524,3,0
38768,3524,4,0
38769,3524,5,1
38770,3524,6,2
38771,3524,7,1
38772,3524,8,2
38773,3524,9,1
38774,3524,10,0
38775,3525,0,0
38776,3525,1,1
38777,3525,2,2
38778,3525,3,3
38779,3525,4,4
38780,3525,5,5
38781,3525,6,5
38782,3525,7,5
38783,3525,8,5
38784,3525,9,5
38785,3525,10,5
38786,3526,0,0
38787,3526,1,1
38788,3526,2,2
38789,3526,3,3
38790,3526,4,3
38791,3526,5,4
38792,3526,6,4
38793,3526,7,3
38794,3526,8,4
38795,3526,9,3
38796,3526,10,3
38797,3527,0,0
38798,3527,1,0
38799,3527,2,0
38800,3527,3,0
38801,3527,4,0
38802,3527,5,0
38803,3527,6,1
38804,3527,7,0
38805,3527,8,1
38806,3527,9,0
38807,3527,10,1
38808,3528,0,0
38809,3528,1,1
38810,3528,2,2
38811,3528,3,3
38812,3528,4,2
38813,3528,5,3
38814,3528,6,2
38815,3528,7,3
38816,3528,8,4
38817,3528,9,4
38818,3528,10,3
38819,3529,0,0
38820,3529,1,1
38821,3529,2,2
38822,3529,3,1
38823,3529,4,0
38824,3529,5,1
38825,3529,6,0
38826,3529,7,1
38827,3529,8,0
38828,3529,9,1
38829,3529,10,2
38830,3530,0,0
38831,3530,1,0
38832,3530,2,0
38833,3530,3,0
38834,3530,4,0
38835,3530,5,0
38836,3530,6,0
38837,3530,7,0
38838,3530,8,1
38839,3530,9,0
38840,3530,10,0
38841,3531,0,0
38842,3531,1,0
38843,3531,2,0
38844,3531,3,0
38845,3531,4,0
38846,3531,5,0
38847,3531,6,0
38848,3531,7,0
38849,3531,8,0
38850,3531,9,0
38851,3531,10,0
38852,3532,0,0
38853,3532,1,0
38854,3532,2,0
38855,3532,3,0
38856,3532,4,0
38857,3532,5,1
38858,3532,6,0
38859,3532,7,0
38860,3532,8,0
38861,3532,9,0
38862,3532,10,1
38863,3533,0,0
38864,3533,1,1
38865,3533,2,2
38866,3533,3,3
38867,3533,4,2
38868,3533,5,3
38869,3533,6,4
38870,3533,7,5
38871,3533,8,5
38872,3533,9,5
38873,3533,10,5
38874,3534,0,0
38875,3534,1,0
38876,3534,2,0
38877,3534,3,0
38878,3534,4,0
38879,3534,5,0
38880,3534,6,0
38881,3534,7,0
38882,3534,8,0
38883,3534,9,1
38884,3534,10,2
38885,3535,0,0
38886,3535,1,1
38887,3535,2,0
38888,3535,3,1
38889,3535,4,0
38890,3535,5,1
38891,3535,6,0
38892,3535,7,1
38893,3535,8,0
38894,3535,9,1
38895,3535,10,2
38896,3536,0,0
38897,3536,1,1
38898,3536,2,0
38899,3536,3,1
38900,3536,4,2
38901,3536,5,3
38902,3536,6,4
38903,3536,7,3
38904,3536,8,4
38905,3536,9,3
38906,3536,10,4
38907,3537,0,0
38908,3537,1,1
38909,3537,2,2
38910,3537,3,1
38911,3537,4,2
38912,3537,5,1
38913,3537,6,2
38914,3537,7,1
38915,3537,8,2
38916,3537,9,1
38917,3537,10,2
38918,3538,0,0
38919,3538,1,1
38920,3538,2,0
38921,3538,3,1
38922,3538,4,2
38923,3538,5,1
38924,3538,6,0
38925,3538,7,1
38926,3538,8,0
38927,3538,9,1
38928,3538,10,0
38929,3539,0,0
38930,3539,1,1
38931,3539,2,0
38932,3539,3,1
38933,3539,4,0
38934,3539,5,1
38935,3539,6,0
38936,3539,7,1
38937,3539,8,0
38938,3539,9,1
38939,3539,10,0
38940,3540,0,0
38941,3540,1,1
38942,3540,2,2
38943,3540,3,1
38944,3540,4,2
38945,3540,5,1
38946,3540,6,2
38947,3540,7,3
38948,3540,8,2
38949,3540,9,1
38950,3540,10,0
38951,3541,0,0
38952,3541,1,0
38953,3541,2,0
38954,3541,3,0
38955,3541,4,0
38956,3541,5,0
38957,3541,6,0
38958,3541,7,0
38959,3541,8,0
38960,3541,9,0
38961,3541,10,0
38962,3542,0,0
38963,3542,1,1
38964,3542,2,1
38965,3542,3,1
38966,3542,4,0
38967,3542,5,1
38968,3542,6,1
38969,3542,7,0
38970,3542,8,1
38971,3542,9,1
38972,3542,10,1
38973,3543,0,0
38974,3543,1,1
38975,3543,2,2
38976,3543,3,3
38977,3543,4,4
38978,3543,5,5
38979,3543,6,5
38980,3543,7,5
38981,3543,8,5
38982,3543,9,5
38983,3543,10,5
38984,3544,0,0
38985,3544,1,0
38986,3544,2,1
38987,3544,3,2
38988,3544,4,3
38989,3544,5,3
38990,3544,6,3
38991,3544,7,4
38992,3544,8,3
38993,3544,9,3
38994,3544,10,3
38995,3545,0,0
38996,3545,1,1
38997,3545,2,1
38998,3545,3,1
38999,3545,4,0
39000,3545,5,1
39001,3545,6,1
39002,3545,7,1
39003,3545,8,1
39004,3545,9,1
39005,3545,10,1
39006,3546,0,0
39007,3546,1,1
39008,3546,2,2
39009,3546,3,3
39010,3546,4,2
39011,3546,5,1
39012,3546,6,2
39013,3546,7,3
39014,3546,8,2
39015,3546,9,3
39016,3546,10,4
39017,3547,0,0
39018,3547,1,1
39019,3547,2,1
39020,3547,3,0
39021,3547,4,1
39022,3547,5,1
39023,3547,6,0
39024,3547,7,1
39025,3547,8,0
39026,3547,9,1
39027,3547,10,0
39028,3548,0,0
39029,3548,1,1
39030,3548,2,0
39031,3548,3,1
39032,3548,4,1
39033,3548,5,1
39034,3548,6,1
39035,3548,7,0
39036,3548,8,1
39037,3548,9,0
39038,3548,10,1
39039,3549,0,0
39040,3549,1,0
39041,3549,2,0
39042,3549,3,0
39043,3549,4,0
39044,3549,5,0
39045,3549,6,0
39046,3549,7,0
39047,3549,8,0
39048,3549,9,0
39049,3549,10,0
39050,3550,0,0
39051,3550,1,1
39052,3550,2,2
39053,3550,3,3
39054,3550,4,4
39055,3550,5,5
39056,3550,6,5
39057,3550,7,5
39058,3550,8,5
39059,3550,9,5
39060,3550,10,5
39061,3551,0,0
39062,3551,1,1
39063,3551,2,2
39064,3551,3,3
39065,3551,4,2
39066,3551,5,1
39067,3551,6,2
39068,3551,7,3
39069,3551,8,2
39070,3551,9,3
39071,3551,10,4
39072,3552,0,0
39073,3552,1,1
39074,3552,2,2
39075,3552,3,3
39076,3552,4,3
39077,3552,5,3
39078,3552,6,4
39079,3552,7,4
39080,3552,8,5
39081,3552,9,5
39082,3552,10,5
39083,3553,0,0
39084,3553,1,1
39085,3553,2,2
39086,3553,3,3
39087,3553,4,4
39088,3553,5,4
39089,3553,6,4
39090,3553,7,3
39091,3553,8,4
39092,3553,9,5
39093,3553,10,5
39094,3554,0,0
39095,3554,1,0
39096,3554,2,0
39097,3554,3,0
39098,3554,4,0
39099,3554,5,0
39100,3554,6,0
39101,3554,7,0
39102,3554,8,0
39103,3554,9,0
39104,3554,10,0
39105,3555,0,0
39106,3555,1,0
39107,3555,2,0
39108,3555,3,0
39109,3555,4,0
39110,3555,5,0
39111,3555,6,0
39112,3555,7,0
39113,3555,8,0
39114,3555,9,0
39115,3555,10,0
39116,3556,0,0
39117,3556,1,1
39118,3556,2,2
39119,3556,3,1
39120,3556,4,2
39121,3556,5,1
39122,3556,6,2
39123,3556,7,1
39124,3556,8,2
39125,3556,9,1
39126,3556,10,2
39127,3557,0,0
39128,3557,1,1
39129,3557,2,0
39130,3557,3,1
39131,3557,4,0
39132,3557,5,1
39133,3557,6,0
39134,3557,7,1
39135,3557,8,0
39136,3557,9,1
39137,3557,10,0
39138,3558,0,0
39139,3558,1,1
39140,3558,2,2
39141,3558,3,3
39142,3558,4,4
39143,3558,5,3
39144,3558,6,2
39145,3558,7,1
39146,3558,8,2
39147,3558,9,1
39148,3558,10,2
39149,3559,0,0
39150,3559,1,0
39151,3559,2,0
39152,3559,3,0
39153,3559,4,0
39154,3559,5,0
39155,3559,6,0
39156,3559,7,0
39157,3559,8,0
39158,3559,9,0
39159,3559,10,0
39160,3560,0,0
39161,3560,1,1
39162,3560,2,0
39163,3560,3,1
39164,3560,4,0
39165,3560,5,1
39166,3560,6,0
39167,3560,7,1
39168,3560,8,0
39169,3560,9,1
39170,3560,10,2
39171,3561,0,0
39172,3561,1,0
39173,3561,2,0
39174,3561,3,0
39175,3561,4,0
39176,3561,5,1
39177,3561,6,1
39178,3561,7,2
39179,3561,8,1
39180,3561,9,1
39181,3561,10,1
39182,3562,0,0
39183,3562,1,1
39184,3562,2,2
39185,3562,3,1
39186,3562,4,2
39187,3562,5,1
39188,3562,6,1
39189,3562,7,2
39190,3562,8,1
39191,3562,9,2
39192,3562,10,1
39193,3563,0,0
39194,3563,1,1
39195,3563,2,2
39196,3563,3,1
39197,3563,4,2
39198,3563,5,3
39199,3563,6,2
39200,3563,7,1
39201,3563,8,2
39202,3563,9,1
39203,3563,10,2
39204,3564,0,0
39205,3564,1,0
39206,3564,2,0
39207,3564,3,1
39208,3564,4,1
39209,3564,5,0
39210,3564,6,1
39211,3564,7,0
39212,3564,8,1
39213,3564,9,1
39214,3564,10,1
39215,3565,0,0
39216,3565,1,1
39217,3565,2,0
39218,3565,3,1
39219,3565,4,1
39220,3565,5,1
39221,3565,6,1
39222,3565,7,1
39223,3565,8,1
39224,3565,9,1
39225,3565,10,1
39226,3566,0,0
39227,3566,1,1
39228,3566,2,0
39229,3566,3,1
39230,3566,4,0
39231,3566,5,1
39232,3566,6,0
39233,3566,7,1
39234,3566,8,0
39235,3566,9,1
39236,3566,10,0
39237,3567,0,0
39238,3567,1,1
39239,3567,2,2
39240,3567,3,3
39241,3567,4,3
39242,3567,5,4
39243,3567,6,4
39244,3567,7,5
39245,3567,8,5
39246,3567,9,5
39247,3567,10,5
39248,3568,0,0
39249,3568,1,0
39250,3568,2,0
39251,3568,3,0
39252,3568,4,0
39253,3568,5,0
39254,3568,6,1
39255,3568,7,0
39256,3568,8,0
39257,3568,9,0
39258,3568,10,0
39259,3569,0,0
39260,3569,1,1
39261,3569,2,2
39262,3569,3,3
39263,3569,4,2
39264,3569,5,3
39265,3569,6,2
39266,3569,7,2
39267,3569,8,3
39268,3569,9,2
39269,3569,10,3
39270,3570,0,0
39271,3570,1,1
39272,3570,2,1
39273,3570,3,2
39274,3570,4,3
39275,3570,5,4
39276,3570,6,5
39277,3570,7,5
39278,3570,8,5
39279,3570,9,5
39280,3570,10,5
39281,3571,0,0
39282,3571,1,1
39283,3571,2,0
39284,3571,3,1
39285,3571,4,1
39286,3571,5,1
39287,3571,6,1
39288,3571,7,0
39289,3571,8,1
39290,3571,9,0
39291,3571,10,1
39292,3572,0,0
39293,3572,1,1
39294,3572,2,0
39295,3572,3,1
39296,3572,4,2
39297,3572,5,1
39298,3572,6,2
39299,3572,7,1
39300,3572,8,0
39301,3572,9,1
39302,3572,10,2
39303,3573,0,0
39304,3573,1,1
39305,3573,2,2
39306,3573,3,3
39307,3573,4,2
39308,3573,5,1
39309,3573,6,2
39310,3573,7,1
39311,3573,8,2
39312,3573,9,1
39313,3573,10,2
39314,3574,0,0
39315,3574,1,1
39316,3574,2,1
39317,3574,3,1
39318,3574,4,0
39319,3574,5,0
39320,3574,6,0
39321,3574,7,1
39322,3574,8,0
39323,3574,9,0
39324,3574,10,0
39325,3575,0,0
39326,3575,1,1
39327,3575,2,0
39328,3575,3,1
39329,3575,4,0
39330,3575,5,1
39331,3575,6,0
39332,3575,7,1
39333,3575,8,0
39334,3575,9,1
39335,3575,10,0
39336,3576,0,0
39337,3576,1,0
39338,3576,2,0
39339,3576,3,0
39340,3576,4,0
39341,3576,5,0
39342,3576,6,0
39343,3576,7,1
39344,3576,8,0
39345,3576,9,0
39346,3576,10,0
39347,3577,0,0
39348,3577,1,0
39349,3577,2,0
39350,3577,3,1
39351,3577,4,0
39352,3577,5,0
39353,3577,6,0
39354,3577,7,0
39355,3577,8,1
39356,3577,9,0
39357,3577,10,0
39358,3578,0,0
39359,3578,1,1
39360,3578,2,2
39361,3578,3,3
39362,3578,4,4
39363,3578,5,3
39364,3578,6,2
39365,3578,7,1
39366,3578,8,2
39367,3578,9,3
39368,3578,10,2
39369,3579,0,0
39370,3579,1,1
39371,3579,2,2
39372,3579,3,1
39373,3579,4,2
39374,3579,5,3
39375,3579,6,3
39376,3579,7,3
39377,3579,8,3
39378,3579,9,3
39379,3579,10,4
39380,3580,0,0
39381,3580,1,1
39382,3580,2,0
39383,3580,3,1
39384,3580,4,0
39385,3580,5,1
39386,3580,6,2
39387,3580,7,3
39388,3580,8,4
39389,3580,9,3
39390,3580,10,2
39391,3581,0,0
39392,3581,1,1
39393,3581,2,2
39394,3581,3,1
39395,3581,4,0
39396,3581,5,1
39397,3581,6,0
39398,3581,7,1
39399,3581,8,2
39400,3581,9,1
39401,3581,10,2
39402,3582,0,0
39403,3582,1,0
39404,3582,2,0
39405,3582,3,0
39406,3582,4,0
39407,3582,5,0
39408,3582,6,0
39409,3582,7,0
39410,3582,8,0
39411,3582,9,0
39412,3582,10,0
39413,3583,0,0
39414,3583,1,1
39415,3583,2,1
39416,3583,3,2
39417,3583,4,3
39418,3583,5,3
39419,3583,6,2
39420,3583,7,3
39421,3583,8,3
39422,3583,9,3
39423,3583,10,4
39424,3584,0,0
39425,3584,1,0
39426,3584,2,0
39427,3584,3,0
39428,3584,4,0
39429,3584,5,0
39430,3584,6,0
39431,3584,7,0
39432,3584,8,0
39433,3584,9,0
39434,3584,10,0
39435,3585,0,0
39436,3585,1,0
39437,3585,2,1
39438,3585,3,0
39439,3585,4,0
39440,3585,5,0
39441,3585,6,0
39442,3585,7,0
39443,3585,8,0
39444,3585,9,0
39445,3585,10,0
39446,3586,0,0
39447,3586,1,0
39448,3586,2,0
39449,3586,3,0
39450,3586,4,0
39451,3586,5,0
39452,3586,6,0
39453,3586,7,0
39454,3586,8,0
39455,3586,9,0
39456,3586,10,0
39457,3587,0,0
39458,3587,1,1
39459,3587,2,1
39460,3587,3,1
39461,3587,4,0
39462,3587,5,1
39463,3587,6,0
39464,3587,7,0
39465,3587,8,1
39466,3587,9,0
39467,3587,10,1
39468,3588,0,0
39469,3588,1,1
39470,3588,2,2
39471,3588,3,3
39472,3588,4,2
39473,3588,5,1
39474,3588,6,2
39475,3588,7,1
39476,3588,8,2
39477,3588,9,1
39478,3588,10,2
39479,3589,0,0
39480,3589,1,0
39481,3589,2,0
39482,3589,3,0
39483,3589,4,0
39484,3589,5,0
39485,3589,6,0
39486,3589,7,0
39487,3589,8,1
39488,3589,9,0
39489,3589,10,0
39490,3590,0,0
39491,3590,1,1
39492,3590,2,2
39493,3590,3,1
39494,3590,4,1
39495,3590,5,1
39496,3590,6,0
39497,3590,7,0
39498,3590,8,1
39499,3590,9,2
39500,3590,10,1
39501,3591,0,0
39502,3591,1,0
39503,3591,2,0
39504,3591,3,1
39505,3591,4,2
39506,3591,5,1
39507,3591,6,0
39508,3591,7,0
39509,3591,8,1
39510,3591,9,2
39511,3591,10,1
39512,3592,0,0
39513,3592,1,1
39514,3592,2,1
39515,3592,3,0
39516,3592,4,1
39517,3592,5,1
39518,3592,6,1
39519,3592,7,0
39520,3592,8,1
39521,3592,9,1
39522,3592,10,1
39523,3593,0,0
39524,3593,1,1
39525,3593,2,2
39526,3593,3,3
39527,3593,4,4
39528,3593,5,3
39529,3593,6,4
39530,3593,7,3
39531,3593,8,4
39532,3593,9,3
39533,3593,10,4
39534,3594,0,0
39535,3594,1,0
39536,3594,2,1
39537,3594,3,1
39538,3594,4,0
39539,3594,5,0
39540,3594,6,1
39541,3594,7,0
39542,3594,8,1
39543,3594,9,1
39544,3594,10,2
39545,3595,0,0
39546,3595,1,1
39547,3595,2,2
39548,3595,3,1
39549,3595,4,0
39550,3595,5,1
39551,3595,6,0
39552,3595,7,1
39553,3595,8,2
39554,3595,9,1
39555,3595,10,0
39556,3596,0,0
39557,3596,1,0
39558,3596,2,0
39559,3596,3,0
39560,3596,4,0
39561,3596,5,0
39562,3596,6,0
39563,3596,7,1
39564,3596,8,2
39565,3596,9,3
39566,3596,10,4
39567,3597,0,0
39568,3597,1,0
39569,3597,2,0
39570,3597,3,0
39571,3597,4,0
39572,3597,5,0
39573,3597,6,0
39574,3597,7,0
39575,3597,8,0
39576,3597,9,0
39577,3597,10,0
39578,3598,0,0
39579,3598,1,1
39580,3598,2,2
39581,3598,3,1
39582,3598,4,2
39583,3598,5,1
39584,3598,6,2
39585,3598,7,1
39586,3598,8,2
39587,3598,9,1
39588,3598,10,2
39589,3599,0,0
39590,3599,1,1
39591,3599,2,2
39592,3599,3,3
39593,3599,4,4
39594,3599,5,3
39595,3599,6,4
39596,3599,7,5
39597,3599,8,5
39598,3599,9,5
39599,3599,10,5
39600,3600,0,0
39601,3600,1,1
39602,3600,2,2
39603,3600,3,3
39604,3600,4,4
39605,3600,5,5
39606,3600,6,5
39607,3600,7,5
39608,3600,8,5
39609,3600,9,5
39610,3600,10,5
39611,3601,0,0
39612,3601,1,0
39613,3601,2,0
39614,3601,3,1
39615,3601,4,1
39616,3601,5,1
39617,3601,6,1
39618,3601,7,1
39619,3601,8,1
39620,3601,9,1
39621,3601,10,1
39622,3602,0,0
39623,3602,1,1
39624,3602,2,2
39625,3602,3,3
39626,3602,4,2
39627,3602,5,3
39628,3602,6,2
39629,3602,7,1
39630,3602,8,2
39631,3602,9,3
39632,3602,10,4
39633,3603,0,0
39634,3603,1,0
39635,3603,2,0
39636,3603,3,0
39637,3603,4,0
39638,3603,5,0
39639,3603,6,0
39640,3603,7,0
39641,3603,8,0
39642,3603,9,0
39643,3603,10,0
39644,3604,0,0
39645,3604,1,0
39646,3604,2,1
39647,3604,3,0
39648,3604,4,0
39649,3604,5,1
39650,3604,6,0
39651,3604,7,1
39652,3604,8,0
39653,3604,9,1
39654,3604,10,0
39655,3605,0,0
39656,3605,1,1
39657,3605,2,0
39658,3605,3,1
39659,3605,4,1
39660,3605,5,0
39661,3605,6,0
39662,3605,7,1
39663,3605,8,0
39664,3605,9,0
39665,3605,10,1
39666,3606,0,0
39667,3606,1,0
39668,3606,2,1
39669,3606,3,2
39670,3606,4,3
39671,3606,5,2
39672,3606,6,3
39673,3606,7,2
39674,3606,8,3
39675,3606,9,2
39676,3606,10,3
39677,3607,0,0
39678,3607,1,0
39679,3607,2,0
39680,3607,3,0
39681,3607,4,0
39682,3607,5,0
39683,3607,6,0
39684,3607,7,0
39685,3607,8,0
39686,3607,9,0
39687,3607,10,0
39688,3608,0,0
39689,3608,1,1
39690,3608,2,2
39691,3608,3,3
39692,3608,4,4
39693,3608,5,3
39694,3608,6,2
39695,3608,7,1
39696,3608,8,0
39697,3608,9,1
39698,3608,10,0
39699,3609,0,0
39700,3609,1,1
39701,3609,2,2
39702,3609,3,1
39703,3609,4,2
39704,3609,5,1
39705,3609,6,2
39706,3609,7,1
39707,3609,8,2
39708,3609,9,1
39709,3609,10,2
39710,3610,0,0
39711,3610,1,1
39712,3610,2,2
39713,3610,3,1
39714,3610,4,2
39715,3610,5,3
39716,3610,6,2
39717,3610,7,3
39718,3610,8,2
39719,3610,9,3
39720,3610,10,2
39721,3611,0,0
39722,3611,1,1
39723,3611,2,0
39724,3611,3,1
39725,3611,4,2
39726,3611,5,2
39727,3611,6,2
39728,3611,7,2
39729,3611,8,2
39730,3611,9,3
39731,3611,10,3
39732,3612,0,0
39733,3612,1,1
39734,3612,2,2
39735,3612,3,1
39736,3612,4,2
39737,3612,5,1
39738,3612,6,2
39739,3612,7,1
39740,3612,8,0
39741,3612,9,1
39742,3612,10,0
39743,3613,0,0
39744,3613,1,0
39745,3613,2,0
39746,3613,3,0
39747,3613,4,0
39748,3613,5,0
39749,3613,6,0
39750,3613,7,0
39751,3613,8,0
39752,3613,9,0
39753,3613,10,0
39754,3614,0,0
39755,3614,1,1
39756,3614,2,2
39757,3614,3,1
39758,3614,4,0
39759,3614,5,1
39760,3614,6,2
39761,3614,7,3
39762,3614,8,4
39763,3614,9,3
39764,3614,10,4
39765,3615,0,0
39766,3615,1,0
39767,3615,2,0
39768,3615,3,0
39769,3615,4,1
39770,3615,5,2
39771,3615,6,1
39772,3615,7,2
39773,3615,8,3
39774,3615,9,4
39775,3615,10,5
39776,3616,0,0
39777,3616,1,1
39778,3616,2,2
39779,3616,3,3
39780,3616,4,4
39781,3616,5,5
39782,3616,6,5
39783,3616,7,5
39784,3616,8,5
39785,3616,9,5
39786,3616,10,5
39787,3617,0,0
39788,3617,1,0
39789,3617,2,0
39790,3617,3,0
39791,3617,4,0
39792,3617,5,0
39793,3617,6,0
39794,3617,7,0
39795,3617,8,0
39796,3617,9,0
39797,3617,10,0
39798,3618,0,0
39799,3618,1,1
39800,3618,2,0
39801,3618,3,1
39802,3618,4,2
39803,3618,5,3
39804,3618,6,4
39805,3618,7,3
39806,3618,8,2
39807,3618,9,1
39808,3618,10,2
39809,3619,0,0
39810,3619,1,1
39811,3619,2,0
39812,3619,3,1
39813,3619,4,0
39814,3619,5,1
39815,3619,6,2
39816,3619,7,1
39817,3619,8,0
39818,3619,9,1
39819,3619,10,0
39820,3620,0,0
39821,3620,1,0
39822,3620,2,0
39823,3620,3,0
39824,3620,4,0
39825,3620,5,0
39826,3620,6,0
39827,3620,7,0
39828,3620,8,0
39829,3620,9,0
39830,3620,10,0
39831,3621,0,0
39832,3621,1,0
39833,3621,2,0
39834,3621,3,0
39835,3621,4,0
39836,3621,5,0
39837,3621,6,0
39838,3621,7,0
39839,3621,8,0
39840,3621,9,0
39841,3621,10,0
39842,3622,0,0
39843,3622,1,1
39844,3622,2,2
39845,3622,3,3
39846,3622,4,2
39847,3622,5,2
39848,3622,6,2
39849,3622,7,1
39850,3622,8,2
39851,3622,9,2
39852,3622,10,1
39853,3623,0,0
39854,3623,1,0
39855,3623,2,0
39856,3623,3,0
39857,3623,4,0
39858,3623,5,0
39859,3623,6,1
39860,3623,7,2
39861,3623,8,2
39862,3623,9,3
39863,3623,10,3
39864,3624,0,0
39865,3624,1,1
39866,3624,2,2
39867,3624,3,3
39868,3624,4,2
39869,3624,5,3
39870,3624,6,4
39871,3624,7,5
39872,3624,8,5
39873,3624,9,5
39874,3624,10,5
39875,3625,0,0
39876,3625,1,1
39877,3625,2,0
39878,3625,3,1
39879,3625,4,0
39880,3625,5,1
39881,3625,6,0
39882,3625,7,1
39883,3625,8,0
39884,3625,9,1
39885,3625,10,0
39886,3626,0,0
39887,3626,1,0
39888,3626,2,0
39889,3626,3,0
39890,3626,4,0
39891,3626,5,0
39892,3626,6,0
39893,3626,7,0
39894,3626,8,0
39895,3626,9,0
39896,3626,10,0
39897,3627,0,0
39898,3627,1,0
39899,3627,2,0
39900,3627,3,0
39901,3627,4,0
39902,3627,5,0
39903,3627,6,0
39904,3627,7,0
39905,3627,8,0
39906,3627,9,0
39907,3627,10,0
39908,3628,0,0
39909,3628,1,1
39910,3628,2,0
39911,3628,3,1
39912,3628,4,0
39913,3628,5,1
39914,3628,6,0
39915,3628,7,0
39916,3628,8,1
39917,3628,9,2
39918,3628,10,1
39919,3629,0,0
39920,3629,1,0
39921,3629,2,0
39922,3629,3,0
39923,3629,4,0
39924,3629,5,0
39925,3629,6,0
39926,3629,7,0
39927,3629,8,0
39928,3629,9,0
39929,3629,10,0
39930,3630,0,0
39931,3630,1,1
39932,3630,2,0
39933,3630,3,0
39934,3630,4,1
39935,3630,5,2
39936,3630,6,3
39937,3630,7,2
39938,3630,8,3
39939,3630,9,3
39940,3630,10,2
39941,3631,0,0
39942,3631,1,0
39943,3631,2,0
39944,3631,3,0
39945,3631,4,0
39946,3631,5,0
39947,3631,6,0
39948,3631,7,0
39949,3631,8,0
39950,3631,9,0
39951,3631,10,0
39952,3632,0,0
39953,3632,1,0
39954,3632,2,0
39955,3632,3,0
39956,3632,4,0
39957,3632,5,0
39958,3632,6,0
39959,3632,7,0
39960,3632,8,0
39961,3632,9,0
39962,3632,10,0
39963,3633,0,0
39964,3633,1,0
39965,3633,2,0
39966,3633,3,0
39967,3633,4,0
39968,3633,5,0
39969,3633,6,0
39970,3633,7,0
39971,3633,8,0
39972,3633,9,0
39973,3633,10,0
39974,3634,0,0
39975,3634,1,1
39976,3634,2,0
39977,3634,3,0
39978,3634,4,1
39979,3634,5,0
39980,3634,6,1
39981,3634,7,0
39982,3634,8,1
39983,3634,9,2
39984,3634,10,3
39985,3635,0,0
39986,3635,1,1
39987,3635,2,2
39988,3635,3,1
39989,3635,4,2
39990,3635,5,1
39991,3635,6,2
39992,3635,7,1
39993,3635,8,2
39994,3635,9,1
39995,3635,10,2
39996,3636,0,0
39997,3636,1,0
39998,3636,2,0
39999,3636,3,0
40000,3636,4,0
40001,3636,5,0
40002,3636,6,0
40003,3636,7,0
40004,3636,8,0
40005,3636,9,0
40006,3636,10,0
40007,3637,0,0
40008,3637,1,0
40009,3637,2,1
40010,3637,3,2
40011,3637,4,3
40012,3637,5,2
40013,3637,6,3
40014,3637,7,2
40015,3637,8,3
40016,3637,9,2
40017,3637,10,3
40018,3638,0,0
40019,3638,1,0
40020,3638,2,0
40021,3638,3,1
40022,3638,4,2
40023,3638,5,1
40024,3638,6,0
40025,3638,7,0
40026,3638,8,0
40027,3638,9,0
40028,3638,10,0
40029,3639,0,0
40030,3639,1,0
40031,3639,2,0
40032,3639,3,0
40033,3639,4,0
40034,3639,5,0
40035,3639,6,0
40036,3639,7,0
40037,3639,8,0
40038,3639,9,0
40039,3639,10,0
40040,3640,0,0
40041,3640,1,1
40042,3640,2,2
40043,3640,3,1
40044,3640,4,2
40045,3640,5,3
40046,3640,6,2
40047,3640,7,3
40048,3640,8,4
40049,3640,9,3
40050,3640,10,4
40051,3641,0,0
40052,3641,1,1
40053,3641,2,2
40054,3641,3,1
40055,3641,4,2
40056,3641,5,3
40057,3641,6,2
40058,3641,7,1
40059,3641,8,2
40060,3641,9,1
40061,3641,10,2
40062,3642,0,0
40063,3642,1,1
40064,3642,2,0
40065,3642,3,1
40066,3642,4,1
40067,3642,5,1
40068,3642,6,1
40069,3642,7,0
40070,3642,8,1
40071,3642,9,1
40072,3642,10,1
40073,3643,0,0
40074,3643,1,1
40075,3643,2,2
40076,3643,3,3
40077,3643,4,3
40078,3643,5,4
40079,3643,6,5
40080,3643,7,5
40081,3643,8,5
40082,3643,9,5
40083,3643,10,5
40084,3644,0,0
40085,3644,1,1
40086,3644,2,0
40087,3644,3,1
40088,3644,4,0
40089,3644,5,1
40090,3644,6,0
40091,3644,7,1
40092,3644,8,0
40093,3644,9,1
40094,3644,10,0
40095,3645,0,0
40096,3645,1,1
40097,3645,2,1
40098,3645,3,2
40099,3645,4,3
40100,3645,5,3
40101,3645,6,4
40102,3645,7,5
40103,3645,8,5
40104,3645,9,5
40105,3645,10,5
40106,3646,0,0
40107,3646,1,1
40108,3646,2,1
40109,3646,3,0
40110,3646,4,1
40111,3646,5,1
40112,3646,6,1
40113,3646,7,1
40114,3646,8,0
40115,3646,9,1
40116,3646,10,0
40117,3647,0,0
40118,3647,1,0
40119,3647,2,0
40120,3647,3,0
40121,3647,4,0
40122,3647,5,0
40123,3647,6,0
40124,3647,7,0
40125,3647,8,0
40126,3647,9,0
40127,3647,10,0
40128,3648,0,0
40129,3648,1,1
40130,3648,2,2
40131,3648,3,3
40132,3648,4,2
40133,3648,5,3
40134,3648,6,2
40135,3648,7,3
40136,3648,8,2
40137,3648,9,3
40138,3648,10,2
40139,3649,0,0
40140,3649,1,1
40141,3649,2,1
40142,3649,3,1
40143,3649,4,0
40144,3649,5,1
40145,3649,6,1
40146,3649,7,0
40147,3649,8,1
40148,3649,9,0
40149,3649,10,1
40150,3650,0,0
40151,3650,1,1
40152,3650,2,1
40153,3650,3,1
40154,3650,4,0
40155,3650,5,1
40156,3650,6,0
40157,3650,7,0
40158,3650,8,1
40159,3650,9,2
40160,3650,10,2
40161,3651,0,0
40162,3651,1,0
40163,3651,2,0
40164,3651,3,0
40165,3651,4,0
40166,3651,5,0
40167,3651,6,0
40168,3651,7,0
40169,3651,8,0
40170,3651,9,0
40171,3651,10,0
40172,3652,0,0
40173,3652,1,1
40174,3652,2,2
40175,3652,3,3
40176,3652,4,4
40177,3652,5,3
40178,3652,6,3
40179,3652,7,2
40180,3652,8,3
40181,3652,9,4
40182,3652,10,5
40183,3653,0,0
40184,3653,1,0
40185,3653,2,0
40186,3653,3,0
40187,3653,4,0
40188,3653,5,0
40189,3653,6,0
40190,3653,7,0
40191,3653,8,0
40192,3653,9,0
40193,3653,10,0
40194,3654,0,0
40195,3654,1,1
40196,3654,2,2
40197,3654,3,1
40198,3654,4,0
40199,3654,5,0
40200,3654,6,1
40201,3654,7,2
40202,3654,8,1
40203,3654,9,2
40204,3654,10,3
40205,3655,0,0
40206,3655,1,0
40207,3655,2,0
40208,3655,3,0
40209,3655,4,0
40210,3655,5,0
40211,3655,6,0
40212,3655,7,0
40213,3655,8,0
40214,3655,9,0
40215,3655,10,0
40216,3656,0,0
40217,3656,1,0
40218,3656,2,0
40219,3656,3,0
40220,3656,4,0
40221,3656,5,0
40222,3656,6,0
40223,3656,7,0
40224,3656,8,0
40225,3656,9,0
40226,3656,10,0
40227,3657,0,0
40228,3657,1,1
40229,3657,2,1
40230,3657,3,2
40231,3657,4,3
40232,3657,5,4
40233,3657,6,3
40234,3657,7,4
40235,3657,8,3
40236,3657,9,3
40237,3657,10,4
40238,3658,0,0
40239,3658,1,0
40240,3658,2,0
40241,3658,3,0
40242,3658,4,0
40243,3658,5,0
40244,3658,6,0
40245,3658,7,0
40246,3658,8,0
40247,3658,9,1
40248,3658,10,0
40249,3659,0,0
40250,3659,1,1
40251,3659,2,2
40252,3659,3,1
40253,3659,4,0
40254,3659,5,1
40255,3659,6,2
40256,3659,7,1
40257,3659,8,2
40258,3659,9,1
40259,3659,10,2
40260,3660,0,0
40261,3660,1,0
40262,3660,2,0
40263,3660,3,0
40264,3660,4,1
40265,3660,5,2
40266,3660,6,3
40267,3660,7,4
40268,3660,8,3
40269,3660,9,4
40270,3660,10,5
40271,3661,0,0
40272,3661,1,0
40273,3661,2,0
40274,3661,3,0
40275,3661,4,0
40276,3661,5,0
40277,3661,6,0
40278,3661,7,0
40279,3661,8,0
40280,3661,9,0
40281,3661,10,0
40282,3662,0,0
40283,3662,1,1
40284,3662,2,0
40285,3662,3,1
40286,3662,4,0
40287,3662,5,1
40288,3662,6,0
40289,3662,7,1
40290,3662,8,1
40291,3662,9,1
40292,3662,10,0
40293,3663,0,0
40294,3663,1,0
40295,3663,2,0
40296,3663,3,0
40297,3663,4,0
40298,3663,5,0
40299,3663,6,0
40300,3663,7,0
40301,3663,8,0
40302,3663,9,0
40303,3663,10,0
40304,3664,0,0
40305,3664,1,1
40306,3664,2,2
40307,3664,3,1
40308,3664,4,2
40309,3664,5,1
40310,3664,6,2
40311,3664,7,1
40312,3664,8,2
40313,3664,9,1
40314,3664,10,1
40315,3665,0,0
40316,3665,1,1
40317,3665,2,0
40318,3665,3,1
40319,3665,4,2
40320,3665,5,1
40321,3665,6,0
40322,3665,7,1
40323,3665,8,2
40324,3665,9,1
40325,3665,10,2
40326,3666,0,0
40327,3666,1,1
40328,3666,2,0
40329,3666,3,0
40330,3666,4,0
40331,3666,5,0
40332,3666,6,0
40333,3666,7,0
40334,3666,8,0
40335,3666,9,0
40336,3666,10,0
40337,3667,0,0
40338,3667,1,0
40339,3667,2,0
40340,3667,3,0
40341,3667,4,0
40342,3667,5,1
40343,3667,6,1
40344,3667,7,2
40345,3667,8,1
40346,3667,9,1
40347,3667,10,2
40348,3668,0,0
40349,3668,1,1
40350,3668,2,2
40351,3668,3,1
40352,3668,4,2
40353,3668,5,3
40354,3668,6,4
40355,3668,7,3
40356,3668,8,4
40357,3668,9,3
40358,3668,10,4
40359,3669,0,0
40360,3669,1,1
40361,3669,2,0
40362,3669,3,1
40363,3669,4,2
40364,3669,5,1
40365,3669,6,2
40366,3669,7,3
40367,3669,8,2
40368,3669,9,3
40369,3669,10,4
40370,3670,0,0
40371,3670,1,1
40372,3670,2,2
40373,3670,3,3
40374,3670,4,2
40375,3670,5,3
40376,3670,6,2
40377,3670,7,3
40378,3670,8,2
40379,3670,9,1
40380,3670,10,2
40381,3671,0,0
40382,3671,1,1
40383,3671,2,0
40384,3671,3,1
40385,3671,4,1
40386,3671,5,0
40387,3671,6,1
40388,3671,7,0
40389,3671,8,1
40390,3671,9,0
40391,3671,10,1
40392,3672,0,0
40393,3672,1,0
40394,3672,2,0
40395,3672,3,0
40396,3672,4,1
40397,3672,5,0
40398,3672,6,1
40399,3672,7,0
40400,3672,8,0
40401,3672,9,0
40402,3672,10,0
40403,3673,0,0
40404,3673,1,1
40405,3673,2,0
40406,3673,3,1
40407,3673,4,1
40408,3673,5,1
40409,3673,6,0
40410,3673,7,1
40411,3673,8,0
40412,3673,9,1
40413,3673,10,0
40414,3674,0,0
40415,3674,1,0
40416,3674,2,0
40417,3674,3,0
40418,3674,4,0
40419,3674,5,0
40420,3674,6,0
40421,3674,7,0
40422,3674,8,0
40423,3674,9,0
40424,3674,10,0
40425,3675,0,0
40426,3675,1,1
40427,3675,2,2
40428,3675,3,1
40429,3675,4,2
40430,3675,5,1
40431,3675,6,2
40432,3675,7,3
40433,3675,8,2
40434,3675,9,1
40435,3675,10,2
40436,3676,0,0
40437,3676,1,0
40438,3676,2,0
40439,3676,3,0
40440,3676,4,0
40441,3676,5,0
40442,3676,6,0
40443,3676,7,0
40444,3676,8,0
40445,3676,9,0
40446,3676,10,0
40447,3677,0,0
40448,3677,1,1
40449,3677,2,2
40450,3677,3,1
40451,3677,4,2
40452,3677,5,3
40453,3677,6,4
40454,3677,7,3
40455,3677,8,4
40456,3677,9,3
40457,3677,10,4
40458,3678,0,0
40459,3678,1,1
40460,3678,2,0
40461,3678,3,1
40462,3678,4,2
40463,3678,5,3
40464,3678,6,3
40465,3678,7,4
40466,3678,8,5
40467,3678,9,5
40468,3678,10,5
40469,3679,0,0
40470,3679,1,0
40471,3679,2,0
40472,3679,3,0
40473,3679,4,0
40474,3679,5,1
40475,3679,6,0
40476,3679,7,0
40477,3679,8,0
40478,3679,9,0
40479,3679,10,0
40480,3680,0,0
40481,3680,1,1
40482,3680,2,0
40483,3680,3,1
40484,3680,4,2
40485,3680,5,3
40486,3680,6,2
40487,3680,7,3
40488,3680,8,4
40489,3680,9,4
40490,3680,10,5
40491,3681,0,0
40492,3681,1,0
40493,3681,2,0
40494,3681,3,0
40495,3681,4,0
40496,3681,5,0
40497,3681,6,0
40498,3681,7,0
40499,3681,8,0
40500,3681,9,0
40501,3681,10,0
40502,3682,0,0
40503,3682,1,0
40504,3682,2,0
40505,3682,3,0
40506,3682,4,0
40507,3682,5,0
40508,3682,6,0
40509,3682,7,0
40510,3682,8,0
40511,3682,9,0
40512,3682,10,0
40513,3683,0,0
40514,3683,1,0
40515,3683,2,1
40516,3683,3,2
40517,3683,4,1
40518,3683,5,2
40519,3683,6,1
40520,3683,7,2
40521,3683,8,1
40522,3683,9,2
40523,3683,10,1
40524,3684,0,0
40525,3684,1,0
40526,3684,2,1
40527,3684,3,2
40528,3684,4,1
40529,3684,5,1
40530,3684,6,1
40531,3684,7,2
40532,3684,8,3
40533,3684,9,3
40534,3684,10,2
40535,3685,0,0
40536,3685,1,1
40537,3685,2,2
40538,3685,3,3
40539,3685,4,4
40540,3685,5,5
40541,3685,6,5
40542,3685,7,5
40543,3685,8,5
40544,3685,9,5
40545,3685,10,5
40546,3686,0,0
40547,3686,1,1
40548,3686,2,0
40549,3686,3,1
40550,3686,4,2
40551,3686,5,3
40552,3686,6,4
40553,3686,7,5
40554,3686,8,5
40555,3686,9,5
40556,3686,10,5
40557,3687,0,0
40558,3687,1,1
40559,3687,2,2
40560,3687,3,3
40561,3687,4,4
40562,3687,5,3
40563,3687,6,2
40564,3687,7,1
40565,3687,8,2
40566,3687,9,3
40567,3687,10,4
40568,3688,0,0
40569,3688,1,1
40570,3688,2,1
40571,3688,3,0
40572,3688,4,1
40573,3688,5,0
40574,3688,6,1
40575,3688,7,1
40576,3688,8,0
40577,3688,9,1
40578,3688,10,0
40579,3689,0,0
40580,3689,1,0
40581,3689,2,0
40582,3689,3,0
40583,3689,4,0
40584,3689,5,0
40585,3689,6,0
40586,3689,7,0
40587,3689,8,0
40588,3689,9,0
40589,3689,10,0
40590,3690,0,0
40591,3690,1,1
40592,3690,2,2
40593,3690,3,1
40594,3690,4,2
40595,3690,5,1
40596,3690,6,2
40597,3690,7,1
40598,3690,8,2
40599,3690,9,1
40600,3690,10,2
40601,3691,0,0
40602,3691,1,1
40603,3691,2,2
40604,3691,3,1
40605,3691,4,1
40606,3691,5,2
40607,3691,6,3
40608,3691,7,4
40609,3691,8,3
40610,3691,9,2
40611,3691,10,1
40612,3692,0,0
40613,3692,1,1
40614,3692,2,0
40615,3692,3,1
40616,3692,4,0
40617,3692,5,1
40618,3692,6,0
40619,3692,7,1
40620,3692,8,2
40621,3692,9,3
40622,3692,10,2
40623,3693,0,0
40624,3693,1,1
40625,3693,2,1
40626,3693,3,1
40627,3693,4,2
40628,3693,5,3
40629,3693,6,2
40630,3693,7,3
40631,3693,8,2
40632,3693,9,3
40633,3693,10,2
40634,3694,0,0
40635,3694,1,0
40636,3694,2,0
40637,3694,3,0
40638,3694,4,0
40639,3694,5,0
40640,3694,6,0
40641,3694,7,0
40642,3694,8,0
40643,3694,9,0
40644,3694,10,0
40645,3695,0,0
40646,3695,1,1
40647,3695,2,0
40648,3695,3,1
40649,3695,4,2
40650,3695,5,1
40651,3695,6,2
40652,3695,7,3
40653,3695,8,4
40654,3695,9,5
40655,3695,10,5
40656,3696,0,0
40657,3696,1,1
40658,3696,2,0
40659,3696,3,1
40660,3696,4,2
40661,3696,5,1
40662,3696,6,2
40663,3696,7,1
40664,3696,8,2
40665,3696,9,3
40666,3696,10,4
40667,3697,0,0
40668,3697,1,0
40669,3697,2,0
40670,3697,3,0
40671,3697,4,0
40672,3697,5,1
40673,3697,6,0
40674,3697,7,0
40675,3697,8,1
40676,3697,9,0
40677,3697,10,0
40678,3698,0,0
40679,3698,1,0
40680,3698,2,0
40681,3698,3,0
40682,3698,4,0
40683,3698,5,0
40684,3698,6,0
40685,3698,7,0
40686,3698,8,0
40687,3698,9,0
40688,3698,10,0
40689,3699,0,0
40690,3699,1,1
40691,3699,2,0
40692,3699,3,1
40693,3699,4,0
40694,3699,5,1
40695,3699,6,0
40696,3699,7,1
40697,3699,8,0
40698,3699,9,1
40699,3699,10,0
40700,3700,0,0
40701,3700,1,1
40702,3700,2,2
40703,3700,3,1
40704,3700,4,1
40705,3700,5,2
40706,3700,6,1
40707,3700,7,0
40708,3700,8,1
40709,3700,9,0
40710,3700,10,1
40711,3701,0,0
40712,3701,1,1
40713,3701,2,0
40714,3701,3,1
40715,3701,4,1
40716,3701,5,0
40717,3701,6,1
40718,3701,7,1
40719,3701,8,1
40720,3701,9,0
40721,3701,10,0
40722,3702,0,0
40723,3702,1,0
40724,3702,2,0
40725,3702,3,0
40726,3702,4,0
40727,3702,5,0
40728,3702,6,0
40729,3702,7,0
40730,3702,8,0
40731,3702,9,0
40732,3702,10,0
40733,3703,0,0
40734,3703,1,1
40735,3703,2,2
40736,3703,3,1
40737,3703,4,0
40738,3703,5,1
40739,3703,6,0
40740,3703,7,1
40741,3703,8,0
40742,3703,9,1
40743,3703,10,0
40744,3704,0,0
40745,3704,1,1
40746,3704,2,2
40747,3704,3,2
40748,3704,4,2
40749,3704,5,2
40750,3704,6,1
40751,3704,7,2
40752,3704,8,2
40753,3704,9,1
40754,3704,10,2
40755,3705,0,0
40756,3705,1,1
40757,3705,2,2
40758,3705,3,3
40759,3705,4,4
40760,3705,5,3
40761,3705,6,2
40762,3705,7,1
40763,3705,8,2
40764,3705,9,1
40765,3705,10,0
40766,3706,0,0
40767,3706,1,0
40768,3706,2,0
40769,3706,3,0
40770,3706,4,0
40771,3706,5,0
40772,3706,6,0
40773,3706,7,0
40774,3706,8,0
40775,3706,9,0
40776,3706,10,0
40777,3707,0,0
40778,3707,1,0
40779,3707,2,0
40780,3707,3,0
40781,3707,4,0
40782,3707,5,0
40783,3707,6,0
40784,3707,7,0
40785,3707,8,0
40786,3707,9,0
40787,3707,10,0
40788,3708,0,0
40789,3708,1,1
40790,3708,2,2
40791,3708,3,3
40792,3708,4,4
40793,3708,5,3
40794,3708,6,2
40795,3708,7,1
40796,3708,8,2
40797,3708,9,3
40798,3708,10,4
40799,3709,0,0
40800,3709,1,0
40801,3709,2,1
40802,3709,3,0
40803,3709,4,0
40804,3709,5,0
40805,3709,6,1
40806,3709,7,0
40807,3709,8,0
40808,3709,9,0
40809,3709,10,0
40810,3710,0,0
40811,3710,1,1
40812,3710,2,2
40813,3710,3,3
40814,3710,4,3
40815,3710,5,2
40816,3710,6,3
40817,3710,7,2
40818,3710,8,3
40819,3710,9,4
40820,3710,10,3
40821,3711,0,0
40822,3711,1,1
40823,3711,2,1
40824,3711,3,2
40825,3711,4,3
40826,3711,5,2
40827,3711,6,2
40828,3711,7,2
40829,3711,8,2
40830,3711,9,2
40831,3711,10,1
40832,3712,0,0
40833,3712,1,0
40834,3712,2,0
40835,3712,3,0
40836,3712,4,0
40837,3712,5,0
40838,3712,6,0
40839,3712,7,0
40840,3712,8,0
40841,3712,9,0
40842,3712,10,0
40843,3713,0,0
40844,3713,1,0
40845,3713,2,0
40846,3713,3,0
40847,3713,4,0
40848,3713,5,0
40849,3713,6,0
40850,3713,7,0
40851,3713,8,0
40852,3713,9,0
40853,3713,10,0
40854,3714,0,0
40855,3714,1,1
40856,3714,2,2
40857,3714,3,3
40858,3714,4,2
40859,3714,5,1
40860,3714,6,2
40861,3714,7,3
40862,3714,8,2
40863,3714,9,1
40864,3714,10,2
40865,3715,0,0
40866,3715,1,1
40867,3715,2,1
40868,3715,3,1
40869,3715,4,1
40870,3715,5,1
40871,3715,6,1
40872,3715,7,2
40873,3715,8,2
40874,3715,9,1
40875,3715,10,1
40876,3716,0,0
40877,3716,1,0
40878,3716,2,0
40879,3716,3,0
40880,3716,4,0
40881,3716,5,0
40882,3716,6,0
40883,3716,7,0
40884,3716,8,0
40885,3716,9,0
40886,3716,10,1
40887,3717,0,0
40888,3717,1,1
40889,3717,2,2
40890,3717,3,3
40891,3717,4,2
40892,3717,5,3
40893,3717,6,4
40894,3717,7,3
40895,3717,8,4
40896,3717,9,3
40897,3717,10,2
40898,3718,0,0
40899,3718,1,1
40900,3718,2,0
40901,3718,3,1
40902,3718,4,0
40903,3718,5,1
40904,3718,6,0
40905,3718,7,1
40906,3718,8,0
40907,3718,9,1
40908,3718,10,0
40909,3719,0,0
40910,3719,1,1
40911,3719,2,2
40912,3719,3,1
40913,3719,4,0
40914,3719,5,1
40915,3719,6,2
40916,3719,7,1
40917,3719,8,2
40918,3719,9,1
40919,3719,10,2
40920,3720,0,0
40921,3720,1,0
40922,3720,2,0
40923,3720,3,0
40924,3720,4,0
40925,3720,5,0
40926,3720,6,1
40927,3720,7,0
40928,3720,8,1
40929,3720,9,0
40930,3720,10,1
40931,3721,0,0
40932,3721,1,1
40933,3721,2,2
40934,3721,3,3
40935,3721,4,4
40936,3721,5,3
40937,3721,6,4
40938,3721,7,3
40939,3721,8,4
40940,3721,9,3
40941,3721,10,4
40942,3722,0,0
40943,3722,1,0
40944,3722,2,0
40945,3722,3,0
40946,3722,4,1
40947,3722,5,0
40948,3722,6,0
40949,3722,7,0
40950,3722,8,0
40951,3722,9,1
40952,3722,10,0
40953,3723,0,0
40954,3723,1,1
40955,3723,2,2
40956,3723,3,3
40957,3723,4,2
40958,3723,5,1
40959,3723,6,2
40960,3723,7,1
40961,3723,8,2
40962,3723,9,1
40963,3723,10,2
40964,3724,0,0
40965,3724,1,1
40966,3724,2,0
40967,3724,3,1
40968,3724,4,0
40969,3724,5,1
40970,3724,6,0
40971,3724,7,1
40972,3724,8,0
40973,3724,9,1
40974,3724,10,1
40975,3725,0,0
40976,3725,1,0
40977,3725,2,0
40978,3725,3,0
40979,3725,4,0
40980,3725,5,0
40981,3725,6,0
40982,3725,7,0
40983,3725,8,0
40984,3725,9,0
40985,3725,10,0
40986,3726,0,0
40987,3726,1,1
40988,3726,2,2
40989,3726,3,3
40990,3726,4,3
40991,3726,5,4
40992,3726,6,3
40993,3726,7,2
40994,3726,8,3
40995,3726,9,4
40996,3726,10,3
40997,3727,0,0
40998,3727,1,1
40999,3727,2,0
41000,3727,3,1
41001,3727,4,0
41002,3727,5,1
41003,3727,6,0
41004,3727,7,1
41005,3727,8,2
41006,3727,9,1
41007,3727,10,2
41008,3728,0,0
41009,3728,1,1
41010,3728,2,2
41011,3728,3,1
41012,3728,4,2
41013,3728,5,3
41014,3728,6,4
41015,3728,7,3
41016,3728,8,4
41017,3728,9,3
41018,3728,10,4
41019,3729,0,0
41020,3729,1,1
41021,3729,2,1
41022,3729,3,1
41023,3729,4,0
41024,3729,5,1
41025,3729,6,1
41026,3729,7,1
41027,3729,8,0
41028,3729,9,1
41029,3729,10,1
41030,3730,0,0
41031,3730,1,1
41032,3730,2,2
41033,3730,3,3
41034,3730,4,4
41035,3730,5,5
41036,3730,6,5
41037,3730,7,5
41038,3730,8,5
41039,3730,9,5
41040,3730,10,5
41041,3731,0,0
41042,3731,1,1
41043,3731,2,2
41044,3731,3,3
41045,3731,4,4
41046,3731,5,3
41047,3731,6,4
41048,3731,7,3
41049,3731,8,2
41050,3731,9,3
41051,3731,10,4
41052,3732,0,0
41053,3732,1,1
41054,3732,2,2
41055,3732,3,1
41056,3732,4,2
41057,3732,5,1
41058,3732,6,2
41059,3732,7,1
41060,3732,8,2
41061,3732,9,1
41062,3732,10,2
41063,3733,0,0
41064,3733,1,1
41065,3733,2,2
41066,3733,3,1
41067,3733,4,2
41068,3733,5,3
41069,3733,6,2
41070,3733,7,3
41071,3733,8,4
41072,3733,9,3
41073,3733,10,2
41074,3734,0,0
41075,3734,1,1
41076,3734,2,2
41077,3734,3,3
41078,3734,4,3
41079,3734,5,3
41080,3734,6,3
41081,3734,7,3
41082,3734,8,3
41083,3734,9,3
41084,3734,10,2
41085,3735,0,0
41086,3735,1,0
41087,3735,2,0
41088,3735,3,1
41089,3735,4,2
41090,3735,5,3
41091,3735,6,2
41092,3735,7,3
41093,3735,8,2
41094,3735,9,3
41095,3735,10,2
41096,3736,0,0
41097,3736,1,0
41098,3736,2,1
41099,3736,3,2
41100,3736,4,1
41101,3736,5,1
41102,3736,6,1
41103,3736,7,1
41104,3736,8,1
41105,3736,9,1
41106,3736,10,1
41107,3737,0,0
41108,3737,1,1
41109,3737,2,0
41110,3737,3,1
41111,3737,4,2
41112,3737,5,3
41113,3737,6,4
41114,3737,7,3
41115,3737,8,4
41116,3737,9,3
41117,3737,10,4
41118,3738,0,0
41119,3738,1,1
41120,3738,2,0
41121,3738,3,0
41122,3738,4,0
41123,3738,5,1
41124,3738,6,0
41125,3738,7,1
41126,3738,8,0
41127,3738,9,1
41128,3738,10,0
41129,3739,0,0
41130,3739,1,1
41131,3739,2,2
41132,3739,3,3
41133,3739,4,4
41134,3739,5,3
41135,3739,6,2
41136,3739,7,1
41137,3739,8,2
41138,3739,9,1
41139,3739,10,2
41140,3740,0,0
41141,3740,1,1
41142,3740,2,2
41143,3740,3,1
41144,3740,4,2
41145,3740,5,1
41146,3740,6,2
41147,3740,7,1
41148,3740,8,2
41149,3740,9,1
41150,3740,10,2
41151,3741,0,0
41152,3741,1,0
41153,3741,2,0
41154,3741,3,0
41155,3741,4,0
41156,3741,5,0
41157,3741,6,0
41158,3741,7,0
41159,3741,8,0
41160,3741,9,0
41161,3741,10,0
41162,3742,0,0
41163,3742,1,1
41164,3742,2,2
41165,3742,3,3
41166,3742,4,4
41167,3742,5,3
41168,3742,6,4
41169,3742,7,3
41170,3742,8,4
41171,3742,9,3
41172,3742,10,2
41173,3743,0,0
41174,3743,1,0
41175,3743,2,1
41176,3743,3,1
41177,3743,4,1
41178,3743,5,0
41179,3743,6,0
41180,3743,7,1
41181,3743,8,1
41182,3743,9,1
41183,3743,10,0
41184,3744,0,0
41185,3744,1,1
41186,3744,2,0
41187,3744,3,1
41188,3744,4,2
41189,3744,5,1
41190,3744,6,2
41191,3744,7,1
41192,3744,8,0
41193,3744,9,1
41194,3744,10,2
41195,3745,0,0
41196,3745,1,0
41197,3745,2,1
41198,3745,3,0
41199,3745,4,1
41200,3745,5,0
41201,3745,6,1
41202,3745,7,0
41203,3745,8,1
41204,3745,9,0
41205,3745,10,1
41206,3746,0,0
41207,3746,1,0
41208,3746,2,0
41209,3746,3,0
41210,3746,4,0
41211,3746,5,0
41212,3746,6,0
41213,3746,7,0
41214,3746,8,0
41215,3746,9,0
41216,3746,10,0
41217,3747,0,0
41218,3747,1,1
41219,3747,2,2
41220,3747,3,3
41221,3747,4,2
41222,3747,5,1
41223,3747,6,2
41224,3747,7,1
41225,3747,8,2
41226,3747,9,1
41227,3747,10,0
41228,3748,0,0
41229,3748,1,1
41230,3748,2,2
41231,3748,3,3
41232,3748,4,4
41233,3748,5,5
41234,3748,6,5
41235,3748,7,5
41236,3748,8,5
41237,3748,9,5
41238,3748,10,5
41239,3749,0,0
41240,3749,1,0
41241,3749,2,0
41242,3749,3,0
41243,3749,4,0
41244,3749,5,0
41245,3749,6,0
41246,3749,7,0
41247,3749,8,0
41248,3749,9,0
41249,3749,10,0
41250,3750,0,0
41251,3750,1,1
41252,3750,2,2
41253,3750,3,1
41254,3750,4,2
41255,3750,5,1
41256,3750,6,0
41257,3750,7,1
41258,3750,8,2
41259,3750,9,1
41260,3750,10,2
41261,3751,0,0
41262,3751,1,0
41263,3751,2,1
41264,3751,3,2
41265,3751,4,1
41266,3751,5,2
41267,3751,6,3
41268,3751,7,2
41269,3751,8,3
41270,3751,9,2
41271,3751,10,1
41272,3752,0,0
41273,3752,1,1
41274,3752,2,0
41275,3752,3,1
41276,3752,4,0
41277,3752,5,1
41278,3752,6,0
41279,3752,7,1
41280,3752,8,0
41281,3752,9,1
41282,3752,10,0
41283,3753,0,0
41284,3753,1,1
41285,3753,2,1
41286,3753,3,1
41287,3753,4,2
41288,3753,5,3
41289,3753,6,2
41290,3753,7,3
41291,3753,8,4
41292,3753,9,5
41293,3753,10,5
41294,3754,0,0
41295,3754,1,0
41296,3754,2,1
41297,3754,3,1
41298,3754,4,2
41299,3754,5,1
41300,3754,6,2
41301,3754,7,1
41302,3754,8,2
41303,3754,9,1
41304,3754,10,1
41305,3755,0,0
41306,3755,1,0
41307,3755,2,0
41308,3755,3,0
41309,3755,4,0
41310,3755,5,0
41311,3755,6,0
41312,3755,7,0
41313,3755,8,0
41314,3755,9,0
41315,3755,10,0
41316,3756,0,0
41317,3756,1,1
41318,3756,2,2
41319,3756,3,1
41320,3756,4,0
41321,3756,5,1
41322,3756,6,0
41323,3756,7,1
41324,3756,8,0
41325,3756,9,1
41326,3756,10,0
41327,3757,0,0
41328,3757,1,1
41329,3757,2,2
41330,3757,3,3
41331,3757,4,2
41332,3757,5,3
41333,3757,6,4
41334,3757,7,3
41335,3757,8,4
41336,3757,9,5
41337,3757,10,5
41338,3758,0,0
41339,3758,1,0
41340,3758,2,0
41341,3758,3,0
41342,3758,4,0
41343,3758,5,0
41344,3758,6,0
41345,3758,7,0
41346,3758,8,0
41347,3758,9,0
41348,3758,10,0
41349,3759,0,0
41350,3759,1,0
41351,3759,2,0
41352,3759,3,0
41353,3759,4,0
41354,3759,5,0
41355,3759,6,0
41356,3759,7,0
41357,3759,8,0
41358,3759,9,0
41359,3759,10,0
41360,3760,0,0
41361,3760,1,0
41362,3760,2,0
41363,3760,3,0
41364,3760,4,0
41365,3760,5,0
41366,3760,6,0
41367,3760,7,0
41368,3760,8,0
41369,3760,9,0
41370,3760,10,0
41371,3761,0,0
41372,3761,1,1
41373,3761,2,0
41374,3761,3,1
41375,3761,4,0
41376,3761,5,1
41377,3761,6,0
41378,3761,7,1
41379,3761,8,0
41380,3761,9,1
41381,3761,10,0
41382,3762,0,0
41383,3762,1,0
41384,3762,2,0
41385,3762,3,0
41386,3762,4,0
41387,3762,5,0
41388,3762,6,0
41389,3762,7,1
41390,3762,8,2
41391,3762,9,1
41392,3762,10,1
41393,3763,0,0
41394,3763,1,0
41395,3763,2,0
41396,3763,3,0
41397,3763,4,0
41398,3763,5,0
41399,3763,6,0
41400,3763,7,0
41401,3763,8,0
41402,3763,9,0
41403,3763,10,0
41404,3764,0,0
41405,3764,1,1
41406,3764,2,2
41407,3764,3,1
41408,3764,4,2
41409,3764,5,3
41410,3764,6,3
41411,3764,7,3
41412,3764,8,3
41413,3764,9,4
41414,3764,10,5
41415,3765,0,0
41416,3765,1,1
41417,3765,2,1
41418,3765,3,2
41419,3765,4,3
41420,3765,5,2
41421,3765,6,3
41422,3765,7,4
41423,3765,8,5
41424,3765,9,5
41425,3765,10,5
41426,3766,0,0
41427,3766,1,1
41428,3766,2,0
41429,3766,3,1
41430,3766,4,0
41431,3766,5,1
41432,3766,6,0
41433,3766,7,1
41434,3766,8,0
41435,3766,9,1
41436,3766,10,2
41437,3767,0,0
41438,3767,1,1
41439,3767,2,1
41440,3767,3,1
41441,3767,4,0
41442,3767,5,1
41443,3767,6,1
41444,3767,7,1
41445,3767,8,1
41446,3767,9,1
41447,3767,10,0
41448,3768,0,0
41449,3768,1,0
41450,3768,2,0
41451,3768,3,0
41452,3768,4,0
41453,3768,5,0
41454,3768,6,0
41455,3768,7,0
41456,3768,8,0
41457,3768,9,0
41458,3768,10,0
41459,3769,0,0
41460,3769,1,1
41461,3769,2,0
41462,3769,3,0
41463,3769,4,1
41464,3769,5,0
41465,3769,6,0
41466,3769,7,0
41467,3769,8,1
41468,3769,9,0
41469,3769,10,1
41470,3770,0,0
41471,3770,1,1
41472,3770,2,2
41473,3770,3,1
41474,3770,4,0
41475,3770,5,1
41476,3770,6,2
41477,3770,7,3
41478,3770,8,2
41479,3770,9,3
41480,3770,10,2
41481,3771,0,0
41482,3771,1,1
41483,3771,2,2
41484,3771,3,3
41485,3771,4,2
41486,3771,5,1
41487,3771,6,2
41488,3771,7,1
41489,3771,8,0
41490,3771,9,1
41491,3771,10,2
41492,3772,0,0
41493,3772,1,0
41494,3772,2,0
41495,3772,3,0
41496,3772,4,0
41497,3772,5,0
41498,3772,6,0
41499,3772,7,0
41500,3772,8,0
41501,3772,9,0
41502,3772,10,0
41503,3773,0,0
41504,3773,1,1
41505,3773,2,1
41506,3773,3,2
41507,3773,4,1
41508,3773,5,1
41509,3773,6,2
41510,3773,7,3
41511,3773,8,4
41512,3773,9,5
41513,3773,10,5
41514,3774,0,0
41515,3774,1,1
41516,3774,2,0
41517,3774,3,1
41518,3774,4,0
41519,3774,5,1
41520,3774,6,0
41521,3774,7,1
41522,3774,8,0
41523,3774,9,1
41524,3774,10,0
41525,3775,0,0
41526,3775,1,1
41527,3775,2,0
41528,3775,3,1
41529,3775,4,0
41530,3775,5,1
41531,3775,6,1
41532,3775,7,1
41533,3775,8,2
41534,3775,9,1
41535,3775,10,1
41536,3776,0,0
41537,3776,1,1
41538,3776,2,0
41539,3776,3,0
41540,3776,4,0
41541,3776,5,0
41542,3776,6,0
41543,3776,7,1
41544,3776,8,0
41545,3776,9,1
41546,3776,10,0
41547,3777,0,0
41548,3777,1,1
41549,3777,2,2
41550,3777,3,1
41551,3777,4,1
41552,3777,5,2
41553,3777,6,1
41554,3777,7,1
41555,3777,8,2
41556,3777,9,1
41557,3777,10,1
41558,3778,0,0
41559,3778,1,1
41560,3778,2,0
41561,3778,3,1
41562,3778,4,2
41563,3778,5,1
41564,3778,6,2
41565,3778,7,1
41566,3778,8,0
41567,3778,9,1
41568,3778,10,2
41569,3779,0,0
41570,3779,1,1
41571,3779,2,2
41572,3779,3,1
41573,3779,4,2
41574,3779,5,1
41575,3779,6,2
41576,3779,7,1
41577,3779,8,2
41578,3779,9,1
41579,3779,10,2
41580,3780,0,0
41581,3780,1,1
41582,3780,2,2
41583,3780,3,1
41584,3780,4,1
41585,3780,5,0
41586,3780,6,1
41587,3780,7,2
41588,3780,8,2
41589,3780,9,2
41590,3780,10,2
41591,3781,0,0
41592,3781,1,1
41593,3781,2,1
41594,3781,3,1
41595,3781,4,1
41596,3781,5,0
41597,3781,6,1
41598,3781,7,1
41599,3781,8,1
41600,3781,9,0
41601,3781,10,1
41602,3782,0,0
41603,3782,1,1
41604,3782,2,0
41605,3782,3,1
41606,3782,4,0
41607,3782,5,1
41608,3782,6,0
41609,3782,7,1
41610,3782,8,0
41611,3782,9,1
41612,3782,10,0
41613,3783,0,0
41614,3783,1,1
41615,3783,2,1
41616,3783,3,1
41617,3783,4,0
41618,3783,5,1
41619,3783,6,0
41620,3783,7,1
41621,3783,8,0
41622,3783,9,1
41623,3783,10,0
41624,3784,0,0
41625,3784,1,1
41626,3784,2,0
41627,3784,3,1
41628,3784,4,2
41629,3784,5,3
41630,3784,6,4
41631,3784,7,5
41632,3784,8,5
41633,3784,9,5
41634,3784,10,5
41635,3785,0,0
41636,3785,1,1
41637,3785,2,2
41638,3785,3,3
41639,3785,4,2
41640,3785,5,3
41641,3785,6,4
41642,3785,7,5
41643,3785,8,5
41644,3785,9,5
41645,3785,10,5
41646,3786,0,0
41647,3786,1,1
41648,3786,2,2
41649,3786,3,2
41650,3786,4,1
41651,3786,5,0
41652,3786,6,1
41653,3786,7,2
41654,3786,8,2
41655,3786,9,1
41656,3786,10,1
41657,3787,0,0
41658,3787,1,1
41659,3787,2,2
41660,3787,3,3
41661,3787,4,4
41662,3787,5,5
41663,3787,6,5
41664,3787,7,5
41665,3787,8,5
41666,3787,9,5
41667,3787,10,5
41668,3788,0,0
41669,3788,1,0
41670,3788,2,0
41671,3788,3,0
41672,3788,4,0
41673,3788,5,0
41674,3788,6,0
41675,3788,7,0
41676,3788,8,0
41677,3788,9,1
41678,3788,10,0
41679,3789,0,0
41680,3789,1,0
41681,3789,2,0
41682,3789,3,0
41683,3789,4,0
41684,3789,5,0
41685,3789,6,0
41686,3789,7,0
41687,3789,8,0
41688,3789,9,0
41689,3789,10,0
41690,3790,0,0
41691,3790,1,1
41692,3790,2,0
41693,3790,3,1
41694,3790,4,2
41695,3790,5,1
41696,3790,6,2
41697,3790,7,3
41698,3790,8,2
41699,3790,9,1
41700,3790,10,2
41701,3791,0,0
41702,3791,1,0
41703,3791,2,1
41704,3791,3,1
41705,3791,4,1
41706,3791,5,1
41707,3791,6,1
41708,3791,7,1
41709,3791,8,1
41710,3791,9,0
41711,3791,10,1
41712,3792,0,0
41713,3792,1,1
41714,3792,2,0
41715,3792,3,1
41716,3792,4,0
41717,3792,5,1
41718,3792,6,0
41719,3792,7,1
41720,3792,8,2
41721,3792,9,3
41722,3792,10,4
41723,3793,0,0
41724,3793,1,1
41725,3793,2,2
41726,3793,3,2
41727,3793,4,1
41728,3793,5,0
41729,3793,6,1
41730,3793,7,2
41731,3793,8,3
41732,3793,9,3
41733,3793,10,3
41734,3794,0,0
41735,3794,1,1
41736,3794,2,1
41737,3794,3,0
41738,3794,4,1
41739,3794,5,1
41740,3794,6,1
41741,3794,7,1
41742,3794,8,1
41743,3794,9,1
41744,3794,10,0
41745,3795,0,0
41746,3795,1,1
41747,3795,2,0
41748,3795,3,1
41749,3795,4,0
41750,3795,5,1
41751,3795,6,0
41752,3795,7,1
41753,3795,8,2
41754,3795,9,1
41755,3795,10,2
41756,3796,0,0
41757,3796,1,0
41758,3796,2,0
41759,3796,3,0
41760,3796,4,0
41761,3796,5,0
41762,3796,6,0
41763,3796,7,0
41764,3796,8,0
41765,3796,9,0
41766,3796,10,0
41767,3797,0,0
41768,3797,1,0
41769,3797,2,1
41770,3797,3,0
41771,3797,4,1
41772,3797,5,0
41773,3797,6,0
41774,3797,7,0
41775,3797,8,0
41776,3797,9,1
41777,3797,10,0
41778,3798,0,0
41779,3798,1,1
41780,3798,2,1
41781,3798,3,1
41782,3798,4,1
41783,3798,5,1
41784,3798,6,1
41785,3798,7,1
41786,3798,8,1
41787,3798,9,1
41788,3798,10,1
41789,3799,0,0
41790,3799,1,1
41791,3799,2,2
41792,3799,3,2
41793,3799,4,3
41794,3799,5,4
41795,3799,6,5
41796,3799,7,5
41797,3799,8,5
41798,3799,9,5
41799,3799,10,5
41800,3800,0,0
41801,3800,1,1
41802,3800,2,2
41803,3800,3,3
41804,3800,4,2
41805,3800,5,3
41806,3800,6,2
41807,3800,7,3
41808,3800,8,2
41809,3800,9,3
41810,3800,10,2
41811,3801,0,0
41812,3801,1,0
41813,3801,2,0
41814,3801,3,0
41815,3801,4,0
41816,3801,5,0
41817,3801,6,0
41818,3801,7,1
41819,3801,8,0
41820,3801,9,0
41821,3801,10,1
41822,3802,0,0
41823,3802,1,1
41824,3802,2,0
41825,3802,3,1
41826,3802,4,0
41827,3802,5,1
41828,3802,6,1
41829,3802,7,0
41830,3802,8,1
41831,3802,9,0
41832,3802,10,0
41833,3803,0,0
41834,3803,1,0
41835,3803,2,0
41836,3803,3,0
41837,3803,4,0
41838,3803,5,0
41839,3803,6,0
41840,3803,7,0
41841,3803,8,0
41842,3803,9,0
41843,3803,10,0
41844,3804,0,0
41845,3804,1,1
41846,3804,2,0
41847,3804,3,1
41848,3804,4,2
41849,3804,5,1
41850,3804,6,2
41851,3804,7,3
41852,3804,8,2
41853,3804,9,3
41854,3804,10,4
41855,3805,0,0
41856,3805,1,1
41857,3805,2,0
41858,3805,3,1
41859,3805,4,0
41860,3805,5,1
41861,3805,6,2
41862,3805,7,3
41863,3805,8,3
41864,3805,9,4
41865,3805,10,5
41866,3806,0,0
41867,3806,1,1
41868,3806,2,1
41869,3806,3,0
41870,3806,4,1
41871,3806,5,0
41872,3806,6,1
41873,3806,7,0
41874,3806,8,1
41875,3806,9,2
41876,3806,10,2
41877,3807,0,0
41878,3807,1,1
41879,3807,2,0
41880,3807,3,1
41881,3807,4,0
41882,3807,5,1
41883,3807,6,0
41884,3807,7,1
41885,3807,8,0
41886,3807,9,1
41887,3807,10,0
41888,3808,0,0
41889,3808,1,0
41890,3808,2,0
41891,3808,3,0
41892,3808,4,0
41893,3808,5,0
41894,3808,6,0
41895,3808,7,0
41896,3808,8,0
41897,3808,9,0
41898,3808,10,0
41899,3809,0,0
41900,3809,1,0
41901,3809,2,0
41902,3809,3,0
41903,3809,4,0
41904,3809,5,0
41905,3809,6,1
41906,3809,7,1
41907,3809,8,1
41908,3809,9,1
41909,3809,10,2
41910,3810,0,0
41911,3810,1,1
41912,3810,2,2
41913,3810,3,1
41914,3810,4,0
41915,3810,5,1
41916,3810,6,0
41917,3810,7,1
41918,3810,8,0
41919,3810,9,1
41920,3810,10,0
41921,3811,0,0
41922,3811,1,0
41923,3811,2,0
41924,3811,3,0
41925,3811,4,0
41926,3811,5,0
41927,3811,6,0
41928,3811,7,0
41929,3811,8,0
41930,3811,9,0
41931,3811,10,0
41932,3812,0,0
41933,3812,1,1
41934,3812,2,2
41935,3812,3,1
41936,3812,4,2
41937,3812,5,1
41938,3812,6,2
41939,3812,7,3
41940,3812,8,2
41941,3812,9,1
41942,3812,10,2
41943,3813,0,0
41944,3813,1,0
41945,3813,2,1
41946,3813,3,1
41947,3813,4,1
41948,3813,5,0
41949,3813,6,1
41950,3813,7,1
41951,3813,8,1
41952,3813,9,1
41953,3813,10,1
41954,3814,0,0
41955,3814,1,1
41956,3814,2,2
41957,3814,3,2
41958,3814,4,1
41959,3814,5,2
41960,3814,6,1
41961,3814,7,0
41962,3814,8,1
41963,3814,9,0
41964,3814,10,1
41965,3815,0,0
41966,3815,1,1
41967,3815,2,0
41968,3815,3,1
41969,3815,4,2
41970,3815,5,3
41971,3815,6,4
41972,3815,7,3
41973,3815,8,2
41974,3815,9,3
41975,3815,10,4
41976,3816,0,0
41977,3816,1,1
41978,3816,2,0
41979,3816,3,1
41980,3816,4,2
41981,3816,5,1
41982,3816,6,2
41983,3816,7,3
41984,3816,8,4
41985,3816,9,3
41986,3816,10,2
41987,3817,0,0
41988,3817,1,1
41989,3817,2,2
41990,3817,3,1
41991,3817,4,2
41992,3817,5,1
41993,3817,6,2
41994,3817,7,1
41995,3817,8,2
41996,3817,9,1
41997,3817,10,2
41998,3818,0,0
41999,3818,1,1
42000,3818,2,2
42001,3818,3,3
42002,3818,4,2
42003,3818,5,3
42004,3818,6,2
42005,3818,7,3
42006,3818,8,2
42007,3818,9,3
42008,3818,10,2
42009,3819,0,0
42010,3819,1,1
42011,3819,2,2
42012,3819,3,3
42013,3819,4,4
42014,3819,5,3
42015,3819,6,4
42016,3819,7,3
42017,3819,8,4
42018,3819,9,3
42019,3819,10,4
42020,3820,0,0
42021,3820,1,0
42022,3820,2,0
42023,3820,3,0
42024,3820,4,0
42025,3820,5,0
42026,3820,6,0
42027,3820,7,0
42028,3820,8,0
42029,3820,9,0
42030,3820,10,0
42031,3821,0,0
42032,3821,1,0
42033,3821,2,0
42034,3821,3,0
42035,3821,4,0
42036,3821,5,0
42037,3821,6,0
42038,3821,7,0
42039,3821,8,0
42040,3821,9,0
42041,3821,10,0
42042,3822,0,0
42043,3822,1,1
42044,3822,2,2
42045,3822,3,1
42046,3822,4,2
42047,3822,5,1
42048,3822,6,2
42049,3822,7,3
42050,3822,8,4
42051,3822,9,3
42052,3822,10,2
42053,3823,0,0
42054,3823,1,0
42055,3823,2,0
42056,3823,3,0
42057,3823,4,0
42058,3823,5,0
42059,3823,6,0
42060,3823,7,0
42061,3823,8,0
42062,3823,9,0
42063,3823,10,0
42064,3824,0,0
42065,3824,1,0
42066,3824,2,0
42067,3824,3,0
42068,3824,4,0
42069,3824,5,0
42070,3824,6,0
42071,3824,7,0
42072,3824,8,0
42073,3824,9,0
42074,3824,10,0
42075,3825,0,0
42076,3825,1,1
42077,3825,2,1
42078,3825,3,1
42079,3825,4,2
42080,3825,5,1
42081,3825,6,1
42082,3825,7,2
42083,3825,8,1
42084,3825,9,2
42085,3825,10,1
42086,3826,0,0
42087,3826,1,0
42088,3826,2,0
42089,3826,3,0
42090,3826,4,0
42091,3826,5,0
42092,3826,6,0
42093,3826,7,0
42094,3826,8,0
42095,3826,9,0
42096,3826,10,0
42097,3827,0,0
42098,3827,1,0
42099,3827,2,0
42100,3827,3,0
42101,3827,4,1
42102,3827,5,0
42103,3827,6,0
42104,3827,7,0
42105,3827,8,0
42106,3827,9,0
42107,3827,10,0
42108,3828,0,0
42109,3828,1,1
42110,3828,2,2
42111,3828,3,3
42112,3828,4,2
42113,3828,5,3
42114,3828,6,4
42115,3828,7,5
42116,3828,8,5
42117,3828,9,5
42118,3828,10,5
42119,3829,0,0
42120,3829,1,0
42121,3829,2,0
42122,3829,3,0
42123,3829,4,0
42124,3829,5,0
42125,3829,6,0
42126,3829,7,0
42127,3829,8,0
42128,3829,9,0
42129,3829,10,0
42130,3830,0,0
42131,3830,1,1
42132,3830,2,1
42133,3830,3,1
42134,3830,4,0
42135,3830,5,1
42136,3830,6,0
42137,3830,7,1
42138,3830,8,2
42139,3830,9,1
42140,3830,10,0
42141,3831,0,0
42142,3831,1,1
42143,3831,2,0
42144,3831,3,1
42145,3831,4,0
42146,3831,5,1
42147,3831,6,1
42148,3831,7,2
42149,3831,8,1
42150,3831,9,2
42151,3831,10,3
42152,3832,0,0
42153,3832,1,0
42154,3832,2,0
42155,3832,3,0
42156,3832,4,0
42157,3832,5,0
42158,3832,6,0
42159,3832,7,0
42160,3832,8,0
42161,3832,9,0
42162,3832,10,1
42163,3833,0,0
42164,3833,1,1
42165,3833,2,0
42166,3833,3,1
42167,3833,4,2
42168,3833,5,1
42169,3833,6,2
42170,3833,7,3
42171,3833,8,4
42172,3833,9,5
42173,3833,10,5
42174,3834,0,0
42175,3834,1,0
42176,3834,2,0
42177,3834,3,0
42178,3834,4,1
42179,3834,5,2
42180,3834,6,3
42181,3834,7,2
42182,3834,8,3
42183,3834,9,2
42184,3834,10,3
42185,3835,0,0
42186,3835,1,1
42187,3835,2,0
42188,3835,3,0
42189,3835,4,0
42190,3835,5,1
42191,3835,6,1
42192,3835,7,0
42193,3835,8,1
42194,3835,9,0
42195,3835,10,1
42196,3836,0,0
42197,3836,1,1
42198,3836,2,1
42199,3836,3,2
42200,3836,4,3
42201,3836,5,2
42202,3836,6,3
42203,3836,7,4
42204,3836,8,5
42205,3836,9,5
42206,3836,10,5
42207,3837,0,0
42208,3837,1,0
42209,3837,2,0
42210,3837,3,0
42211,3837,4,0
42212,3837,5,0
42213,3837,6,0
42214,3837,7,0
42215,3837,8,0
42216,3837,9,0
42217,3837,10,0
42218,3838,0,0
42219,3838,1,1
42220,3838,2,0
42221,3838,3,0
42222,3838,4,1
42223,3838,5,0
42224,3838,6,1
42225,3838,7,0
42226,3838,8,1
42227,3838,9,0
42228,3838,10,0
42229,3839,0,0
42230,3839,1,1
42231,3839,2,2
42232,3839,3,3
42233,3839,4,4
42234,3839,5,3
42235,3839,6,4
42236,3839,7,3
42237,3839,8,4
42238,3839,9,3
42239,3839,10,3
42240,3840,0,0
42241,3840,1,1
42242,3840,2,1
42243,3840,3,1
42244,3840,4,1
42245,3840,5,1
42246,3840,6,1
42247,3840,7,1
42248,3840,8,1
42249,3840,9,1
42250,3840,10,1
42251,3841,0,0
42252,3841,1,1
42253,3841,2,2
42254,3841,3,3
42255,3841,4,4
42256,3841,5,4
42257,3841,6,4
42258,3841,7,4
42259,3841,8,4
42260,3841,9,4
42261,3841,10,3
42262,3842,0,0
42263,3842,1,0
42264,3842,2,0
42265,3842,3,0
42266,3842,4,0
42267,3842,5,0
42268,3842,6,0
42269,3842,7,0
42270,3842,8,0
42271,3842,9,0
42272,3842,10,0
42273,3843,0,0
42274,3843,1,1
42275,3843,2,2
42276,3843,3,3
42277,3843,4,2
42278,3843,5,3
42279,3843,6,2
42280,3843,7,3
42281,3843,8,2
42282,3843,9,3
42283,3843,10,2
42284,3844,0,0
42285,3844,1,0
42286,3844,2,0
42287,3844,3,0
42288,3844,4,0
42289,3844,5,0
42290,3844,6,0
42291,3844,7,0
42292,3844,8,0
42293,3844,9,0
42294,3844,10,0
42295,3845,0,0
42296,3845,1,0
42297,3845,2,0
42298,3845,3,1
42299,3845,4,1
42300,3845,5,1
42301,3845,6,1
42302,3845,7,1
42303,3845,8,1
42304,3845,9,1
42305,3845,10,1
42306,3846,0,0
42307,3846,1,0
42308,3846,2,0
42309,3846,3,0
42310,3846,4,0
42311,3846,5,0
42312,3846,6,0
42313,3846,7,0
42314,3846,8,0
42315,3846,9,0
42316,3846,10,0
42317,3847,0,0
42318,3847,1,1
42319,3847,2,0
42320,3847,3,1
42321,3847,4,0
42322,3847,5,0
42323,3847,6,1
42324,3847,7,0
42325,3847,8,1
42326,3847,9,1
42327,3847,10,0
42328,3848,0,0
42329,3848,1,0
42330,3848,2,1
42331,3848,3,0
42332,3848,4,1
42333,3848,5,0
42334,3848,6,0
42335,3848,7,0
42336,3848,8,0
42337,3848,9,0
42338,3848,10,0
42339,3849,0,0
42340,3849,1,0
42341,3849,2,0
42342,3849,3,0
42343,3849,4,0
42344,3849,5,0
42345,3849,6,0
42346,3849,7,0
42347,3849,8,0
42348,3849,9,0
42349,3849,10,0
42350,3850,0,0
42351,3850,1,0
42352,3850,2,0
42353,3850,3,0
42354,3850,4,0
42355,3850,5,0
42356,3850,6,0
42357,3850,7,0
42358,3850,8,0
42359,3850,9,0
42360,3850,10,0
42361,3851,0,0
42362,3851,1,1
42363,3851,2,2
42364,3851,3,1
42365,3851,4,2
42366,3851,5,1
42367,3851,6,2
42368,3851,7,3
42369,3851,8,4
42370,3851,9,5
42371,3851,10,5
42372,3852,0,0
42373,3852,1,1
42374,3852,2,2
42375,3852,3,3
42376,3852,4,2
42377,3852,5,1
42378,3852,6,0
42379,3852,7,1
42380,3852,8,2
42381,3852,9,3
42382,3852,10,2
42383,3853,0,0
42384,3853,1,0
42385,3853,2,0
42386,3853,3,0
42387,3853,4,0
42388,3853,5,0
42389,3853,6,0
42390,3853,7,0
42391,3853,8,0
42392,3853,9,0
42393,3853,10,0
42394,3854,0,0
42395,3854,1,1
42396,3854,2,2
42397,3854,3,1
42398,3854,4,2
42399,3854,5,1
42400,3854,6,2
42401,3854,7,1
42402,3854,8,2
42403,3854,9,1
42404,3854,10,2
42405,3855,0,0
42406,3855,1,1
42407,3855,2,2
42408,3855,3,3
42409,3855,4,2
42410,3855,5,1
42411,3855,6,2
42412,3855,7,3
42413,3855,8,2
42414,3855,9,3
42415,3855,10,2
42416,3856,0,0
42417,3856,1,1
42418,3856,2,2
42419,3856,3,3
42420,3856,4,2
42421,3856,5,3
42422,3856,6,2
42423,3856,7,3
42424,3856,8,4
42425,3856,9,5
42426,3856,10,5
42427,3857,0,0
42428,3857,1,1
42429,3857,2,2
42430,3857,3,1
42431,3857,4,2
42432,3857,5,1
42433,3857,6,1
42434,3857,7,2
42435,3857,8,3
42436,3857,9,4
42437,3857,10,3
42438,3858,0,0
42439,3858,1,1
42440,3858,2,2
42441,3858,3,3
42442,3858,4,2
42443,3858,5,3
42444,3858,6,4
42445,3858,7,5
42446,3858,8,5
42447,3858,9,5
42448,3858,10,5
42449,3859,0,0
42450,3859,1,1
42451,3859,2,2
42452,3859,3,3
42453,3859,4,2
42454,3859,5,3
42455,3859,6,2
42456,3859,7,3
42457,3859,8,2
42458,3859,9,1
42459,3859,10,2
42460,3860,0,0
42461,3860,1,0
42462,3860,2,0
42463,3860,3,0
42464,3860,4,0
42465,3860,5,0
42466,3860,6,0
42467,3860,7,0
42468,3860,8,0
42469,3860,9,0
42470,3860,10,0
42471,3861,0,0
42472,3861,1,0
42473,3861,2,0
42474,3861,3,0
42475,3861,4,1
42476,3861,5,0
42477,3861,6,0
42478,3861,7,0
42479,3861,8,0
42480,3861,9,0
42481,3861,10,0
42482,3862,0,0
42483,3862,1,0
42484,3862,2,0
42485,3862,3,0
42486,3862,4,0
42487,3862,5,1
42488,3862,6,2
42489,3862,7,3
42490,3862,8,2
42491,3862,9,3
42492,3862,10,2
42493,3863,0,0
42494,3863,1,1
42495,3863,2,2
42496,3863,3,3
42497,3863,4,2
42498,3863,5,3
42499,3863,6,2
42500,3863,7,3
42501,3863,8,2
42502,3863,9,3
42503,3863,10,2
42504,3864,0,0
42505,3864,1,0
42506,3864,2,0
42507,3864,3,0
42508,3864,4,0
42509,3864,5,0
42510,3864,6,1
42511,3864,7,0
42512,3864,8,0
42513,3864,9,0
42514,3864,10,0
42515,3865,0,0
42516,3865,1,1
42517,3865,2,2
42518,3865,3,3
42519,3865,4,2
42520,3865,5,3
42521,3865,6,4
42522,3865,7,3
42523,3865,8,4
42524,3865,9,5
42525,3865,10,5
42526,3866,0,0
42527,3866,1,0
42528,3866,2,0
42529,3866,3,0
42530,3866,4,0
42531,3866,5,0
42532,3866,6,0
42533,3866,7,0
42534,3866,8,0
42535,3866,9,0
42536,3866,10,0
42537,3867,0,0
42538,3867,1,1
42539,3867,2,1
42540,3867,3,0
42541,3867,4,1
42542,3867,5,0
42543,3867,6,0
42544,3867,7,0
42545,3867,8,0
42546,3867,9,0
42547,3867,10,1
42548,3868,0,0
42549,3868,1,1
42550,3868,2,1
42551,3868,3,1
42552,3868,4,1
42553,3868,5,0
42554,3868,6,1
42555,3868,7,0
42556,3868,8,1
42557,3868,9,0
42558,3868,10,1
42559,3869,0,0
42560,3869,1,0
42561,3869,2,0
42562,3869,3,1
42563,3869,4,2
42564,3869,5,3
42565,3869,6,4
42566,3869,7,3
42567,3869,8,4
42568,3869,9,3
42569,3869,10,4
42570,3870,0,0
42571,3870,1,1
42572,3870,2,0
42573,3870,3,1
42574,3870,4,0
42575,3870,5,0
42576,3870,6,1
42577,3870,7,2
42578,3870,8,1
42579,3870,9,2
42580,3870,10,3
42581,3871,0,0
42582,3871,1,0
42583,3871,2,0
42584,3871,3,0
42585,3871,4,0
42586,3871,5,0
42587,3871,6,0
42588,3871,7,0
42589,3871,8,0
42590,3871,9,0
42591,3871,10,0
42592,3872,0,0
42593,3872,1,0
42594,3872,2,0
42595,3872,3,0
42596,3872,4,0
42597,3872,5,0
42598,3872,6,0
42599,3872,7,0
42600,3872,8,0
42601,3872,9,0
42602,3872,10,0
42603,3873,0,0
42604,3873,1,1
42605,3873,2,2
42606,3873,3,1
42607,3873,4,2
42608,3873,5,1
42609,3873,6,2
42610,3873,7,1
42611,3873,8,2
42612,3873,9,1
42613,3873,10,2
42614,3874,0,0
42615,3874,1,1
42616,3874,2,1
42617,3874,3,0
42618,3874,4,0
42619,3874,5,0
42620,3874,6,0
42621,3874,7,0
42622,3874,8,0
42623,3874,9,0
42624,3874,10,0
42625,3875,0,0
42626,3875,1,1
42627,3875,2,0
42628,3875,3,0
42629,3875,4,0
42630,3875,5,0
42631,3875,6,0
42632,3875,7,1
42633,3875,8,0
42634,3875,9,0
42635,3875,10,1
42636,3876,0,0
42637,3876,1,1
42638,3876,2,1
42639,3876,3,2
42640,3876,4,3
42641,3876,5,4
42642,3876,6,5
42643,3876,7,5
42644,3876,8,5
42645,3876,9,5
42646,3876,10,5
42647,3877,0,0
42648,3877,1,1
42649,3877,2,2
42650,3877,3,3
42651,3877,4,2
42652,3877,5,3
42653,3877,6,2
42654,3877,7,3
42655,3877,8,2
42656,3877,9,3
42657,3877,10,4
42658,3878,0,0
42659,3878,1,1
42660,3878,2,0
42661,3878,3,1
42662,3878,4,1
42663,3878,5,1
42664,3878,6,0
42665,3878,7,1
42666,3878,8,1
42667,3878,9,1
42668,3878,10,0
42669,3879,0,0
42670,3879,1,0
42671,3879,2,0
42672,3879,3,0
42673,3879,4,0
42674,3879,5,0
42675,3879,6,0
42676,3879,7,0
42677,3879,8,0
42678,3879,9,0
42679,3879,10,0
42680,3880,0,0
42681,3880,1,1
42682,3880,2,2
42683,3880,3,1
42684,3880,4,2
42685,3880,5,2
42686,3880,6,2
42687,3880,7,2
42688,3880,8,3
42689,3880,9,3
42690,3880,10,3
42691,3881,0,0
42692,3881,1,0
42693,3881,2,1
42694,3881,3,2
42695,3881,4,2
42696,3881,5,2
42697,3881,6,2
42698,3881,7,2
42699,3881,8,2
42700,3881,9,1
42701,3881,10,1
42702,3882,0,0
42703,3882,1,0
42704,3882,2,0
42705,3882,3,0
42706,3882,4,0
42707,3882,5,0
42708,3882,6,0
42709,3882,7,0
42710,3882,8,0
42711,3882,9,0
42712,3882,10,0
42713,3883,0,0
42714,3883,1,1
42715,3883,2,2
42716,3883,3,3
42717,3883,4,4
42718,3883,5,3
42719,3883,6,3
42720,3883,7,4
42721,3883,8,4
42722,3883,9,3
42723,3883,10,4
42724,3884,0,0
42725,3884,1,1
42726,3884,2,1
42727,3884,3,1
42728,3884,4,1
42729,3884,5,1
42730,3884,6,1
42731,3884,7,1
42732,3884,8,1
42733,3884,9,1
42734,3884,10,2
42735,3885,0,0
42736,3885,1,0
42737,3885,2,0
42738,3885,3,0
42739,3885,4,0
42740,3885,5,0
42741,3885,6,0
42742,3885,7,1
42743,3885,8,2
42744,3885,9,1
42745,3885,10,2
42746,3886,0,0
42747,3886,1,1
42748,3886,2,1
42749,3886,3,2
42750,3886,4,3
42751,3886,5,4
42752,3886,6,4
42753,3886,7,5
42754,3886,8,5
42755,3886,9,5
42756,3886,10,5
42757,3887,0,0
42758,3887,1,1
42759,3887,2,2
42760,3887,3,1
42761,3887,4,2
42762,3887,5,3
42763,3887,6,2
42764,3887,7,3
42765,3887,8,4
42766,3887,9,3
42767,3887,10,2
42768,3888,0,0
42769,3888,1,1
42770,3888,2,0
42771,3888,3,1
42772,3888,4,2
42773,3888,5,3
42774,3888,6,2
42775,3888,7,3
42776,3888,8,2
42777,3888,9,3
42778,3888,10,2
42779,3889,0,0
42780,3889,1,0
42781,3889,2,0
42782,3889,3,1
42783,3889,4,0
42784,3889,5,1
42785,3889,6,0
42786,3889,7,1
42787,3889,8,0
42788,3889,9,1
42789,3889,10,0
42790,3890,0,0
42791,3890,1,1
42792,3890,2,2
42793,3890,3,3
42794,3890,4,4
42795,3890,5,3
42796,3890,6,2
42797,3890,7,3
42798,3890,8,4
42799,3890,9,3
42800,3890,10,2
42801,3891,0,0
42802,3891,1,1
42803,3891,2,0
42804,3891,3,1
42805,3891,4,0
42806,3891,5,1
42807,3891,6,0
42808,3891,7,1
42809,3891,8,0
42810,3891,9,1
42811,3891,10,1
42812,3892,0,0
42813,3892,1,1
42814,3892,2,2
42815,3892,3,2
42816,3892,4,3
42817,3892,5,4
42818,3892,6,5
42819,3892,7,5
42820,3892,8,5
42821,3892,9,5
42822,3892,10,5
42823,3893,0,0
42824,3893,1,1
42825,3893,2,2
42826,3893,3,1
42827,3893,4,2
42828,3893,5,1
42829,3893,6,2
42830,3893,7,1
42831,3893,8,2
42832,3893,9,1
42833,3893,10,2
42834,3894,0,0
42835,3894,1,1
42836,3894,2,0
42837,3894,3,0
42838,3894,4,0
42839,3894,5,0
42840,3894,6,1
42841,3894,7,0
42842,3894,8,1
42843,3894,9,0
42844,3894,10,0
42845,3895,0,0
42846,3895,1,1
42847,3895,2,2
42848,3895,3,1
42849,3895,4,2
42850,3895,5,1
42851,3895,6,2
42852,3895,7,1
42853,3895,8,2
42854,3895,9,1
42855,3895,10,2
42856,3896,0,0
42857,3896,1,0
42858,3896,2,0
42859,3896,3,0
42860,3896,4,0
42861,3896,5,0
42862,3896,6,0
42863,3896,7,0
42864,3896,8,0
42865,3896,9,0
42866,3896,10,0
42867,3897,0,0
42868,3897,1,0
42869,3897,2,0
42870,3897,3,0
42871,3897,4,0
42872,3897,5,0
42873,3897,6,0
42874,3897,7,0
42875,3897,8,0
42876,3897,9,0
42877,3897,10,0
42878,3898,0,0
42879,3898,1,1
42880,3898,2,2
42881,3898,3,1
42882,3898,4,2
42883,3898,5,1
42884,3898,6,2
42885,3898,7,1
42886,3898,8,2
42887,3898,9,3
42888,3898,10,2
42889,3899,0,0
42890,3899,1,1
42891,3899,2,2
42892,3899,3,3
42893,3899,4,3
42894,3899,5,4
42895,3899,6,5
42896,3899,7,5
42897,3899,8,5
42898,3899,9,5
42899,3899,10,5
42900,3900,0,0
42901,3900,1,1
42902,3900,2,1
42903,3900,3,1
42904,3900,4,1
42905,3900,5,0
42906,3900,6,1
42907,3900,7,1
42908,3900,8,1
42909,3900,9,1
42910,3900,10,2
42911,3901,0,0
42912,3901,1,1
42913,3901,2,2
42914,3901,3,3
42915,3901,4,4
42916,3901,5,5
42917,3901,6,5
42918,3901,7,5
42919,3901,8,5
42920,3901,9,5
42921,3901,10,5
42922,3902,0,0
42923,3902,1,1
42924,3902,2,2
42925,3902,3,3
42926,3902,4,2
42927,3902,5,3
42928,3902,6,4
42929,3902,7,5
42930,3902,8,5
42931,3902,9,5
42932,3902,10,5
42933,3903,0,0
42934,3903,1,1
42935,3903,2,2
42936,3903,3,3
42937,3903,4,2
42938,3903,5,1
42939,3903,6,2
42940,3903,7,1
42941,3903,8,2
42942,3903,9,1
42943,3903,10,2
42944,3904,0,0
42945,3904,1,1
42946,3904,2,0
42947,3904,3,1
42948,3904,4,0
42949,3904,5,1
42950,3904,6,1
42951,3904,7,0
42952,3904,8,1
42953,3904,9,1
42954,3904,10,0
42955,3905,0,0
42956,3905,1,1
42957,3905,2,0
42958,3905,3,1
42959,3905,4,0
42960,3905,5,0
42961,3905,6,1
42962,3905,7,2
42963,3905,8,3
42964,3905,9,2
42965,3905,10,3
42966,3906,0,0
42967,3906,1,1
42968,3906,2,0
42969,3906,3,1
42970,3906,4,0
42971,3906,5,0
42972,3906,6,0
42973,3906,7,1
42974,3906,8,2
42975,3906,9,3
42976,3906,10,3
42977,3907,0,0
42978,3907,1,0
42979,3907,2,0
42980,3907,3,0
42981,3907,4,0
42982,3907,5,0
42983,3907,6,0
42984,3907,7,0
42985,3907,8,0
42986,3907,9,0
42987,3907,10,0
42988,3908,0,0
42989,3908,1,0
42990,3908,2,0
42991,3908,3,0
42992,3908,4,0
42993,3908,5,0
42994,3908,6,0
42995,3908,7,0
42996,3908,8,0
42997,3908,9,0
42998,3908,10,0
42999,3909,0,0
43000,3909,1,1
43001,3909,2,0
43002,3909,3,1
43003,3909,4,0
43004,3909,5,1
43005,3909,6,2
43006,3909,7,1
43007,3909,8,0
43008,3909,9,1
43009,3909,10,0
43010,3910,0,0
43011,3910,1,0
43012,3910,2,1
43013,3910,3,0
43014,3910,4,1
43015,3910,5,0
43016,3910,6,0
43017,3910,7,0
43018,3910,8,1
43019,3910,9,1
43020,3910,10,0
43021,3911,0,0
43022,3911,1,0
43023,3911,2,1
43024,3911,3,1
43025,3911,4,2
43026,3911,5,1
43027,3911,6,1
43028,3911,7,1
43029,3911,8,1
43030,3911,9,2
43031,3911,10,1
43032,3912,0,0
43033,3912,1,0
43034,3912,2,0
43035,3912,3,0
43036,3912,4,1
43037,3912,5,2
43038,3912,6,1
43039,3912,7,0
43040,3912,8,1
43041,3912,9,0
43042,3912,10,1
43043,3913,0,0
43044,3913,1,1
43045,3913,2,1
43046,3913,3,1
43047,3913,4,2
43048,3913,5,1
43049,3913,6,1
43050,3913,7,1
43051,3913,8,1
43052,3913,9,1
43053,3913,10,1
43054,3914,0,0
43055,3914,1,1
43056,3914,2,1
43057,3914,3,2
43058,3914,4,1
43059,3914,5,0
43060,3914,6,1
43061,3914,7,0
43062,3914,8,1
43063,3914,9,0
43064,3914,10,1
43065,3915,0,0
43066,3915,1,0
43067,3915,2,0
43068,3915,3,0
43069,3915,4,0
43070,3915,5,0
43071,3915,6,0
43072,3915,7,0
43073,3915,8,0
43074,3915,9,1
43075,3915,10,0
43076,3916,0,0
43077,3916,1,0
43078,3916,2,0
43079,3916,3,1
43080,3916,4,0
43081,3916,5,0
43082,3916,6,0
43083,3916,7,1
43084,3916,8,0
43085,3916,9,1
43086,3916,10,0
43087,3917,0,0
43088,3917,1,1
43089,3917,2,2
43090,3917,3,1
43091,3917,4,2
43092,3917,5,1
43093,3917,6,2
43094,3917,7,1
43095,3917,8,2
43096,3917,9,1
43097,3917,10,2
43098,3918,0,0
43099,3918,1,1
43100,3918,2,1
43101,3918,3,1
43102,3918,4,1
43103,3918,5,1
43104,3918,6,1
43105,3918,7,1
43106,3918,8,1
43107,3918,9,1
43108,3918,10,1
43109,3919,0,0
43110,3919,1,1
43111,3919,2,0
43112,3919,3,1
43113,3919,4,0
43114,3919,5,1
43115,3919,6,0
43116,3919,7,1
43117,3919,8,0
43118,3919,9,1
43119,3919,10,0
43120,3920,0,0
43121,3920,1,0
43122,3920,2,0
43123,3920,3,0
43124,3920,4,0
43125,3920,5,0
43126,3920,6,0
43127,3920,7,0
43128,3920,8,0
43129,3920,9,0
43130,3920,10,0
43131,3921,0,0
43132,3921,1,0
43133,3921,2,0
43134,3921,3,0
43135,3921,4,0
43136,3921,5,0
43137,3921,6,0
43138,3921,7,0
43139,3921,8,0
43140,3921,9,0
43141,3921,10,0
43142,3922,0,0
43143,3922,1,1
43144,3922,2,0
43145,3922,3,1
43146,3922,4,0
43147,3922,5,1
43148,3922,6,0
43149,3922,7,1
43150,3922,8,0
43151,3922,9,1
43152,3922,10,0
43153,3923,0,0
43154,3923,1,0
43155,3923,2,0
43156,3923,3,0
43157,3923,4,0
43158,3923,5,0
43159,3923,6,0
43160,3923,7,0
43161,3923,8,0
43162,3923,9,0
43163,3923,10,0
43164,3924,0,0
43165,3924,1,1
43166,3924,2,1
43167,3924,3,0
43168,3924,4,1
43169,3924,5,0
43170,3924,6,0
43171,3924,7,0
43172,3924,8,1
43173,3924,9,1
43174,3924,10,1
43175,3925,0,0
43176,3925,1,1
43177,3925,2,0
43178,3925,3,1
43179,3925,4,1
43180,3925,5,1
43181,3925,6,0
43182,3925,7,1
43183,3925,8,1
43184,3925,9,0
43185,3925,10,1
43186,3926,0,0
43187,3926,1,0
43188,3926,2,0
43189,3926,3,0
43190,3926,4,0
43191,3926,5,0
43192,3926,6,0
43193,3926,7,0
43194,3926,8,0
43195,3926,9,0
43196,3926,10,0
43197,3927,0,0
43198,3927,1,0
43199,3927,2,0
43200,3927,3,0
43201,3927,4,0
43202,3927,5,0
43203,3927,6,0
43204,3927,7,0
43205,3927,8,0
43206,3927,9,0
43207,3927,10,0
43208,3928,0,0
43209,3928,1,0
43210,3928,2,0
43211,3928,3,0
43212,3928,4,0
43213,3928,5,0
43214,3928,6,0
43215,3928,7,0
43216,3928,8,0
43217,3928,9,0
43218,3928,10,0
43219,3929,0,0
43220,3929,1,1
43221,3929,2,0
43222,3929,3,1
43223,3929,4,2
43224,3929,5,1
43225,3929,6,1
43226,3929,7,1
43227,3929,8,2
43228,3929,9,1
43229,3929,10,0
43230,3930,0,0
43231,3930,1,1
43232,3930,2,0
43233,3930,3,1
43234,3930,4,0
43235,3930,5,0
43236,3930,6,1
43237,3930,7,0
43238,3930,8,0
43239,3930,9,0
43240,3930,10,1
43241,3931,0,0
43242,3931,1,1
43243,3931,2,2
43244,3931,3,2
43245,3931,4,1
43246,3931,5,2
43247,3931,6,1
43248,3931,7,0
43249,3931,8,1
43250,3931,9,2
43251,3931,10,2
43252,3932,0,0
43253,3932,1,0
43254,3932,2,0
43255,3932,3,1
43256,3932,4,0
43257,3932,5,1
43258,3932,6,1
43259,3932,7,0
43260,3932,8,0
43261,3932,9,0
43262,3932,10,0
43263,3933,0,0
43264,3933,1,1
43265,3933,2,0
43266,3933,3,1
43267,3933,4,0
43268,3933,5,0
43269,3933,6,1
43270,3933,7,0
43271,3933,8,1
43272,3933,9,2
43273,3933,10,3
43274,3934,0,0
43275,3934,1,1
43276,3934,2,2
43277,3934,3,3
43278,3934,4,4
43279,3934,5,5
43280,3934,6,5
43281,3934,7,5
43282,3934,8,5
43283,3934,9,5
43284,3934,10,5
43285,3935,0,0
43286,3935,1,1
43287,3935,2,0
43288,3935,3,1
43289,3935,4,0
43290,3935,5,1
43291,3935,6,1
43292,3935,7,1
43293,3935,8,0
43294,3935,9,1
43295,3935,10,1
43296,3936,0,0
43297,3936,1,0
43298,3936,2,0
43299,3936,3,1
43300,3936,4,0
43301,3936,5,1
43302,3936,6,2
43303,3936,7,1
43304,3936,8,2
43305,3936,9,1
43306,3936,10,2
43307,3937,0,0
43308,3937,1,0
43309,3937,2,0
43310,3937,3,0
43311,3937,4,0
43312,3937,5,0
43313,3937,6,0
43314,3937,7,0
43315,3937,8,0
43316,3937,9,0
43317,3937,10,0
43318,3938,0,0
43319,3938,1,1
43320,3938,2,2
43321,3938,3,1
43322,3938,4,2
43323,3938,5,1
43324,3938,6,2
43325,3938,7,1
43326,3938,8,2
43327,3938,9,1
43328,3938,10,2
43329,3939,0,0
43330,3939,1,1
43331,3939,2,0
43332,3939,3,1
43333,3939,4,2
43334,3939,5,3
43335,3939,6,2
43336,3939,7,3
43337,3939,8,4
43338,3939,9,5
43339,3939,10,5
43340,3940,0,0
43341,3940,1,1
43342,3940,2,2
43343,3940,3,3
43344,3940,4,2
43345,3940,5,3
43346,3940,6,4
43347,3940,7,5
43348,3940,8,5
43349,3940,9,5
43350,3940,10,5
43351,3941,0,0
43352,3941,1,0
43353,3941,2,0
43354,3941,3,0
43355,3941,4,0
43356,3941,5,0
43357,3941,6,0
43358,3941,7,0
43359,3941,8,0
43360,3941,9,0
43361,3941,10,0
43362,3942,0,0
43363,3942,1,1
43364,3942,2,1
43365,3942,3,1
43366,3942,4,0
43367,3942,5,0
43368,3942,6,0
43369,3942,7,0
43370,3942,8,1
43371,3942,9,0
43372,3942,10,1
43373,3943,0,0
43374,3943,1,1
43375,3943,2,0
43376,3943,3,1
43377,3943,4,0
43378,3943,5,1
43379,3943,6,1
43380,3943,7,1
43381,3943,8,1
43382,3943,9,0
43383,3943,10,1
43384,3944,0,0
43385,3944,1,0
43386,3944,2,1
43387,3944,3,1
43388,3944,4,0
43389,3944,5,1
43390,3944,6,0
43391,3944,7,1
43392,3944,8,0
43393,3944,9,1
43394,3944,10,0
43395,3945,0,0
43396,3945,1,0
43397,3945,2,0
43398,3945,3,0
43399,3945,4,1
43400,3945,5,2
43401,3945,6,2
43402,3945,7,3
43403,3945,8,3
43404,3945,9,3
43405,3945,10,3
43406,3946,0,0
43407,3946,1,1
43408,3946,2,0
43409,3946,3,1
43410,3946,4,2
43411,3946,5,2
43412,3946,6,3
43413,3946,7,3
43414,3946,8,4
43415,3946,9,4
43416,3946,10,5
43417,3947,0,0
43418,3947,1,1
43419,3947,2,2
43420,3947,3,1
43421,3947,4,2
43422,3947,5,1
43423,3947,6,0
43424,3947,7,1
43425,3947,8,2
43426,3947,9,1
43427,3947,10,2
43428,3948,0,0
43429,3948,1,1
43430,3948,2,0
43431,3948,3,1
43432,3948,4,2
43433,3948,5,3
43434,3948,6,4
43435,3948,7,5
43436,3948,8,5
43437,3948,9,5
43438,3948,10,5
43439,3949,0,0
43440,3949,1,0
43441,3949,2,0
43442,3949,3,0
43443,3949,4,1
43444,3949,5,1
43445,3949,6,1
43446,3949,7,2
43447,3949,8,1
43448,3949,9,0
43449,3949,10,1
43450,3950,0,0
43451,3950,1,1
43452,3950,2,2
43453,3950,3,2
43454,3950,4,1
43455,3950,5,2
43456,3950,6,1
43457,3950,7,1
43458,3950,8,0
43459,3950,9,1
43460,3950,10,2
43461,3951,0,0
43462,3951,1,0
43463,3951,2,0
43464,3951,3,0
43465,3951,4,0
43466,3951,5,0
43467,3951,6,0
43468,3951,7,0
43469,3951,8,0
43470,3951,9,0
43471,3951,10,0
43472,3952,0,0
43473,3952,1,0
43474,3952,2,1
43475,3952,3,2
43476,3952,4,3
43477,3952,5,4
43478,3952,6,3
43479,3952,7,2
43480,3952,8,3
43481,3952,9,2
43482,3952,10,3
43483,3953,0,0
43484,3953,1,1
43485,3953,2,2
43486,3953,3,2
43487,3953,4,2
43488,3953,5,1
43489,3953,6,1
43490,3953,7,1
43491,3953,8,0
43492,3953,9,1
43493,3953,10,0
43494,3954,0,0
43495,3954,1,1
43496,3954,2,2
43497,3954,3,1
43498,3954,4,2
43499,3954,5,1
43500,3954,6,2
43501,3954,7,1
43502,3954,8,2
43503,3954,9,1
43504,3954,10,2
43505,3955,0,0
43506,3955,1,0
43507,3955,2,0
43508,3955,3,0
43509,3955,4,0
43510,3955,5,0
43511,3955,6,0
43512,3955,7,1
43513,3955,8,0
43514,3955,9,0
43515,3955,10,0
43516,3956,0,0
43517,3956,1,1
43518,3956,2,0
43519,3956,3,1
43520,3956,4,0
43521,3956,5,1
43522,3956,6,2
43523,3956,7,1
43524,3956,8,2
43525,3956,9,3
43526,3956,10,2
43527,3957,0,0
43528,3957,1,1
43529,3957,2,0
43530,3957,3,1
43531,3957,4,0
43532,3957,5,1
43533,3957,6,0
43534,3957,7,1
43535,3957,8,0
43536,3957,9,1
43537,3957,10,0
43538,3958,0,0
43539,3958,1,1
43540,3958,2,1
43541,3958,3,1
43542,3958,4,0
43543,3958,5,1
43544,3958,6,0
43545,3958,7,1
43546,3958,8,1
43547,3958,9,0
43548,3958,10,1
43549,3959,0,0
43550,3959,1,1
43551,3959,2,2
43552,3959,3,2
43553,3959,4,1
43554,3959,5,0
43555,3959,6,1
43556,3959,7,1
43557,3959,8,1
43558,3959,9,0
43559,3959,10,1
43560,3960,0,0
43561,3960,1,1
43562,3960,2,2
43563,3960,3,3
43564,3960,4,2
43565,3960,5,3
43566,3960,6,4
43567,3960,7,5
43568,3960,8,5
43569,3960,9,5
43570,3960,10,5
43571,3961,0,0
43572,3961,1,1
43573,3961,2,0
43574,3961,3,1
43575,3961,4,1
43576,3961,5,1
43577,3961,6,0
43578,3961,7,1
43579,3961,8,0
43580,3961,9,1
43581,3961,10,0
43582,3962,0,0
43583,3962,1,1
43584,3962,2,2
43585,3962,3,1
43586,3962,4,2
43587,3962,5,1
43588,3962,6,0
43589,3962,7,1
43590,3962,8,0
43591,3962,9,1
43592,3962,10,0
43593,3963,0,0
43594,3963,1,1
43595,3963,2,2
43596,3963,3,3
43597,3963,4,2
43598,3963,5,3
43599,3963,6,4
43600,3963,7,5
43601,3963,8,5
43602,3963,9,5
43603,3963,10,5
43604,3964,0,0
43605,3964,1,1
43606,3964,2,0
43607,3964,3,1
43608,3964,4,2
43609,3964,5,1
43610,3964,6,2
43611,3964,7,1
43612,3964,8,0
43613,3964,9,1
43614,3964,10,0
43615,3965,0,0
43616,3965,1,1
43617,3965,2,1
43618,3965,3,0
43619,3965,4,1
43620,3965,5,2
43621,3965,6,3
43622,3965,7,4
43623,3965,8,4
43624,3965,9,3
43625,3965,10,2
43626,3966,0,0
43627,3966,1,0
43628,3966,2,0
43629,3966,3,0
43630,3966,4,0
43631,3966,5,0
43632,3966,6,0
43633,3966,7,0
43634,3966,8,0
43635,3966,9,0
43636,3966,10,0
43637,3967,0,0
43638,3967,1,1
43639,3967,2,2
43640,3967,3,1
43641,3967,4,2
43642,3967,5,1
43643,3967,6,2
43644,3967,7,1
43645,3967,8,2
43646,3967,9,1
43647,3967,10,2
43648,3968,0,0
43649,3968,1,0
43650,3968,2,0
43651,3968,3,0
43652,3968,4,0
43653,3968,5,0
43654,3968,6,0
43655,3968,7,0
43656,3968,8,0
43657,3968,9,0
43658,3968,10,0
43659,3969,0,0
43660,3969,1,0
43661,3969,2,0
43662,3969,3,1
43663,3969,4,2
43664,3969,5,3
43665,3969,6,4
43666,3969,7,4
43667,3969,8,4
43668,3969,9,4
43669,3969,10,4
43670,3970,0,0
43671,3970,1,1
43672,3970,2,0
43673,3970,3,1
43674,3970,4,0
43675,3970,5,1
43676,3970,6,0
43677,3970,7,1
43678,3970,8,0
43679,3970,9,1
43680,3970,10,0
43681,3971,0,0
43682,3971,1,0
43683,3971,2,0
43684,3971,3,0
43685,3971,4,0
43686,3971,5,0
43687,3971,6,0
43688,3971,7,0
43689,3971,8,0
43690,3971,9,0
43691,3971,10,0
43692,3972,0,0
43693,3972,1,0
43694,3972,2,0
43695,3972,3,0
43696,3972,4,0
43697,3972,5,0
43698,3972,6,0
43699,3972,7,0
43700,3972,8,0
43701,3972,9,0
43702,3972,10,0
43703,3973,0,0
43704,3973,1,1
43705,3973,2,1
43706,3973,3,1
43707,3973,4,0
43708,3973,5,1
43709,3973,6,2
43710,3973,7,1
43711,3973,8,0
43712,3973,9,1
43713,3973,10,0
43714,3974,0,0
43715,3974,1,1
43716,3974,2,0
43717,3974,3,1
43718,3974,4,0
43719,3974,5,1
43720,3974,6,0
43721,3974,7,1
43722,3974,8,2
43723,3974,9,1
43724,3974,10,0
43725,3975,0,0
43726,3975,1,1
43727,3975,2,2
43728,3975,3,3
43729,3975,4,4
43730,3975,5,3
43731,3975,6,4
43732,3975,7,3
43733,3975,8,2
43734,3975,9,1
43735,3975,10,2
43736,3976,0,0
43737,3976,1,1
43738,3976,2,0
43739,3976,3,1
43740,3976,4,0
43741,3976,5,1
43742,3976,6,0
43743,3976,7,1
43744,3976,8,0
43745,3976,9,1
43746,3976,10,0
43747,3977,0,0
43748,3977,1,1
43749,3977,2,0
43750,3977,3,1
43751,3977,4,0
43752,3977,5,1
43753,3977,6,0
43754,3977,7,1
43755,3977,8,0
43756,3977,9,1
43757,3977,10,0
43758,3978,0,0
43759,3978,1,1
43760,3978,2,2
43761,3978,3,3
43762,3978,4,4
43763,3978,5,3
43764,3978,6,4
43765,3978,7,3
43766,3978,8,4
43767,3978,9,4
43768,3978,10,3
43769,3979,0,0
43770,3979,1,0
43771,3979,2,0
43772,3979,3,0
43773,3979,4,0
43774,3979,5,0
43775,3979,6,0
43776,3979,7,0
43777,3979,8,0
43778,3979,9,0
43779,3979,10,0
43780,3980,0,0
43781,3980,1,1
43782,3980,2,0
43783,3980,3,1
43784,3980,4,0
43785,3980,5,1
43786,3980,6,0
43787,3980,7,1
43788,3980,8,1
43789,3980,9,2
43790,3980,10,2
43791,3981,0,0
43792,3981,1,1
43793,3981,2,1
43794,3981,3,0
43795,3981,4,1
43796,3981,5,1
43797,3981,6,0
43798,3981,7,1
43799,3981,8,1
43800,3981,9,0
43801,3981,10,1
43802,3982,0,0
43803,3982,1,1
43804,3982,2,2
43805,3982,3,1
43806,3982,4,2
43807,3982,5,1
43808,3982,6,2
43809,3982,7,3
43810,3982,8,2
43811,3982,9,1
43812,3982,10,2
43813,3983,0,0
43814,3983,1,0
43815,3983,2,0
43816,3983,3,0
43817,3983,4,0
43818,3983,5,0
43819,3983,6,0
43820,3983,7,0
43821,3983,8,0
43822,3983,9,0
43823,3983,10,0
43824,3984,0,0
43825,3984,1,0
43826,3984,2,0
43827,3984,3,0
43828,3984,4,0
43829,3984,5,0
43830,3984,6,0
43831,3984,7,0
43832,3984,8,0
43833,3984,9,0
43834,3984,10,0
43835,3985,0,0
43836,3985,1,0
43837,3985,2,0
43838,3985,3,0
43839,3985,4,0
43840,3985,5,0
43841,3985,6,0
43842,3985,7,0
43843,3985,8,0
43844,3985,9,0
43845,3985,10,0
43846,3986,0,0
43847,3986,1,0
43848,3986,2,0
43849,3986,3,0
43850,3986,4,0
43851,3986,5,0
43852,3986,6,0
43853,3986,7,0
43854,3986,8,0
43855,3986,9,0
43856,3986,10,0
43857,3987,0,0
43858,3987,1,0
43859,3987,2,0
43860,3987,3,0
43861,3987,4,0
43862,3987,5,0
43863,3987,6,0
43864,3987,7,0
43865,3987,8,0
43866,3987,9,0
43867,3987,10,0
43868,3988,0,0
43869,3988,1,0
43870,3988,2,0
43871,3988,3,0
43872,3988,4,0
43873,3988,5,0
43874,3988,6,1
43875,3988,7,2
43876,3988,8,1
43877,3988,9,1
43878,3988,10,1
43879,3989,0,0
43880,3989,1,1
43881,3989,2,2
43882,3989,3,1
43883,3989,4,2
43884,3989,5,3
43885,3989,6,4
43886,3989,7,3
43887,3989,8,4
43888,3989,9,3
43889,3989,10,2
43890,3990,0,0
43891,3990,1,0
43892,3990,2,0
43893,3990,3,0
43894,3990,4,1
43895,3990,5,0
43896,3990,6,1
43897,3990,7,2
43898,3990,8,3
43899,3990,9,3
43900,3990,10,4
43901,3991,0,0
43902,3991,1,0
43903,3991,2,0
43904,3991,3,0
43905,3991,4,1
43906,3991,5,0
43907,3991,6,0
43908,3991,7,0
43909,3991,8,0
43910,3991,9,0
43911,3991,10,1
43912,3992,0,0
43913,3992,1,1
43914,3992,2,2
43915,3992,3,2
43916,3992,4,2
43917,3992,5,2
43918,3992,6,2
43919,3992,7,3
43920,3992,8,3
43921,3992,9,3
43922,3992,10,2
43923,3993,0,0
43924,3993,1,0
43925,3993,2,1
43926,3993,3,0
43927,3993,4,1
43928,3993,5,0
43929,3993,6,1
43930,3993,7,0
43931,3993,8,0
43932,3993,9,1
43933,3993,10,0
43934,3994,0,0
43935,3994,1,1
43936,3994,2,0
43937,3994,3,1
43938,3994,4,0
43939,3994,5,1
43940,3994,6,0
43941,3994,7,1
43942,3994,8,0
43943,3994,9,1
43944,3994,10,0
43945,3995,0,0
43946,3995,1,1
43947,3995,2,2
43948,3995,3,3
43949,3995,4,2
43950,3995,5,3
43951,3995,6,2
43952,3995,7,3
43953,3995,8,2
43954,3995,9,3
43955,3995,10,2
43956,3996,0,0
43957,3996,1,1
43958,3996,2,1
43959,3996,3,1
43960,3996,4,2
43961,3996,5,3
43962,3996,6,3
43963,3996,7,3
43964,3996,8,4
43965,3996,9,5
43966,3996,10,5
43967,3997,0,0
43968,3997,1,1
43969,3997,2,0
43970,3997,3,0
43971,3997,4,0
43972,3997,5,1
43973,3997,6,0
43974,3997,7,1
43975,3997,8,0
43976,3997,9,1
43977,3997,10,0
43978,3998,0,0
43979,3998,1,0
43980,3998,2,0
43981,3998,3,0
43982,3998,4,0
43983,3998,5,1
43984,3998,6,1
43985,3998,7,1
43986,3998,8,1
43987,3998,9,2
43988,3998,10,3
43989,3999,0,0
43990,3999,1,1
43991,3999,2,2
43992,3999,3,1
43993,3999,4,1
43994,3999,5,2
43995,3999,6,1
43996,3999,7,1
43997,3999,8,1
43998,3999,9,1
43999,3999,10,1
